group,field,value,n_samples,pct_of_samples_with_field
Environment,environment,human_gut,21830,41.0
Environment,environment,other:metagenome,3726,7.0
Environment,environment,human_unspecified_site,2873,5.4
Environment,environment,other:soil metagenome,2859,5.37
Environment,environment,animal_gut:mus musculus,2500,4.7
Environment,environment,human_respiratory,1185,2.23
Environment,environment,other:gut metagenome,1110,2.08
Environment,environment,human_oral,1013,1.9
Environment,environment,human_skin,963,1.81
Environment,environment,other:marine metagenome,951,1.79
Environment,environment,animal_gut:sus scrofa,734,1.38
Environment,environment,other:wastewater metagenome,713,1.34
Environment,environment,animal_gut:gallus gallus,562,1.06
Environment,environment,other:sediment metagenome,534,1.0
Environment,environment,other:freshwater metagenome,523,0.98
Environment,environment,other:oral metagenome,464,0.87
Environment,environment,other:synthetic metagenome,382,0.72
Environment,environment,human_vaginal,365,0.69
Environment,environment,animal_gut:canis lupus familiaris,279,0.52
Environment,environment,human_blood,261,0.49
Environment,environment,conflict:organism_vs_host,257,0.48
Environment,environment,other:air metagenome,235,0.44
Environment,environment,other:plant metagenome,233,0.44
Environment,environment,animal_gut:equus caballus,226,0.42
Environment,environment,other:food metagenome,225,0.42
Environment,environment,other:aquatic metagenome,218,0.41
Environment,environment,animal_gut:bos taurus,217,0.41
Environment,environment,other:seawater metagenome,213,0.4
Environment,environment,other:vaginal metagenome,211,0.4
Environment,environment,other:bioreactor metagenome,203,0.38
Environment,environment,other:freshwater sediment metagenome,172,0.32
Environment,environment,other:feces metagenome,162,0.3
Environment,environment,other:rhizosphere metagenome,154,0.29
Environment,environment,other:bovine gut metagenome,152,0.29
Environment,environment,other:clinical metagenome,149,0.28
Environment,environment,other:bovine metagenome,139,0.26
Environment,environment,other:dust metagenome,139,0.26
Environment,environment,other:urban metagenome,132,0.25
Environment,environment,other:lake water metagenome,131,0.25
Environment,environment,other:food fermentation metagenome,130,0.24
Environment,environment,other:insect metagenome,121,0.23
Environment,environment,other:marine sediment metagenome,112,0.21
Environment,environment,other:indoor metagenome,108,0.2
Environment,environment,other:invertebrate metagenome,107,0.2
Environment,environment,human_urine,105,0.2
Environment,environment,animal_gut:meleagris gallopavo,102,0.19
Environment,environment,other:viral metagenome,100,0.19
Environment,environment,other:activated sludge metagenome,99,0.19
Environment,environment,other:biofilm metagenome,94,0.18
Environment,environment,other:mollusc metagenome,93,0.17
Environment,environment,other:root metagenome,88,0.17
Environment,environment,other:peat metagenome,88,0.17
Environment,environment,other:groundwater metagenome,79,0.15
Environment,environment,other:sludge metagenome,78,0.15
Environment,environment,other:bacterium,72,0.14
Environment,environment,other:hot springs metagenome,68,0.13
Environment,environment,animal_gut:rattus norvegicus,65,0.12
Environment,environment,other:blood metagenome,59,0.11
Environment,environment,other:mouse metagenome,58,0.11
Environment,environment,human_milk,57,0.11
Environment,environment,human_tissue_unspecified,55,0.1
Environment,environment,animal_gut:felis catus,55,0.1
Environment,environment,other:skin metagenome,52,0.1
Environment,environment,other:anaerobic digester metagenome,51,0.1
Environment,environment,other:microbial mat metagenome,49,0.09
Environment,environment,other:pig metagenome,47,0.09
Environment,environment,other:fermentation metagenome,47,0.09
Environment,environment,other:fish metagenome,46,0.09
Environment,environment,other:rodent metagenome,46,0.09
Environment,environment,other:compost metagenome,44,0.08
Environment,environment,other:food production metagenome,43,0.08
Environment,environment,other:leaf metagenome,42,0.08
Environment,environment,other:sponge metagenome,41,0.08
Environment,environment,animal_gut:salmo salar,40,0.08
Environment,environment,other:coral metagenome,39,0.07
Environment,environment,animal_gut:pan troglodytes troglodytes,38,0.07
Environment,environment,animal_gut:pan troglodytes schweinfurthii,38,0.07
Environment,environment,other:coral reef metagenome,38,0.07
Environment,environment,other:phyllosphere metagenome,37,0.07
Environment,environment,other:manure metagenome,35,0.07
Environment,environment,other:estuary metagenome,35,0.07
Environment,environment,animal_gut:pan paniscus,35,0.07
Environment,environment,other:riverine metagenome,34,0.06
Environment,environment,other:mosquito metagenome,34,0.06
Environment,environment,other:drinking water metagenome,33,0.06
Environment,environment,other:salt marsh metagenome,33,0.06
Environment,environment,other:tick metagenome,33,0.06
Environment,environment,other:mixed culture metagenome,32,0.06
Environment,environment,other:milk metagenome,32,0.06
Environment,environment,animal_gut:zebrafish,32,0.06
Environment,environment,other:hydrothermal vent metagenome,30,0.06
Environment,environment,other:glacier metagenome,30,0.06
Environment,environment,other:bird metagenome,30,0.06
Environment,environment,other:mammal metagenome,30,0.06
Environment,environment,animal_gut:macaca mulatta,30,0.06
Environment,environment,other:subsurface metagenome,28,0.05
Environment,environment,other:fossil metagenome,27,0.05
Environment,environment,other:sheep metagenome,27,0.05
Environment,environment,other:algae metagenome,26,0.05
Environment,environment,other:meat metagenome,26,0.05
Environment,environment,other:honey metagenome,25,0.05
Environment,environment,other:marine plankton metagenome,25,0.05
Environment,environment,other:riemerella anatipestifer,25,0.05
Environment,environment,other:fish gut metagenome,24,0.05
Environment,environment,animal_gut:capra hircus,23,0.04
Environment,environment,other:surface metagenome,23,0.04
Environment,environment,other:permafrost metagenome,23,0.04
Environment,environment,other:wetland metagenome,23,0.04
Environment,environment,animal_gut:apis mellifera,23,0.04
Environment,environment,animal_gut:ovis aries,23,0.04
Environment,environment,animal_gut:macaca fascicularis,23,0.04
Environment,environment,animal_gut:myodes glareolus,22,0.04
Environment,environment,animal_gut:bubalus bubalis,22,0.04
Environment,environment,other:hospital metagenome,21,0.04
Environment,environment,other:lung metagenome,19,0.04
Environment,environment,other:rock metagenome,19,0.04
Environment,environment,other:fungus metagenome,19,0.04
Environment,environment,other:factory metagenome,18,0.03
Environment,environment,other:moss metagenome,18,0.03
Environment,environment,"animal_gut:5xfad (b6.cg-tg(appswfllon,psen1*m146l*l286v)6799vas/mmjax, stock number 34848-jax, mmrrc)",18,0.03
Environment,environment,animal_gut:emys orbicularis,18,0.03
Environment,environment,other:annelid metagenome,17,0.03
Environment,environment,animal_gut:insect,17,0.03
Environment,environment,other:upper respiratory tract metagenome,17,0.03
Environment,environment,other:punctelia rudecta,17,0.03
Environment,environment,other:aquaculture metagenome,16,0.03
Environment,environment,other:cave metagenome,16,0.03
Environment,environment,other:symbiont metagenome,16,0.03
Environment,environment,other:ice metagenome,16,0.03
Environment,environment,other:metagenomes,15,0.03
Environment,environment,other:hypersaline lake metagenome,15,0.03
Environment,environment,other:salt lake metagenome,15,0.03
Environment,environment,animal_gut:dairy cattle,15,0.03
Environment,environment,other:gill metagenome,14,0.03
Environment,environment,other:oyster metagenome,14,0.03
Environment,environment,other:mine drainage metagenome,14,0.03
Environment,environment,animal_gut:ursus americanus,14,0.03
Environment,environment,other:bioreactor sludge metagenome,13,0.02
Environment,environment,other:primate metagenome,13,0.02
Environment,environment,other:wine metagenome,13,0.02
Environment,environment,other:biocrust metagenome,13,0.02
Environment,environment,other:terrestrial metagenome,13,0.02
Environment,environment,animal_gut:giant panda and red panda,13,0.02
Environment,environment,animal_gut:chlorocebus sabaeus,13,0.02
Environment,environment,animal_gut:bos mutus,13,0.02
Environment,environment,other:sheep gut metagenome,12,0.02
Environment,environment,other:beach sand metagenome,12,0.02
Environment,environment,other:poultry litter metagenome,12,0.02
Environment,environment,other:brine metagenome,12,0.02
Environment,environment,other:rumen metagenome,12,0.02
Environment,environment,other:silage metagenome,12,0.02
Environment,environment,other:marsh metagenome,12,0.02
Environment,environment,other:lepraria finkii,12,0.02
Environment,environment,animal_gut:panda,12,0.02
Environment,environment,other:aquatic viral metagenome,11,0.02
Environment,environment,animal_gut:phascolarctos cinereus,11,0.02
Environment,environment,animal_gut:fish,11,0.02
Environment,environment,animal_gut:bos indicus,11,0.02
Environment,environment,other:mangrove metagenome,11,0.02
Environment,environment,animal_gut:ochotona curzoniae,11,0.02
Environment,environment,animal_gut:rattus,11,0.02
Environment,environment,other:ant metagenome,11,0.02
Environment,environment,other:canine metagenome,10,0.02
Environment,environment,other:rat metagenome,10,0.02
Environment,environment,other:eye metagenome,10,0.02
Environment,environment,animal_gut:hoolock tianxing,10,0.02
Environment,environment,other:museum specimen metagenome,10,0.02
Environment,environment,other:farm metagenome,10,0.02
Environment,environment,animal_gut:tursiops truncatus,9,0.02
Environment,environment,other:bee metagenome,9,0.02
Environment,environment,other:biofilter metagenome,9,0.02
Environment,environment,other:bat metagenome,9,0.02
Environment,environment,other:plastisphere metagenome,9,0.02
Environment,environment,animal_gut:sow,9,0.02
Environment,environment,other:phage metagenome,9,0.02
Environment,environment,other:lepraria lanata,9,0.02
Environment,environment,animal_gut:ailuropoda melanoleuca,8,0.02
Environment,environment,animal_gut:pan troglodytes,8,0.02
Environment,environment,other:urine metagenome,8,0.02
Environment,environment,animal_gut:sciurus vulgaris,8,0.02
Environment,environment,animal_gut:yak,8,0.02
Environment,environment,other:pond metagenome,8,0.02
Environment,environment,other:hydrocarbon metagenome,8,0.02
Environment,environment,animal_gut:rhinopithecus roxellana,8,0.02
Environment,environment,other:respiratory tract metagenome,8,0.02
Environment,environment,other:whole organism metagenome,8,0.02
Environment,environment,other:macroalgae metagenome,8,0.02
Environment,environment,other:wood metagenome,8,0.02
Environment,environment,other:snake metagenome,8,0.02
Environment,environment,animal_gut:canis lupus,8,0.02
Environment,environment,other:pancrustacean metagenome,8,0.02
Environment,environment,other:spacecraft metagenome,8,0.02
Environment,environment,other:lichen metagenome,7,0.01
Environment,environment,other:food contamination metagenome,7,0.01
Environment,environment,animal_gut:penaeus vannamei,7,0.01
Environment,environment,animal_gut:propithecus coquereli,7,0.01
Environment,environment,animal_gut:diarrhea piglets,7,0.01
Environment,environment,other:macaca mulatta,7,0.01
Environment,environment,other:leaf litter metagenome,7,0.01
Environment,environment,other:clostridiales bacterium,7,0.01
Environment,environment,animal_gut:papio cynocephalus,6,0.01
Environment,environment,animal_gut:gasterosteus aculeatus,6,0.01
Environment,environment,animal_gut:podarcis muralis,6,0.01
Environment,environment,other:wood decay metagenome,6,0.01
Environment,environment,other:plastic metagenome,6,0.01
Environment,environment,animal_gut:apis cerana,6,0.01
Environment,environment,animal_gut:stomach,6,0.01
Environment,environment,animal_gut:marmot,6,0.01
Environment,environment,animal_gut:piglet,6,0.01
Environment,environment,animal_gut:brand's vole,6,0.01
Environment,environment,animal_gut:gorilla gorilla gorilla,6,0.01
Environment,environment,animal_gut:bombus impatiens,6,0.01
Environment,environment,other:parasite metagenome,6,0.01
Environment,environment,other:biogas fermenter metagenome,6,0.01
Environment,environment,animal_gut:lamb,6,0.01
Environment,environment,other:boletus edulis,6,0.01
Environment,environment,animal_gut:homo_sapines,6,0.01
Environment,environment,animal_gut:isopod,6,0.01
Environment,environment,animal_gut:pseudois nayaur,5,0.01
Environment,environment,other:feline metagenome,5,0.01
Environment,environment,other:rabbit gut metagenome,5,0.01
Environment,environment,other:clothing metagenome,5,0.01
Environment,environment,other:horse metagenome,5,0.01
Environment,environment,animal_gut:sciurus carolinensis,5,0.01
Environment,environment,animal_gut:oncorhynchus mykiss,5,0.01
Environment,environment,animal_gut:swiss_mice,5,0.01
Environment,environment,animal_gut:mus,5,0.01
Environment,environment,other:cold seep metagenome,5,0.01
Environment,environment,animal_gut:desmodus rotundus,5,0.01
Environment,environment,other:mycoplasma sp.,5,0.01
Environment,environment,animal_gut:rhizomys pruinosus,5,0.01
Environment,environment,other:runoff metagenome,5,0.01
Environment,environment,other:mine metagenome,5,0.01
Environment,environment,other:bacteroidales bacterium,5,0.01
Environment,environment,other:synechococcus sp.,5,0.01
Environment,environment,other:prochlorococcus marinus,5,0.01
Environment,environment,animal_gut:brown bear,5,0.01
Environment,environment,animal_gut:capra aegagrus hircus,5,0.01
Environment,environment,animal_gut:holstein cows,5,0.01
Environment,environment,animal_gut:duck,5,0.01
Environment,environment,other:punctelia appalachensis,5,0.01
Environment,environment,animal_gut:callithrix jacchus,4,0.01
Environment,environment,other:sea cucumber metagenome,4,0.01
Environment,environment,other:rice paddy metagenome,4,0.01
Environment,environment,animal_gut:macaca mulatta brevicaudus,4,0.01
Environment,environment,animal_gut:cervus nippon,4,0.01
Environment,environment,other:ovine metagenome,4,0.01
Environment,environment,animal_gut:megaptera novaeangliae,4,0.01
Environment,environment,other:lyssavirus rabies,4,0.01
Environment,environment,other:soda lake metagenome,4,0.01
Environment,environment,animal_gut:water deer,4,0.01
Environment,environment,animal_gut:bombus terrestris,4,0.01
Environment,environment,animal_gut:small intestine,4,0.01
Environment,environment,animal_gut:adult goat,4,0.01
Environment,environment,animal_gut:large intestine,4,0.01
Environment,environment,animal_gut:c57/bl6 mouse,4,0.01
Environment,environment,animal_gut:weaning pig,4,0.01
Environment,environment,other:medical device metagenome,4,0.01
Environment,environment,animal_gut:anguilla anguilla,4,0.01
Environment,environment,other:lagoon metagenome,4,0.01
Environment,environment,animal_gut:beagle,4,0.01
Environment,environment,animal_gut:dba/1 mice,4,0.01
Environment,environment,other:root nodule metagenome,4,0.01
Environment,environment,other:lactobacillus iners,4,0.01
Environment,environment,other:crab metagenome,4,0.01
Environment,environment,other:eubacteriales,4,0.01
Environment,environment,animal_gut:suis scrofa,4,0.01
Environment,environment,animal_gut:gymnogyps californianus,4,0.01
Environment,environment,other:straw metagenome,4,0.01
Environment,environment,animal_gut:moose,4,0.01
Environment,environment,animal_gut:ovis aries (pure grazing),4,0.01
Environment,environment,animal_gut:holstein x jersey cow,4,0.01
Environment,environment,other:halite metagenome,4,0.01
Environment,environment,animal_gut:healthy parturient,4,0.01
Environment,environment,animal_gut:military dog,4,0.01
Environment,environment,animal_gut:animal,4,0.01
Environment,environment,animal_gut:physeter macrocephalus,3,0.01
Environment,environment,animal_gut:lissotriton helveticus,3,0.01
Environment,environment,animal_gut:psittacula echo,3,0.01
Environment,environment,animal_gut:podarcis gaigeae,3,0.01
Environment,environment,other:ciliate metagenome,3,0.01
Environment,environment,animal_gut:primate,3,0.01
Environment,environment,other:rhizoplaca arbuscula,3,0.01
Environment,environment,animal_gut:oryctolagus cuniculus,3,0.01
Environment,environment,other:oil field metagenome,3,0.01
Environment,environment,other:prokaryote coculture,3,0.01
Environment,environment,other:citrus x paradisi x citrus trifoliata,3,0.01
Environment,environment,other:oil metagenome,3,0.01
Environment,environment,other:oil production facility metagenome,3,0.01
Environment,environment,other:tidal flat metagenome,3,0.01
Environment,environment,other:bog metagenome,3,0.01
Environment,environment,other:outdoor metagenome,3,0.01
Environment,environment,other:invertebrate gut metagenome,3,0.01
Environment,environment,other:sand metagenome,3,0.01
Environment,environment,animal_gut:newborn goat,3,0.01
Environment,environment,animal_gut:yunnan goat,3,0.01
Environment,environment,other:probiotic metagenome,3,0.01
Environment,environment,animal_gut:rhinopithecus bieti,3,0.01
Environment,environment,animal_gut:bee,3,0.01
Environment,environment,other:escherichia coli,3,0.01
Environment,environment,other:bacteroides fragilis,3,0.01
Environment,environment,animal_gut:elephas maximus,3,0.01
Environment,environment,animal_gut:acrossocheilus fasciatus,3,0.01
Environment,environment,other:biofloc metagenome,3,0.01
Environment,environment,animal_gut:kyphosus sydneyanus,3,0.01
Environment,environment,animal_gut:yellow hair chicken,3,0.01
Environment,environment,animal_gut:partridge chicken,3,0.01
Environment,environment,other:crocidura lasiura,3,0.01
Environment,environment,other:wildlife metagenome,3,0.01
Environment,environment,other:canis lupus familiaris,3,0.01
Environment,environment,animal_gut:periplaneta americana,3,0.01
Environment,environment,animal_gut:bostaurus,3,0.01
Environment,environment,animal_gut:donkey,3,0.01
Environment,environment,animal_gut:nipponia nippon,3,0.01
Environment,environment,animal_gut:spermophilus dauricus,3,0.01
Environment,environment,other:candidatus williamhamiltonella defendens,3,0.01
Environment,environment,animal_gut:junggar bactrian camel,3,0.01
Environment,environment,animal_gut:hy-ling brown laying hens,3,0.01
Environment,environment,animal_gut:calf,3,0.01
Environment,environment,animal_gut:anser indicus,3,0.01
Environment,environment,other:abattoir metagenome,3,0.01
Environment,environment,animal_gut:gazella subgutturosa,3,0.01
Environment,environment,animal_gut:vespertilio sinensis,3,0.01
Environment,environment,other:hyphosphere metagenome,3,0.01
Environment,environment,animal_gut:calves,3,0.01
Environment,environment,animal_gut:piglets,3,0.01
Environment,environment,animal_gut:pelophylax nigromaculatus,3,0.01
Environment,environment,animal_gut:homo sapiens (infant),3,0.01
Environment,environment,animal_gut:eidolon helvum,3,0.01
Environment,environment,other:termite gut metagenome,3,0.01
Environment,environment,other:money metagenome,3,0.01
Environment,environment,animal_gut:c57bl/6ntac,3,0.01
Environment,environment,animal_gut:plautia stali,2,0.0
Environment,environment,animal_gut:macaca fuscata,2,0.0
Environment,environment,other:mycobacterium avium subsp. hominissuis,2,0.0
Environment,environment,animal_gut:cervus albirostris,2,0.0
Environment,environment,animal_gut:pycnoscelus surinamensis,2,0.0
Environment,environment,animal_gut:lasiorhinus latifrons,2,0.0
Environment,environment,animal_gut:lepus europaeus,2,0.0
Environment,environment,animal_gut:podarcis pityusensis,2,0.0
Environment,environment,animal_gut:pipistrellus pipistrellus,2,0.0
Environment,environment,animal_gut:c57bl/6,2,0.0
Environment,environment,animal_gut:casuarius casuarius,2,0.0
Environment,environment,other:coal metagenome,2,0.0
Environment,environment,animal_gut:achilles tang,2,0.0
Environment,environment,animal_gut:mungos mungo,2,0.0
Environment,environment,other:ecological metagenomes,2,0.0
Environment,environment,other:rhizoplaca cf. idahoensis,2,0.0
Environment,environment,animal_gut:bos_taurus,2,0.0
Environment,environment,animal_gut:panthera uncia,2,0.0
Environment,environment,animal_gut:castor canadensis,2,0.0
Environment,environment,animal_gut:roe deer,2,0.0
Environment,environment,animal_gut:crossbred piglets (landrace x yorkshire x duroc),2,0.0
Environment,environment,animal_gut:homo sapiens ger_snf_f190,2,0.0
Environment,environment,animal_gut:homo sapiens ger_snf_f351,2,0.0
Environment,environment,animal_gut:alces?alces,2,0.0
Environment,environment,other:bacteroidota bacterium,2,0.0
Environment,environment,animal_gut:guangxi goat,2,0.0
Environment,environment,animal_gut:otaria flavescens,2,0.0
Environment,environment,animal_gut:rhodnius prolixus,2,0.0
Environment,environment,animal_gut:oryzias latipes,2,0.0
Environment,environment,animal_gut:tympanuchus phasianellus,2,0.0
Environment,environment,animal_gut:rattus rattus,2,0.0
Environment,environment,other:reproductive system metagenome,2,0.0
Environment,environment,animal_gut:lithobates pipiens,2,0.0
Environment,environment,animal_gut:anaxyrus americanus,2,0.0
Environment,environment,animal_gut:manure,2,0.0
Environment,environment,other:biosolids metagenome,2,0.0
Environment,environment,animal_gut:coturnix,2,0.0
Environment,environment,animal_gut:wildlife,2,0.0
Environment,environment,animal_gut:apis florea,2,0.0
Environment,environment,other:candidatus methanoperedens sp.,2,0.0
Environment,environment,animal_gut:m.musculus,2,0.0
Environment,environment,animal_gut:herbivorous mammals,2,0.0
Environment,environment,animal_gut:cyprinus carpio,2,0.0
Environment,environment,animal_gut:simmental cattle,2,0.0
Environment,environment,animal_gut:ctenopharyngodon idella,2,0.0
Environment,environment,animal_gut:orycteropus afer,2,0.0
Environment,environment,animal_gut:setophaga striata,2,0.0
Environment,environment,animal_gut:danio rerio,2,0.0
Environment,environment,other:synthetic construct,2,0.0
Environment,environment,animal_gut:harmonia axyridis,2,0.0
Environment,environment,animal_gut:trachypithecus francoisi,2,0.0
Environment,environment,animal_gut:wenchang chicken,2,0.0
Environment,environment,other:mus musculus,2,0.0
Environment,environment,animal_gut:eisenia fetida,2,0.0
Environment,environment,other:bacteroidaceae bacterium,2,0.0
Environment,environment,other:bacteroides uniformis,2,0.0
Environment,environment,other:termite metagenome,2,0.0
Environment,environment,other:frog metagenome,2,0.0
Environment,environment,other:saltern metagenome,2,0.0
Environment,environment,animal_gut:larimichthys crocea,2,0.0
Environment,environment,other:fertilizer metagenome,2,0.0
Environment,environment,animal_gut:mesocricetus auratus,2,0.0
Environment,environment,animal_gut:lampsilis pectorosa,2,0.0
Environment,environment,animal_gut:perca flavescens,2,0.0
Environment,environment,animal_gut:birgus latro,2,0.0
Environment,environment,animal_gut:c57b6,2,0.0
Environment,environment,other:lachnospiraceae,2,0.0
Environment,environment,animal_gut:chelonoidis porteri,2,0.0
Environment,environment,other:liver metagenome,2,0.0
Environment,environment,animal_gut:cygnus cygnus,2,0.0
Environment,environment,animal_gut:heterocephalus glaber,2,0.0
Environment,environment,animal_gut:anser sp.,2,0.0
Environment,environment,animal_gut:alexandromys fortis,2,0.0
Environment,environment,animal_gut:pantholops hodgsonii,2,0.0
Environment,environment,other:usnea subfusca,2,0.0
Environment,environment,other:usnea strigosa,2,0.0
Environment,environment,animal_gut:mergus squamatus,2,0.0
Environment,environment,animal_gut:papio kindae,2,0.0
Environment,environment,animal_gut:oreochromis niloticus,2,0.0
Environment,environment,animal_gut:holstein cow,2,0.0
Environment,environment,other:solid waste metagenome,2,0.0
Environment,environment,other:candidatus pelagibacter sp.,2,0.0
Environment,environment,animal_gut:earthworm,2,0.0
Environment,environment,animal_gut:snail,2,0.0
Environment,environment,animal_gut:sprague-dawley rats,2,0.0
Environment,environment,animal_gut:tadorna ferruginea,2,0.0
Environment,environment,animal_gut:toxispathius auriventris,2,0.0
Environment,environment,animal_gut:hippodamia convergens,2,0.0
Environment,environment,other:aquifer metagenome,2,0.0
Environment,environment,other:tailings metagenome,2,0.0
Environment,environment,animal_gut:apis mellifera carnica,2,0.0
Environment,environment,animal_gut:macaca sp.,2,0.0
Environment,environment,animal_gut:cervus canadensis nannodes,2,0.0
Environment,environment,animal_gut:herder,2,0.0
Environment,environment,animal_gut:bengal tiger,2,0.0
Environment,environment,animal_gut:termes hospes,2,0.0
Environment,environment,other:spiroplasma endosymbiont of nesidiocoris tenuis,1,0.0
Environment,environment,animal_gut:naemorhedus goral,1,0.0
Environment,environment,other:tomb metagenome,1,0.0
Environment,environment,animal_gut:gymnolophus obscura,1,0.0
Environment,environment,animal_gut:capra sibirica,1,0.0
Environment,environment,animal_gut:ovis ammon polii,1,0.0
Environment,environment,animal_gut:papio cynocephalus and p. anubis,1,0.0
Environment,environment,animal_gut:capra,1,0.0
Environment,environment,animal_gut:4.37,1,0.0
Environment,environment,animal_gut:6.43,1,0.0
Environment,environment,animal_gut:0.19,1,0.0
Environment,environment,animal_gut:3.28,1,0.0
Environment,environment,animal_gut:74.99,1,0.0
Environment,environment,animal_gut:perisoreus infaustus,1,0.0
Environment,environment,animal_gut:podarcis milensis,1,0.0
Environment,environment,other:marsupial metagenome,1,0.0
Environment,environment,other:cetacean metagenome,1,0.0
Environment,environment,other:epibiont metagenome,1,0.0
Environment,environment,animal_gut:eubalaena glacialis,1,0.0
Environment,environment,animal_gut:echinops telfairi,1,0.0
Environment,environment,other:mouse skin metagenome,1,0.0
Environment,environment,animal_gut:embiotoca jacksoni,1,0.0
Environment,environment,animal_gut:giraffa camelopardalis reticulata,1,0.0
Environment,environment,animal_gut:nyctereutes procyonoides,1,0.0
Environment,environment,animal_gut:equus quagga burchellii,1,0.0
Environment,environment,animal_gut:rhacodactylus leachianus,1,0.0
Environment,environment,animal_gut:trichechus manatus latirostris,1,0.0
Environment,environment,animal_gut:lyrodus pedicellatus,1,0.0
Environment,environment,other:stromatolite metagenome,1,0.0
Environment,environment,animal_gut:acryllium vulturinum,1,0.0
Environment,environment,animal_gut:tupaia glis,1,0.0
Environment,environment,animal_gut:.presbytis femoralis,1,0.0
Environment,environment,other:rhizoplaca haydenii,1,0.0
Environment,environment,other:rhizoplaca shushanii,1,0.0
Environment,environment,other:rhizoplaca parilis,1,0.0
Environment,environment,other:rhizoplaca melanophthalma subsp. crispa,1,0.0
Environment,environment,other:rhizoplaca polymorpha,1,0.0
Environment,environment,animal_gut:drosophila melanogaster,1,0.0
Environment,environment,other:xanthomonas euvesicatoria,1,0.0
Environment,environment,other:methanobacterium subterraneum,1,0.0
Environment,environment,other:phasianus colchicus,1,0.0
Environment,environment,animal_gut:struthio camelus,1,0.0
Environment,environment,animal_gut:mandrillus leucophaeus,1,0.0
Environment,environment,animal_gut:leghorn chicken,1,0.0
Environment,environment,other:decomposition metagenome,1,0.0
Environment,environment,other:endosymbiont of lamellibrachia barhami,1,0.0
Environment,environment,animal_gut:didelphis aurita,1,0.0
Environment,environment,animal_gut:macaca_fuscata,1,0.0
Environment,environment,animal_gut:gut,1,0.0
Environment,environment,other:candidatus accumulibacter adiacens,1,0.0
Environment,environment,other:chemical production metagenome,1,0.0
Environment,environment,other:tar pit metagenome,1,0.0
Environment,environment,animal_gut:gorilla14,1,0.0
Environment,environment,other:uncultured marine virus,1,0.0
Environment,environment,animal_gut:pig c6,1,0.0
Environment,environment,animal_gut:forest musk deer,1,0.0
Environment,environment,other:bacillus sp. uanl1552282b,1,0.0
Environment,environment,animal_gut:balb/c,1,0.0
Environment,environment,animal_gut:mice34,1,0.0
Environment,environment,animal_gut:water buffalo,1,0.0
Environment,environment,animal_gut:guinea fowl,1,0.0
Environment,environment,animal_gut:pig pa4,1,0.0
Environment,environment,animal_gut:pig pi3,1,0.0
Environment,environment,other:microbial eukaryotic metagenome,1,0.0
Environment,environment,other:clathrolucina costata,1,0.0
Environment,environment,other:loripes orbiculatus,1,0.0
Environment,environment,other:rugalucina munda,1,0.0
Environment,environment,other:anodontia alba,1,0.0
Environment,environment,other:oral-nasopharyngeal metagenome,1,0.0
Environment,environment,animal_gut:microtus ochrogaster,1,0.0
Environment,environment,animal_gut:camelus bactrianus ferus,1,0.0
Environment,environment,other:oceanicaulis alexandrii,1,0.0
Environment,environment,other:candidatus brockarchaeota archaeon,1,0.0
Environment,environment,animal_gut:homo sapiens ger_snf_f395,1,0.0
Environment,environment,animal_gut:homo sapiens ger_snf_f380,1,0.0
Environment,environment,animal_gut:homo sapiens ger_snf_f145,1,0.0
Environment,environment,animal_gut:homo sapiens ger_snf_f228,1,0.0
Environment,environment,animal_gut:homo sapiens ger_snf_f199,1,0.0
Environment,environment,animal_gut:homo sapiens ger_snf_f116,1,0.0
Environment,environment,animal_gut:homo sapiens ger_cd_s33,1,0.0
Environment,environment,animal_gut:homo sapiens ger_cd_s25,1,0.0
Environment,environment,animal_gut:homo sapiens ger_cd_s40,1,0.0
Environment,environment,animal_gut:homo sapiens ger_cd_s50,1,0.0
Environment,environment,animal_gut:homo sapiens ger_cd_s14,1,0.0
Environment,environment,animal_gut:c57bl/6 j male mice-a33,1,0.0
Environment,environment,other:mycolicibacterium sp.,1,0.0
Environment,environment,animal_gut:mirounga leonina,1,0.0
Environment,environment,animal_gut:microtus obscurus,1,0.0
Environment,environment,animal_gut:alexandromys oeconomus,1,0.0
Environment,environment,other:alphaproteobacteria bacterium,1,0.0
Environment,environment,animal_gut:hainan goat,1,0.0
Environment,environment,animal_gut:sichuan goat,1,0.0
Environment,environment,other:microcoleus sp. cawbg51,1,0.0
Environment,environment,animal_gut:crepititermes verruculosus,1,0.0
Environment,environment,animal_gut:nasutitermes ephratae,1,0.0
Environment,environment,animal_gut:cryptotermes cavifrons,1,0.0
Environment,environment,animal_gut:glyptotermes sp.,1,0.0
Environment,environment,animal_gut:c57bl/6 mouse,1,0.0
Environment,environment,animal_gut:gardnerycteris crenulata,1,0.0
Environment,environment,animal_gut:hipposideros diadema,1,0.0
Environment,environment,"animal_gut:['macaca mulatta', '21236']",1,0.0
Environment,environment,"animal_gut:['macaca mulatta', '27924']",1,0.0
Environment,environment,"animal_gut:['macaca mulatta', '4439']",1,0.0
Environment,environment,animal_gut:scylla olivacea,1,0.0
Environment,environment,animal_gut:giant panda,1,0.0
Environment,environment,animal_gut:lizard,1,0.0
Environment,environment,animal_gut:jinhua pig,1,0.0
Environment,environment,other:uncultured bacterium,1,0.0
Environment,environment,animal_gut:biomphalaria glabrata,1,0.0
Environment,environment,other:psyllid metagenome,1,0.0
Environment,environment,animal_gut:tympanuchus cupido,1,0.0
Environment,environment,animal_gut:sheep124,1,0.0
Environment,environment,animal_gut:nomascus annamensis,1,0.0
Environment,environment,animal_gut:apis mellifera ligustica,1,0.0
Environment,environment,animal_gut:apis mellifera mellifera,1,0.0
Environment,environment,other:shark metagenome,1,0.0
Environment,environment,other:aquabacterium commune,1,0.0
Environment,environment,other:sphingomonas sp. w002,1,0.0
Environment,environment,animal_gut:zophobas morio,1,0.0
Environment,environment,other:loxospora ochrophaea,1,0.0
Environment,environment,other:toensbergia leucococca,1,0.0
Environment,environment,other:thelotrema lepadinum,1,0.0
Environment,environment,other:schaereria dolodes,1,0.0
Environment,environment,other:bryobacterales bacterium,1,0.0
Environment,environment,other:phycosphere metagenome,1,0.0
Environment,environment,other:lecanora polytropa,1,0.0
Environment,environment,animal_gut:neotoma lepida,1,0.0
Environment,environment,animal_gut:neotoma stephensi,1,0.0
Environment,environment,animal_gut:neotoma macrotis,1,0.0
Environment,environment,other:bat paramyxovirus,1,0.0
Environment,environment,other:ant fungus garden metagenome,1,0.0
Environment,environment,animal_gut:protobothrops mangshanensis,1,0.0
Environment,environment,animal_gut:infant,1,0.0
Environment,environment,other:thelocarpon impressellum,1,0.0
Environment,environment,other:pycnora praestabilis,1,0.0
Environment,environment,animal_gut:equus ferus przewalskii,1,0.0
Environment,environment,animal_gut:kyphosus vaigiensis,1,0.0
Environment,environment,other:shewanella putrefaciens,1,0.0
Environment,environment,animal_gut:anser anser,1,0.0
Environment,environment,animal_gut:seagull,1,0.0
Environment,environment,animal_gut:vulpes vulpes,1,0.0
Environment,environment,animal_gut:shinisaurus crocodilurus,1,0.0
Environment,environment,animal_gut:zhedong white goose,1,0.0
Environment,environment,animal_gut:lithobates clamitans tadpole gut,1,0.0
Environment,environment,other:alkali sediment metagenome,1,0.0
Environment,environment,other:gammaproteobacteria,1,0.0
Environment,environment,animal_gut:delivery room,1,0.0
Environment,environment,animal_gut:giant pandas and other relevant species,1,0.0
Environment,environment,other:ruminococcus sp.,1,0.0
Environment,environment,animal_gut:nannospalax galili,1,0.0
Environment,environment,other:dietary supplements metagenome,1,0.0
Environment,environment,other:lacticaseibacillus rhamnosus,1,0.0
Environment,environment,animal_gut:cygnus atratus,1,0.0
Environment,environment,animal_gut:snake,1,0.0
Environment,environment,other:deltaproteobacteria bacterium,1,0.0
Environment,environment,other:acidobacteriota bacterium,1,0.0
Environment,environment,other:spodoptera frugiperda,1,0.0
Environment,environment,animal_gut:bull,1,0.0
Environment,environment,animal_gut:gallus_gallus,1,0.0
Environment,environment,other:volcano metagenome,1,0.0
Environment,environment,animal_gut:rhinopithecus strykeri,1,0.0
Environment,environment,animal_gut:macaca mulatta littoralis,1,0.0
Environment,environment,other:thermomicrobium sp. 002898255,1,0.0
Environment,environment,other:candidatus kuenenia stuttgartensis,1,0.0
Environment,environment,animal_gut:proteles cristata,1,0.0
Environment,environment,other:aerosol metagenome,1,0.0
Environment,environment,animal_gut:hv050_c09_0513_bdme190634708-1a_htmc3dsxx_l3,1,0.0
Environment,environment,animal_gut:hv501_i01_0964_bdme190635150-1a_htlyjdsxx_l4_1.fq.gz,1,0.0
Environment,environment,animal_gut:hv407_g06_0870_bdme190635057-1a_hmhmgdsxx_l2_1.fq.gz,1,0.0
Environment,environment,animal_gut:hv369_c04_0832_bdme190635022-1a_hmgljdsxx_l2_1.fq.gz,1,0.0
Environment,environment,animal_gut:hv363_b07_0826_bdme190635016-1a_hmgljdsxx_l2_1.fq.gz,1,0.0
Environment,environment,animal_gut:hv357_b01_0820_bdme190635011-1a_hmgljdsxx_l3_1.fq.gz,1,0.0
Environment,environment,animal_gut:hv088_h02_0551_bdme190634746-1a_htmf7dsxx_l1,1,0.0
Environment,environment,animal_gut:hv479_f06_0942_bdme190635128-1a_hmjy2dsxx_l3_1.fq.gz,1,0.0
Environment,environment,animal_gut:hv473_e09_0936_bdme190635122-1a_hmjj3dsxx_l1_1.fq.gz,1,0.0
Environment,environment,animal_gut:hv470_e06_0933_bdme190635119-1a_htlnhdsxx_l1_1.fq.gz,1,0.0
Environment,environment,animal_gut:hv468_e04_0931_bdme190635117-1a_hmgljdsxx_l3_1.fq.gz,1,0.0
Environment,environment,animal_gut:hv330_h01_0793_bdme190634985-1a_hn2jldsxx_l2_1.fq.gz,1,0.0
Environment,environment,animal_gut:hv251_h03_0714_bdme190634909-1a_hmk73dsxx_l4,1,0.0
Environment,environment,animal_gut:hv443_b06_0906_bdme190635093-1a_hmhmgdsxx_l3_1.fq.gz,1,0.0
Environment,environment,animal_gut:hv439_b02_0902_bdme190635089-1a_hmhmgdsxx_l2_1.fq.gz,1,0.0
Environment,environment,animal_gut:hv319_f08_0782_bdme190634975-1a_hn2jldsxx_l2_1.fq.gz,1,0.0
Environment,environment,animal_gut:hv312_f01_0775_bdme190634968-1a_hn2jldsxx_l3_1.fq.gz,1,0.0
Environment,environment,animal_gut:hv235_f05_0698_bdme190634893-1a_htlnhdsxx_l1,1,0.0
Environment,environment,animal_gut:hv229_e08_0692_bdme190634887-1a_htmc3dsxx_l3,1,0.0
Environment,environment,animal_gut:hv228_e07_0691_bdme190634886-1a_htmc3dsxx_l3,1,0.0
Environment,environment,animal_gut:hv136_d05_0599_bdme190634794-1a_hmhnldsxx_l3,1,0.0
Environment,environment,animal_gut:hv127_c05_0590_bdme190634785-1a_hmhm7dsxx_l2,1,0.0
Environment,environment,animal_gut:hv521_b03_0984_bdme190635169-1a_htmc3dsxx_l3_1.fq.gz,1,0.0
Environment,environment,animal_gut:hv436_a08_0899_bdme190635086-1a_hmgljdsxx_l2_1.fq.gz,1,0.0
Environment,environment,animal_gut:hv043_c02_0506_bdme190634701-1a_hmjh7dsxx_l1,1,0.0
Environment,environment,animal_gut:hv419_h09_0882_bdme190635069-1a_htlnhdsxx_l1_1.fq.gz,1,0.0
Environment,environment,animal_gut:hv206_c03_0669_bdme190634864-1a_hmhnldsxx_l2,1,0.0
Environment,environment,animal_gut:hv020_i06_0483_bdme190634678-1a_hmjh7dsxx_l4,1,0.0
Environment,environment,animal_gut:hv166_g08_0629_bdme190634824-1a_htmc3dsxx_l3,1,0.0
Environment,environment,animal_gut:hv011_h06_0474_bdme190634669-1a_hmjh7dsxx_l1,1,0.0
Environment,environment,animal_gut:rhinolophus pusillus,1,0.0
Environment,environment,animal_gut:myotis indochinensis,1,0.0
Environment,environment,animal_gut:tenebrio molitor,1,0.0
Environment,environment,animal_gut:numida meleagris,1,0.0
Environment,environment,other:orf virus,1,0.0
Environment,environment,animal_gut:eulemur macaco,1,0.0
Environment,environment,other:circovirus sp. gt10au,1,0.0
Environment,environment,other:salt mine metagenome,1,0.0
Environment,environment,animal_gut:portunus trituberculatus,1,0.0
Environment,environment,animal_gut:sheep manure,1,0.0
Environment,environment,animal_gut:trachypithecus germaini,1,0.0
Environment,environment,animal_gut:trachypithecus poliocephalus,1,0.0
Environment,environment,animal_gut:mouse_98,1,0.0
Environment,environment,animal_gut:mouse_80,1,0.0
Environment,environment,animal_gut:mouse_70,1,0.0
Environment,environment,animal_gut:mouse_67,1,0.0
Environment,environment,animal_gut:mouse_57,1,0.0
Environment,environment,animal_gut:mouse_51,1,0.0
Environment,environment,animal_gut:mouse_405,1,0.0
Environment,environment,animal_gut:mouse_400,1,0.0
Environment,environment,animal_gut:mouse_136,1,0.0
Environment,environment,animal_gut:mouse_382,1,0.0
Environment,environment,animal_gut:mouse_373,1,0.0
Environment,environment,animal_gut:mouse_106,1,0.0
Environment,environment,other:zooplankton metagenome,1,0.0
Environment,environment,animal_gut:mouse_163,1,0.0
Environment,environment,animal_gut:mouse_162,1,0.0
Environment,environment,animal_gut:mouse_171,1,0.0
Environment,environment,animal_gut:mouse_7,1,0.0
Environment,environment,animal_gut:anas platyrhynchos platyrhynchos,1,0.0
Environment,environment,animal_gut:manis javanica,1,0.0
Environment,environment,animal_gut:rhinopithecus brelichi,1,0.0
Environment,environment,animal_gut:mouse_249,1,0.0
Environment,environment,animal_gut:mouse_247,1,0.0
Environment,environment,animal_gut:mouse_225,1,0.0
Environment,environment,animal_gut:mouse_223,1,0.0
Environment,environment,animal_gut:mouse_210,1,0.0
Environment,environment,animal_gut:mouse_208,1,0.0
Environment,environment,animal_gut:mouse_205,1,0.0
Environment,environment,animal_gut:mouse_203,1,0.0
Environment,environment,animal_gut:mouse_174,1,0.0
Environment,environment,animal_gut:mouse_275,1,0.0
Environment,environment,other:vaucheria bursata,1,0.0
Environment,environment,other:coleofasciculus sp. dsm 104241,1,0.0
Environment,environment,animal_gut:micropterus dolomieu,1,0.0
Environment,environment,other:watershed metagenome,1,0.0
Environment,environment,animal_gut:c57bl/6j mice,1,0.0
Environment,environment,other:polyplax serrata,1,0.0
Environment,environment,other:pseudomonadales bacterium,1,0.0
Environment,environment,other:microcoleaceae cyanobacterium,1,0.0
Environment,environment,other:cyanobacteriota bacterium,1,0.0
Environment,environment,animal_gut:bombus rufocinctus,1,0.0
Environment,environment,animal_gut:feces,1,0.0
Environment,environment,other:candidatus poseidoniaceae archaeon,1,0.0
Environment,environment,other:fidelibacterota bacterium,1,0.0
Environment,environment,animal_gut:local goose,1,0.0
Environment,environment,other:inocybe lanuginosa,1,0.0
Environment,environment,other:crepidotus cesatii,1,0.0
Environment,environment,other:inocybe petiginosa,1,0.0
Environment,environment,animal_gut:johnius elongatus,1,0.0
Environment,environment,animal_gut:trigona fulviventris,1,0.0
Environment,environment,animal_gut:partamona musarum,1,0.0
Environment,environment,animal_gut:chroicocephalus ridibundus,1,0.0
Environment,environment,other:nitrospira sp.,1,0.0
Environment,environment,other:frankiales bacterium,1,0.0
Environment,environment,other:rudaea sp.,1,0.0
Environment,environment,other:nitrospirota bacterium,1,0.0
Environment,environment,other:betaproteobacteria bacterium,1,0.0
Environment,environment,other:bacilli bacterium,1,0.0
Environment,environment,other:candidatus limimorpha sp.,1,0.0
Environment,environment,other:acutalibacteraceae bacterium,1,0.0
Environment,environment,other:rhodococcoides fascians,1,0.0
Environment,environment,animal_gut:9-1r,1,0.0
Environment,environment,animal_gut:domestic cats,1,0.0
Environment,environment,animal_gut:microcerotermes sp. mad g ja-2024a,1,0.0
Environment,environment,other:crocidura shantungensis,1,0.0
Environment,environment,animal_gut:macrotermes natalensis,1,0.0
Environment,environment,other:amphibian metagenome,1,0.0
Environment,environment,animal_gut:rhinolophus euryale,1,0.0
Environment,environment,animal_gut:homo sapiens h23,1,0.0
Environment,environment,animal_gut:homo sapiens t37,1,0.0
Environment,environment,animal_gut:homo sapiens t21,1,0.0
Environment,environment,animal_gut:homo sapiens h29,1,0.0
Environment,environment,other:pegophysema philippiana,1,0.0
Environment,environment,other:lucina grandinata,1,0.0
Environment,environment,other:loripinus fragilis,1,0.0
Environment,environment,other:saccharomyces cerevisiae,1,0.0
Environment,environment,animal_gut:strongylocentrotus intermedius,1,0.0
Environment,environment,animal_gut:dama dama,1,0.0
Environment,environment,other:endophyte metagenome,1,0.0
Environment,environment,animal_gut:apodemus peninsulae,1,0.0
Environment,environment,animal_gut:atlantic salmon,1,0.0
Environment,environment,other:bacillota,1,0.0
Environment,environment,other:ancylonema sp.,1,0.0
Environment,environment,animal_gut:sceloporus grammicus,1,0.0
Environment,environment,animal_gut:guinea pig,1,0.0
Environment,environment,animal_gut:drepanotermes gayi,1,0.0
Environment,environment,other:ballast water metagenome,1,0.0
Environment,environment,other:shale gas metagenome,1,0.0
Environment,environment,other:oil sands metagenome,1,0.0
Environment,environment,animal_gut:not appplicable,1,0.0
Environment,environment,other:beetle metagenome,1,0.0
Environment,environment,animal_gut:cavia porcellus,1,0.0
Environment,environment,other:lactococcus lactis,1,0.0
Environment,environment,other:treponema sp.,1,0.0
Environment,environment,other:alistipes indistinctus,1,0.0
Environment,environment,other:stutzerimonas stutzeri,1,0.0
Environment,environment,other:lysinibacillus capsici,1,0.0
Environment,environment,other:vulcanimicrobiota bacterium,1,0.0
Environment,environment,other:candidatus cryptobacteroides sp.,1,0.0
Environment,environment,animal_gut:plateau brown frog,1,0.0
Environment,environment,animal_gut:strigops habroptila,1,0.0
Environment,environment,other:prasinovirus,1,0.0
Environment,environment,other:stereocaulon antarcticum,1,0.0
Environment,environment,other:protist metagenome,1,0.0
Environment,environment,animal_gut:petrolisthes sp.,1,0.0
Environment,environment,other:xylophilus sp.,1,0.0
Environment,environment,animal_gut:c57blks/j-wt/wt,1,0.0
Environment,environment,other:landfill metagenome,1,0.0
Environment,environment,animal_gut:semnopithecus schistaceus,1,0.0
Environment,environment,animal_gut:apodemus agrarius,1,0.0
Environment,environment,other:bulbothrix sp. dp-2024a,1,0.0
Environment,environment,animal_gut:myotis myotis,1,0.0
Environment,environment,animal_gut:miniopterus schreibersii,1,0.0
Environment,environment,other:goat gut metagenome,1,0.0
Environment,environment,animal_gut:cobb broiler,1,0.0
Environment,environment,animal_gut:g5b16,1,0.0
Environment,environment,other:hipposideros jonesi,1,0.0
Environment,environment,other:typomys planifrons,1,0.0
Environment,environment,other:candidatus woesearchaeota archaeon,1,0.0
Environment,environment,other:ear metagenome,1,0.0
Environment,environment,animal_gut:bat,1,0.0
Environment,environment,other:microbialite metagenome,1,0.0
Environment,environment,animal_gut:lateolabrax japonicus,1,0.0
Environment,environment,animal_gut:schizopyge nukiangensis,1,0.0
Environment,environment,other:streptococcus sp. ritm084i2,1,0.0
Environment,environment,other:streptococcus sp. rmpru010i7,1,0.0
Environment,environment,other:streptococcus sp. rmpru011i4,1,0.0
Environment,environment,animal_gut:cleopatra sp.,1,0.0
Environment,environment,other:aphanizomenon flos-aquae str. klamath,1,0.0
Environment,environment,other:blank sample,1,0.0
Environment,environment,other:vibrio kanaloae,1,0.0
Environment,environment,animal_gut:eotrichia longipennis,1,0.0
Environment,environment,other:methanobrevibacter sp.,1,0.0
Environment,environment,animal_gut:spf mice balb/c,1,0.0
Environment,environment,animal_gut:spf mice c57,1,0.0
Environment,environment,animal_gut:g5b13,1,0.0
Environment,environment,animal_gut:g6a16,1,0.0
Environment,environment,animal_gut:anser fabalis,1,0.0
Environment,environment,other:winery metagenome,1,0.0
Environment,environment,other:leptolyngbya sp. bl-a-14,1,0.0
Environment,environment,animal_gut:gf mouse,1,0.0
Environment,environment,animal_gut:catfish12,1,0.0
Environment,environment,animal_gut:catfish7,1,0.0
Environment,environment,animal_gut:homo_sapiens,1,0.0
Environment,environment,animal_gut:3,1,0.0
Environment,environment,animal_gut:leucogeranus leucogeranus,1,0.0
Environment,environment,other:streptococcus sp. ritm021i10,1,0.0
Environment,environment,other:streptococcus sp. ritm052i4,1,0.0
Environment,environment,other:streptococcus sp. ritm070i12,1,0.0
Environment,environment,animal_gut:rattus tanezumi,1,0.0
Environment,environment,animal_gut:mus_musculus,1,0.0
Environment,environment,animal_gut:fish metagenome,1,0.0
Environment,environment,animal_gut:lissachatina fulica,1,0.0
Environment,environment,animal_gut:ovis aries (full capativity),1,0.0
Environment,environment,other:cnidarian metagenome,1,0.0
Environment,environment,animal_gut:'mus musculos c57bl/6',1,0.0
Environment,environment,other:limnoraphis sp.,1,0.0
Environment,environment,animal_gut:chiroptera,1,0.0
Environment,environment,animal_gut:panthera tigris altaica,1,0.0
Environment,environment,animal_gut:romerolagus diazi,1,0.0
Environment,environment,animal_gut:diaprepes abbreviatus,1,0.0
Environment,environment,other:lake metagenome,1,0.0
Environment,environment,other:candidatus pelagibacter sp. himb1685,1,0.0
Environment,environment,other:candidatus pelagibacter sp. himb1542,1,0.0
Environment,environment,other:candidatus pelagibacter sp. himb1520,1,0.0
Environment,environment,other:candidatus pelagibacter sp. himb1518,1,0.0
Environment,environment,other:tannin metagenome,1,0.0
Environment,environment,other:spirochaetaceae bacterium,1,0.0
Environment,environment,other:methanobacteriota archaeon,1,0.0
Environment,environment,other:encephalitozoon hellem,1,0.0
Environment,environment,other:tree metagenome,1,0.0
Environment,environment,animal_gut:anacanthotermes turkestanicus,1,0.0
Environment,environment,other:salt metagenome,1,0.0
Environment,environment,animal_gut:galleria mellonella,1,0.0
Environment,environment,other:candidatus sigynarchaeales archaeon,1,0.0
Environment,environment,other:calditrichota bacterium,1,0.0
Environment,environment,other:candidatus polarisedimenticolia bacterium,1,0.0
Environment,environment,other:nakamurella sp. gg22,1,0.0
Environment,environment,other:glaciimonas sp. gg7,1,0.0
Environment,environment,animal_gut:ovis canadensis,1,0.0
Environment,environment,animal_gut:c57bl/20 mice,1,0.0
Environment,environment,animal_gut:bombina orientalis,1,0.0
Environment,environment,animal_gut:grus grus,1,0.0
Environment,environment,animal_gut:mareca penelope,1,0.0
Environment,environment,other:salt pan metagenome,1,0.0
Environment,environment,animal_gut:pangolin,1,0.0
Environment,environment,animal_gut:elaphodus cephalophus,1,0.0
Environment,environment,animal_gut:ailurus fulgens,1,0.0
Environment,environment,animal_gut:bactrocera oleae,1,0.0
Environment,environment,other:pseudomonas sp. k35,1,0.0
Environment,environment,animal_gut:homo sapiens (elderly),1,0.0
Environment,environment,other:organismal metagenomes,1,0.0
Environment,environment,other:penaeus vannamei,1,0.0
Environment,environment,other:pollen metagenome,1,0.0
Environment,environment,other:root associated fungus metagenome,1,0.0
Environment,environment,animal_gut:chrysoperla externa,1,0.0
Environment,environment,animal_gut:197,1,0.0
Environment,environment,animal_gut:195,1,0.0
Environment,environment,animal_gut:192,1,0.0
Environment,environment,animal_gut:189,1,0.0
Environment,environment,other:seriola lalandi,1,0.0
Environment,environment,animal_gut:rousettus aegyptiacus,1,0.0
Environment,environment,other:microbial fuel cell metagenome,1,0.0
Environment,environment,animal_gut:hypomesus transpacificus,1,0.0
Environment,environment,animal_gut:dairy,1,0.0
Environment,environment,animal_gut:capra hircus (san clemente island goat),1,0.0
Environment,environment,animal_gut:lagopus muta,1,0.0
Environment,environment,animal_gut:pere david's deer,1,0.0
Environment,environment,animal_gut:red panda,1,0.0
Environment,environment,animal_gut:globitermes brachycerastes,1,0.0
Environment,environment,animal_gut:vulture,1,0.0
Environment,environment,animal_gut:piaractus mesopotamicus,1,0.0
Environment,environment,animal_gut:cryptotermes domesticus,1,0.0
Environment,environment,animal_gut:cryptotermes secundus,1,0.0
Environment,environment,animal_gut:prorhinotermes simplex,1,0.0
Environment,environment,animal_gut:odontotaenius disjunctus,1,0.0
Environment,environment,other:chitinophaga pinensis,1,0.0
Environment,environment,animal_gut:pig 60,1,0.0
Environment,environment,other:industrial waste metagenome,1,0.0
Environment,environment,animal_gut:labiotermes labralis,1,0.0
Environment,environment,animal_gut:embiratermes neotenicus,1,0.0
Environment,environment,animal_gut:cornitermes sp.,1,0.0
Environment,site_category,feces,20323,57.0
Environment,site_category,gut_unspecified,8610,24.15
Environment,site_category,oral,1571,4.41
Environment,site_category,respiratory,1306,3.66
Environment,site_category,skin,1101,3.09
Environment,site_category,gut_lumen_content,880,2.47
Environment,site_category,vaginal,588,1.65
Environment,site_category,blood,342,0.96
Environment,site_category,rumen,304,0.85
Environment,site_category,tissue_unspecified,201,0.56
Environment,site_category,gut_mucosa_biopsy,166,0.47
Environment,site_category,milk,147,0.41
Environment,site_category,urine,116,0.33
Environment,sample_material,feces,17429,43.12
Environment,sample_material,soil,1230,3.04
Environment,sample_material,saliva,681,1.68
Environment,sample_material,human gut,533,1.32
Environment,sample_material,water,384,0.95
Environment,sample_material,sediment,337,0.83
Environment,sample_material,positive,307,0.76
Environment,sample_material,fecal culture,257,0.64
Environment,sample_material,ss,254,0.63
Environment,sample_material,mipro,251,0.62
Environment,sample_material,wastewater,248,0.61
Environment,sample_material,gut,234,0.58
Environment,sample_material,sputum,203,0.5
Environment,sample_material,csf,192,0.48
Environment,sample_material,feces (),177,0.44
Environment,sample_material,soil from agriculture fields,150,0.37
Environment,sample_material,seawater,146,0.36
Environment,sample_material,soil sample,137,0.34
Environment,sample_material,bronchoalveolar lavage fluid,136,0.34
Environment,sample_material,sea water,131,0.32
Environment,sample_material,synthetic community,127,0.31
Environment,sample_material,fma64183,118,0.29
Environment,sample_material,metagenomic assembly,117,0.29
Environment,sample_material,house dust,113,0.28
Environment,sample_material,swab,112,0.28
Environment,sample_material,human-associated habitat,104,0.26
Environment,sample_material,river water,100,0.25
Environment,sample_material,skin,99,0.24
Environment,sample_material,vaginal fluid,98,0.24
Environment,sample_material,sw,97,0.24
Environment,sample_material,envo:feces,91,0.23
Environment,sample_material,control blank,90,0.22
Environment,sample_material,human stools,88,0.22
Environment,sample_material,lake water,87,0.22
Environment,sample_material,human feces,84,0.21
Environment,sample_material,rumen,80,0.2
Environment,sample_material,urine,80,0.2
Environment,sample_material,skin swab,75,0.19
Environment,sample_material,air,73,0.18
Environment,sample_material,rectal swab,73,0.18
Environment,sample_material,rhizosphere,72,0.18
Environment,sample_material,soil from natural grassland formations,72,0.18
Environment,sample_material,soil from natural forests,72,0.18
Environment,sample_material,cecum,71,0.18
Environment,sample_material,intestinal content,70,0.17
Environment,sample_material,hydrothermal vent,68,0.17
Environment,sample_material,animal,68,0.17
Environment,sample_material,milk,67,0.17
Environment,sample_material,cerebrospinal fluid,66,0.16
Environment,sample_material,fecal material [envo: 00002003],65,0.16
Environment,sample_material,lingual_film,65,0.16
Environment,sample_material,dental calculus,62,0.15
Environment,sample_material,agricultural soil,61,0.15
Environment,sample_material,human vagina,61,0.15
Environment,sample_material,tissue,59,0.15
Environment,sample_material,"marine water, oceanic",58,0.14
Environment,sample_material,blood,55,0.14
Environment,sample_material,environmental,55,0.14
Environment,sample_material,microbial dna,54,0.13
Environment,sample_material,anatomical entity environment,53,0.13
Environment,sample_material,"ambient air sampled at ntu campus, singapore",53,0.13
Environment,sample_material,serum,52,0.13
Environment,sample_material,activated sludge,52,0.13
Environment,sample_material,rhizosphere soil,50,0.12
Environment,sample_material,wastewater spikein,50,0.12
Environment,sample_material,surface water,49,0.12
Environment,sample_material,fresh water,49,0.12
Environment,sample_material,guangzhou,49,0.12
Environment,sample_material,org_particles,49,0.12
Environment,sample_material,sewage,48,0.12
Environment,sample_material,plasma,48,0.12
Environment,sample_material,skin surface,47,0.12
Environment,sample_material,thallus,47,0.12
Environment,sample_material,sediment from urban freshwater,45,0.11
Environment,sample_material,marine sediment,44,0.11
Environment,sample_material,microbial mat,44,0.11
Environment,sample_material,nasal swab,44,0.11
Environment,sample_material,metagenomic,44,0.11
Environment,sample_material,clinical sample,43,0.11
Environment,sample_material,forest soil,42,0.1
Environment,sample_material,lung,42,0.1
Environment,sample_material,"particulate matter, including plankton (envo:xxxxxxxx)",41,0.1
Environment,sample_material,vaginal swab,41,0.1
Environment,sample_material,grassland soil,40,0.1
Environment,sample_material,microbial community enriched from coastal seawater on a single synthetic hydrogel chitin micro-particle,40,0.1
Environment,sample_material,metagenomes,40,0.1
Environment,sample_material,digesta,39,0.1
Environment,sample_material,humangut,39,0.1
Environment,sample_material,peat soil,39,0.1
Environment,sample_material,fecal samples,39,0.1
Environment,sample_material,bacterial isolate,38,0.09
Environment,sample_material,gut content,37,0.09
Environment,sample_material,non-diarrhea,37,0.09
Environment,sample_material,sediment from natural freshwater,37,0.09
Environment,sample_material,pelagic,37,0.09
Environment,sample_material,groundwater,36,0.09
Environment,sample_material,biofilm,36,0.09
Environment,sample_material,oral cavity,36,0.09
Environment,sample_material,human,36,0.09
Environment,sample_material,sample,36,0.09
Environment,sample_material,organic material,35,0.09
Environment,sample_material,soil from urban greenspaces,35,0.09
Environment,sample_material,anterior nares,34,0.08
Environment,sample_material,human facial skin,34,0.08
Environment,sample_material,ruminal fluid,33,0.08
Environment,sample_material,vagina,32,0.08
Environment,sample_material,oral,32,0.08
Environment,sample_material,misssing,32,0.08
Environment,sample_material,paddy soil,31,0.08
Environment,sample_material,freshwater,31,0.08
Environment,sample_material,ocean water,31,0.08
Environment,sample_material,control positive,31,0.08
Environment,sample_material,human faeces,31,0.08
Environment,sample_material,human gut stool,31,0.08
Environment,sample_material,food,31,0.08
Environment,sample_material,aqueous humor,31,0.08
Environment,sample_material,throat swab,30,0.07
Environment,sample_material,rumen fluid,30,0.07
Environment,sample_material,wastewater treatment plant,30,0.07
Environment,sample_material,ambient outdoor air collected on a filter medium,30,0.07
Environment,sample_material,hospital,30,0.07
Environment,sample_material,root,29,0.07
Environment,sample_material,saliva material,29,0.07
Environment,sample_material,lake sediment,28,0.07
Environment,sample_material,shallow marine sediment,28,0.07
Environment,sample_material,surface soil,28,0.07
Environment,sample_material,river surface water,27,0.07
Environment,sample_material,supra gingival plaque biofilm,27,0.07
Environment,sample_material,human fecal sample,27,0.07
Environment,sample_material,mims.me.human-gut,27,0.07
Environment,sample_material,stool swab,27,0.07
Environment,sample_material,honey,26,0.06
Environment,sample_material,mouse intestine,26,0.06
Environment,sample_material,"soil from natural bogs, mires and fens",26,0.06
Environment,sample_material,oral swab,26,0.06
Environment,sample_material,control,25,0.06
Environment,sample_material,estuarine water,25,0.06
Environment,sample_material,mucus,25,0.06
Environment,sample_material,dna,25,0.06
Environment,sample_material,digesta samples,25,0.06
Environment,sample_material,oropharynx,25,0.06
Environment,sample_material,epilithon,25,0.06
Environment,sample_material,malawi village,25,0.06
Environment,sample_material,coastal sea water,24,0.06
Environment,sample_material,ruminal_fluid,24,0.06
Environment,sample_material,surface swab,24,0.06
Environment,sample_material,negativemebrane,24,0.06
Environment,sample_material,mesenteric fat,24,0.06
Environment,sample_material,metagenome,24,0.06
Environment,sample_material,cow rumen,24,0.06
Environment,sample_material,soil from natural dunes,24,0.06
Environment,sample_material,human gastrointestinal tract,23,0.06
Environment,sample_material,subway and urban air,23,0.06
Environment,sample_material,"magee womens hospital, pittsburgh, pennsylvania, usa",23,0.06
Environment,sample_material,benthic surface of ice-covered lake,23,0.06
Environment,sample_material,aerosol,22,0.05
Environment,sample_material,saline water,22,0.05
Environment,sample_material,"saline water (), including plankton (envo:xxxxxxxx)",22,0.05
Environment,sample_material,water kefir liquid,22,0.05
Environment,sample_material,phyllosphere,22,0.05
Environment,sample_material,intestinal fecal,21,0.05
Environment,sample_material,homo sapiens,21,0.05
Environment,sample_material,sludge,20,0.05
Environment,sample_material,surface,20,0.05
Environment,sample_material,lake water from pelagic integrated epilimnion zone,20,0.05
Environment,sample_material,leaf litter,20,0.05
Environment,sample_material,fecal pellet,20,0.05
Environment,sample_material,human blood,20,0.05
Environment,sample_material,epilithic biofilms,20,0.05
Environment,sample_material,epithelium of vagina,20,0.05
Environment,sample_material,mass of biological material,20,0.05
Environment,sample_material,sponge tissue,19,0.05
Environment,sample_material,subgingival plaque,19,0.05
Environment,sample_material,ileum,19,0.05
Environment,sample_material,freshwater lake,19,0.05
Environment,sample_material,cecal content,19,0.05
Environment,sample_material,human plasma,19,0.05
Environment,sample_material,mouse fecal,19,0.05
Environment,sample_material,sediment from subterranean saltwater,19,0.05
Environment,sample_material,"particulate matter (), including planktonic material ()",18,0.04
Environment,sample_material,:biofilm,18,0.04
Environment,sample_material,host-associated habitat,18,0.04
Environment,sample_material,bulk soil,18,0.04
Environment,sample_material,aspirate,18,0.04
Environment,sample_material,intestinal mucosa,18,0.04
Environment,sample_material,mouth,18,0.04
Environment,sample_material,mouse stool,18,0.04
Environment,sample_material,maxwell,18,0.04
Environment,sample_material,human stool sample,18,0.04
Environment,sample_material,seawater|marine sediment|coastal sea water|shallow marine sediment,18,0.04
Environment,sample_material,duckling,18,0.04
Environment,sample_material,fecal sample from pouch patient,18,0.04
Environment,sample_material,diaper,17,0.04
Environment,sample_material,anthropogenic environmental material,17,0.04
Environment,sample_material,river biofilm,17,0.04
Environment,sample_material,fecal material (),17,0.04
Environment,sample_material,negativereaction,17,0.04
Environment,sample_material,cecal contents,17,0.04
Environment,sample_material,intestinal tract,17,0.04
Environment,sample_material,carcass,17,0.04
Environment,sample_material,simulated human gut metagenome,17,0.04
Environment,sample_material,desert soil,16,0.04
Environment,sample_material,marine sediment (),16,0.04
Environment,sample_material,bs3,16,0.04
Environment,sample_material,negativecollection,16,0.04
Environment,sample_material,subcutaneous fat,16,0.04
Environment,sample_material,faecal sample,16,0.04
Environment,sample_material,water sample,16,0.04
Environment,sample_material,feces sample,16,0.04
Environment,sample_material,mucus material,16,0.04
Environment,sample_material,capra hircus,16,0.04
Environment,sample_material,ethanol,16,0.04
Environment,sample_material,caecum,15,0.04
Environment,sample_material,plant surface,15,0.04
Environment,sample_material,sediments,15,0.04
Environment,sample_material,dna:ds viral dna,15,0.04
Environment,sample_material,river,15,0.04
Environment,sample_material,rectum,15,0.04
Environment,sample_material,tracheal aspirate,15,0.04
Environment,sample_material,leaf material,15,0.04
Environment,sample_material,colonoscopy washing fluid,15,0.04
Environment,sample_material,uganda,15,0.04
Environment,sample_material,faeces material,15,0.04
Environment,sample_material,human balf,15,0.04
Environment,sample_material,nasal mucus,15,0.04
Environment,sample_material,conjunctiva,15,0.04
Environment,sample_material,built environment,14,0.03
Environment,sample_material,leaf,14,0.03
Environment,sample_material,exterior rinsate,14,0.03
Environment,sample_material,child_stool,14,0.03
Environment,sample_material,nasopharyngeal swab,14,0.03
Environment,sample_material,envo:human-associated habitat,14,0.03
Environment,sample_material,soil from natural temperate heath and scrub,14,0.03
Environment,sample_material,pharynx,14,0.03
Environment,sample_material,nss,14,0.03
Environment,sample_material,oral wash,14,0.03
Environment,sample_material,mock community wc-gut rr (nibsc 22/210),14,0.03
Environment,sample_material,saline lake,14,0.03
Environment,sample_material,control spikein water,13,0.03
Environment,sample_material,sea water (),13,0.03
Environment,sample_material,cells,13,0.03
Environment,sample_material,coral tissue,13,0.03
Environment,sample_material,single strain culture,13,0.03
Environment,sample_material,dental,13,0.03
Environment,sample_material,feaces,13,0.03
Environment,sample_material,coastal seawater,13,0.03
Environment,sample_material,china,13,0.03
Environment,sample_material,matridx biotechnology laboratory environment,13,0.03
Environment,sample_material,cow manure,13,0.03
Environment,sample_material,coastal water,13,0.03
Environment,sample_material,gut microbiome,13,0.03
Environment,sample_material,"feces, blood, swab and tissues",13,0.03
Environment,sample_material,coral reef,13,0.03
Environment,sample_material,obi:0100026,13,0.03
Environment,sample_material,solid environmental material,13,0.03
Environment,sample_material,peat,13,0.03
Environment,sample_material,nepenthes pitcher fluid,13,0.03
Environment,sample_material,human skin,12,0.03
Environment,sample_material,f3,12,0.03
Environment,sample_material,intestinal mucosa - diseased,12,0.03
Environment,sample_material,anal swab,12,0.03
Environment,sample_material,dietary supplement,12,0.03
Environment,sample_material,jejunum,12,0.03
Environment,sample_material,face,12,0.03
Environment,sample_material,nares,12,0.03
Environment,sample_material,river sediment,12,0.03
Environment,sample_material,environment,12,0.03
Environment,sample_material,estuarine mud,12,0.03
Environment,sample_material,lower leg of human,12,0.03
Environment,sample_material,sandy soil,12,0.03
Environment,sample_material,farmland soil,12,0.03
Environment,sample_material,nasopharynx,12,0.03
Environment,sample_material,marine pelagic biome,12,0.03
Environment,sample_material,synovial fluid,12,0.03
Environment,sample_material,culture,12,0.03
Environment,sample_material,permafrost peat,12,0.03
Environment,sample_material,plant roots,12,0.03
Environment,sample_material,river water column,12,0.03
Environment,sample_material,bile,11,0.03
Environment,sample_material,plant matter,11,0.03
Environment,sample_material,cheese,11,0.03
Environment,sample_material,murine cecal content,11,0.03
Environment,sample_material,mock community,11,0.03
Environment,sample_material,mesocosm,11,0.03
Environment,sample_material,specimen collection process,11,0.03
Environment,sample_material,meo_0000970 cecal content,11,0.03
Environment,sample_material,agricultural environmental material,11,0.03
Environment,sample_material,hot spring sediment,11,0.03
Environment,sample_material,mouth mucosa,11,0.03
Environment,sample_material,balf,11,0.03
Environment,sample_material,duodenum,11,0.03
Environment,sample_material,intestinal contents,11,0.03
Environment,sample_material,food (fermented) [foodon:00001258],11,0.03
Environment,sample_material,hemolymph,11,0.03
Environment,sample_material,infant stool,11,0.03
Environment,sample_material,faecel,11,0.03
Environment,sample_material,open ocean,11,0.03
Environment,sample_material,tidal flats,11,0.03
Environment,sample_material,apple substrate,11,0.03
Environment,sample_material,culture medium: cmmc,11,0.03
Environment,sample_material,untreated coastal surface water,11,0.03
Environment,sample_material,mapocho river,11,0.03
Environment,sample_material,control blank dna extraction,10,0.02
Environment,sample_material,colon mucosa,10,0.02
Environment,sample_material,mouse feces,10,0.02
Environment,sample_material,reagent,10,0.02
Environment,sample_material,nasal_lavage,10,0.02
Environment,sample_material,laboratory,10,0.02
Environment,sample_material,bathymodiolus gill tissue material,10,0.02
Environment,sample_material,mixed culture,10,0.02
Environment,sample_material,vaginal,10,0.02
Environment,sample_material,diarrhea,10,0.02
Environment,sample_material,back,10,0.02
Environment,sample_material,mouse fecal pellet,10,0.02
Environment,sample_material,faecal samples,10,0.02
Environment,sample_material,molar,10,0.02
Environment,sample_material,tooth surface,10,0.02
Environment,sample_material,cotton strips,10,0.02
Environment,sample_material,lab of hugo tech,10,0.02
Environment,sample_material,bto:0002096,10,0.02
Environment,sample_material,soil from natural coastal,10,0.02
Environment,sample_material,water from urban wastewater,10,0.02
Environment,sample_material,human nasopharyngeal specimen,10,0.02
Environment,sample_material,marine_environmental,10,0.02
Environment,sample_material,community sewage (summer),10,0.02
Environment,sample_material,community sewage (winter),10,0.02
Environment,sample_material,biocrust,10,0.02
Environment,sample_material,hemp field,10,0.02
Environment,sample_material,ant dump-derived culture enriched in switchgrass conversion residue,10,0.02
Environment,sample_material,vaginal swap,10,0.02
Environment,sample_material,pelagic_public,10,0.02
Environment,sample_material,agricultural,9,0.02
Environment,sample_material,waste water,9,0.02
Environment,sample_material,organic matter,9,0.02
Environment,sample_material,dolphin fecal material,9,0.02
Environment,sample_material,gill,9,0.02
Environment,sample_material,posterior intestine tissue,9,0.02
Environment,sample_material,f4,9,0.02
Environment,sample_material,throat_swab,9,0.02
Environment,sample_material,bioreactor sludge,9,0.02
Environment,sample_material,bacteria monoculture,9,0.02
Environment,sample_material,rumen liquor,9,0.02
Environment,sample_material,sediment sample,9,0.02
Environment,sample_material,floor surface,9,0.02
Environment,sample_material,bal,9,0.02
Environment,sample_material,effluent,9,0.02
Environment,sample_material,foot,9,0.02
Environment,sample_material,hand,9,0.02
Environment,sample_material,food source,9,0.02
Environment,sample_material,rectal,9,0.02
Environment,sample_material,mouse stool samples,9,0.02
Environment,sample_material,wound,9,0.02
Environment,sample_material,subject,9,0.02
Environment,sample_material,stool samples,9,0.02
Environment,sample_material,bronchoalveolar lavage fluid or blood,9,0.02
Environment,sample_material,anaerobic digestion,9,0.02
Environment,sample_material,cecal,9,0.02
Environment,sample_material,atcc,9,0.02
Environment,sample_material,oropharyngeal (op) swabs,9,0.02
Environment,sample_material,reactor sample,9,0.02
Environment,sample_material,respiratory tract,9,0.02
Environment,sample_material,human oral swab | human rectal swab | human vaginal swab,9,0.02
Environment,sample_material,collection kit,9,0.02
Environment,sample_material,fecal sample from gnotobiotic mice,9,0.02
Environment,sample_material,fine root endosphere,9,0.02
Environment,sample_material,"physical source, colon content",9,0.02
Environment,sample_material,fece,9,0.02
Environment,sample_material,floodplain sediment,9,0.02
Environment,sample_material,feedlot,9,0.02
Environment,sample_material,manure amended agricultural soil,9,0.02
Environment,sample_material,south pacific ocean,9,0.02
Environment,sample_material,columbia river estuary,9,0.02
Environment,sample_material,activated sludge sample,9,0.02
Environment,sample_material,granule,8,0.02
Environment,sample_material,wetland soil,8,0.02
Environment,sample_material,seal feces,8,0.02
Environment,sample_material,bioreactor,8,0.02
Environment,sample_material,buffer,8,0.02
Environment,sample_material,laboratory environment,8,0.02
Environment,sample_material,mock community of intestinal bacteria strains,8,0.02
Environment,sample_material,f1,8,0.02
Environment,sample_material,f5,8,0.02
Environment,sample_material,cecum content,8,0.02
Environment,sample_material,mesenteric fat - creeping fat,8,0.02
Environment,sample_material,dust,8,0.02
Environment,sample_material,algae,8,0.02
Environment,sample_material,yogurt,8,0.02
Environment,sample_material,colon,8,0.02
Environment,sample_material,human plasma with contrived viral load,8,0.02
Environment,sample_material,"the riverside of the ancient canal in zhenjiang city, china",8,0.02
Environment,sample_material,antecubitalfossa,8,0.02
Environment,sample_material,nasopharyngeal swabs from juvenile,8,0.02
Environment,sample_material,case,8,0.02
Environment,sample_material,"zhuhai city, guangdong province",8,0.02
Environment,sample_material,cut,8,0.02
Environment,sample_material,blood plasma,8,0.02
Environment,sample_material,dental plaque from anterior tooth,8,0.02
Environment,sample_material,tongue dorsum,8,0.02
Environment,sample_material,cell culturing unit,8,0.02
Environment,sample_material,|,8,0.02
Environment,sample_material,water kefir grains,8,0.02
Environment,sample_material,marine,8,0.02
Environment,sample_material,gills,8,0.02
Environment,sample_material,soil from subterranean urban,8,0.02
Environment,sample_material,anal swabs,8,0.02
Environment,sample_material,pure culture,8,0.02
Environment,sample_material,collembola specimens from soil cores taken from grassland sites,8,0.02
Environment,sample_material,farmland,8,0.02
Environment,sample_material,enrichment culture,8,0.02
Environment,sample_material,gut samples,8,0.02
Environment,sample_material,field soil,8,0.02
Environment,sample_material,cervical fluid,8,0.02
Environment,sample_material,glacial till from the non-vegetated site about 2 year post deglaciation,8,0.02
Environment,sample_material,biomass from anaerobic digester,8,0.02
Environment,sample_material,"wisconsin, united states",8,0.02
Environment,sample_material,scalp,8,0.02
Environment,sample_material,coral mucus sample,8,0.02
Environment,sample_material,teeth,8,0.02
Environment,sample_material,beijing,8,0.02
Environment,sample_material,saponin-depleted sputum,8,0.02
Environment,sample_material,mice fecals,8,0.02
Environment,sample_material,mangrove sediment,7,0.02
Environment,sample_material,nasal lavage,7,0.02
Environment,sample_material,http://purl.obolibrary.org/obo/,7,0.02
Environment,sample_material,control blank library prep,7,0.02
Environment,sample_material,anterior intestine tissue,7,0.02
Environment,sample_material,f2,7,0.02
Environment,sample_material,crop content,7,0.02
Environment,sample_material,microbial mat material,7,0.02
Environment,sample_material,cud (); gastric juice (),7,0.02
Environment,sample_material,interior (peeled) rinsate,7,0.02
Environment,sample_material,soil core,7,0.02
Environment,sample_material,tongue,7,0.02
Environment,sample_material,meconium,7,0.02
Environment,sample_material,biofilm material,7,0.02
Environment,sample_material,14188,7,0.02
Environment,sample_material,fluid,7,0.02
Environment,sample_material,handrail surface,7,0.02
Environment,sample_material,prairie soil,7,0.02
Environment,sample_material,multiple,7,0.02
Environment,sample_material,water column,7,0.02
Environment,sample_material,metagenomics reads,7,0.02
Environment,sample_material,apple rhizosphere,7,0.02
Environment,sample_material,goat feces,7,0.02
Environment,sample_material,marine water,7,0.02
Environment,sample_material,rumen sample,7,0.02
Environment,sample_material,piglet,7,0.02
Environment,sample_material,supragingival plaque,7,0.02
Environment,sample_material,"soil, wetland",7,0.02
Environment,sample_material,composting substrate,7,0.02
Environment,sample_material,biopsy,7,0.02
Environment,sample_material,anaerobic digester,7,0.02
Environment,sample_material,nunja,7,0.02
Environment,sample_material,huaian,7,0.02
Environment,sample_material,environment determined by a biofilm on an animal surface|mouth environment,7,0.02
Environment,sample_material,chicken feces,7,0.02
Environment,sample_material,gastric mucosa,7,0.02
Environment,sample_material,water from urban drinking water,7,0.02
Environment,sample_material,seawater near an island,7,0.02
Environment,sample_material,alveolar lavage fluid,7,0.02
Environment,sample_material,maternal rectal,7,0.02
Environment,sample_material,buccal swab,7,0.02
Environment,sample_material,human.stool,7,0.02
Environment,sample_material,rumen_liquid,7,0.02
Environment,sample_material,zoo animals,7,0.02
Environment,sample_material,nasopharyngeal swabs,7,0.02
Environment,sample_material,silty loam,7,0.02
Environment,sample_material,colorectum,7,0.02
Environment,sample_material,attine ant fungus gardens,7,0.02
Environment,sample_material,riparian zone,7,0.02
Environment,sample_material,human cfplasma,7,0.02
Environment,sample_material,seaweed,6,0.01
Environment,sample_material,none,6,0.01
Environment,sample_material,caecal content,6,0.01
Environment,sample_material,fecal content,6,0.01
Environment,sample_material,nasel or sputum,6,0.01
Environment,sample_material,chicken cecum,6,0.01
Environment,sample_material,f6,6,0.01
Environment,sample_material,upland soil,6,0.01
Environment,sample_material,throat mucus,6,0.01
Environment,sample_material,appendix,6,0.01
Environment,sample_material,oropharyngeal swab,6,0.01
Environment,sample_material,negativecontrol,6,0.01
Environment,sample_material,29931,6,0.01
Environment,sample_material,barn dust,6,0.01
Environment,sample_material,brain tissue,6,0.01
Environment,sample_material,digestive tract,6,0.01
Environment,sample_material,35.890571 n 128.609133 e,6,0.01
Environment,sample_material,colon content,6,0.01
Environment,sample_material,soil from peatland,6,0.01
Environment,sample_material,torso,6,0.01
Environment,sample_material,poplitealfossa,6,0.01
Environment,sample_material,mucosal tissue,6,0.01
Environment,sample_material,human subgingival plaque,6,0.01
Environment,sample_material,chicha,6,0.01
Environment,sample_material,mising,6,0.01
Environment,sample_material,taiwan,6,0.01
Environment,sample_material,intestinal,6,0.01
Environment,sample_material,hindgut,6,0.01
Environment,sample_material,fecal environment,6,0.01
Environment,sample_material,culture medium - mega media,6,0.01
Environment,sample_material,culture medium - mega media mucin supernatant,6,0.01
Environment,sample_material,microcosms of coastal seawater-brine mixture and sand,6,0.01
Environment,sample_material,pleural effusion,6,0.01
Environment,sample_material,bai_yang_dian,6,0.01
Environment,sample_material,ceca,6,0.01
Environment,sample_material,intestine,6,0.01
Environment,sample_material,indoor air collected on a filter medium,6,0.01
Environment,sample_material,eta,6,0.01
Environment,sample_material,bladder tissue,6,0.01
Environment,sample_material,"fecal_sample,_sah_patient,_amiens_university_hospital",6,0.01
Environment,sample_material,fermenting cacao beans,6,0.01
Environment,sample_material,ts,6,0.01
Environment,sample_material,subgingival,6,0.01
Environment,sample_material,kupferdreh wastewater treatment plant - klaeranlage essen kupferdreh (ruhrverband),6,0.01
Environment,sample_material,rumen digesta,6,0.01
Environment,sample_material,nasopharyngeal,6,0.01
Environment,sample_material,stream water,6,0.01
Environment,sample_material,farm soil,6,0.01
Environment,sample_material,deep-sea hydrothermal deposit,6,0.01
Environment,sample_material,cross-laminated timber blocks,6,0.01
Environment,sample_material,coral reef sediment,6,0.01
Environment,sample_material,cecal material,6,0.01
Environment,sample_material,experimental,6,0.01
Environment,sample_material,cryoconite,5,0.01
Environment,sample_material,bacteria enriched soil,5,0.01
Environment,sample_material,hair,5,0.01
Environment,sample_material,rhizosphere environment,5,0.01
Environment,sample_material,mid intestine tissue,5,0.01
Environment,sample_material,rectum mucosa,5,0.01
Environment,sample_material,ocular surface,5,0.01
Environment,sample_material,oyster,5,0.01
Environment,sample_material,archaeological dental calculus,5,0.01
Environment,sample_material,sediment adhered to petrous bone,5,0.01
Environment,sample_material,ceca content,5,0.01
Environment,sample_material,brines,5,0.01
Environment,sample_material,pooled fecal droppings,5,0.01
Environment,sample_material,uberon:feces,5,0.01
Environment,sample_material,rainbouw trout intestine,5,0.01
Environment,sample_material,kitchen sponge,5,0.01
Environment,sample_material,permafrost soil,5,0.01
Environment,sample_material,compost,5,0.01
Environment,sample_material,ntu campus,5,0.01
Environment,sample_material,29646,5,0.01
Environment,sample_material,29643,5,0.01
Environment,sample_material,29847,5,0.01
Environment,sample_material,29653,5,0.01
Environment,sample_material,caecum sample,5,0.01
Environment,sample_material,pm2.5,5,0.01
Environment,sample_material,glacier ice,5,0.01
Environment,sample_material,faecet,5,0.01
Environment,sample_material,roots,5,0.01
Environment,sample_material,clay beads in seawater,5,0.01
Environment,sample_material,peatland soil,5,0.01
Environment,sample_material,fecal_sample,5,0.01
Environment,sample_material,fermentation_derived,5,0.01
Environment,sample_material,chicken gut,5,0.01
Environment,sample_material,acid mine drainage sediment,5,0.01
Environment,sample_material,bioreactors innoculated with microbial mats from alkaline soda lake,5,0.01
Environment,sample_material,pond water,5,0.01
Environment,sample_material,tissue samples,5,0.01
Environment,sample_material,gingiva/buccal,5,0.01
Environment,sample_material,tropical saltwater aquarium,5,0.01
Environment,sample_material,termite gut,5,0.01
Environment,sample_material,ulcer,5,0.01
Environment,sample_material,clean-catch midstream,5,0.01
Environment,sample_material,organic_material,5,0.01
Environment,sample_material,incisor,5,0.01
Environment,sample_material,organism,5,0.01
Environment,sample_material,urine-clean catch midstream,5,0.01
Environment,sample_material,coral host colony,5,0.01
Environment,sample_material,capsule 3,5,0.01
Environment,sample_material,capsule 2,5,0.01
Environment,sample_material,gastric biopsy,5,0.01
Environment,sample_material,hospital sewage,5,0.01
Environment,sample_material,hindgut contents,5,0.01
Environment,sample_material,top soil,5,0.01
Environment,sample_material,indoor air,5,0.01
Environment,sample_material,lake,5,0.01
Environment,sample_material,dental plaque from posterior tooth,5,0.01
Environment,sample_material,mesophilic anaerobic digesters,5,0.01
Environment,sample_material,culture medium - mega media mucin beads,5,0.01
Environment,sample_material,leaves,5,0.01
Environment,sample_material,breastmilk,5,0.01
Environment,sample_material,ohmi_0000017,5,0.01
Environment,sample_material,stomach,5,0.01
Environment,sample_material,mammalian-associated genome,5,0.01
Environment,sample_material,food material,5,0.01
Environment,sample_material,rumen content,5,0.01
Environment,sample_material,human fecal,5,0.01
Environment,sample_material,manure,5,0.01
Environment,sample_material,sics,5,0.01
Environment,sample_material,landfill,5,0.01
Environment,sample_material,m-screen_m,5,0.01
Environment,sample_material,i-screen,5,0.01
Environment,sample_material,soil from natural sclerophyllous scrub,5,0.01
Environment,sample_material,sediment from natural saltwater,5,0.01
Environment,sample_material,dialysis effluent,5,0.01
Environment,sample_material,clay soil,5,0.01
Environment,sample_material,sinovial fluid,5,0.01
Environment,sample_material,sewage wastewater,5,0.01
Environment,sample_material,feeding tube,5,0.01
Environment,sample_material,bodily fluid material,5,0.01
Environment,sample_material,ncit:c13234,5,0.01
Environment,sample_material,pasture soil,5,0.01
Environment,sample_material,eastern tropical pacific ocean,5,0.01
Environment,sample_material,ursus arctos,5,0.01
Environment,sample_material,sheep feces,5,0.01
Environment,sample_material,saliva sample,5,0.01
Environment,sample_material,epipsammon,5,0.01
Environment,sample_material,mucus samples,5,0.01
Environment,sample_material,seawater from open ocean,5,0.01
Environment,sample_material,xinjiang,5,0.01
Environment,sample_material,gastric residuals,5,0.01
Environment,sample_material,hot spring microbial mat,5,0.01
Environment,sample_material,mucosal surface swab,5,0.01
Environment,sample_material,stool; fecal sample,5,0.01
Environment,sample_material,marine ranching sediment,5,0.01
Environment,sample_material,grass,5,0.01
Environment,sample_material,healthy_person,5,0.01
Environment,sample_material,faceal sample,5,0.01
Environment,sample_material,whole body homogenate,5,0.01
Environment,sample_material,"riparian zone, east river, colorado",5,0.01
Environment,sample_material,switchgrass leaves,5,0.01
Environment,sample_material,river freshwater,5,0.01
Environment,sample_material,polutry meal,5,0.01
Environment,sample_material,indoor dust,5,0.01
Environment,sample_material,nursing homes from massachusett,5,0.01
Environment,sample_material,deep marine sediment,4,0.01
Environment,sample_material,digestive tract contents,4,0.01
Environment,sample_material,effulent,4,0.01
Environment,sample_material,soil [envo: 00001998],4,0.01
Environment,sample_material,freshwater ecosystem,4,0.01
Environment,sample_material,sea water [envo: 00002149],4,0.01
Environment,sample_material,swab_environment,4,0.01
Environment,sample_material,feed,4,0.01
Environment,sample_material,fry,4,0.01
Environment,sample_material,seawater; coastal sea water; surface water,4,0.01
Environment,sample_material,skin of face,4,0.01
Environment,sample_material,microcosm,4,0.01
Environment,sample_material,filter,4,0.01
Environment,sample_material,control positive katharoseq bacteria,4,0.01
Environment,sample_material,estuarinemud,4,0.01
Environment,sample_material,sea ice,4,0.01
Environment,sample_material,anaerobic digester sludge,4,0.01
Environment,sample_material,chicken carcasses,4,0.01
Environment,sample_material,bioreactor biomass,4,0.01
Environment,sample_material,forehead,4,0.01
Environment,sample_material,microbial solid culture,4,0.01
Environment,sample_material,rectal mucosa,4,0.01
Environment,sample_material,diffuse fluid,4,0.01
Environment,sample_material,anaerobic sludge,4,0.01
Environment,sample_material,aerobic granular sludge,4,0.01
Environment,sample_material,kimchi,4,0.01
Environment,sample_material,breast milk,4,0.01
Environment,sample_material,vaginal sample,4,0.01
Environment,sample_material,metatranscriptome,4,0.01
Environment,sample_material,"yellowstone national park, wyoming, usa",4,0.01
Environment,sample_material,anaerobic reactor,4,0.01
Environment,sample_material,14160,4,0.01
Environment,sample_material,29753,4,0.01
Environment,sample_material,14208,4,0.01
Environment,sample_material,29951,4,0.01
Environment,sample_material,29705,4,0.01
Environment,sample_material,29665,4,0.01
Environment,sample_material,29654,4,0.01
Environment,sample_material,14317,4,0.01
Environment,sample_material,29666,4,0.01
Environment,sample_material,29865,4,0.01
Environment,sample_material,udder epithelium,4,0.01
Environment,sample_material,aegiceras corniculatum soil,4,0.01
Environment,sample_material,trachea,4,0.01
Environment,sample_material,leaf gland,4,0.01
Environment,sample_material,river cyanobacterial mat,4,0.01
Environment,sample_material,saline lake water,4,0.01
Environment,sample_material,mother_rectal,4,0.01
Environment,sample_material,freshwater sediment,4,0.01
Environment,sample_material,lake taihu,4,0.01
Environment,sample_material,peking union medical college hospital laboratory environment,4,0.01
Environment,sample_material,feces sample form child with ad,4,0.01
Environment,sample_material,bed headboard surface,4,0.01
Environment,sample_material,door knob surface,4,0.01
Environment,sample_material,fastidious anaerobe broth,4,0.01
Environment,sample_material,municipal wastewater,4,0.01
Environment,sample_material,coral,4,0.01
Environment,sample_material,mouth environment,4,0.01
Environment,sample_material,human rectum,4,0.01
Environment,sample_material,bacteria,4,0.01
Environment,sample_material,wetlands,4,0.01
Environment,sample_material,organism substance,4,0.01
Environment,sample_material,influent,4,0.01
Environment,sample_material,permafrost,4,0.01
Environment,sample_material,drinking water,4,0.01
Environment,sample_material,marble,4,0.01
Environment,sample_material,desert,4,0.01
Environment,sample_material,bloodstream,4,0.01
Environment,sample_material,ice,4,0.01
Environment,sample_material,stem,4,0.01
Environment,sample_material,fecal fermentations,4,0.01
Environment,sample_material,mobile phones,4,0.01
Environment,sample_material,museum specimen,4,0.01
Environment,sample_material,tube,4,0.01
Environment,sample_material,endotracheal aspirate,4,0.01
Environment,sample_material,umass medical school,4,0.01
Environment,sample_material,microbial mat from hot spring,4,0.01
Environment,sample_material,stream sediment,4,0.01
Environment,sample_material,37.73n100.08e,4,0.01
Environment,sample_material,feather,4,0.01
Environment,sample_material,pediatric pneumonia,4,0.01
Environment,sample_material,reclaimed water,4,0.01
Environment,sample_material,top 5 cm of river bottom sediment,4,0.01
Environment,sample_material,antarctic rocks colonized by endolithic communities,4,0.01
Environment,sample_material,10-m seawater,4,0.01
Environment,sample_material,"soil under the canopy of picea schrenkiana forest, tianshan mountainsxinjiang,china",4,0.01
Environment,sample_material,seawater during green tide,4,0.01
Environment,sample_material,canine feces,4,0.01
Environment,sample_material,saline_alkalie soil,4,0.01
Environment,sample_material,hospital wastewater,4,0.01
Environment,sample_material,microbe,4,0.01
Environment,sample_material,human gut microbiome [ohmi:0000020],4,0.01
Environment,sample_material,soil from coal mine,4,0.01
Environment,sample_material,fvt stress,4,0.01
Environment,sample_material,moderate altitude silage,4,0.01
Environment,sample_material,intestinal mucosal biopsy,4,0.01
Environment,sample_material,bulk soil from experimental garden,4,0.01
Environment,sample_material,intestine environment,4,0.01
Environment,sample_material,human saliva,4,0.01
Environment,sample_material,human cervix,4,0.01
Environment,sample_material,surface seawater,4,0.01
Environment,sample_material,"swab at belly area of beef hide, steer",4,0.01
Environment,sample_material,anaerobic digestion reactor,4,0.01
Environment,sample_material,broiler chicken ceca luminal content,4,0.01
Environment,sample_material,stormwater,4,0.01
Environment,sample_material,m-screen_l,4,0.01
Environment,sample_material,bronchial brushing,4,0.01
Environment,sample_material,skin_swab,4,0.01
Environment,sample_material,watert salple,4,0.01
Environment,sample_material,human nasopharynx,4,0.01
Environment,sample_material,active later permafrost soil,4,0.01
Environment,sample_material,"human hepatocellular carcinoma patient, stool sample",4,0.01
Environment,sample_material,culture medium: mega with polysaccharides,4,0.01
Environment,sample_material,joint fluid,4,0.01
Environment,sample_material,vitreous fluid,4,0.01
Environment,sample_material,poultry processing plant,4,0.01
Environment,sample_material,particulate matter,4,0.01
Environment,sample_material,heathland soil replicate 2,4,0.01
Environment,sample_material,marine environment,4,0.01
Environment,sample_material,bf,4,0.01
Environment,sample_material,contents of the cecum,4,0.01
Environment,sample_material,lawn soil,4,0.01
Environment,sample_material,rhizoplane,4,0.01
Environment,sample_material,digesta sample,4,0.01
Environment,sample_material,gingival crevicular fluid,4,0.01
Environment,sample_material,'not provided',4,0.01
Environment,sample_material,qinghai lake soil sample after rain,4,0.01
Environment,sample_material,soil samples,4,0.01
Environment,sample_material,marine surface water,4,0.01
Environment,sample_material,mammal feces,4,0.01
Environment,sample_material,sibling stool,4,0.01
Environment,sample_material,world center for birds of prey,4,0.01
Environment,sample_material,epipelon,4,0.01
Environment,sample_material,knives,4,0.01
Environment,sample_material,meat 2,4,0.01
Environment,sample_material,earthworm samples,4,0.01
Environment,sample_material,the colonic contents of apoe-/- mice,4,0.01
Environment,sample_material,standard_potting_soil,4,0.01
Environment,sample_material,rectal content,4,0.01
Environment,sample_material,intestinal chyme,4,0.01
Environment,sample_material,blood stream infection,4,0.01
Environment,sample_material,aerobic reactor mixed liquor,4,0.01
Environment,sample_material,miss,4,0.01
Environment,sample_material,pharmaceutical hub,4,0.01
Environment,sample_material,tropical forest soil,4,0.01
Environment,sample_material,soil from agricultural field with tomato crop,4,0.01
Environment,sample_material,skin epidermis,4,0.01
Environment,sample_material,unfertilized field soil,4,0.01
Environment,sample_material,mesohaline marsh,4,0.01
Environment,sample_material,buccal mucosa swabs,4,0.01
Environment,sample_material,sediment from irrigation canal,4,0.01
Environment,sample_material,marine subtidal rocky reef biome,4,0.01
Environment,sample_material,cloacal swab,4,0.01
Environment,sample_material,shenzhen futian maternal and child health care hospital,4,0.01
Environment,sample_material,broiler,4,0.01
Environment,sample_material,"barre woods, petersham, ma, usa",4,0.01
Environment,sample_material,"trout bog, vilas county, wisconsin, usa",4,0.01
Environment,sample_material,full rumen content,4,0.01
Environment,sample_material,freshly voided feces,4,0.01
Environment,sample_material,ileo-cecal material,4,0.01
Environment,sample_material,miscanthus leaves,4,0.01
Environment,sample_material,mini-bal,4,0.01
Environment,sample_material,soil and rhizosphere,4,0.01
Environment,sample_material,outdoor ambient air,4,0.01
Environment,sample_material,pot experiment,4,0.01
Environment,sample_material,bbm,4,0.01
Environment,sample_material,discharge outlets water,3,0.01
Environment,sample_material,ectomycorrhizosphere soil,3,0.01
Environment,sample_material,negative control,3,0.01
Environment,sample_material,waste water (),3,0.01
Environment,sample_material,lichen thallus,3,0.01
Environment,sample_material,surface water (),3,0.01
Environment,sample_material,intertidal sediment,3,0.01
Environment,sample_material,no,3,0.01
Environment,sample_material,sterile water,3,0.01
Environment,sample_material,host,3,0.01
Environment,sample_material,soil material,3,0.01
Environment,sample_material,filet,3,0.01
Environment,sample_material,gill swab,3,0.01
Environment,sample_material,brackish water (),3,0.01
Environment,sample_material,residue-free microbiota (rfm),3,0.01
Environment,sample_material,tongue biofilm,3,0.01
Environment,sample_material,mouse cecal luminal content,3,0.01
Environment,sample_material,control mock community,3,0.01
Environment,sample_material,broiler carcass,3,0.01
Environment,sample_material,posterior fornix,3,0.01
Environment,sample_material,plant,3,0.01
Environment,sample_material,proficiency test,3,0.01
Environment,sample_material,plant litter,3,0.01
Environment,sample_material,mouse-associated habitat,3,0.01
Environment,sample_material,zone of skin,3,0.01
Environment,sample_material,pitcher plant fluid,3,0.01
Environment,sample_material,fish gut contents,3,0.01
Environment,sample_material,plant metagenome,3,0.01
Environment,sample_material,minimal medium supplemented with xanthan gum,3,0.01
Environment,sample_material,buccal mucosa,3,0.01
Environment,sample_material,experimental enviroment,3,0.01
Environment,sample_material,vaginal secretion,3,0.01
Environment,sample_material,wetland,3,0.01
Environment,sample_material,rice wash waste,3,0.01
Environment,sample_material,biological sample,3,0.01
Environment,sample_material,bare soil,3,0.01
Environment,sample_material,14306,3,0.01
Environment,sample_material,14322,3,0.01
Environment,sample_material,29668,3,0.01
Environment,sample_material,29700,3,0.01
Environment,sample_material,14308,3,0.01
Environment,sample_material,29754,3,0.01
Environment,sample_material,29715,3,0.01
Environment,sample_material,14261,3,0.01
Environment,sample_material,29864,3,0.01
Environment,sample_material,14205,3,0.01
Environment,sample_material,14265,3,0.01
Environment,sample_material,14276,3,0.01
Environment,sample_material,coliguard,3,0.01
Environment,sample_material,29961,3,0.01
Environment,sample_material,14288,3,0.01
Environment,sample_material,29652,3,0.01
Environment,sample_material,14193,3,0.01
Environment,sample_material,outdoor air,3,0.01
Environment,sample_material,rabbit feces and oral swabs,3,0.01
Environment,sample_material,dental plaque,3,0.01
Environment,sample_material,acanthus ilicifolius soil,3,0.01
Environment,sample_material,wild-caught mosquito excreta,3,0.01
Environment,sample_material,1 m away from the base of trunk,3,0.01
Environment,sample_material,envo: 000002262|,3,0.01
Environment,sample_material,sufu,3,0.01
Environment,sample_material,saliva material|biofilm material,3,0.01
Environment,sample_material,effluent water,3,0.01
Environment,sample_material,dilbit-coated clay beads in seawater,3,0.01
Environment,sample_material,uranium-contaminated floodplain,3,0.01
Environment,sample_material,foetal tissues,3,0.01
Environment,sample_material,respiratory sample,3,0.01
Environment,sample_material,reticulum,3,0.01
Environment,sample_material,seawater from inlet,3,0.01
Environment,sample_material,blood and tissue,3,0.01
Environment,sample_material,tongue_biofilm,3,0.01
Environment,sample_material,koumiss sample,3,0.01
Environment,sample_material,swab of rectum,3,0.01
Environment,sample_material,fecal sample 1,3,0.01
Environment,sample_material,fresh faeces,3,0.01
Environment,sample_material,pole,3,0.01
Environment,sample_material,floor,3,0.01
Environment,sample_material,bollard,3,0.01
Environment,sample_material,infant fecal material,3,0.01
Environment,sample_material,colon contents,3,0.01
Environment,sample_material,luminal contents,3,0.01
Environment,sample_material,duodenum contents,3,0.01
Environment,sample_material,cecum contents,3,0.01
Environment,sample_material,tounge swab,3,0.01
Environment,sample_material,synovial joint,3,0.01
Environment,sample_material,vegatable garden soils,3,0.01
Environment,sample_material,anaerobic co-digestion of sewage sludge and food waste,3,0.01
Environment,sample_material,beach sand,3,0.01
Environment,sample_material,surface river water,3,0.01
Environment,sample_material,estuarine sediment,3,0.01
Environment,sample_material,bicuspid,3,0.01
Environment,sample_material,whole plant,3,0.01
Environment,sample_material,human valve,3,0.01
Environment,sample_material,coastal surface water,3,0.01
Environment,sample_material,sea (deep),3,0.01
Environment,sample_material,laboratory-scale bioreactor denitrification and anammox communities,3,0.01
Environment,sample_material,low salt cucumber fermentation (2 % nacl),3,0.01
Environment,sample_material,sterile tubes,3,0.01
Environment,sample_material,produced water,3,0.01
Environment,sample_material,sludge sample,3,0.01
Environment,sample_material,colorectal cancer tumors,3,0.01
Environment,sample_material,bronchoalveolar lavage,3,0.01
Environment,sample_material,raw cow milk alpine style cheese aged in cheese cave,3,0.01
Environment,sample_material,conjunctival sac,3,0.01
Environment,sample_material,yogurt sample,3,0.01
Environment,sample_material,"biocrust from cuatro cienegas, coahuila, mex.",3,0.01
Environment,sample_material,anaerobic digesters,3,0.01
Environment,sample_material,surface water sample,3,0.01
Environment,sample_material,culture medium - mega media agar beads,3,0.01
Environment,sample_material,culture medium - mega media agar supernatant,3,0.01
Environment,sample_material,feces/stool,3,0.01
Environment,sample_material,"lake okeechobee, florida, usa",3,0.01
Environment,sample_material,antarctica rocks,3,0.01
Environment,sample_material,sandy sediment,3,0.01
Environment,sample_material,tracheobronchial secretions,3,0.01
Environment,sample_material,inorganic regime soil,3,0.01
Environment,sample_material,organic regime soil,3,0.01
Environment,sample_material,physical,3,0.01
Environment,sample_material,aquatic sediment,3,0.01
Environment,sample_material,implant (sonication fluid),3,0.01
Environment,sample_material,influent of wwtp (raw sewage),3,0.01
Environment,sample_material,pleural fluid,3,0.01
Environment,sample_material,gurbantunggut desert,3,0.01
Environment,sample_material,hot spring water,3,0.01
Environment,sample_material,mosquito body,3,0.01
Environment,sample_material,aquaculture water,3,0.01
Environment,sample_material,cap-120b,3,0.01
Environment,sample_material,lagoon water,3,0.01
Environment,sample_material,mudflat intertidal sediment,3,0.01
Environment,sample_material,holstein milk cattle,3,0.01
Environment,sample_material,cloacal,3,0.01
Environment,sample_material,soils,3,0.01
Environment,sample_material,tundra permafrost soil,3,0.01
Environment,sample_material,fermented grains,3,0.01
Environment,sample_material,soy,3,0.01
Environment,sample_material,skin mucus [bto:0005082],3,0.01
Environment,sample_material,urban rivers,3,0.01
Environment,sample_material,tear,3,0.01
Environment,sample_material,spinal biopsy tissue,3,0.01
Environment,sample_material,penile urethra,3,0.01
Environment,sample_material,stools,3,0.01
Environment,sample_material,hydrolysis tank,3,0.01
Environment,sample_material,activated sludge from an urban wastewater treatment system,3,0.01
Environment,sample_material,microbila mat community growing on a geothermal spring,3,0.01
Environment,sample_material,liver,3,0.01
Environment,sample_material,farm dust,3,0.01
Environment,sample_material,sponge,3,0.01
Environment,sample_material,arabidopsis rhizosphere,3,0.01
Environment,sample_material,riverbank zone soil andriver-sediment mud,3,0.01
Environment,sample_material,high-temperature daqu,3,0.01
Environment,sample_material,bee hive comb,3,0.01
Environment,sample_material,goose feces,3,0.01
Environment,sample_material,whole gut,3,0.01
Environment,sample_material,mice fecal microbiota,3,0.01
Environment,sample_material,bat guano,3,0.01
Environment,sample_material,cigarette butt surface,3,0.01
Environment,sample_material,leaf litter surface,3,0.01
Environment,sample_material,human cervicovaginal specimen,3,0.01
Environment,sample_material,soil from natural,3,0.01
Environment,sample_material,plant root nodule,3,0.01
Environment,sample_material,sediment from urban other,3,0.01
Environment,sample_material,sediment salple,3,0.01
Environment,sample_material,vegetable,3,0.01
Environment,sample_material,thermal soil,3,0.01
Environment,sample_material,seawater of the yellow sea,3,0.01
Environment,sample_material,estuary,3,0.01
Environment,sample_material,human nasopharyngeal,3,0.01
Environment,sample_material,tree bark,3,0.01
Environment,sample_material,zaopei,3,0.01
Environment,sample_material,citrus,3,0.01
Environment,sample_material,neuse river estuary incubations,3,0.01
Environment,sample_material,tidalflat sediment,3,0.01
Environment,sample_material,leafy wood soil,3,0.01
Environment,sample_material,sand,3,0.01
Environment,sample_material,nitrogen removal device,3,0.01
Environment,sample_material,mangrove,3,0.01
Environment,sample_material,fermentation bioreactor biomass,3,0.01
Environment,sample_material,mus musculus feces,3,0.01
Environment,sample_material,"bantou reservoir, midstream",3,0.01
Environment,sample_material,"shidou reservoir, downstream",3,0.01
Environment,sample_material,cattle feces,3,0.01
Environment,sample_material,environmental geographical,3,0.01
Environment,sample_material,rectal fecal sample,3,0.01
Environment,sample_material,soybean,3,0.01
Environment,sample_material,human_throat,3,0.01
Environment,sample_material,human gut lumen,3,0.01
Environment,sample_material,"wwtps samples, river water, marine water, bathing beach water and fishery water",3,0.01
Environment,sample_material,stool sample from psa patient,3,0.01
Environment,sample_material,meat 22 r17,3,0.01
Environment,sample_material,plant samples,3,0.01
Environment,sample_material,snail samples,3,0.01
Environment,sample_material,faecal slurry,3,0.01
Environment,sample_material,vegetable field soil,3,0.01
Environment,sample_material,"nagaland, india",3,0.01
Environment,sample_material,"subtidal gulf of maine, benthic reef biofilm.",3,0.01
Environment,sample_material,cultured stool,3,0.01
Environment,sample_material,mangrove sediments metagenome of guangxi province,3,0.01
Environment,sample_material,stool specimen,3,0.01
Environment,sample_material,topsoil,3,0.01
Environment,sample_material,floating plastic debris,3,0.01
Environment,sample_material,mine drainage water,3,0.01
Environment,sample_material,1602,3,0.01
Environment,sample_material,artificial material,3,0.01
Environment,sample_material,other swab,3,0.01
Environment,sample_material,daqu,3,0.01
Environment,sample_material,porcine feces,3,0.01
Environment,sample_material,contaminated culture,3,0.01
Environment,sample_material,baijiaxi river,3,0.01
Environment,sample_material,train car,3,0.01
Environment,sample_material,laboratory soil incubation,3,0.01
Environment,sample_material,river (freshwater),3,0.01
Environment,sample_material,interior habitat soil,3,0.01
Environment,sample_material,phyllosphere samples,3,0.01
Environment,sample_material,untreated 40 year old pumice soil,3,0.01
Environment,sample_material,freshwater marsh,3,0.01
Environment,sample_material,anaerobic bioreactor,3,0.01
Environment,sample_material,"rifle, colorado, united states",3,0.01
Environment,sample_material,"kellogg biological station, michigan, usa",3,0.01
Environment,sample_material,"crystal bog, wisconsin, usa",3,0.01
Environment,sample_material,seawater from oxygen minimum zone,3,0.01
Environment,sample_material,helgoland lter site,3,0.01
Environment,sample_material,"soil from angelo coast range reserve, california",3,0.01
Environment,sample_material,lab,3,0.01
Environment,sample_material,switchgrass,3,0.01
Environment,sample_material,tule elk dung,3,0.01
Environment,sample_material,feces filtered for virus-like particles; spiked with phage called q33,3,0.01
Environment,sample_material,bulk soil under litter bag,3,0.01
Environment,sample_material,assembly of 14 fecal samples from infant 21 collected in feb 2012,3,0.01
Environment,sample_material,antarctic sand,3,0.01
Environment,sample_material,23,3,0.01
Environment,sample_material,halite nodule,3,0.01
Environment,sample_material,paddy soil with long-term application of organic fertilizer,3,0.01
Environment,sample_material,gut homogenate,3,0.01
Environment,sample_material,whole blood,3,0.01
Environment,sample_material,salt marsh sediment,3,0.01
Environment,sample_material,pigmanure,3,0.01
Environment,sample_material,full-scale biogas plant,3,0.01
Environment,sample_material,waste material,3,0.01
Environment,sample_material,microbial electrochemical cell,3,0.01
Environment,sample_material,m9,3,0.01
Environment,sample_material,maize field,3,0.01
Environment,sample_material,bone,2,0.0
Environment,sample_material,seawater (kwangyang bay),2,0.0
Environment,sample_material,seawater (jeju sea),2,0.0
Environment,sample_material,the south china sea,2,0.0
Environment,sample_material,fresh market sewage,2,0.0
Environment,sample_material,garden soil,2,0.0
Environment,sample_material,drain pipe,2,0.0
Environment,sample_material,swamp meadow soil,2,0.0
Environment,sample_material,lignite and steel slag,2,0.0
Environment,sample_material,mudflat [envo: 00000192],2,0.0
Environment,sample_material,sandy sediments,2,0.0
Environment,sample_material,glass,2,0.0
Environment,sample_material,brine,2,0.0
Environment,sample_material,prostate tissue,2,0.0
Environment,sample_material,contaminated soil,2,0.0
Environment,sample_material,synthetic,2,0.0
Environment,sample_material,rock,2,0.0
Environment,sample_material,host-associated,2,0.0
Environment,sample_material,yolk sack larvae,2,0.0
Environment,sample_material,gill - control diet,2,0.0
Environment,sample_material,intestine tissue,2,0.0
Environment,sample_material,mid intestine digesta,2,0.0
Environment,sample_material,tank water,2,0.0
Environment,sample_material,farm_vent_swab,2,0.0
Environment,sample_material,intact gut content,2,0.0
Environment,sample_material,ohmi:0000003,2,0.0
Environment,sample_material,tectonic lake,2,0.0
Environment,sample_material,distal_small_intestine,2,0.0
Environment,sample_material,mgieasy stool sample collection kit,2,0.0
Environment,sample_material,particulate matter () including superficial layer of sediment (),2,0.0
Environment,sample_material,submerged alnus glutinosa leaf litter,2,0.0
Environment,sample_material,anaerobic digester sludge|food waste|waste water,2,0.0
Environment,sample_material,1998,2,0.0
Environment,sample_material,marine habitat,2,0.0
Environment,sample_material,2225,2,0.0
Environment,sample_material,gill tissue material,2,0.0
Environment,sample_material,industrial sugarcane fermenter,2,0.0
Environment,sample_material,chyme,2,0.0
Environment,sample_material,yoghurt,2,0.0
Environment,sample_material,armpit,2,0.0
Environment,sample_material,cerumen,2,0.0
Environment,sample_material,shipworm tissue,2,0.0
Environment,sample_material,fungus garden,2,0.0
Environment,sample_material,lichen,2,0.0
Environment,sample_material,coral skeleton,2,0.0
Environment,sample_material,active permafrost layer,2,0.0
Environment,sample_material,handling control - gloves,2,0.0
Environment,sample_material,soya milk,2,0.0
Environment,sample_material,fruit juice,2,0.0
Environment,sample_material,cream,2,0.0
Environment,sample_material,biological product,2,0.0
Environment,sample_material,carbon dioxide-reducing sediment,2,0.0
Environment,sample_material,anaerobic membrane reactors treating domestic wastewater at 4c and 15c inoculated by soils and sediments from lake geneva and svalbard,2,0.0
Environment,sample_material,bottled beer food product,2,0.0
Environment,sample_material,agricultural soil (),2,0.0
Environment,sample_material,jejunum mucosa,2,0.0
Environment,sample_material,beer,2,0.0
Environment,sample_material,marine sediments,2,0.0
Environment,sample_material,groundwater sediments,2,0.0
Environment,sample_material,te buffer,2,0.0
Environment,sample_material,plaque,2,0.0
Environment,sample_material,kitchens,2,0.0
Environment,sample_material,root rhizosphere,2,0.0
Environment,sample_material,oyster gut tissue,2,0.0
Environment,sample_material,hydraulically fractured well,2,0.0
Environment,sample_material,fecal pellets,2,0.0
Environment,sample_material,siol,2,0.0
Environment,sample_material,western honey bee gut,2,0.0
Environment,sample_material,marine sponge reef biome,2,0.0
Environment,sample_material,laboratory sample,2,0.0
Environment,sample_material,lake kivu water kabuno bay,2,0.0
Environment,sample_material,jejunum tissue,2,0.0
Environment,sample_material,stomach tissue,2,0.0
Environment,sample_material,29667,2,0.0
Environment,sample_material,29943,2,0.0
Environment,sample_material,14273,2,0.0
Environment,sample_material,14162,2,0.0
Environment,sample_material,14231,2,0.0
Environment,sample_material,14263,2,0.0
Environment,sample_material,29778,2,0.0
Environment,sample_material,29948,2,0.0
Environment,sample_material,29777,2,0.0
Environment,sample_material,29702,2,0.0
Environment,sample_material,14209,2,0.0
Environment,sample_material,29742,2,0.0
Environment,sample_material,29796,2,0.0
Environment,sample_material,14295,2,0.0
Environment,sample_material,29846,2,0.0
Environment,sample_material,leek rhizosphere,2,0.0
Environment,sample_material,29924,2,0.0
Environment,sample_material,29793,2,0.0
Environment,sample_material,29679,2,0.0
Environment,sample_material,14320,2,0.0
Environment,sample_material,trout bog lake water,2,0.0
Environment,sample_material,stool microbiota,2,0.0
Environment,sample_material,fecal sample from female vole,2,0.0
Environment,sample_material,tongue scraping,2,0.0
Environment,sample_material,periodontal pocket,2,0.0
Environment,sample_material,xylem tissue,2,0.0
Environment,sample_material,debris from bee hive,2,0.0
Environment,sample_material,activated sludge from wastewater treatment plant,2,0.0
Environment,sample_material,mangrove dominant sediment,2,0.0
Environment,sample_material,mineral soil,2,0.0
Environment,sample_material,greenhouse rhizosphere soil,2,0.0
Environment,sample_material,no vegetation soil,2,0.0
Environment,sample_material,untreated seawater,2,0.0
Environment,sample_material,colonic contents,2,0.0
Environment,sample_material,oil reservoir,2,0.0
Environment,sample_material,untreated salt marsh sediment,2,0.0
Environment,sample_material,swine feces,2,0.0
Environment,sample_material,vaginal secretion samples from pregnant women,2,0.0
Environment,sample_material,suspended particulate matter (spm) from the black sea western gyre,2,0.0
Environment,sample_material,composite wastewater,2,0.0
Environment,sample_material,industrial wastewater,2,0.0
Environment,sample_material,lake baikal,2,0.0
Environment,sample_material,upstream,2,0.0
Environment,sample_material,debrided wound tissue,2,0.0
Environment,sample_material,commerical market,2,0.0
Environment,sample_material,freshwater wetland sediment,2,0.0
Environment,sample_material,freshwater pond,2,0.0
Environment,sample_material,tidal flats microbial mat,2,0.0
Environment,sample_material,omasum,2,0.0
Environment,sample_material,tundra active layer soil,2,0.0
Environment,sample_material,mariana trench surficial sediment,2,0.0
Environment,sample_material,fecal swab,2,0.0
Environment,sample_material,suspended particulate matter,2,0.0
Environment,sample_material,caecal fluid,2,0.0
Environment,sample_material,solid fraction of rumen,2,0.0
Environment,sample_material,recirculating aquaculture system,2,0.0
Environment,sample_material,freshwater sediment enrichment culture ks,2,0.0
Environment,sample_material,siphamia jebbi light organ,2,0.0
Environment,sample_material,cerebrospinal fluid (csf),2,0.0
Environment,sample_material,river bed,2,0.0
Environment,sample_material,environmental material,2,0.0
Environment,sample_material,semi_cstr digesters,2,0.0
Environment,sample_material,"['sand and drift algae', '']",2,0.0
Environment,sample_material,environment_neg,2,0.0
Environment,sample_material,wastewater sample,2,0.0
Environment,sample_material,handrail,2,0.0
Environment,sample_material,greenhouse soil sample,2,0.0
Environment,sample_material,mouse bladder,2,0.0
Environment,sample_material,organic waste,2,0.0
Environment,sample_material,sediment from sea grass bed,2,0.0
Environment,sample_material,gut_microbiota,2,0.0
Environment,sample_material,tumour-adjacent tissue,2,0.0
Environment,sample_material,abomasum contents,2,0.0
Environment,sample_material,omasum contents,2,0.0
Environment,sample_material,reticulum contents,2,0.0
Environment,sample_material,active shrimp farm harvested soil,2,0.0
Environment,sample_material,in barn manure,2,0.0
Environment,sample_material,mock,2,0.0
Environment,sample_material,upper chest,2,0.0
Environment,sample_material,mouse gut,2,0.0
Environment,sample_material,bl,2,0.0
Environment,sample_material,s3,2,0.0
Environment,sample_material,intestine/posterior midgut,2,0.0
Environment,sample_material,bovine gut metagenome?,2,0.0
Environment,sample_material,tissue sample,2,0.0
Environment,sample_material,mud,2,0.0
Environment,sample_material,sediments sample,2,0.0
Environment,sample_material,sediments of a seasonal vernal pool,2,0.0
Environment,sample_material,violet_sandstone,2,0.0
Environment,sample_material,pink_sandstone,2,0.0
Environment,sample_material,ice cave,2,0.0
Environment,sample_material,one-stage pna wastewater reactor,2,0.0
Environment,sample_material,probiotic supplement,2,0.0
Environment,sample_material,milli-q water,2,0.0
Environment,sample_material,bulksoil,2,0.0
Environment,sample_material,venting fluids sampled from the lost city hydrothermal field during the 2018 expedition with r/v atlantis and rov jason 2,2,0.0
Environment,sample_material,ileum chyme samples,2,0.0
Environment,sample_material,colon chyme samples,2,0.0
Environment,sample_material,days 70,2,0.0
Environment,sample_material,permanent multipurpose module port 1 on international space station,2,0.0
Environment,sample_material,node 1 overhead 4 on the international spce station,2,0.0
Environment,sample_material,sediment underlying a posidonia oceanica seagrass meadow,2,0.0
Environment,sample_material,cheese rind biofilm,2,0.0
Environment,sample_material,swineresearchfacility_3b5,2,0.0
Environment,sample_material,gut sample,2,0.0
Environment,sample_material,estuarial mangrove sediment,2,0.0
Environment,sample_material,wild,2,0.0
Environment,sample_material,44.04 n 125.42 e,2,0.0
Environment,sample_material,spine,2,0.0
Environment,sample_material,microbial from soy sauce mash,2,0.0
Environment,sample_material,paddy soils,2,0.0
Environment,sample_material,mountain soil,2,0.0
Environment,sample_material,guangzhou women and children's medical center,2,0.0
Environment,sample_material,seawater (1m depth),2,0.0
Environment,sample_material,sea foam,2,0.0
Environment,sample_material,ichthyosis,2,0.0
Environment,sample_material,waterpipe tobacco,2,0.0
Environment,sample_material,plastisphere sample,2,0.0
Environment,sample_material,human vagina microfluidic device fluid,2,0.0
Environment,sample_material,reproductive tract,2,0.0
Environment,sample_material,capsule 4,2,0.0
Environment,sample_material,sorghum rhizosphere,2,0.0
Environment,sample_material,gut content of apis mellifera,2,0.0
Environment,sample_material,enviromental,2,0.0
Environment,sample_material,gut contents,2,0.0
Environment,sample_material,human lung aspirate,2,0.0
Environment,sample_material,forest,2,0.0
Environment,sample_material,mosquito pool,2,0.0
Environment,sample_material,duck,2,0.0
Environment,sample_material,skin swab - umbilicus,2,0.0
Environment,sample_material,"biocrust from valle de guadalupe, baja california, mex.",2,0.0
Environment,sample_material,travertine,2,0.0
Environment,sample_material,sequence of the internal microbiota in aedes albopictus after exposure to cis-permethrin,2,0.0
Environment,sample_material,offshore sediment,2,0.0
Environment,sample_material,sow,2,0.0
Environment,sample_material,soil16,2,0.0
Environment,sample_material,gut microbiota,2,0.0
Environment,sample_material,rp_f,2,0.0
Environment,sample_material,wild animal forest park,2,0.0
Environment,sample_material,silage,2,0.0
Environment,sample_material,hydrothermal plume,2,0.0
Environment,sample_material,surface of ticket kiosk,2,0.0
Environment,sample_material,sterile cotton swab,2,0.0
Environment,sample_material,"spareford biotechnology co., ltd. (beijing, china)",2,0.0
Environment,sample_material,composting,2,0.0
Environment,sample_material,ready-to-eat turkey deli meat spiked with listeria monocytogenes,2,0.0
Environment,sample_material,rhizosphere soil (0 mm nacl treated),2,0.0
Environment,sample_material,feces45,2,0.0
Environment,sample_material,active sludge,2,0.0
Environment,sample_material,tianjin,2,0.0
Environment,sample_material,freshwater sediment metagenome,2,0.0
Environment,sample_material,patuxent river [gaz:00051109],2,0.0
Environment,sample_material,aerobic sediment of a sulfur-rich pond,2,0.0
Environment,sample_material,aerobic sediment of a iron-rich pond,2,0.0
Environment,sample_material,colonic digesta,2,0.0
Environment,sample_material,fecal material 35,2,0.0
Environment,sample_material,cryopeg brine within permafrost,2,0.0
Environment,sample_material,herbivorous mammals feces and oral swab,2,0.0
Environment,sample_material,microcosmic sediments,2,0.0
Environment,sample_material,kidney,2,0.0
Environment,sample_material,sponge slice of mesophotic coral ecosystems,2,0.0
Environment,sample_material,paddy rhizosphere soil,2,0.0
Environment,sample_material,seal,2,0.0
Environment,sample_material,double pipe creek [gaz:00210167],2,0.0
Environment,sample_material,roland run,2,0.0
Environment,sample_material,walnut orchard,2,0.0
Environment,sample_material,midgut junction,2,0.0
Environment,sample_material,root soil,2,0.0
Environment,sample_material,fruit,2,0.0
Environment,sample_material,raw wastewater,2,0.0
Environment,sample_material,plant leaf,2,0.0
Environment,sample_material,fermented soybean,2,0.0
Environment,sample_material,dca-100,2,0.0
Environment,sample_material,cap-120c,2,0.0
Environment,sample_material,pnb-100,2,0.0
Environment,sample_material,subtidal salt marsh creekbed,2,0.0
Environment,sample_material,soil sample beneath shrub canopy,2,0.0
Environment,sample_material,wastewater bioreactor,2,0.0
Environment,sample_material,wastewater bioroeactor,2,0.0
Environment,sample_material,fiber-adherent rumen metagenome samples,2,0.0
Environment,sample_material,"sediment in pearl river estuary, china",2,0.0
Environment,sample_material,canine nasal cavity,2,0.0
Environment,sample_material,canine oral cavity,2,0.0
Environment,sample_material,pond enzmain,2,0.0
Environment,sample_material,sand column,2,0.0
Environment,sample_material,holstein heifers,2,0.0
Environment,sample_material,nose,2,0.0
Environment,sample_material,slurry,2,0.0
Environment,sample_material,freshwater|brackish water,2,0.0
Environment,sample_material,wwtp anaerobic digester,2,0.0
Environment,sample_material,village of serra pelada,2,0.0
Environment,sample_material,secondary forest soil,2,0.0
Environment,sample_material,soil and leaf,2,0.0
Environment,sample_material,solum,2,0.0
Environment,sample_material,food material [foodon:00002403],2,0.0
Environment,sample_material,soil6,2,0.0
Environment,sample_material,soil | contaminated soil,2,0.0
Environment,sample_material,low altitude silage,2,0.0
Environment,sample_material,vermiform appendix fecal content,2,0.0
Environment,sample_material,rich medium [mco:0000882],2,0.0
Environment,sample_material,industry c03 - final_product a,2,0.0
Environment,sample_material,anode biofilm,2,0.0
Environment,sample_material,groundwater from erupting cold-water geyser,2,0.0
Environment,sample_material,oceanic zone,2,0.0
Environment,sample_material,digested feces,2,0.0
Environment,sample_material,ileal,2,0.0
Environment,sample_material,feces of the sample119,2,0.0
Environment,sample_material,stream[freshwater biome,2,0.0
Environment,sample_material,pool of 50 worker bee,2,0.0
Environment,sample_material,cryoconites,2,0.0
Environment,sample_material,fermented koji,2,0.0
Environment,sample_material,coral holobiont,2,0.0
Environment,sample_material,stormwater outfall,2,0.0
Environment,sample_material,terrestrial air,2,0.0
Environment,sample_material,forest topsoil,2,0.0
Environment,sample_material,human nasal vestibule,2,0.0
Environment,sample_material,oil|oil field production water,2,0.0
Environment,sample_material,hu sheep rumen fluid,2,0.0
Environment,sample_material,gut content section iv,2,0.0
Environment,sample_material,farms in central colombia,2,0.0
Environment,sample_material,mouse stools,2,0.0
Environment,sample_material,water surface,2,0.0
Environment,sample_material,saliva/feces,2,0.0
Environment,sample_material,bottom sampler,2,0.0
Environment,sample_material,commercial colony,2,0.0
Environment,sample_material,atmosphere,2,0.0
Environment,sample_material,museo antropologico y de arte contemporaneo (maac) ecuador,2,0.0
Environment,sample_material,archaeological excavations-instituto colombiano de antropologa e historia (icanh) colombia,2,0.0
Environment,sample_material,archaeological excavations-universidad nacional autnoma de mxico (unam) mxico,2,0.0
Environment,sample_material,"archaeological excavations-department of geography and anthropology, kennesaw state university, georgia usa.",2,0.0
Environment,sample_material,ocean,2,0.0
Environment,sample_material,whole abdomen,2,0.0
Environment,sample_material,shower area,2,0.0
Environment,sample_material,purchased from bei resources hm-276d,2,0.0
Environment,sample_material,human induced sputum,2,0.0
Environment,sample_material,farm environment,2,0.0
Environment,sample_material,xgym019,2,0.0
Environment,sample_material,"swab at rump area of beef hide, steer",2,0.0
Environment,sample_material,late time series of decomposition,2,0.0
Environment,sample_material,middle time series of decomposition,2,0.0
Environment,sample_material,human csf,2,0.0
Environment,sample_material,mink,2,0.0
Environment,sample_material,unburned chaparral (shrubland) soils,2,0.0
Environment,sample_material,midgut,2,0.0
Environment,sample_material,fermented bean,2,0.0
Environment,sample_material,freshwater river,2,0.0
Environment,sample_material,mid-hindgut,2,0.0
Environment,sample_material,sediment from urban saltwater,2,0.0
Environment,sample_material,water from urban biogas,2,0.0
Environment,sample_material,water from subterranean freshwater,2,0.0
Environment,sample_material,canadian polar lake,2,0.0
Environment,sample_material,colonic mucosa,2,0.0
Environment,sample_material,wwtps,2,0.0
Environment,sample_material,vegetable soil,2,0.0
Environment,sample_material,lettuce,2,0.0
Environment,sample_material,deep sea wood-fall samples,2,0.0
Environment,sample_material,environment-box,2,0.0
Environment,sample_material,polluted,2,0.0
Environment,sample_material,seawater from arctic ocean,2,0.0
Environment,sample_material,control paddy soil,2,0.0
Environment,sample_material,sichuan,2,0.0
Environment,sample_material,swine manure,2,0.0
Environment,sample_material,iron microbial mat from freshwater terrestrial wetland,2,0.0
Environment,sample_material,sewage water,2,0.0
Environment,sample_material,pos.control,2,0.0
Environment,sample_material,ddw,2,0.0
Environment,sample_material,diversification cropping-soil bacteria,2,0.0
Environment,sample_material,chicken manure compost,2,0.0
Environment,sample_material,bulkwater,2,0.0
Environment,sample_material,household soil,2,0.0
Environment,sample_material,station 12524 of lavaca river,2,0.0
Environment,sample_material,tissue biopsy,2,0.0
Environment,sample_material,arable soil replicate 1,2,0.0
Environment,sample_material,heathland soil replicate 3,2,0.0
Environment,sample_material,lungs,2,0.0
Environment,sample_material,coconut meat [foodon:00003856]; ready-to-eat (rte) [foodon:03316636]; food (shredded) [foodon:00004553]; food (frozen) [foodon:03302148],2,0.0
Environment,sample_material,mango (whole or parts) [foodon:03000217]; ready-to-eat (rte) [foodon:03316636]; food (sliced) [foodon:00002455]; food (frozen) [foodon:03302148],2,0.0
Environment,sample_material,s35,2,0.0
Environment,sample_material,food waste batch digester,2,0.0
Environment,sample_material,environmental materials,2,0.0
Environment,sample_material,faeces from whole gut,2,0.0
Environment,sample_material,treatment,2,0.0
Environment,sample_material,wuhan,2,0.0
Environment,sample_material,landfill leachate,2,0.0
Environment,sample_material,abattoir,2,0.0
Environment,sample_material,river bed soil,2,0.0
Environment,sample_material,synthetic wastewater,2,0.0
Environment,sample_material,baijiujiupei,2,0.0
Environment,sample_material,cold seep sediment,2,0.0
Environment,sample_material,fermentation bioreactor inoculum,2,0.0
Environment,sample_material,biofilter biomass,2,0.0
Environment,sample_material,anaerobic digester fluid,2,0.0
Environment,sample_material,root [po:0009005],2,0.0
Environment,sample_material,east china sea,2,0.0
Environment,sample_material,spontaneous_fermentation,2,0.0
Environment,sample_material,the great wall,2,0.0
Environment,sample_material,indian ocean,2,0.0
Environment,sample_material,freshwater sample,2,0.0
Environment,sample_material,grocery store,2,0.0
Environment,sample_material,lamb hindgut,2,0.0
Environment,sample_material,china-pearl river,2,0.0
Environment,sample_material,trickle bed reactor,2,0.0
Environment,sample_material,peat bog,2,0.0
Environment,sample_material,"coral mucus, tissue and skeleton",2,0.0
Environment,sample_material,blood stained soil,2,0.0
Environment,sample_material,wetland soil enrichment,2,0.0
Environment,sample_material,rice straw surface,2,0.0
Environment,sample_material,air filter,2,0.0
Environment,sample_material,face mask fabric,2,0.0
Environment,sample_material,whole body,2,0.0
Environment,sample_material,whooper swan faeces,2,0.0
Environment,sample_material,epixylon,2,0.0
Environment,sample_material,plastic,2,0.0
Environment,sample_material,contact conveyors,2,0.0
Environment,sample_material,hide,2,0.0
Environment,sample_material,drains,2,0.0
Environment,sample_material,floors,2,0.0
Environment,sample_material,walls,2,0.0
Environment,sample_material,mouse fece,2,0.0
Environment,sample_material,human blood cells,2,0.0
Environment,sample_material,anorectal,2,0.0
Environment,sample_material,public park tidal lagoon,2,0.0
Environment,sample_material,turkey cecum,2,0.0
Environment,sample_material,rosewood,2,0.0
Environment,sample_material,in vitro fermented fecal sample,2,0.0
Environment,sample_material,dns samples,2,0.0
Environment,sample_material,streptococcus thermophilus dgcc7710::stci-301-cat infected with streptococcal phage 2972 streptococcal phage 2972-orf33-mut,2,0.0
Environment,sample_material,nasal swabs,2,0.0
Environment,sample_material,nasal,2,0.0
Environment,sample_material,wk12,2,0.0
Environment,sample_material,human milk,2,0.0
Environment,sample_material,tropical rainforest biome,2,0.0
Environment,sample_material,experiment,2,0.0
Environment,sample_material,screened influent wastewater,2,0.0
Environment,sample_material,25,2,0.0
Environment,sample_material,wound swab,2,0.0
Environment,sample_material,pig manure drainage system,2,0.0
Environment,sample_material,sansha bay,2,0.0
Environment,sample_material,collembolan gut,2,0.0
Environment,sample_material,paddy soil source,2,0.0
Environment,sample_material,sludge samples,2,0.0
Environment,sample_material,vaginal mucus,2,0.0
Environment,sample_material,amniotic fluid,2,0.0
Environment,sample_material,stool from farm floor,2,0.0
Environment,sample_material,fermentation corn straw,2,0.0
Environment,sample_material,municipal organic solid waste,2,0.0
Environment,sample_material,benthic detritus in bromeliad tank,2,0.0
Environment,sample_material,mushroom farm,2,0.0
Environment,sample_material,microbial enrichment broth,2,0.0
Environment,sample_material,sludge of the membrane bioreactor (mbr) treating produced water (wastewater from fracking); tds- 30.8g/l,2,0.0
Environment,sample_material,sludge of the membrane bioreactor (mbr) treating produced water (wastewater from fracking); tds- 40 g/l,2,0.0
Environment,sample_material,equine gut,2,0.0
Environment,sample_material,university and surrounding environment,2,0.0
Environment,sample_material,rectalal mucosa & stool,2,0.0
Environment,sample_material,environmental control,2,0.0
Environment,sample_material,sink,2,0.0
Environment,sample_material,sand/litter microcosm incubated at 25c,2,0.0
Environment,sample_material,feces_sow,2,0.0
Environment,sample_material,contaminated cyanobacterial culture,2,0.0
Environment,sample_material,conventional activated sludge wastewater treatment plant: activated sludge basin,2,0.0
Environment,sample_material,fermented_olive,2,0.0
Environment,sample_material,industry_surface,2,0.0
Environment,sample_material,cecum digesta,2,0.0
Environment,sample_material,barre woods soil warming experiment at harvard forest,2,0.0
Environment,sample_material,alder leaf from leaf pack submerged in river water,2,0.0
Environment,sample_material,estuarine marsh,2,0.0
Environment,sample_material,vaginal swabs,2,0.0
Environment,sample_material,hot spring sediment-water slurry,2,0.0
Environment,sample_material,sand and pine needle microcosm inoculated with soil extract,2,0.0
Environment,sample_material,blue grama litter,2,0.0
Environment,sample_material,brackish seawater,2,0.0
Environment,sample_material,liquid water,2,0.0
Environment,sample_material,"sub-gingival plaque, saliva, tongue",2,0.0
Environment,sample_material,root microbiome,2,0.0
Environment,sample_material,metagenomic sample,2,0.0
Environment,sample_material,tailings pond sediments,2,0.0
Environment,sample_material,10-20um fraction,2,0.0
Environment,sample_material,silty clay loam,2,0.0
Environment,sample_material,anaerobic digester coupled microbial electrolysis cell,2,0.0
Environment,sample_material,beetle gut,2,0.0
Environment,sample_material,proglacial sediment,2,0.0
Environment,sample_material,breeder,2,0.0
Environment,sample_material,synthetic chitin particles colonized with microbes from coastal seawater,2,0.0
Environment,sample_material,"luquillo experimental forest soil, puerto rico",2,0.0
Environment,sample_material,"amazon forest, brazil",2,0.0
Environment,sample_material,"lake mendota, madison, wisconsin, usa",2,0.0
Environment,sample_material,freshwater lake; hypolimnion,2,0.0
Environment,sample_material,"guanajuato, mexico",2,0.0
Environment,sample_material,cordon section,2,0.0
Environment,sample_material,uhuru_lmh_ n 3,2,0.0
Environment,sample_material,ileum content,2,0.0
Environment,sample_material,riverbed sediment - zone of subsurface groundwater-surface water mixing (hyporheic zone),2,0.0
Environment,sample_material,bay water,2,0.0
Environment,sample_material,bronchial alveolar lavage,2,0.0
Environment,sample_material,biorector,2,0.0
Environment,sample_material,coastal waters,2,0.0
Environment,sample_material,natural feedlot,2,0.0
Environment,sample_material,conventional dairy farm,2,0.0
Environment,sample_material,organic dairy farm,2,0.0
Environment,sample_material,hot spring microbial iron mats,2,0.0
Environment,sample_material,swh,2,0.0
Environment,sample_material,feces filtered for virus-like particles,2,0.0
Environment,sample_material,switchgrass digestor,2,0.0
Environment,sample_material,"eden landing ponds, san francisco, ca, usa",2,0.0
Environment,sample_material,"davy crockett national forest, groveton, texas, usa",2,0.0
Environment,sample_material,assembly of 18 fecal samples from infant 11 collected between jan and mar 2012,2,0.0
Environment,sample_material,assembly of 5 fecal samples from infant 8 collected between dec 2011 and jan 2012,2,0.0
Environment,sample_material,assembly of 17 fecal samples from infant 9 collected between dec 2011 and jan 2012,2,0.0
Environment,sample_material,millipede,2,0.0
Environment,sample_material,subseafloor sediment,2,0.0
Environment,sample_material,sugarcane vinasse 24 in truck prior to sampling plus 1 to 2 weeks in fridge,2,0.0
Environment,sample_material,"surface water sample, <0.2 um fraction",2,0.0
Environment,sample_material,26,2,0.0
Environment,sample_material,mire fen,2,0.0
Environment,sample_material,"anoxic, hypersaline lake sediments of the salton sea",2,0.0
Environment,sample_material,coastal salt marsh,2,0.0
Environment,sample_material,air swab in delivery room,2,0.0
Environment,sample_material,"cathedral hill gradient site, white microbial mat",2,0.0
Environment,sample_material,freshwater from boreal shield lake,2,0.0
Environment,sample_material,freshwater growth medium,2,0.0
Environment,sample_material,fresh feces,2,0.0
Environment,sample_material,vulture face,2,0.0
Environment,sample_material,sediment trap from marine abyssalpelagic zone,2,0.0
Environment,sample_material,feed tube,2,0.0
Environment,sample_material,cdistal4,2,0.0
Environment,sample_material,"lake lanier, usa",2,0.0
Environment,sample_material,biological soil crust,2,0.0
Environment,sample_material,marine surface sediment,2,0.0
Environment,sample_material,soil sample from uc hopland field station,2,0.0
Environment,sample_material,marine water from a patagonian fjord,2,0.0
Environment,sample_material,sheep rumen,2,0.0
Environment,sample_material,powdered infant formula factory_medium care area_factory w,2,0.0
Environment,sample_material,lab enriched forest soil,2,0.0
Environment,sample_material,rapid sand filter,2,0.0
Environment,sample_material,activated sludge from full-scale wastewater treatment plant,2,0.0
Environment,sample_material,14262,2,0.0
Environment,sample_material,shrimp earthern pond,2,0.0
Environment,sample_material,subway station air,2,0.0
Environment,sample_material,water sample of chaobai river in china,2,0.0
Environment,sample_material,purple microbial (photo- and chemosynthetic) mats found in low-oxygen high-sulfur sink holes,2,0.0
Environment,sample_material,l_nares,2,0.0
Environment,sample_material,umbilicus,2,0.0
Environment,sample_material,thermophilic sediment,1,0.0
Environment,sample_material,faecal content,1,0.0
Environment,sample_material,mesotrophic water,1,0.0
Environment,sample_material,nesidiocoris tenuis,1,0.0
Environment,sample_material,jejunal content isolated from female mouse4 in the lc-ntx group,1,0.0
Environment,sample_material,jejunal content isolated from male mouse2 in the lc-ntx group,1,0.0
Environment,sample_material,jejunal content isolated from male mouse1 in the lc-rfx group,1,0.0
Environment,sample_material,jejunal content isolated from male mouse2 in the control-ntx group,1,0.0
Environment,sample_material,waste water (substance) [snomed:264327008],1,0.0
Environment,sample_material,sewage [envo00002018],1,0.0
Environment,sample_material,root matter,1,0.0
Environment,sample_material,influent in wastewater treatment plant,1,0.0
Environment,sample_material,colon ink sac,1,0.0
Environment,sample_material,marine sediment (jeju sea),1,0.0
Environment,sample_material,marine sediment (muan),1,0.0
Environment,sample_material,seawater (wando),1,0.0
Environment,sample_material,sediment/microbial mat on well,1,0.0
Environment,sample_material,finfish farming process,1,0.0
Environment,sample_material,weathered rock,1,0.0
Environment,sample_material,pig,1,0.0
Environment,sample_material,feces of mouse,1,0.0
Environment,sample_material,seawater (free-living fraction),1,0.0
Environment,sample_material,saline water (),1,0.0
Environment,sample_material,lambic,1,0.0
Environment,sample_material,fermenting cocoa pulp-bean mass,1,0.0
Environment,sample_material,algal material,1,0.0
Environment,sample_material,caeca,1,0.0
Environment,sample_material,fecal_microbiota,1,0.0
Environment,sample_material,pingo_water,1,0.0
Environment,sample_material,"it was summer, during the r5 stage of the crop.",1,0.0
Environment,sample_material,"it was summer, during the v2 stage of the crop.",1,0.0
Environment,sample_material,100 ml of soil,1,0.0
Environment,sample_material,a1 (huile tournesol 5%),1,0.0
Environment,sample_material,nesting material|honey,1,0.0
Environment,sample_material,nesting material,1,0.0
Environment,sample_material,coastal sea water|ocean water|sea water,1,0.0
Environment,sample_material,water of meat washing,1,0.0
Environment,sample_material,filters,1,0.0
Environment,sample_material,mineral_medium,1,0.0
Environment,sample_material,bacteria culture,1,0.0
Environment,sample_material,control zymo mock,1,0.0
Environment,sample_material,control zymo pcr,1,0.0
Environment,sample_material,it was summer,1,0.0
Environment,sample_material,m1,1,0.0
Environment,sample_material,liquid environmental material,1,0.0
Environment,sample_material,boot,1,0.0
Environment,sample_material,alluvium,1,0.0
Environment,sample_material,anterior intestine digesta,1,0.0
Environment,sample_material,feed - control diet,1,0.0
Environment,sample_material,skin - diet 2,1,0.0
Environment,sample_material,gill - diet 2,1,0.0
Environment,sample_material,skin - control diet,1,0.0
Environment,sample_material,mid instestine tissue,1,0.0
Environment,sample_material,upstream water to farm,1,0.0
Environment,sample_material,outside_soil,1,0.0
Environment,sample_material,human_skin,1,0.0
Environment,sample_material,control reagent,1,0.0
Environment,sample_material,mock community culture,1,0.0
Environment,sample_material,chromium contaminated soil,1,0.0
Environment,sample_material,meromictic lake,1,0.0
Environment,sample_material,skin of head,1,0.0
Environment,sample_material,"abomasum, reticulum, omasum, rumen",1,0.0
Environment,sample_material,ee-28,1,0.0
Environment,sample_material,ee-39,1,0.0
Environment,sample_material,er-24,1,0.0
Environment,sample_material,re-22,1,0.0
Environment,sample_material,re-24,1,0.0
Environment,sample_material,coastal sea water (),1,0.0
Environment,sample_material,cardiac valve,1,0.0
Environment,sample_material,biofilm material|periphytic biofilm,1,0.0
Environment,sample_material,fresh stool (fs),1,0.0
Environment,sample_material,mouse jejunal luminal content,1,0.0
Environment,sample_material,mouse ileal luminal content,1,0.0
Environment,sample_material,inorganically contaminated sediment,1,0.0
Environment,sample_material,powdered concretion,1,0.0
Environment,sample_material,riverine water,1,0.0
Environment,sample_material,pig ileum luminal content,1,0.0
Environment,sample_material,controlhuman,1,0.0
Environment,sample_material,subseafloor oceanic crust,1,0.0
Environment,sample_material,homogenate,1,0.0
Environment,sample_material,freshwater environment,1,0.0
Environment,sample_material,sediment adhered to rib,1,0.0
Environment,sample_material,calcareous silty-clay barren soil,1,0.0
Environment,sample_material,pig feces,1,0.0
Environment,sample_material,pha-associted biofilm,1,0.0
Environment,sample_material,sand soil,1,0.0
Environment,sample_material,tba lavage,1,0.0
Environment,sample_material,"water (), including particulate matter () such as planktonic material ()",1,0.0
Environment,sample_material,flexible plastics,1,0.0
Environment,sample_material,cervical mucus,1,0.0
Environment,sample_material,aqueous humour,1,0.0
Environment,sample_material,bodily fluid,1,0.0
Environment,sample_material,00002150,1,0.0
Environment,sample_material,tara_180_srf_<-0.22,1,0.0
Environment,sample_material,petroleum hydrocarbon,1,0.0
Environment,sample_material,anaerobic bioreactor sludge,1,0.0
Environment,sample_material,coffee waste,1,0.0
Environment,sample_material,charcoal,1,0.0
Environment,sample_material,metallic material (),1,0.0
Environment,sample_material,tissue and fecal content,1,0.0
Environment,sample_material,tara_168_dcm_0.22-3,1,0.0
Environment,sample_material,honey from honeycomb,1,0.0
Environment,sample_material,"polyester-degrading enrichment culture growing on monomer sebacic acid, se",1,0.0
Environment,sample_material,inoculated milk,1,0.0
Environment,sample_material,sternum,1,0.0
Environment,sample_material,semi-soft blue cheese with unpasteurized milk from auvergne-rhône-alpes region,1,0.0
Environment,sample_material,blue ewe's milk cheese rind from midi-pyrénées region,1,0.0
Environment,sample_material,tara_155_srf_3-20,1,0.0
Environment,sample_material,tara_168_dcm_3-20,1,0.0
Environment,sample_material,tara_175_zzz_3-20,1,0.0
Environment,sample_material,tara_188_srf_0.8->,1,0.0
Environment,sample_material,tara_196_srf_20-180,1,0.0
Environment,sample_material,tara_205_srf_20-180,1,0.0
Environment,sample_material,tara_210_srf_180-2000,1,0.0
Environment,sample_material,liq med,1,0.0
Environment,sample_material,coal-associated water,1,0.0
Environment,sample_material,shipworm feces,1,0.0
Environment,sample_material,fungus garden dump,1,0.0
Environment,sample_material,stromatolite piece,1,0.0
Environment,sample_material,coal,1,0.0
Environment,sample_material,coarse andosol,1,0.0
Environment,sample_material,spread,1,0.0
Environment,sample_material,interior flesh rinsate,1,0.0
Environment,sample_material,synthetic gut microbial community,1,0.0
Environment,sample_material,human-stool,1,0.0
Environment,sample_material,envo 00002150,1,0.0
Environment,sample_material,deep chlorophyll maximum,1,0.0
Environment,sample_material,seawater_00002010_00002149,1,0.0
Environment,sample_material,cider,1,0.0
Environment,sample_material,mountain,1,0.0
Environment,sample_material,feces; sample ts28,1,0.0
Environment,sample_material,rainforest soil,1,0.0
Environment,sample_material,jungle rubber soil,1,0.0
Environment,sample_material,"be326 bh2 borehole, 1.39 km below land surface",1,0.0
Environment,sample_material,rna:ss viral rna,1,0.0
Environment,sample_material,spring/melt pool,1,0.0
Environment,sample_material,mud microcosm,1,0.0
Environment,sample_material,dairy calf composite feces,1,0.0
Environment,sample_material,dairy cow composite feces,1,0.0
Environment,sample_material,soil one meter away from agave cacti.,1,0.0
Environment,sample_material,food production metal conveyor belt,1,0.0
Environment,sample_material,"core: 1a-1l, depth: 0-2cm",1,0.0
Environment,sample_material,"core: 4a-1l, depth: 10-12cm",1,0.0
Environment,sample_material,"core: 2c-7l, depth: 43-45cm",1,0.0
Environment,sample_material,"core: 2c-6l, depth: 2-4cm",1,0.0
Environment,sample_material,"core: 2d-1l, depth: 5-7cm",1,0.0
Environment,sample_material,day 33 sample from continuous culture bioreactor with low c:n ratio inoculated with sediment from german wadden sea,1,0.0
Environment,sample_material,gut extraction,1,0.0
Environment,sample_material,40 cm soil or saprolite under grassland replicate 2,1,0.0
Environment,sample_material,115 cm saprolite on douglas fir-dominated hillslope,1,0.0
Environment,sample_material,200 cm saprolite under douglas fir tree site 2 hole 1,1,0.0
Environment,sample_material,soil with 5% biochar replicate 4,1,0.0
Environment,sample_material,"disinfectant-free drinking water, site 3, sample 3",1,0.0
Environment,sample_material,"disinfectant-free drinking water, site 3, sample 2",1,0.0
Environment,sample_material,"disinfectant-free drinking water, site 1, sample 3",1,0.0
Environment,sample_material,"chlorinated drinking water, site 5, sample 2",1,0.0
Environment,sample_material,"chlorinated drinking water, site 7, sample 1",1,0.0
Environment,sample_material,"chloraminated drinking water, site 1, sample 2",1,0.0
Environment,sample_material,"chlorinated drinking water, site 2, sample 2",1,0.0
Environment,sample_material,"chlorinated drinking water, site 1, sample 1",1,0.0
Environment,sample_material,"disinfectant-free drinking water, site 5, sample 2",1,0.0
Environment,sample_material,"chlorinated drinking water, site 6, sample 3",1,0.0
Environment,sample_material,negative control spiked with mock community 2,1,0.0
Environment,sample_material,lagoon.s18,1,0.0
Environment,sample_material,soil.s15,1,0.0
Environment,sample_material,lagoon.s12,1,0.0
Environment,sample_material,control soil 2,1,0.0
Environment,sample_material,lab microcosm,1,0.0
Environment,sample_material,sediment(as01 subsample-3),1,0.0
Environment,sample_material,r1-sludge,1,0.0
Environment,sample_material,surgical room air,1,0.0
Environment,sample_material,wheat grown in greenhouse,1,0.0
Environment,sample_material,anammox marine column reactor biofilm on non-woven sheet,1,0.0
Environment,sample_material,anammox granular sludge freshwater column reactor,1,0.0
Environment,sample_material,hydrocarbon,1,0.0
Environment,sample_material,water of chaohu lake,1,0.0
Environment,sample_material,partial nitritation anammox (pna) bioreactor day 230 replicate 2,1,0.0
Environment,sample_material,partial nitritation anammox (pna) bioreactor day 350,1,0.0
Environment,sample_material,continuous culture bioreactor denitrification-dnra; day 54 after inoculation,1,0.0
Environment,sample_material,peanut pods,1,0.0
Environment,sample_material,coral reef seawater bpa_36327,1,0.0
Environment,sample_material,dna:ss viral dna,1,0.0
Environment,sample_material,fourth reactor carbon brush in left,1,0.0
Environment,sample_material,toothbrush_8,1,0.0
Environment,sample_material,toothbrush_32,1,0.0
Environment,sample_material,toothbrush_22,1,0.0
Environment,sample_material,toothbrush_13,1,0.0
Environment,sample_material,soil sample 7,1,0.0
Environment,sample_material,rumen content from lactating cow,1,0.0
Environment,sample_material,mixed culture bioreactor,1,0.0
Environment,sample_material,non-moss soil biological crust,1,0.0
Environment,sample_material,wetland fen,1,0.0
Environment,sample_material,uranium-contaminated sediment slurry processed in bioreactor,1,0.0
Environment,sample_material,neoteredo reynei nr02,1,0.0
Environment,sample_material,unsealed jar with river water and sediment,1,0.0
Environment,sample_material,mutha river in the neighborhood vitthal mandir,1,0.0
Environment,sample_material,biofilm scrapped from cow tibia surface after nine month of incubation underwater in a fjord,1,0.0
Environment,sample_material,annelid root tissue scrapped from turkey femur surface after nine month of incubation underwater in a fjord,1,0.0
Environment,sample_material,digested sludge from wastewater treatment plant in greifswald,1,0.0
Environment,sample_material,water from the wastewater treatment plant in front of the bodden in greifswald,1,0.0
Environment,sample_material,primary sludge from wastewater treatment plant in greifswald,1,0.0
Environment,sample_material,activated sludge from wastewater treatment plant in greifswald,1,0.0
Environment,sample_material,proximal colon tissue,1,0.0
Environment,sample_material,proximal colon scraping,1,0.0
Environment,sample_material,distal colon tissue,1,0.0
Environment,sample_material,transverse colon tissue,1,0.0
Environment,sample_material,14274,1,0.0
Environment,sample_material,29898,1,0.0
Environment,sample_material,protexin,1,0.0
Environment,sample_material,14275,1,0.0
Environment,sample_material,14163,1,0.0
Environment,sample_material,29901,1,0.0
Environment,sample_material,14190,1,0.0
Environment,sample_material,mockcommunity,1,0.0
Environment,sample_material,29949,1,0.0
Environment,sample_material,14159,1,0.0
Environment,sample_material,29633,1,0.0
Environment,sample_material,29703,1,0.0
Environment,sample_material,29912,1,0.0
Environment,sample_material,14271,1,0.0
Environment,sample_material,29946,1,0.0
Environment,sample_material,29962,1,0.0
Environment,sample_material,29765,1,0.0
Environment,sample_material,29644,1,0.0
Environment,sample_material,14204,1,0.0
Environment,sample_material,29631,1,0.0
Environment,sample_material,29752,1,0.0
Environment,sample_material,14201,1,0.0
Environment,sample_material,14194,1,0.0
Environment,sample_material,14186,1,0.0
Environment,sample_material,14192,1,0.0
Environment,sample_material,29781,1,0.0
Environment,sample_material,29745,1,0.0
Environment,sample_material,32650,1,0.0
Environment,sample_material,t12057,1,0.0
Environment,sample_material,316981,1,0.0
Environment,sample_material,y09733,1,0.0
Environment,sample_material,29764,1,0.0
Environment,sample_material,14315,1,0.0
Environment,sample_material,14307,1,0.0
Environment,sample_material,14169,1,0.0
Environment,sample_material,29876,1,0.0
Environment,sample_material,14172,1,0.0
Environment,sample_material,29792,1,0.0
Environment,sample_material,40486,1,0.0
Environment,sample_material,b11614,1,0.0
Environment,sample_material,eastern honey bee gut,1,0.0
Environment,sample_material,feces from hum5 breeder 1,1,0.0
Environment,sample_material,feces from hum4 breeder 1,1,0.0
Environment,sample_material,feces from hum3 breeder 1,1,0.0
Environment,sample_material,stool43,1,0.0
Environment,sample_material,microbes were collected at 4-8m in sq83,1,0.0
Environment,sample_material,surface marine sediment (1.8m),1,0.0
Environment,sample_material,surface marine sediment (2.1m),1,0.0
Environment,sample_material,pescadero transform fault,1,0.0
Environment,sample_material,anaerobic digestion of the organic fraction of municipal solid waste after bioaugmentation,1,0.0
Environment,sample_material,gut of p1244125-metagenomics,1,0.0
Environment,sample_material,gut of p1433595-metagenomics,1,0.0
Environment,sample_material,gut of p956719-metagenomics,1,0.0
Environment,sample_material,gut of p1480690-metagenomics,1,0.0
Environment,sample_material,surface seawater inoculated into enrichment culture with ribose as the sole carbon source,1,0.0
Environment,sample_material,surface seawater inoculated into enrichment culture with dihydroxypropanesulfonate (dhps) as the sole carbon source,1,0.0
Environment,sample_material,airway,1,0.0
Environment,sample_material,water and sediments,1,0.0
Environment,sample_material,mock community = zymo replicate 4,1,0.0
Environment,sample_material,mock community = msa 1003 replicate 4,1,0.0
Environment,sample_material,stool culture,1,0.0
Environment,sample_material,metagenome from forastero cocoa beans after 72h of fermentation in mexico harvest under traditional conditions batch 2_replicate_1,1,0.0
Environment,sample_material,anode2,1,0.0
Environment,sample_material,thermokarst lake sediment,1,0.0
Environment,sample_material,microbes were collected at 0-6m in d144,1,0.0
Environment,sample_material,arable soil,1,0.0
Environment,sample_material,conifer forest soil,1,0.0
Environment,sample_material,fermented grains sample,1,0.0
Environment,sample_material,extraction blank,1,0.0
Environment,sample_material,filamentous streamer,1,0.0
Environment,sample_material,field bulk soil,1,0.0
Environment,sample_material,azo dye decolorization water,1,0.0
Environment,sample_material,drinking water treatment plant,1,0.0
Environment,sample_material,laboratory infected mosquito excreta,1,0.0
Environment,sample_material,red_fracture_biological_replicate_12,1,0.0
Environment,sample_material,grey_clay_biological_replicate_5,1,0.0
Environment,sample_material,grey_clay_biological_replicate_3,1,0.0
Environment,sample_material,biopore_biological_replicate_12,1,0.0
Environment,sample_material,clay_biological_replicate_2,1,0.0
Environment,sample_material,plough_layer_biological_replicate_3,1,0.0
Environment,sample_material,air particulate,1,0.0
Environment,sample_material,tar from asphalt lake,1,0.0
Environment,sample_material,beaver small intestine,1,0.0
Environment,sample_material,beaver rectum,1,0.0
Environment,sample_material,icecream,1,0.0
Environment,sample_material,fecalpiglet1,1,0.0
Environment,sample_material,costal sea water,1,0.0
Environment,sample_material,the second repeat of n application,1,0.0
Environment,sample_material,untreated marine sediment,1,0.0
Environment,sample_material,seawater at 140m depth at station 3,1,0.0
Environment,sample_material,floodwater,1,0.0
Environment,sample_material,clovelly seawater_22,1,0.0
Environment,sample_material,clovelly seawater_13,1,0.0
Environment,sample_material,clovelly seawater_1,1,0.0
Environment,sample_material,freshwater biome - 1350 m,1,0.0
Environment,sample_material,glr reactor biofilm biomass,1,0.0
Environment,sample_material,archeological wood,1,0.0
Environment,sample_material,nasopharingeal aspirate,1,0.0
Environment,sample_material,ab reactor4,1,0.0
Environment,sample_material,r1817_base,1,0.0
Environment,sample_material,r1816_base,1,0.0
Environment,sample_material,r1815_base,1,0.0
Environment,sample_material,r1809_treat,1,0.0
Environment,sample_material,r1809_base,1,0.0
Environment,sample_material,r1621_base,1,0.0
Environment,sample_material,r1609_anti,1,0.0
Environment,sample_material,r1603_anti,1,0.0
Environment,sample_material,r1416_base,1,0.0
Environment,sample_material,r1406_anti,1,0.0
Environment,sample_material,r1402_treat,1,0.0
Environment,sample_material,r1311_anti,1,0.0
Environment,sample_material,r1309_treat,1,0.0
Environment,sample_material,r1305_anti,1,0.0
Environment,sample_material,r1216_anti,1,0.0
Environment,sample_material,r1022_anti,1,0.0
Environment,sample_material,r0816_treat,1,0.0
Environment,sample_material,r1019_base,1,0.0
Environment,sample_material,r1126_anti,1,0.0
Environment,sample_material,r1121_treat,1,0.0
Environment,sample_material,r1119_treat,1,0.0
Environment,sample_material,r1113_anti,1,0.0
Environment,sample_material,r1110_treat,1,0.0
Environment,sample_material,r1031_treat,1,0.0
Environment,sample_material,r1025_treat,1,0.0
Environment,sample_material,r1025_base,1,0.0
Environment,sample_material,r1009_base,1,0.0
Environment,sample_material,r1007_anti,1,0.0
Environment,sample_material,r1006_anti,1,0.0
Environment,sample_material,r2023_treat,1,0.0
Environment,sample_material,r0912_anti,1,0.0
Environment,sample_material,r2007_treat,1,0.0
Environment,sample_material,r2007_base,1,0.0
Environment,sample_material,r1905_treat,1,0.0
Environment,sample_material,r1823_anti,1,0.0
Environment,sample_material,r1818_treat,1,0.0
Environment,sample_material,seed culture,1,0.0
Environment,sample_material,gypsum crust,1,0.0
Environment,sample_material,feces from stable horse,1,0.0
Environment,sample_material,metagenome of sausages after 4 days of fermentation batch y,1,0.0
Environment,sample_material,metagenome of sausages after 8 days of fermentation batch y,1,0.0
Environment,sample_material,metagenome of sausages after 15 days of fermentation batch z,1,0.0
Environment,sample_material,r0537_treat,1,0.0
Environment,sample_material,r0525_anti,1,0.0
Environment,sample_material,r0519_anti,1,0.0
Environment,sample_material,r0508_treat,1,0.0
Environment,sample_material,r0507_base,1,0.0
Environment,sample_material,r0501_base,1,0.0
Environment,sample_material,r0419_anti,1,0.0
Environment,sample_material,r0416_treat,1,0.0
Environment,sample_material,r0327_treat,1,0.0
Environment,sample_material,r0327_base,1,0.0
Environment,sample_material,r0326_base,1,0.0
Environment,sample_material,r0325_treat,1,0.0
Environment,sample_material,r0323_base,1,0.0
Environment,sample_material,r0320_base,1,0.0
Environment,sample_material,r0312_treat,1,0.0
Environment,sample_material,r0310_treat,1,0.0
Environment,sample_material,r0306_base,1,0.0
Environment,sample_material,r0241_anti,1,0.0
Environment,sample_material,r0234_treat,1,0.0
Environment,sample_material,r0234_base,1,0.0
Environment,sample_material,r0231_treat,1,0.0
Environment,sample_material,r0229_anti,1,0.0
Environment,sample_material,r0217_base,1,0.0
Environment,sample_material,r0137_treat,1,0.0
Environment,sample_material,r0133_anti,1,0.0
Environment,sample_material,r0213_treat,1,0.0
Environment,sample_material,r0804_anti,1,0.0
Environment,sample_material,r0723_anti,1,0.0
Environment,sample_material,r0166_anti,1,0.0
Environment,sample_material,r0164_anti,1,0.0
Environment,sample_material,r0719_treat,1,0.0
Environment,sample_material,r0714_base,1,0.0
Environment,sample_material,r0158_anti,1,0.0
Environment,sample_material,r0156_base,1,0.0
Environment,sample_material,archaeological latrine sediment,1,0.0
Environment,sample_material,topsoil from arid and minimally vegetated gibber plain,1,0.0
Environment,sample_material,maize rhizosphere 1,1,0.0
Environment,sample_material,mucosa-washing,1,0.0
Environment,sample_material,plectolyngbya sp. wjt66-npbg17 and co-occurring heterotrophs from well developed soil crust,1,0.0
Environment,sample_material,enriched activated sludge,1,0.0
Environment,sample_material,ovaries of a. gambiae,1,0.0
Environment,sample_material,upstream water,1,0.0
Environment,sample_material,throat swabs,1,0.0
Environment,sample_material,pleural effusion material 43,1,0.0
Environment,sample_material,pleural effusion material 17,1,0.0
Environment,sample_material,coprolite,1,0.0
Environment,sample_material,bone - jbg47,1,0.0
Environment,sample_material,marine sand,1,0.0
Environment,sample_material,freshwater sand,1,0.0
Environment,sample_material,big soda lake,1,0.0
Environment,sample_material,water distribution systerm,1,0.0
Environment,sample_material,human cerebrospinal fluid,1,0.0
Environment,sample_material,right incisor,1,0.0
Environment,sample_material,sediment 5 m from 1301b,1,0.0
Environment,sample_material,subseafloor crustal fluids,1,0.0
Environment,sample_material,aqueous phase of oil storage structure,1,0.0
Environment,sample_material,synthetic mixture of yeast species,1,0.0
Environment,sample_material,lab-made,1,0.0
Environment,sample_material,bare soil areas in deserets,1,0.0
Environment,sample_material,saltwater from algal raceway,1,0.0
Environment,sample_material,"peat from stordalen mire, abisko, sweden",1,0.0
Environment,sample_material,sediment from eutrophic lake,1,0.0
Environment,sample_material,banquettes,1,0.0
Environment,sample_material,pore space of rocks in hyperarid conditions,1,0.0
Environment,sample_material,the ebinur national nature reserve,1,0.0
Environment,sample_material,freshwater carbonate spring,1,0.0
Environment,sample_material,soil from greenhouse,1,0.0
Environment,sample_material,active layer of bog; soil incubated with heavy water for 184 days. this is the medium-heavy fraction of replicate a,1,0.0
Environment,sample_material,active layer of bog; soil incubated with distilled water for 184 days. this is the heavy fraction of replicate b,1,0.0
Environment,sample_material,rnase free water,1,0.0
Environment,sample_material,medium transport,1,0.0
Environment,sample_material,hog fuel sample 21 high density,1,0.0
Environment,sample_material,fecal sample from diarrhoea affected cattle b,1,0.0
Environment,sample_material,respiratory tract from 18phr006,1,0.0
Environment,sample_material,respiratory tract from 16snu018,1,0.0
Environment,sample_material,abomasum,1,0.0
Environment,sample_material,human_sputum_sample_s3010bm2_metagenomeics,1,0.0
Environment,sample_material,human_sputum_sample_s3058ad1_metagenomeics,1,0.0
Environment,sample_material,human_sputum_sample_s3050ad5_metagenomeics,1,0.0
Environment,sample_material,human_sputum_sample_s3034ad1_metagenomeics,1,0.0
Environment,sample_material,human_sputum_sample_s3031ad1_metagenomeics,1,0.0
Environment,sample_material,human_sputum_sample_s3022ad1_metagenomeics,1,0.0
Environment,sample_material,human_sputum_sample_s3013bm2b_metagenomeics,1,0.0
Environment,sample_material,namib desert,1,0.0
Environment,sample_material,bathypelagic seawater(1759m),1,0.0
Environment,sample_material,surface seawater(2m),1,0.0
Environment,sample_material,waiwera non-saline (site 1),1,0.0
Environment,sample_material,"synthetic in silico mix, gc-rich bias 120 organisms",1,0.0
Environment,sample_material,hamilton harbour water,1,0.0
Environment,sample_material,soil plantation,1,0.0
Environment,sample_material,pentadecane incubations with particles bioreplicate 1,1,0.0
Environment,sample_material,plasticized fabric sample b exposed to a harsh tropical environment for 14 months,1,0.0
Environment,sample_material,enrichment culture of sdz_tp_d0 with sulfadiazine as sole carbon at day 134,1,0.0
Environment,sample_material,uncultured - 100cm,1,0.0
Environment,sample_material,l1,1,0.0
Environment,sample_material,l10,1,0.0
Environment,sample_material,extraction control set-1,1,0.0
Environment,sample_material,untreated well water from subsurface environemntal sampler (ses),1,0.0
Environment,sample_material,gut of red swamp crayfish,1,0.0
Environment,sample_material,volcanic soil,1,0.0
Environment,sample_material,submerged sediment with a high abundance of vegetation from freshwater canal,1,0.0
Environment,sample_material,feces from donor60,1,0.0
Environment,sample_material,feces from donor51,1,0.0
Environment,sample_material,feces from donor24,1,0.0
Environment,sample_material,feces from donor12,1,0.0
Environment,sample_material,sputum sample taken from a tb patient 108 seven days after initiation of antibiotic therapy,1,0.0
Environment,sample_material,sputum sample taken from a tb patient 7 days after initiation of antibiotic therapy,1,0.0
Environment,sample_material,groundwater from well h41 incubated with 12c bicarbonate for 70 days,1,0.0
Environment,sample_material,feces from lsy-0,1,0.0
Environment,sample_material,feces from lej-0,1,0.0
Environment,sample_material,feces from hhj-0,1,0.0
Environment,sample_material,dairy manure,1,0.0
Environment,sample_material,hospital wastewater 3,1,0.0
Environment,sample_material,mock dna,1,0.0
Environment,sample_material,fecal sample of krgm_98,1,0.0
Environment,sample_material,fecal sample of krgm_77,1,0.0
Environment,sample_material,fecal sample of krgm_71,1,0.0
Environment,sample_material,fecal sample of krgm_49,1,0.0
Environment,sample_material,fecal sample of krgm_31,1,0.0
Environment,sample_material,fecal sample of krgm_102,1,0.0
Environment,sample_material,oropharyngeal,1,0.0
Environment,sample_material,wood white-thyme-replicate=2,1,0.0
Environment,sample_material,serpentinite rock,1,0.0
Environment,sample_material,permafrost sediment,1,0.0
Environment,sample_material,e2b-0,1,0.0
Environment,sample_material,b2s-0,1,0.0
Environment,sample_material,b2b-3,1,0.0
Environment,sample_material,freshwater metagenome s1t1b_20180427,1,0.0
Environment,sample_material,freshwater metagenome s1_20150810,1,0.0
Environment,sample_material,freshwater metagenome s1_20120424,1,0.0
Environment,sample_material,vacuum particle solution #1,1,0.0
Environment,sample_material,filter solution,1,0.0
Environment,sample_material,melt pond,1,0.0
Environment,sample_material,coalbed water,1,0.0
Environment,sample_material,liquid fraction of rumen,1,0.0
Environment,sample_material,variable,1,0.0
Environment,sample_material,human throat swab,1,0.0
Environment,sample_material,swine manure sample,1,0.0
Environment,sample_material,human_blood_sample_pkugk039_metagenomics,1,0.0
Environment,sample_material,human_blood_sample_pkugk265_metagenomics,1,0.0
Environment,sample_material,human_blood_sample_pkugk236_metagenomics,1,0.0
Environment,sample_material,human_blood_sample_pkugk221_metagenomics,1,0.0
Environment,sample_material,human_blood_sample_pkugk086_metagenomics,1,0.0
Environment,sample_material,human_blood_sample_pkugk071_metagenomics,1,0.0
Environment,sample_material,human_blood_sample_pkugk026_metagenomics,1,0.0
Environment,sample_material,human_blood_sample_pkugk140_metagenomics,1,0.0
Environment,sample_material,urban biome,1,0.0
Environment,sample_material,planktonic fraction from bioreactor innoculated with activated sludge tailings effluent remediation (aster); culture conditions: molasses with increasing thiocyanate until 250 mg/l maintanence,1,0.0
Environment,sample_material,biofilm fraction from bioreactor innoculated with activated sludge tailings effluent remediation (aster); culture conditions: molasses with increasing thiocyanate,1,0.0
Environment,sample_material,biofilm fraction from bioreactor innoculated with activated sludge tailings effluent remediation (aster); culture conditions: molasses with increasing thiocyanate until 250 mg/l maintanence and no molasses,1,0.0
Environment,sample_material,isolate from feces of wild camels,1,0.0
Environment,sample_material,cellulose-enriched refuse dump,1,0.0
Environment,sample_material,pcb contaminated paddy soil,1,0.0
Environment,sample_material,cecal content of shrsp fed ad libitum,1,0.0
Environment,sample_material,cecal content of shrsp fed eodf,1,0.0
Environment,sample_material,siphamia majimai light organ,1,0.0
Environment,sample_material,siphamia brevilux light organ,1,0.0
Environment,sample_material,siphamia tubifer light organ,1,0.0
Environment,sample_material,non-axenic culture inoculated from ocean water sample,1,0.0
Environment,sample_material,soil-3,1,0.0
Environment,sample_material,lake michigan,1,0.0
Environment,sample_material,"araxa region, rind (3)",1,0.0
Environment,sample_material,wwtp pm2.5,1,0.0
Environment,sample_material,fragments of 50 u. phaea lichen thalli from population 26,1,0.0
Environment,sample_material,sediment of red swamp crayfish aquaculture pond,1,0.0
Environment,sample_material,bioaerosol sample,1,0.0
Environment,sample_material,fecal sample from infant #57 dol 39,1,0.0
Environment,sample_material,fecal sample from infant #41 dol 124,1,0.0
Environment,sample_material,maternal fecal sample from mother of infant #13,1,0.0
Environment,sample_material,fecal sample from infant #41 dol 87,1,0.0
Environment,sample_material,fecal sample from infant #40 dol 365,1,0.0
Environment,sample_material,fecal sample from infant #39 dol 44,1,0.0
Environment,sample_material,fecal sample from infant #8 dol 64,1,0.0
Environment,sample_material,fecal sample from infant #31 dol 247,1,0.0
Environment,sample_material,fecal sample from infant #26 dol 250,1,0.0
Environment,sample_material,fecal sample from infant #21 dol 61,1,0.0
Environment,sample_material,fecal sample from infant #133 dol 91,1,0.0
Environment,sample_material,fecal sample from infant #130 dol 87,1,0.0
Environment,sample_material,fecal sample from infant #122 dol 31,1,0.0
Environment,sample_material,maternal fecal sample from mother of infant #121,1,0.0
Environment,sample_material,fecal sample from infant #108 dol 77,1,0.0
Environment,sample_material,fecal sample from infant #102 dol 34,1,0.0
Environment,sample_material,fecal sample from infant #98 dol 332,1,0.0
Environment,sample_material,fecal sample from infant #83 dol 88,1,0.0
Environment,sample_material,fecal sample from infant #72 dol 362,1,0.0
Environment,sample_material,fecal sample from infant #72 dol 32,1,0.0
Environment,sample_material,fecal sample from infant #69 dol 375,1,0.0
Environment,sample_material,fecal sample from infant #13 dol 36,1,0.0
Environment,sample_material,fecal sample from infant #58 dol 22,1,0.0
Environment,sample_material,fecal sample from infant #13 dol 17,1,0.0
Environment,sample_material,fecal sample from infant #58 dol 7,1,0.0
Environment,sample_material,human_dna_sample_pkugknc005_metagenomics,1,0.0
Environment,sample_material,human_blood_sample_pkugkhc012_metagenomics,1,0.0
Environment,sample_material,507b,1,0.0
Environment,sample_material,fusarium pathogenic soil treated with talaromyces purpurogenus,1,0.0
Environment,sample_material,stool from young-adult control uninfected mice_4,1,0.0
Environment,sample_material,enrichment culture grown in unbuffered media with sand only,1,0.0
Environment,sample_material,lake water mesocosm spike with cow9 feces sampled at day 1,1,0.0
Environment,sample_material,lake water mesocosm spike with pig8 feces sampled at day 4,1,0.0
Environment,sample_material,lake water mesocosm spike with pig7 feces sampled at day 4,1,0.0
Environment,sample_material,lake water mesocosm spike with pig7 feces sampled at day 1,1,0.0
Environment,sample_material,lake water mesocosm spike with human1 feces sampled at day 7,1,0.0
Environment,sample_material,lake water mesocosm spike with cow7 feces sampled at day 0,1,0.0
Environment,sample_material,silava,1,0.0
Environment,sample_material,spartina alterniflora rhizosphere,1,0.0
Environment,sample_material,larvae pool,1,0.0
Environment,sample_material,peri-urban,1,0.0
Environment,sample_material,respiratory allergic child ar29,1,0.0
Environment,sample_material,respiratory allergic child ar26,1,0.0
Environment,sample_material,respiratory allergic child ar07,1,0.0
Environment,sample_material,food allergic child aplv5,1,0.0
Environment,sample_material,food allergic child aplv26,1,0.0
Environment,sample_material,food allergic child a12,1,0.0
Environment,sample_material,food allergic child a7,1,0.0
Environment,sample_material,food allergic child a30,1,0.0
Environment,sample_material,food allergic child a26,1,0.0
Environment,sample_material,healthy control c7,1,0.0
Environment,sample_material,healthy control c5,1,0.0
Environment,sample_material,healthy control c25,1,0.0
Environment,sample_material,leaf surface,1,0.0
Environment,sample_material,post methanisation process compost,1,0.0
Environment,sample_material,post methanisation process solid digestate,1,0.0
Environment,sample_material,sediment (4-6 cmbsf),1,0.0
Environment,sample_material,sediment (0-20 cmbsf),1,0.0
Environment,sample_material,aabf reactor,1,0.0
Environment,sample_material,coastal seawater [evo:000002150],1,0.0
Environment,sample_material,long-term bioreactor inoculated with enriched community derived from activated sludge,1,0.0
Environment,sample_material,wastewater treatment plant acitvated sludge,1,0.0
Environment,sample_material,vietnamese rice paddy soil,1,0.0
Environment,sample_material,add medium bagasse,1,0.0
Environment,sample_material,conjunctival tissue cloa15,1,0.0
Environment,sample_material,conjunctival tissue nc4,1,0.0
Environment,sample_material,conjunctival tissue cloa12,1,0.0
Environment,sample_material,conjunctival tissue cloa8,1,0.0
Environment,sample_material,conjunctival tissue cloa11,1,0.0
Environment,sample_material,leshan,1,0.0
Environment,sample_material,as,1,0.0
Environment,sample_material,mouse ankle,1,0.0
Environment,sample_material,placenta,1,0.0
Environment,sample_material,feces fermentation broth,1,0.0
Environment,sample_material,karst river,1,0.0
Environment,sample_material,feces_10,1,0.0
Environment,sample_material,surface of algae,1,0.0
Environment,sample_material,cold reef aquarium tank h21,1,0.0
Environment,sample_material,anammox reactor granules,1,0.0
Environment,sample_material,no-tumour side bronchoalveolar lavage fluid,1,0.0
Environment,sample_material,tumour tissue,1,0.0
Environment,sample_material,4soil,1,0.0
Environment,sample_material,jejunum contents,1,0.0
Environment,sample_material,rumen contents,1,0.0
Environment,sample_material,rumen_r4,1,0.0
Environment,sample_material,rumen_lb2,1,0.0
Environment,sample_material,rhizosphere of stipagrostis a,1,0.0
Environment,sample_material,mangrove soil impacted by shrimp farm,1,0.0
Environment,sample_material,mangrove soil recolonization after shrimp farm,1,0.0
Environment,sample_material,artifical mono lake water,1,0.0
Environment,sample_material,"sediment collected in iodp expedition 375 from site 1519e, core 6h3, depth 42.77mbsf",1,0.0
Environment,sample_material,"sediment collected in iodp expedition 375 from site 1519c, core 12r2, depth 280.17mbsf",1,0.0
Environment,sample_material,cws tap water,1,0.0
Environment,sample_material,cws catchment point,1,0.0
Environment,sample_material,pe microplastic biofilm community,1,0.0
Environment,sample_material,marine sponge,1,0.0
Environment,sample_material,s106 (74yo f): excisional biopsy of orbital tissue,1,0.0
Environment,sample_material,rumen sample ss incubated for 96 h,1,0.0
Environment,sample_material,white colonizes,1,0.0
Environment,sample_material,endogenous starter culture,1,0.0
Environment,sample_material,stool 91,1,0.0
Environment,sample_material,stool 66,1,0.0
Environment,sample_material,stool 41,1,0.0
Environment,sample_material,freshwater biome - 0.5 m - reservoir tail sep20,1,0.0
Environment,sample_material,freshwater biome - 12 m,1,0.0
Environment,sample_material,axilliary vault,1,0.0
Environment,sample_material,inguinal crease,1,0.0
Environment,sample_material,swab samples from laboratory environment,1,0.0
Environment,sample_material,colon tissue,1,0.0
Environment,sample_material,vegetable soil sample,1,0.0
Environment,sample_material,sow sample,1,0.0
Environment,sample_material,plant organ,1,0.0
Environment,sample_material,medium-frequency_anoxic1,1,0.0
Environment,sample_material,low-frequency_oxic2,1,0.0
Environment,sample_material,high-frequency_oxic1,1,0.0
Environment,sample_material,medium-frequency_oxic_phase7_3,1,0.0
Environment,sample_material,medium-frequency_anoxic_phase4_3,1,0.0
Environment,sample_material,high-frequency_oxic_phase19_3,1,0.0
Environment,sample_material,mobile phone-05,1,0.0
Environment,sample_material,smartwatch-41b,1,0.0
Environment,sample_material,mobile phone-41a,1,0.0
Environment,sample_material,mobile phone-25,1,0.0
Environment,sample_material,mobile phone-14a,1,0.0
Environment,sample_material,gut of crab fed plant oil,1,0.0
Environment,sample_material,deep chlorophyll maximum zone in the mediterranean sea,1,0.0
Environment,sample_material,rat5_fw_alpha-syn fibril_base,1,0.0
Environment,sample_material,rat3_fw_alpha-syn monomer_base,1,0.0
Environment,sample_material,intestinal lavage fluid sample,1,0.0
Environment,sample_material,freshwater wetland soil,1,0.0
Environment,sample_material,"fecal samples from lizards in the qinghai-tibetan plateau, china.",1,0.0
Environment,sample_material,loki non-amplified sample from loki's castle hydrothermal vent sediment,1,0.0
Environment,sample_material,anaerobic digestion sludge1,1,0.0
Environment,sample_material,m63 medium with 15 mg/l of glucose + 20 mg/l of trehalose,1,0.0
Environment,sample_material,soil 30 meters from hot spring,1,0.0
Environment,sample_material,ah,1,0.0
Environment,sample_material,ot,1,0.0
Environment,sample_material,ctr-3,1,0.0
Environment,sample_material,sus-4,1,0.0
Environment,sample_material,day30 set2 kimchi,1,0.0
Environment,sample_material,day20 set2 kimchi,1,0.0
Environment,sample_material,day7 set2 kimchi,1,0.0
Environment,sample_material,day30 set1 kimchi,1,0.0
Environment,sample_material,day5 control kimchi,1,0.0
Environment,sample_material,day5 set6 kimchi,1,0.0
Environment,sample_material,day0 set6 kimchi,1,0.0
Environment,sample_material,day12 set1 kimchi,1,0.0
Environment,sample_material,limestone,1,0.0
Environment,sample_material,hoe legacy iib net trap,1,0.0
Environment,sample_material,intestinal contents sample,1,0.0
Environment,sample_material,seawall surface,1,0.0
Environment,sample_material,vaginal wash,1,0.0
Environment,sample_material,fecals,1,0.0
Environment,sample_material,enrichment_broth,1,0.0
Environment,sample_material,stool sample21,1,0.0
Environment,sample_material,stool sample16,1,0.0
Environment,sample_material,fecal microbiota transplantation capsule,1,0.0
Environment,sample_material,bronchoalveolar lavage mmo:0000721,1,0.0
Environment,sample_material,bronchoalveolar lavage mmo:0000703,1,0.0
Environment,sample_material,bronchoalveolar lavage mmo:0000700,1,0.0
Environment,sample_material,bronchoalveolar lavage mmo:0000689,1,0.0
Environment,sample_material,bronchoalveolar lavage mmo:0000683,1,0.0
Environment,sample_material,bronchoalveolar lavage mmo:0000673,1,0.0
Environment,sample_material,bronchoalveolar lavage mmo:0000667,1,0.0
Environment,sample_material,bronchoalveolar lavage mmo:0000655,1,0.0
Environment,sample_material,bronchoalveolar lavage mmo:0000745,1,0.0
Environment,sample_material,bronchoalveolar lavage mmo:0000741,1,0.0
Environment,sample_material,mucosa of rectum,1,0.0
Environment,sample_material,mangrove sediment samples,1,0.0
Environment,sample_material,water sample 125m,1,0.0
Environment,sample_material,small intestine biopsy,1,0.0
Environment,sample_material,pond h1 in day 49,1,0.0
Environment,sample_material,pond h1 in day 1,1,0.0
Environment,sample_material,pond e1 in day 38,1,0.0
Environment,sample_material,pond d8 in day 35,1,0.0
Environment,sample_material,pond c1 in day 38,1,0.0
Environment,sample_material,pond d1 in day 35,1,0.0
Environment,sample_material,pond c8 in day 38,1,0.0
Environment,sample_material,pond c8 in day 15,1,0.0
Environment,sample_material,dna metagenome,1,0.0
Environment,sample_material,marine intertidal zone,1,0.0
Environment,sample_material,mixed culture of strain pny2013 and activated sludge,1,0.0
Environment,sample_material,raw sewage,1,0.0
Environment,sample_material,rectum fecal sample from obese cat l001,1,0.0
Environment,sample_material,rectum fecal sample from normal cat 111473,1,0.0
Environment,sample_material,bog soil from slope of durykino raven,1,0.0
Environment,sample_material,deep sediment of 3% salinity soda lake,1,0.0
Environment,sample_material,enrichment culture of deep sediment of saturation salinity soda lake with sodium formate,1,0.0
Environment,sample_material,nitrifying bioreactor,1,0.0
Environment,sample_material,feces bc4,1,0.0
Environment,sample_material,feces bc3,1,0.0
Environment,sample_material,feces ac13,1,0.0
Environment,sample_material,pool,1,0.0
Environment,sample_material,stool sample77,1,0.0
Environment,sample_material,stool sample100,1,0.0
Environment,sample_material,stool sample84,1,0.0
Environment,sample_material,stool sample145,1,0.0
Environment,sample_material,stool sample128,1,0.0
Environment,sample_material,stool sample175,1,0.0
Environment,sample_material,stool sample166,1,0.0
Environment,sample_material,stool sample50,1,0.0
Environment,sample_material,stool sample42,1,0.0
Environment,sample_material,stool sample38,1,0.0
Environment,sample_material,stool sample27,1,0.0
Environment,sample_material,stool sample107,1,0.0
Environment,sample_material,mini-bronchoalveolar lavage bs-3854,1,0.0
Environment,sample_material,mini-bronchoalveolar lavage bs-3888,1,0.0
Environment,sample_material,mini-bronchoalveolar lavage bs-3401,1,0.0
Environment,sample_material,mini-bronchoalveolar lavage bs-2532,1,0.0
Environment,sample_material,bronchoalveolar lavage bs-3924,1,0.0
Environment,sample_material,bronchoalveolar lavage bs-3923,1,0.0
Environment,sample_material,bronchoalveolar lavage bs-3918,1,0.0
Environment,sample_material,bronchoalveolar lavage bs-3898,1,0.0
Environment,sample_material,bronchoalveolar lavage bs-2815,1,0.0
Environment,sample_material,mouth swab,1,0.0
Environment,sample_material,bulk soil d14p6_bs,1,0.0
Environment,sample_material,bulk soil d11p3_bs,1,0.0
Environment,sample_material,bulk soil d12p6_bs,1,0.0
Environment,sample_material,root endophyte,1,0.0
Environment,sample_material,camellia oleifera plantation soils 3,1,0.0
Environment,sample_material,camellia oleifera plantation gut g1,1,0.0
Environment,sample_material,p19-1,1,0.0
Environment,sample_material,freshwater metagenome mg6-r1,1,0.0
Environment,sample_material,foodon:00001071,1,0.0
Environment,sample_material,rainwater,1,0.0
Environment,sample_material,rhizosphere soil27_1,1,0.0
Environment,sample_material,rhizosphere soil12_1,1,0.0
Environment,sample_material,rhizosphere soil18_1,1,0.0
Environment,sample_material,rhizosphere soil21_1,1,0.0
Environment,sample_material,bottom bulk soil2_1,1,0.0
Environment,sample_material,bottom bulk soil20_1,1,0.0
Environment,sample_material,bottom bulk soil25_1,1,0.0
Environment,sample_material,methanogenic reactor granules,1,0.0
Environment,sample_material,pool of 9 worker bees,1,0.0
Environment,sample_material,lab grown,1,0.0
Environment,sample_material,nasopharyngeal sample,1,0.0
Environment,sample_material,activated biomass in a lab-scale reactor treating industrial wastewater at 2 ppm do,1,0.0
Environment,sample_material,urine_sample:s53ar2_group:infected_sex:male_age:68_chronic underlying diseases:0,1,0.0
Environment,sample_material,urine_sample:s30al2_group:uninfected_sex:male_age:77_chronic underlying diseases:0,1,0.0
Environment,sample_material,day 1,1,0.0
Environment,sample_material,peanut rhizosphere:replicate 4 of p5 treatment,1,0.0
Environment,sample_material,kelp blade surface swab,1,0.0
Environment,sample_material,pig manure|manure pit,1,0.0
Environment,sample_material,surface swab - inhaler,1,0.0
Environment,sample_material,surface swab - fan,1,0.0
Environment,sample_material,lab overhead 3 on the international space station,1,0.0
Environment,sample_material,node 2 port crew quarters exterior aft wall on the international space station,1,0.0
Environment,sample_material,port panel next to cupola on the international space station,1,0.0
Environment,sample_material,marine snow,1,0.0
Environment,sample_material,wbxbcg-repeat-2-2,1,0.0
Environment,sample_material,wbxbcg-repeat-33-2,1,0.0
Environment,sample_material,wbxbcg-repeat-24-1,1,0.0
Environment,sample_material,ocular lesion,1,0.0
Environment,sample_material,plastisphere,1,0.0
Environment,sample_material,active sludge of wastewater treatment plant,1,0.0
Environment,sample_material,swineresearchfacility_2b4,1,0.0
Environment,sample_material,swineresearchfacility_3b3,1,0.0
Environment,sample_material,swineresearchfacility_2a6,1,0.0
Environment,sample_material,swineresearchfacility_2a2,1,0.0
Environment,sample_material,swineresearchfacility_1b6,1,0.0
Environment,sample_material,swineresearchfacility_3a3,1,0.0
Environment,sample_material,swineresearchfacility_3a6,1,0.0
Environment,sample_material,swineresearchfacility_3b6,1,0.0
Environment,sample_material,swineresearchfacility_1a6,1,0.0
Environment,sample_material,swineresearchfacility_2b6,1,0.0
Environment,sample_material,swineresearchfacility_3b1,1,0.0
Environment,sample_material,swineresearchfacility_1a1,1,0.0
Environment,sample_material,aquaculture waters,1,0.0
Environment,sample_material,rumen microbiome,1,0.0
Environment,sample_material,43.66 n 79.40 w,1,0.0
Environment,sample_material,head skin collected from wg1,1,0.0
Environment,sample_material,cattle waste-10,1,0.0
Environment,sample_material,cattle waste-5,1,0.0
Environment,sample_material,sample 25 is from neonatal small intestinal content,1,0.0
Environment,sample_material,sample 15 is from neonatal small intestinal content,1,0.0
Environment,sample_material,subsurface rock core,1,0.0
Environment,sample_material,polymer - pe (foodon: 03500017),1,0.0
Environment,sample_material,ballast water,1,0.0
Environment,sample_material,soil on the surface of skeletal remain,1,0.0
Environment,sample_material,sea surface,1,0.0
Environment,sample_material,captive,1,0.0
Environment,sample_material,feces from xx-0,1,0.0
Environment,sample_material,feces from zcy-4,1,0.0
Environment,sample_material,feces from zcy-0,1,0.0
Environment,sample_material,tooth,1,0.0
Environment,sample_material,fecal sample 5 from infant 2,1,0.0
Environment,sample_material,fecal sample 8 from infant 2,1,0.0
Environment,sample_material,hotspring waters,1,0.0
Environment,sample_material,purple soil,1,0.0
Environment,sample_material,stool sample119,1,0.0
Environment,sample_material,stool sample98,1,0.0
Environment,sample_material,stool sample159,1,0.0
Environment,sample_material,stool sample86,1,0.0
Environment,sample_material,stool sample79,1,0.0
Environment,sample_material,stool sample72,1,0.0
Environment,sample_material,suspended biomass in bioreactor1,1,0.0
Environment,sample_material,terrestrial hot spring,1,0.0
Environment,sample_material,knee,1,0.0
Environment,sample_material,hip,1,0.0
Environment,sample_material,tibia,1,0.0
Environment,sample_material,skin microbiome,1,0.0
Environment,sample_material,red soil,1,0.0
Environment,sample_material,yellow cinnamon soil,1,0.0
Environment,sample_material,dease strait (canadian arctic),1,0.0
Environment,sample_material,public drinking fountain water,1,0.0
Environment,sample_material,peat core collected from lox8 in the florida everglades,1,0.0
Environment,sample_material,peat core collected from 3a-n in the florida everglades,1,0.0
Environment,sample_material,"bran-feeding trial superworm gut microbiome, replicate 3",1,0.0
Environment,sample_material,hunan childrens hospital,1,0.0
Environment,sample_material,tick,1,0.0
Environment,sample_material,amazon river,1,0.0
Environment,sample_material,itaya river,1,0.0
Environment,sample_material,feces from p12_0,1,0.0
Environment,sample_material,feces from p4_8,1,0.0
Environment,sample_material,feces from p1_0,1,0.0
Environment,sample_material,subclinical,1,0.0
Environment,sample_material,infant faecal sample,1,0.0
Environment,sample_material,crater-lake active volcano hot spring,1,0.0
Environment,sample_material,nasal swab 2,1,0.0
Environment,sample_material,feces sample1,1,0.0
Environment,sample_material,brackish water,1,0.0
Environment,sample_material,pure cultures of seven bacterial and one fungal strains,1,0.0
Environment,sample_material,"guano, happy valley bats",1,0.0
Environment,sample_material,sea-surface microlayer,1,0.0
Environment,sample_material,pcmp_s.7s|2156|rumen,1,0.0
Environment,sample_material,pcmp_s.1s|2273|rumen,1,0.0
Environment,sample_material,aeration tank,1,0.0
Environment,sample_material,rumen contents of butchered goat from slaughter-house,1,0.0
Environment,sample_material,sediment_3,1,0.0
Environment,sample_material,anaerobic digester sludge from wastewater treatment plant,1,0.0
Environment,sample_material,p007,1,0.0
Environment,sample_material,p083,1,0.0
Environment,sample_material,p039,1,0.0
Environment,sample_material,p002,1,0.0
Environment,sample_material,p031,1,0.0
Environment,sample_material,p176,1,0.0
Environment,sample_material,p171,1,0.0
Environment,sample_material,p072,1,0.0
Environment,sample_material,p064,1,0.0
Environment,sample_material,p056,1,0.0
Environment,sample_material,p153,1,0.0
Environment,sample_material,p118,1,0.0
Environment,sample_material,p009,1,0.0
Environment,sample_material,p106,1,0.0
Environment,sample_material,h15,1,0.0
Environment,sample_material,limestone rock,1,0.0
Environment,sample_material,mli aspirate,1,0.0
Environment,sample_material,phycosphere of toxic marne dinoflagellate,1,0.0
Environment,sample_material,chehrabad salt mine,1,0.0
Environment,sample_material,3rd instar larvae,1,0.0
Environment,sample_material,cecum-shotgun9,1,0.0
Environment,sample_material,capsule 1,1,0.0
Environment,sample_material,on rock,1,0.0
Environment,sample_material,mangrove tissue,1,0.0
Environment,sample_material,peat moss from sphagnum bog,1,0.0
Environment,sample_material,marine hydrothermal vent chimney,1,0.0
Environment,sample_material,bioaerosol,1,0.0
Environment,sample_material,"subalpine grassland, elevational gradient 3200",1,0.0
Environment,sample_material,"subalpine grassland, elevational gradient 2900",1,0.0
Environment,sample_material,milk medium with s. thermophilus infected by lytic phage 2972 at multiplicities of infection (moi); phage-to-host abundance ratio of 2; day 25 (phage lost at day 35),1,0.0
Environment,sample_material,milk medium with s. thermophilus infected by lytic phage 2972 at multiplicities of infection (moi); phage-to-host abundance ratio of 2; day 35 (phage lost at day 35),1,0.0
Environment,sample_material,milk medium with s. thermophilus infected by lytic phage 2972 at multiplicities of infection (moi); phage-to-host abundance ratio of 10; day 140,1,0.0
Environment,sample_material,cold seep 1,1,0.0
Environment,sample_material,endocervical,1,0.0
Environment,sample_material,agriculture soil,1,0.0
Environment,sample_material,mice fecal genomic dna was extracted from the stool samples.,1,0.0
Environment,sample_material,anoxic sediments,1,0.0
Environment,sample_material,atta colombica fungus garden,1,0.0
Environment,sample_material,activated sludge s4,1,0.0
Environment,sample_material,activated sludge s10,1,0.0
Environment,sample_material,gut content of apis cerana,1,0.0
Environment,sample_material,"rapid sand filter in dwtp druten, the netherlands",1,0.0
Environment,sample_material,cecum-shotgun12,1,0.0
Environment,sample_material,cecum-shotgun4,1,0.0
Environment,sample_material,amazonian floodplain sediment,1,0.0
Environment,sample_material,cecum-16,1,0.0
Environment,sample_material,cecum-13,1,0.0
Environment,sample_material,rawalpindi,1,0.0
Environment,sample_material,rhizosphere soil sample,1,0.0
Environment,sample_material,oil production water sample,1,0.0
Environment,sample_material,h10,1,0.0
Environment,sample_material,h25,1,0.0
Environment,sample_material,road dust,1,0.0
Environment,sample_material,road soil,1,0.0
Environment,sample_material,tsp,1,0.0
Environment,sample_material,respiratory tract sample,1,0.0
Environment,sample_material,wastewater enrichment,1,0.0
Environment,sample_material,neylon bags containing ground oat straw placed in sod-podzolic soil,1,0.0
Environment,sample_material,"surface water, station 6",1,0.0
Environment,sample_material,coastal saline-alkali soil,1,0.0
Environment,sample_material,alveolar lavage fluid samples 55,1,0.0
Environment,sample_material,"rattus norvegicus blood, brain, feces, liver, lung, oral swab, skin swab",1,0.0
Environment,sample_material,"kimberly, id",1,0.0
Environment,sample_material,(soil),1,0.0
Environment,sample_material,chicken duodenum,1,0.0
Environment,sample_material,microalgal biofuel cultivation pond,1,0.0
Environment,sample_material,x010,1,0.0
Environment,sample_material,x090,1,0.0
Environment,sample_material,x082,1,0.0
Environment,sample_material,x080,1,0.0
Environment,sample_material,x071,1,0.0
Environment,sample_material,x099,1,0.0
Environment,sample_material,x020,1,0.0
Environment,sample_material,x111,1,0.0
Environment,sample_material,oil reservoir sample i2,1,0.0
Environment,sample_material,epidermis,1,0.0
Environment,sample_material,desert spring sediment,1,0.0
Environment,sample_material,swine manure11,1,0.0
Environment,sample_material,swine manure8,1,0.0
Environment,sample_material,cardiac valvular,1,0.0
Environment,sample_material,whey from cheesemaking,1,0.0
Environment,sample_material,raw cow milk bark wrapped washed rind cheese,1,0.0
Environment,sample_material,soil depth80_100cm,1,0.0
Environment,sample_material,ot97,1,0.0
Environment,sample_material,ot50,1,0.0
Environment,sample_material,ot46,1,0.0
Environment,sample_material,ot19,1,0.0
Environment,sample_material,bl84,1,0.0
Environment,sample_material,bl79,1,0.0
Environment,sample_material,ot62,1,0.0
Environment,sample_material,ba20,1,0.0
Environment,sample_material,meibum,1,0.0
Environment,sample_material,bohai sea,1,0.0
Environment,sample_material,sour yak milk sample,1,0.0
Environment,sample_material,cre agar culture,1,0.0
Environment,sample_material,kpc agar culture,1,0.0
Environment,sample_material,backslope 60cm depth,1,0.0
Environment,sample_material,coastal water from the ellen browning scripps memorial pier,1,0.0
Environment,sample_material,human oral cavity,1,0.0
Environment,sample_material,nodule surface soil of root nodule3,1,0.0
Environment,sample_material,dilute hydrothermal plume,1,0.0
Environment,sample_material,biogas fermenter,1,0.0
Environment,sample_material,extraction blank control,1,0.0
Environment,sample_material,water and sediment,1,0.0
Environment,sample_material,ecological wastewater treatment plant,1,0.0
Environment,sample_material,dp554a,1,0.0
Environment,sample_material,dp197a,1,0.0
Environment,sample_material,stool 137,1,0.0
Environment,sample_material,stool 128,1,0.0
Environment,sample_material,stool 119,1,0.0
Environment,sample_material,asbestos mine pit pond,1,0.0
Environment,sample_material,bl251,1,0.0
Environment,sample_material,bl177,1,0.0
Environment,sample_material,bl170,1,0.0
Environment,sample_material,bl098,1,0.0
Environment,sample_material,bl060,1,0.0
Environment,sample_material,bl230,1,0.0
Environment,sample_material,bl119,1,0.0
Environment,sample_material,bl103,1,0.0
Environment,sample_material,bl101,1,0.0
Environment,sample_material,rifle well cd01 at 16ft depth; 0.2 micron filter at time point c,1,0.0
Environment,sample_material,uranium polluted soil from depth 15-30cm,1,0.0
Environment,sample_material,barn floor,1,0.0
Environment,sample_material,carcasses,1,0.0
Environment,sample_material,full-scale 5# reactor,1,0.0
Environment,sample_material,salivary glands of 10 female ticks,1,0.0
Environment,sample_material,50 whole ticks,1,0.0
Environment,sample_material,red sea water column station 108 - depth 100m,1,0.0
Environment,sample_material,red sea water column station 149 - depth 500m,1,0.0
Environment,sample_material,red sea water column station 169 - depth 10m,1,0.0
Environment,sample_material,red sea water column station 169 - depth 200m,1,0.0
Environment,sample_material,surface ocean,1,0.0
Environment,sample_material,creek water,1,0.0
Environment,sample_material,anaerobic digestor,1,0.0
Environment,sample_material,anaerobic digestor r1,1,0.0
Environment,sample_material,sequence of the internal microbiota in aedes albopictus after exposure to -cypermethrin,1,0.0
Environment,sample_material,08,1,0.0
Environment,sample_material,chicken ileum mucosa,1,0.0
Environment,sample_material,chicken ileum lumen,1,0.0
Environment,sample_material,bottom sediment2_1,1,0.0
Environment,sample_material,bottom bank soil30_1,1,0.0
Environment,sample_material,"sample #3730, push core (pc) 16 from cruise r/v atlantis leg at-15-68, alvin dive 4635 at hydrate ridge south from a site of active methane seepage, the upper 0-6 cm of sediment from the push core was used",1,0.0
Environment,sample_material,piglet feces,1,0.0
Environment,sample_material,river cyanobacterial mat w3-f,1,0.0
Environment,sample_material,feces from sow,1,0.0
Environment,sample_material,feces from boar,1,0.0
Environment,sample_material,rhizoplane from acer saccharum and root order r1/2 block 6,1,0.0
Environment,sample_material,rhizoplane from liriodendron tulipifera and root order r4/5 block 6,1,0.0
Environment,sample_material,rhizoplane from quercus rubra and root order r4/5 block 5,1,0.0
Environment,sample_material,mangrove sediments,1,0.0
Environment,sample_material,natural soil,1,0.0
Environment,sample_material,sp_f,1,0.0
Environment,sample_material,sp_c,1,0.0
Environment,sample_material,tick pool10,1,0.0
Environment,sample_material,tick pool37,1,0.0
Environment,sample_material,zd7_feces,1,0.0
Environment,sample_material,red sea,1,0.0
Environment,sample_material,anaerobic fermentation material,1,0.0
Environment,sample_material,"0.1 um filter, med size insert library",1,0.0
Environment,sample_material,haemaphysalis concinna,1,0.0
Environment,sample_material,spinal biopsy tissue sample 85,1,0.0
Environment,sample_material,spinal biopsy tissue sample 68,1,0.0
Environment,sample_material,spinal biopsy tissue sample 64,1,0.0
Environment,sample_material,spinal biopsy tissue sample 7,1,0.0
Environment,sample_material,spinal biopsy tissue sample 60,1,0.0
Environment,sample_material,spinal biopsy tissue sample 55,1,0.0
Environment,sample_material,spinal biopsy tissue sample 48,1,0.0
Environment,sample_material,spinal biopsy tissue sample 21,1,0.0
Environment,sample_material,constructed wetland,1,0.0
Environment,sample_material,wastewater samples,1,0.0
Environment,sample_material,rhizospheric soil d24p4_rs_a,1,0.0
Environment,sample_material,total dna 2nd season day 90 plot 2 rhizospheric soil,1,0.0
Environment,sample_material,bulk soil d24p2_bs_b,1,0.0
Environment,sample_material,rhizospheric soil d32p1_rs,1,0.0
Environment,sample_material,puerto rico soil,1,0.0
Environment,sample_material,wheat rhizosphere,1,0.0
Environment,sample_material,g3bkb bulk soil,1,0.0
Environment,sample_material,g3akb bulk soil,1,0.0
Environment,sample_material,g3cp bulk soil,1,0.0
Environment,sample_material,alfalfa7,1,0.0
Environment,sample_material,alfalfa5,1,0.0
Environment,sample_material,fecal_sample-106-010,1,0.0
Environment,sample_material,salivary gland,1,0.0
Environment,sample_material,ulcers,1,0.0
Environment,sample_material,long-term tobacco planted soil with conventional fertilization,1,0.0
Environment,sample_material,gut sample from infant #7 dol 17,1,0.0
Environment,sample_material,gut sample from infant #4 dol 10,1,0.0
Environment,sample_material,mouth sample from infant #10 dol 13,1,0.0
Environment,sample_material,gut sample from infant #4 dol 32,1,0.0
Environment,sample_material,skin sample from infant #16 dol 15,1,0.0
Environment,sample_material,mouth sample from infant #9 dol 57,1,0.0
Environment,sample_material,mouth sample from infant #14 dol 10,1,0.0
Environment,sample_material,mouth sample from infant #5 dol 59,1,0.0
Environment,sample_material,gut sample from infant #14 dol 27,1,0.0
Environment,sample_material,mouth sample from infant #4 dol 57,1,0.0
Environment,sample_material,reagent-only control from plate 5,1,0.0
Environment,sample_material,skin sample from infant #8 dol 29,1,0.0
Environment,sample_material,"hydrothermal vent in iheya north knoll, replicate 5",1,0.0
Environment,sample_material,"hydrothermal vent in iheya north knoll, replicate 3",1,0.0
Environment,sample_material,"hydrothermal vent in iheya north knoll, replicate 1",1,0.0
Environment,sample_material,"methane seep in formosa ridge, replicate 11",1,0.0
Environment,sample_material,fe,1,0.0
Environment,sample_material,effluent of wwtp using conventional activated sludge technology,1,0.0
Environment,sample_material,prepackaged fresh spinach spiked with listeria monocytogenes,1,0.0
Environment,sample_material,rhizosphere soil (100 mm nacl treated),1,0.0
Environment,sample_material,rhizosphere soil (200 mm nacl treated),1,0.0
Environment,sample_material,milk sample,1,0.0
Environment,sample_material,feces34,1,0.0
Environment,sample_material,feces206,1,0.0
Environment,sample_material,feces195,1,0.0
Environment,sample_material,feces190,1,0.0
Environment,sample_material,feces68,1,0.0
Environment,sample_material,feces66,1,0.0
Environment,sample_material,feces63,1,0.0
Environment,sample_material,feces129,1,0.0
Environment,sample_material,feces128,1,0.0
Environment,sample_material,feces95,1,0.0
Environment,sample_material,feces78,1,0.0
Environment,sample_material,feces123,1,0.0
Environment,sample_material,feces110,1,0.0
Environment,sample_material,feces103,1,0.0
Environment,sample_material,faeces 53,1,0.0
Environment,sample_material,faeces 51,1,0.0
Environment,sample_material,faeces 23,1,0.0
Environment,sample_material,marine sediment; mid-chain alkane-oxidizing enrichment culture at 70c,1,0.0
Environment,sample_material,rockleigh water path,1,0.0
Environment,sample_material,queretaro,1,0.0
Environment,sample_material,sligo creek [gaz:00209961],1,0.0
Environment,sample_material,fumarolic emissions,1,0.0
Environment,sample_material,mud pool,1,0.0
Environment,sample_material,mice cecum,1,0.0
Environment,sample_material,s_p_4700_7,1,0.0
Environment,sample_material,s_p_3900_8,1,0.0
Environment,sample_material,s_p_3900_3,1,0.0
Environment,sample_material,floor swab,1,0.0
Environment,sample_material,chicken ceca,1,0.0
Environment,sample_material,synthetic mixture,1,0.0
Environment,sample_material,water[chebi:15377],1,0.0
Environment,sample_material,microbial communities on the surface of murals in the middle room of the qinling tomb,1,0.0
Environment,sample_material,rhizosphere mg21,1,0.0
Environment,sample_material,endophyte mg52,1,0.0
Environment,sample_material,"fish intestinal contents, gills and tissues",1,0.0
Environment,sample_material,flat gracilaria,1,0.0
Environment,sample_material,laboratory setting,1,0.0
Environment,sample_material,deep-sea sediment,1,0.0
Environment,sample_material,coarse beach sand|gravel|sandy sediment,1,0.0
Environment,sample_material,zebrafish larvae gut,1,0.0
Environment,sample_material,mud volcano,1,0.0
Environment,sample_material,fecal material 18,1,0.0
Environment,sample_material,fecal material 14,1,0.0
Environment,sample_material,fecal material 93,1,0.0
Environment,sample_material,fecal material 68,1,0.0
Environment,sample_material,fecal material 26,1,0.0
Environment,sample_material,fecal material 24,1,0.0
Environment,sample_material,coastal sediment of india,1,0.0
Environment,sample_material,production water,1,0.0
Environment,sample_material,anchialine cave,1,0.0
Environment,sample_material,n3_0-2_3_m,1,0.0
Environment,sample_material,foodon_03411161,1,0.0
Environment,sample_material,date palm sap,1,0.0
Environment,sample_material,plant assosiated,1,0.0
Environment,sample_material,af_sjg_yayy,1,0.0
Environment,sample_material,af_352_yayy,1,0.0
Environment,sample_material,af_116_yayy,1,0.0
Environment,sample_material,pa_m1m3_e4-5_yayy,1,0.0
Environment,sample_material,af_zg-95_yayy,1,0.0
Environment,sample_material,af_215_yayy,1,0.0
Environment,sample_material,af_207_yayy,1,0.0
Environment,sample_material,af_390_yayy,1,0.0
Environment,sample_material,af_325_yayy,1,0.0
Environment,sample_material,af_488_yayy,1,0.0
Environment,sample_material,af_465_yayy,1,0.0
Environment,sample_material,af_382_yayy,1,0.0
Environment,sample_material,af_487_yayy,1,0.0
Environment,sample_material,af_464_yayy,1,0.0
Environment,sample_material,pa_m2m4_e1-1_yayy,1,0.0
Environment,sample_material,pa_p1_nc-3_yayy,1,0.0
Environment,sample_material,pa_p1_nc-2_yayy,1,0.0
Environment,sample_material,pa_i-2_yayy,1,0.0
Environment,sample_material,af_yf-5_yayy,1,0.0
Environment,sample_material,af_yf-1_yayy,1,0.0
Environment,sample_material,af_133_yayy,1,0.0
Environment,sample_material,af_262_yayy,1,0.0
Environment,sample_material,af_zg-80_yayy,1,0.0
Environment,sample_material,af_zg-72_yayy,1,0.0
Environment,sample_material,af_405_yayy,1,0.0
Environment,sample_material,pa_p2_e3-7_yayy,1,0.0
Environment,sample_material,fecal sample 3,1,0.0
Environment,sample_material,thermokarst lake sas 2a 2015 summer oxycline replicate 1,1,0.0
Environment,sample_material,yaan4,1,0.0
Environment,sample_material,yaan12,1,0.0
Environment,sample_material,spleen,1,0.0
Environment,sample_material,faece,1,0.0
Environment,sample_material,intenstine,1,0.0
Environment,sample_material,mouse caecum,1,0.0
Environment,sample_material,jejunal content,1,0.0
Environment,sample_material,kitchen waste,1,0.0
Environment,sample_material,surface agricultural soil sample,1,0.0
Environment,sample_material,hypopharyngeal gland,1,0.0
Environment,sample_material,bacteriome,1,0.0
Environment,sample_material,costal surface sediments,1,0.0
Environment,sample_material,sewage treatment plant,1,0.0
Environment,sample_material,bathroom 1,1,0.0
Environment,sample_material,tissue core,1,0.0
Environment,sample_material,dog urine_post-dev-8,1,0.0
Environment,sample_material,dog urine_dtu16,1,0.0
Environment,sample_material,dog urine_dtu01,1,0.0
Environment,sample_material,wastewater treatment plant-3-oxic,1,0.0
Environment,sample_material,wastewater treatment plant-1&2-influent,1,0.0
Environment,sample_material,caciotta_89_r3_pl2_udp0015,1,0.0
Environment,sample_material,caciotta_171_r3_pl1_udp0066,1,0.0
Environment,sample_material,caciotta_160_r3_pl1_udp0039,1,0.0
Environment,sample_material,caciotta_196_r1_pl3_h10,1,0.0
Environment,sample_material,caciotta_218_r1_pl3_f10,1,0.0
Environment,sample_material,caciotta_220_r1_pl3_a10,1,0.0
Environment,sample_material,caciotta_144_r1_pl2_udp0033,1,0.0
Environment,sample_material,native stool from s1-gbr-01,1,0.0
Environment,sample_material,native stool from s1-srb-02,1,0.0
Environment,sample_material,100 ng/l nor,1,0.0
Environment,sample_material,supragingival,1,0.0
Environment,sample_material,dough staretr,1,0.0
Environment,sample_material,sandy loam,1,0.0
Environment,sample_material,plant rhizosphere,1,0.0
Environment,sample_material,30 sequencing batch reactor activited sludge day 28,1,0.0
Environment,sample_material,soi,1,0.0
Environment,sample_material,metagenome sample from site s5,1,0.0
Environment,sample_material,metagenome sample from site w5,1,0.0
Environment,sample_material,metagenome sample from site w3,1,0.0
Environment,sample_material,tjyk08,1,0.0
Environment,sample_material,tjyk06,1,0.0
Environment,sample_material,tjyk31,1,0.0
Environment,sample_material,rectum fecal sample from cps19044 at week 23,1,0.0
Environment,sample_material,untreated greywater,1,0.0
Environment,sample_material,treated greywater,1,0.0
Environment,sample_material,ceacum content,1,0.0
Environment,sample_material,decomposed grub inoculated with cellulase mutant p. pacificus time point 1,1,0.0
Environment,sample_material,patapsco river [gaz:00156777],1,0.0
Environment,sample_material,potomoc river [gaz:00002585],1,0.0
Environment,sample_material,marshyhope creek [gaz:00220555],1,0.0
Environment,sample_material,dames quarter creek,1,0.0
Environment,sample_material,nanticoke river [gaz:00156341],1,0.0
Environment,sample_material,antietam creek [gaz:00210094],1,0.0
Environment,sample_material,back river [md] [gaz:00221540],1,0.0
Environment,sample_material,prettyboy reservoir [gaz:00157245],1,0.0
Environment,sample_material,influent of sbr wwtp,1,0.0
Environment,sample_material,lrts,1,0.0
Environment,sample_material,ding'an pig,1,0.0
Environment,sample_material,activated sludge in livestock wastewater treatment plant,1,0.0
Environment,sample_material,miso with lupin seeds,1,0.0
Environment,sample_material,produced fluids from hydraulically fractured shales djb-2 day 1375,1,0.0
Environment,sample_material,produced fluids from hydraulically fractured shales djb-3 day 1301,1,0.0
Environment,sample_material,produced fluids from hydraulically fractured shales djb-3 day 1060,1,0.0
Environment,sample_material,produced fluids from hydraulically fractured shales djb-4 day 88,1,0.0
Environment,sample_material,stream mat,1,0.0
Environment,sample_material,nanjing liuhe landfill,1,0.0
Environment,sample_material,the lower respiratory tract,1,0.0
Environment,sample_material,"groundwater monitoring well (well 22, 62m) for drinking water production, near-pristine (pesticides in ug/l concentration), located in rural agricultural area",1,0.0
Environment,sample_material,v_p29t2,1,0.0
Environment,sample_material,v_p28t2,1,0.0
Environment,sample_material,v_p25t3,1,0.0
Environment,sample_material,v_p24t2,1,0.0
Environment,sample_material,v_p20t2,1,0.0
Environment,sample_material,v_p1t1,1,0.0
Environment,sample_material,v_p18t3,1,0.0
Environment,sample_material,v_p17t2,1,0.0
Environment,sample_material,v_p7t4,1,0.0
Environment,sample_material,v_p6t4,1,0.0
Environment,sample_material,near root soil,1,0.0
Environment,sample_material,inter raw soil,1,0.0
Environment,sample_material,doubanjiang meju,1,0.0
Environment,sample_material,anthracite,1,0.0
Environment,sample_material,meconium_dna_24,1,0.0
Environment,sample_material,"formula fed_dna_71,3",1,0.0
Environment,sample_material,formula fed_dna_69,1,0.0
Environment,sample_material,formula fed_dna_59,1,0.0
Environment,sample_material,formula fed_dna_22,1,0.0
Environment,sample_material,breast fed_dna_34,1,0.0
Environment,sample_material,pseudobulb of guarianthe skinneri,1,0.0
Environment,sample_material,enviornmental air,1,0.0
Environment,sample_material,pore water metagenome hour 18,1,0.0
Environment,sample_material,surface water metagenome hour 42,1,0.0
Environment,sample_material,surface water metagenome hour 21,1,0.0
Environment,sample_material,pore water metagenome hour 45,1,0.0
Environment,sample_material,mouse intestine sample8,1,0.0
Environment,sample_material,mouse intestine sample13,1,0.0
Environment,sample_material,sandy soil | millet rhizosphere,1,0.0
Environment,sample_material,intestine_6,1,0.0
Environment,sample_material,intestine_4,1,0.0
Environment,sample_material,intestine_1,1,0.0
Environment,sample_material,"sediment; 10l reactor in 2020, a nitrate-reducing benzene-degrading subculture nrbc",1,0.0
Environment,sample_material,compost sample,1,0.0
Environment,sample_material,cloacal swabs,1,0.0
Environment,sample_material,"lake water, p+n+c amendment",1,0.0
Environment,sample_material,water sample junea1,1,0.0
Environment,sample_material,enrichment cultures from hot spring sediment,1,0.0
Environment,sample_material,cap-120a,1,0.0
Environment,sample_material,rat 4 colonic region (anaemia),1,0.0
Environment,sample_material,coastal area that highly polluted by crude oil,1,0.0
Environment,sample_material,benchscale reactor 1 fed with chloraminated drinking water,1,0.0
Environment,sample_material,deep subsurface1,1,0.0
Environment,sample_material,anaerobic digestor sludge,1,0.0
Environment,sample_material,anaerobic bioreactor at pulpmill,1,0.0
Environment,sample_material,sediment sample fw306-06,1,0.0
Environment,sample_material,water environmental sample,1,0.0
Environment,sample_material,feces material,1,0.0
Environment,sample_material,ordinary urban river,1,0.0
Environment,sample_material,biofloc rearing seawater,1,0.0
Environment,sample_material,human metagenome;hxcx-fq-2024;balf;4.85137198687084,1,0.0
Environment,sample_material,human metagenome;hxcx-fq-2033;balf;86.2056722419549,1,0.0
Environment,sample_material,human metagenome;hxcx-fq-2013;balf;78.5791295886607,1,0.0
Environment,sample_material,mock community culture pathogenic gut mixture c,1,0.0
Environment,sample_material,pre-enriched stool from s1-ken-07,1,0.0
Environment,sample_material,cyanobium sp. czs 48m enrichment culture from brackish water,1,0.0
Environment,sample_material,groundwater from well h52 incubated with 12c bicarbonate for 21 days,1,0.0
Environment,sample_material,sewage sludge,1,0.0
Environment,sample_material,ck-1,1,0.0
Environment,sample_material,rumen content-94,1,0.0
Environment,sample_material,tissue:lung,1,0.0
Environment,sample_material,pfh3 fecal,1,0.0
Environment,sample_material,tundra transition zone soil,1,0.0
Environment,sample_material,macroalgae,1,0.0
Environment,sample_material,bsdm2 fecal,1,0.0
Environment,sample_material,skin112,1,0.0
Environment,sample_material,honeybee,1,0.0
Environment,sample_material,serra leste,1,0.0
Environment,sample_material,"nanchang insect breeding plant (jiangxi, china)",1,0.0
Environment,sample_material,water-associated12_1,1,0.0
Environment,sample_material,free-living5_1,1,0.0
Environment,sample_material,free-living25_1,1,0.0
Environment,sample_material,surface bank soil7_1,1,0.0
Environment,sample_material,mouse4-cecum,1,0.0
Environment,sample_material,mouse2-cecum,1,0.0
Environment,sample_material,subgingival oral plaque,1,0.0
Environment,sample_material,hkfvt stress,1,0.0
Environment,sample_material,granule sludge,1,0.0
Environment,sample_material,sediment|freshwater,1,0.0
Environment,sample_material,grassy roadside,1,0.0
Environment,sample_material,microalgae-bacteria,1,0.0
Environment,sample_material,heart,1,0.0
Environment,sample_material,plastics,1,0.0
Environment,sample_material,chopping board pmmf,1,0.0
Environment,sample_material,belt 2 amsv,1,0.0
Environment,sample_material,defeather amsv,1,0.0
Environment,sample_material,eviscerator ammf,1,0.0
Environment,sample_material,defeather pmmf,1,0.0
Environment,sample_material,p8.w1,1,0.0
Environment,sample_material,p18.w8,1,0.0
Environment,sample_material,p18.w3,1,0.0
Environment,sample_material,freshwater wetland,1,0.0
Environment,sample_material,gammarus gut,1,0.0
Environment,sample_material,wastewater effluent,1,0.0
Environment,sample_material,feces of animal 1495,1,0.0
Environment,sample_material,feces of animal 1468,1,0.0
Environment,sample_material,feces of animal 517,1,0.0
Environment,sample_material,feces of animal 499,1,0.0
Environment,sample_material,rumen of animal 464,1,0.0
Environment,sample_material,rumen of animal 1464,1,0.0
Environment,sample_material,rumen of animal 499,1,0.0
Environment,sample_material,spent coffee grounds,1,0.0
Environment,sample_material,fish gut12,1,0.0
Environment,sample_material,fish gut6,1,0.0
Environment,sample_material,fish gut4,1,0.0
Environment,sample_material,glass bead of replicate 1,1,0.0
Environment,sample_material,rye bread,1,0.0
Environment,sample_material,nixtamalised fava,1,0.0
Environment,sample_material,fava,1,0.0
Environment,sample_material,cs3,1,0.0
Environment,sample_material,sponge1,1,0.0
Environment,sample_material,pamban sediment,1,0.0
Environment,sample_material,water filtered through pes filter membrane until clogged,1,0.0
Environment,sample_material,black-odor waterbodies,1,0.0
Environment,sample_material,location3 20 km away from the mining area,1,0.0
Environment,sample_material,coastal seawater from mangrove habitat; non-axenic culture pmc1068.18,1,0.0
Environment,sample_material,coastal seawater from mangrove habitat; non-axenic culture pmc1078.18,1,0.0
Environment,sample_material,negative,1,0.0
Environment,sample_material,mediterranean seawater,1,0.0
Environment,sample_material,hydrothermal vent chimney,1,0.0
Environment,sample_material,coast,1,0.0
Environment,sample_material,bee gut,1,0.0
Environment,sample_material,bee abdomen,1,0.0
Environment,sample_material,gut305,1,0.0
Environment,sample_material,diptera (flies),1,0.0
Environment,sample_material,industry c06 - non_food_contact - ripening,1,0.0
Environment,sample_material,industry f01 - final_product a,1,0.0
Environment,sample_material,industry f04 - food_contact - cold,1,0.0
Environment,sample_material,industry f03 - food_contact - packing,1,0.0
Environment,sample_material,industry c04 - food_contact - packing,1,0.0
Environment,sample_material,industry f03 - raw_materials a,1,0.0
Environment,sample_material,industry rc17 - before_ripening - rind b,1,0.0
Environment,sample_material,industry b - raw_materials - brine,1,0.0
Environment,sample_material,industry vb01 - final_product - rind a,1,0.0
Environment,sample_material,industry 32 - final_product - rind b,1,0.0
Environment,sample_material,industry 31 - final_product - rind b,1,0.0
Environment,sample_material,industry 29 - final_product - core b,1,0.0
Environment,sample_material,industry 2 - final_product - rind b,1,0.0
Environment,sample_material,industry vb09 - before_ripening - rind a,1,0.0
Environment,sample_material,industry vb05 - before_ripening - rind a,1,0.0
Environment,sample_material,industry 26 - before_ripening - core a,1,0.0
Environment,sample_material,industry 1 - before_ripening - core b,1,0.0
Environment,sample_material,industry vb15 - raw_materials - whey,1,0.0
Environment,sample_material,industry vb14 - raw_materials - brine,1,0.0
Environment,sample_material,industry i - raw_materials - milk,1,0.0
Environment,sample_material,industry v - final_product - core b,1,0.0
Environment,sample_material,industry 20 - final_product - core a,1,0.0
Environment,sample_material,industry 19 - final_product - rind a,1,0.0
Environment,sample_material,industry 22 - raw_materials - whey,1,0.0
Environment,sample_material,industry vb03 - intermediate_ripening - rind a,1,0.0
Environment,sample_material,industry vb04 - before_ripening - core b,1,0.0
Environment,sample_material,industry 18 - raw_materials - milk,1,0.0
Environment,sample_material,industry vb01 - before_ripening - core a,1,0.0
Environment,sample_material,industry n - final_product - core b,1,0.0
Environment,sample_material,industry h - final_product - core a,1,0.0
Environment,sample_material,industry 7 - final_product - rind a,1,0.0
Environment,sample_material,industry vb11 - before_ripening - rind a,1,0.0
Environment,sample_material,industry o - before_ripening - rind b,1,0.0
Environment,sample_material,industry vb06 - final_product - core a,1,0.0
Environment,sample_material,industry 20 - before_ripening - core a,1,0.0
Environment,sample_material,industry vb13 - raw_materials - milk,1,0.0
Environment,sample_material,industry vb16 - final_product - core a,1,0.0
Environment,sample_material,industry vb15 - final_product - rind c,1,0.0
Environment,sample_material,industry vb14 - final_product - rind c,1,0.0
Environment,sample_material,industry q03 - final_product - rind b,1,0.0
Environment,sample_material,industry q02 - final_product - core a,1,0.0
Environment,sample_material,industry 32 - raw_materials - whey,1,0.0
Environment,sample_material,industry o - final_product - core b,1,0.0
Environment,sample_material,industry 17 - final_product - rind a,1,0.0
Environment,sample_material,industry 16 - final_product - rind a,1,0.0
Environment,sample_material,industry 15 - final_product - rind a,1,0.0
Environment,sample_material,industry v - intermediate_ripening - rind b,1,0.0
Environment,sample_material,industry q08 - before_ripening - rind b,1,0.0
Environment,sample_material,industry 18 - before_ripening - core b,1,0.0
Environment,sample_material,industry 14 - before_ripening - core b,1,0.0
Environment,sample_material,industry 11 - before_ripening - rind b,1,0.0
Environment,sample_material,industry u - raw_materials - brine,1,0.0
Environment,sample_material,industry u - raw_materials - whey,1,0.0
Environment,sample_material,industry q04 - raw_materials - brine,1,0.0
Environment,sample_material,industry 28 - non_food_contact - processing,1,0.0
Environment,sample_material,industry 20 - non_food_contact - processing,1,0.0
Environment,sample_material,industry 19 - non_food_contact - ripening b,1,0.0
Environment,sample_material,industry 18 - non_food_contact - drying,1,0.0
Environment,sample_material,industry 18 - non_food_contact - packing,1,0.0
Environment,sample_material,industry vb16 - food_contact - processing - cheese vats,1,0.0
Environment,sample_material,industry q02 - food_contact - processing - cheese vats,1,0.0
Environment,sample_material,industry 10 - food_contact - ripening,1,0.0
Environment,sample_material,industry rc17 - food_contact - processing - curd shredder and/or draining tables,1,0.0
Environment,sample_material,industry 32 - food_contact - processing - cheese vats,1,0.0
Environment,sample_material,industry 28 - food_contact - packing,1,0.0
Environment,sample_material,industry 23 - food_contact - processing - curd shredder and/or draining tables,1,0.0
Environment,sample_material,industry 21 - food_contact - packing,1,0.0
Environment,sample_material,industry 21 - food_contact - ripening,1,0.0
Environment,sample_material,industry 21 - food_contact - processing - molds and/or molding machines,1,0.0
Environment,sample_material,industry vb03 - non_food_contact - cold,1,0.0
Environment,sample_material,industry q02 - non_food_contact - processing,1,0.0
Environment,sample_material,industry vb02 - food_contact - processing - molds and/or molding machines,1,0.0
Environment,sample_material,industry 7 - food_contact - processing - molds and/or molding machines,1,0.0
Environment,sample_material,industry 15 - food_contact - processing - cheese vats,1,0.0
Environment,sample_material,industry 14 - non_food_contact - packing,1,0.0
Environment,sample_material,industry 9 - food_contact - processing - cheese vats,1,0.0
Environment,sample_material,industry 11 - non_food_contact - ripening,1,0.0
Environment,sample_material,industry 11 - non_food_contact - processing,1,0.0
Environment,sample_material,industry vb14 - food_contact - packing,1,0.0
Environment,sample_material,industry vb04 - food_contact - processing - curd shredder and/or draining tables,1,0.0
Environment,sample_material,industry vb01 - food_contact - processing - molds and/or molding machines,1,0.0
Environment,sample_material,industry vb01 - food_contact - processing - curd shredder and/or draining tables,1,0.0
Environment,sample_material,industry vb01 - food_contact - processing - cheese vats,1,0.0
Environment,sample_material,industry 3 - food_contact - ripening,1,0.0
Environment,sample_material,industry 17 - food_contact - ripening,1,0.0
Environment,sample_material,industry vb07 - non_food_contact - packing,1,0.0
Environment,sample_material,industry d - non_food_contact - processing,1,0.0
Environment,sample_material,industry 29 - non_food_contact - packing,1,0.0
Environment,sample_material,industry 26 - non_food_contact - drying,1,0.0
Environment,sample_material,antarctic volcanic rocks,1,0.0
Environment,sample_material,faecal sample52,1,0.0
Environment,sample_material,faecal sample45,1,0.0
Environment,sample_material,faecal sample44,1,0.0
Environment,sample_material,faecal sample42,1,0.0
Environment,sample_material,faecal sample37,1,0.0
Environment,sample_material,faecal sample28,1,0.0
Environment,sample_material,faecal sample19,1,0.0
Environment,sample_material,faecal sample18,1,0.0
Environment,sample_material,"angelo meadow plot 1, 20cm depth, 6 days after first rain event (27mm)",1,0.0
Environment,sample_material,"angelo meadow plot 1, 40cm depth, 4 days after first rain event (27mm)",1,0.0
Environment,sample_material,"angelo meadow plot 1, 40cm depth, 2 days after first rain event (91mm)",1,0.0
Environment,sample_material,"angelo meadow plot 2, 20cm depth, 2 days after second rain event (91mm)",1,0.0
Environment,sample_material,oryza,1,0.0
Environment,sample_material,sediment sample eb271-05-03,1,0.0
Environment,sample_material,groundwater sample gw271 0.1um filter,1,0.0
Environment,sample_material,human metagenome:mbxd22675_31.51:sputum,1,0.0
Environment,sample_material,human metagenome:maxd18132_39.21:sputum,1,0.0
Environment,sample_material,hot spring sediment from gc-10 spring,1,0.0
Environment,sample_material,primary effluent,1,0.0
Environment,sample_material,wheel,1,0.0
Environment,sample_material,gasket,1,0.0
Environment,sample_material,hypersaline lake,1,0.0
Environment,sample_material,grey_fracture_biological_replicate_5,1,0.0
Environment,sample_material,"water from a water treatment plant, community b (#2), manitoba",1,0.0
Environment,sample_material,feces of the sample105,1,0.0
Environment,sample_material,feces of the sample066,1,0.0
Environment,sample_material,feces of the sample010,1,0.0
Environment,sample_material,feces of the sample078,1,0.0
Environment,sample_material,feces of the sample008,1,0.0
Environment,sample_material,feces of the sample133,1,0.0
Environment,sample_material,feces of the sample041,1,0.0
Environment,sample_material,epithelial cells,1,0.0
Environment,sample_material,human metagenome:npmky0170m:34:sputum,1,0.0
Environment,sample_material,human metagenome:npmky0115m:63:sputum,1,0.0
Environment,sample_material,human metagenome:75:sputum,1,0.0
Environment,sample_material,outdoorair,1,0.0
Environment,sample_material,feces of the sample086,1,0.0
Environment,sample_material,feces of the sample073,1,0.0
Environment,sample_material,feces of the sample064,1,0.0
Environment,sample_material,feces of the sample051,1,0.0
Environment,sample_material,feces of the sample048,1,0.0
Environment,sample_material,feces of the sample170,1,0.0
Environment,sample_material,feces of the sample019,1,0.0
Environment,sample_material,feces of the sample166,1,0.0
Environment,sample_material,feces of the sample080,1,0.0
Environment,sample_material,feces of the sample018,1,0.0
Environment,sample_material,long-term bioreactor inoculated with activated sludge collected from a brewery,1,0.0
Environment,sample_material,zhengzhou central hospital,1,0.0
Environment,sample_material,broiler farm,1,0.0
Environment,sample_material,anaerobic digestion of poultry litter,1,0.0
Environment,sample_material,the rhizosphere soil of apium graveolens linn,1,0.0
Environment,sample_material,"sediments from a chloroalkane-contaminated site in 2001. cultures have been maintained in anaerobic minimal medium ever since, with chloroform, ethanol, and lactate their carbon and energy sources.",1,0.0
Environment,sample_material,gut sample from infant #22 dol 1105,1,0.0
Environment,sample_material,gut sample from infant #174 dol 121,1,0.0
Environment,sample_material,gut sample from infant #171 dol 9,1,0.0
Environment,sample_material,gut sample from infant #171 dol 28,1,0.0
Environment,sample_material,gut sample from infant #130 dol 774,1,0.0
Environment,sample_material,gut sample from infant #123 dol 122,1,0.0
Environment,sample_material,gut sample from infant #98 dol 4,1,0.0
Environment,sample_material,gut sample from infant #82 dol 90,1,0.0
Environment,sample_material,gut sample from infant #57 dol 1179,1,0.0
Environment,sample_material,gut sample from infant #122 dol 31,1,0.0
Environment,sample_material,gut sample from infant #122 dol 756,1,0.0
Environment,sample_material,gut sample from infant #121 dol 243,1,0.0
Environment,sample_material,gut sample from infant #114 dol 123,1,0.0
Environment,sample_material,gut sample from infant #108 dol 1088,1,0.0
Environment,sample_material,gut sample from infant #187 dol 92,1,0.0
Environment,sample_material,gut sample from infant #145 dol 7,1,0.0
Environment,sample_material,gut sample from infant #145 dol 117,1,0.0
Environment,sample_material,gut sample from the mother of infant #102 near birth,1,0.0
Environment,sample_material,gut sample from the mother of infant #101 near year 3,1,0.0
Environment,sample_material,gut sample from the mother of infant #101 near birth,1,0.0
Environment,sample_material,gut sample from infant #7 dol 611,1,0.0
Environment,sample_material,oligotrophic freshwater lake sediment,1,0.0
Environment,sample_material,hypereutrophic freshwater lake sediment,1,0.0
Environment,sample_material,spinal biopsy tissue5,1,0.0
Environment,sample_material,"cycad from new york botanical in new york city, usa",1,0.0
Environment,sample_material,"cycad from the botanical garden francisco xavier clavijero in veracruz, mexico",1,0.0
Environment,sample_material,"wild population in san luis potosi, mexico",1,0.0
Environment,sample_material,nj_sdb cultures,1,0.0
Environment,sample_material,rhizosphere soil (npks + rc treatments),1,0.0
Environment,sample_material,rhizosphere soil (npk + rc treatments),1,0.0
Environment,sample_material,bulk soil (ck + cc treatments),1,0.0
Environment,sample_material,bangkok mrt station floor sample hour3-4,1,0.0
Environment,sample_material,bangkok mrt station handrail sample hour5-6,1,0.0
Environment,sample_material,bangkok mrt station handrail sample hour1-2,1,0.0
Environment,sample_material,rhizosphere under drought conditions,1,0.0
Environment,sample_material,potcontrol,1,0.0
Environment,sample_material,pot,1,0.0
Environment,sample_material,wall,1,0.0
Environment,sample_material,crcontrol,1,0.0
Environment,sample_material,dulan1,1,0.0
Environment,sample_material,cold seep sediments,1,0.0
Environment,sample_material,membrane-aerated biofilm reactor,1,0.0
Environment,sample_material,mouse cecum,1,0.0
Environment,sample_material,asexual filaments,1,0.0
Environment,sample_material,highland,1,0.0
Environment,sample_material,front,1,0.0
Environment,sample_material,"day 14 feces, experiment ae023, mouse a212, 50-member community",1,0.0
Environment,sample_material,"day 14 feces, experiment ae023, mouse a205, 10-member community",1,0.0
Environment,sample_material,"day 14 feces, experiment ae025, mouse a227, 9-member community",1,0.0
Environment,sample_material,"day 14 feces, experiment ae025, mouse a223, 9-member community",1,0.0
Environment,sample_material,"day 0 inoculum, experiment ae019, 10-member community",1,0.0
Environment,sample_material,"day 14 feces, experiment ae016, mouse a109, 5-member community stp11",1,0.0
Environment,sample_material,hypersaline pond,1,0.0
Environment,sample_material,core3_20cmbs,1,0.0
Environment,sample_material,cheek swabs,1,0.0
Environment,sample_material,downstream urban river,1,0.0
Environment,sample_material,3soil,1,0.0
Environment,sample_material,bioretention,1,0.0
Environment,sample_material,pit mud,1,0.0
Environment,sample_material,"soil seepage (lysimeters) adi_h1l3_2_122; h1l3: schneisenweg, forest site, ~30 cm below surface",1,0.0
Environment,sample_material,third continuous planting soil,1,0.0
Environment,sample_material,first planting soil,1,0.0
Environment,sample_material,antarctic soil,1,0.0
Environment,sample_material,marine air,1,0.0
Environment,sample_material,alfalfa silage,1,0.0
Environment,sample_material,sediments-4,1,0.0
Environment,sample_material,wastewater activated sludge,1,0.0
Environment,sample_material,wwtp outdoor air,1,0.0
Environment,sample_material,hospital outdoor air,1,0.0
Environment,sample_material,tundra topsoil,1,0.0
Environment,sample_material,human forehead,1,0.0
Environment,sample_material,school dust,1,0.0
Environment,sample_material,sea sediment,1,0.0
Environment,sample_material,kunlunw12,1,0.0
Environment,sample_material,maduow5,1,0.0
Environment,sample_material,reshuiw6,1,0.0
Environment,sample_material,reshuiw3,1,0.0
Environment,sample_material,haibeiw2,1,0.0
Environment,sample_material,mesophilic anaerobic digester,1,0.0
Environment,sample_material,manure pit,1,0.0
Environment,sample_material,ck_lma_1,1,0.0
Environment,sample_material,bioassay bw treated larva 2,1,0.0
Environment,sample_material,gut content section v,1,0.0
Environment,sample_material,day64 10degc chemostat 2012 inoculated with wadden sea sediment taken from the upper 2 cm of the intertidal flat janssand; spiekeroog backbarrier area,1,0.0
Environment,sample_material,day64 25degc chemostat 2012 inoculated with wadden sea sediment taken from the upper 2 cm of the intertidal flat janssand; spiekeroog backbarrier area,1,0.0
Environment,sample_material,day86 25degc chemostat 2012 inoculated with wadden sea sediment taken from the upper 2 cm of the intertidal flat janssand; spiekeroog backbarrier area,1,0.0
Environment,sample_material,phyllosphere14,1,0.0
Environment,sample_material,phyllosphere12,1,0.0
Environment,sample_material,brain,1,0.0
Environment,sample_material,shipwreck sample2,1,0.0
Environment,sample_material,intestinal mucus,1,0.0
Environment,sample_material,bottom sediments,1,0.0
Environment,sample_material,animal feces,1,0.0
Environment,sample_material,"other benign diagnoses, 6-18 years",1,0.0
Environment,sample_material,aplastic anemia,1,0.0
Environment,sample_material,"cns tumors, 6-18 years_2",1,0.0
Environment,sample_material,"b-all, 3-5 years_1",1,0.0
Environment,sample_material,"solid malign tumors, 0-2 years",1,0.0
Environment,sample_material,t-all,1,0.0
Environment,sample_material,"b-all, 0-2 years",1,0.0
Environment,sample_material,school of chemical engineering and technology,1,0.0
Environment,sample_material,ashby medium and organic fertilizers 19th subculturing,1,0.0
Environment,sample_material,cereal grains,1,0.0
Environment,sample_material,soil 3 ck replicate 1,1,0.0
Environment,sample_material,soil 3 pm replicate 3,1,0.0
Environment,sample_material,soil 1 ck replicate 3,1,0.0
Environment,sample_material,soil 1 ck replicate 2,1,0.0
Environment,sample_material,blood;36.58,1,0.0
Environment,sample_material,blood;40.49,1,0.0
Environment,sample_material,blood;35.30,1,0.0
Environment,sample_material,cd contaminated,1,0.0
Environment,sample_material,not contaminated,1,0.0
Environment,sample_material,ced46st_s67_stool,1,0.0
Environment,sample_material,ucr7_cp04727_s7_mucosa,1,0.0
Environment,sample_material,ced104st_s81_stool,1,0.0
Environment,sample_material,ced96st_s79_stool,1,0.0
Environment,sample_material,feces4,1,0.0
Environment,sample_material,sputum1,1,0.0
Environment,sample_material,edible insects,1,0.0
Environment,sample_material,filter membrane,1,0.0
Environment,sample_material,bumble bee gut,1,0.0
Environment,sample_material,not applicable1,1,0.0
Environment,sample_material,liquid environmental material [envo: 01000830],1,0.0
Environment,sample_material,liquid environmental material [envo: 01000815],1,0.0
Environment,sample_material,chicken farm,1,0.0
Environment,sample_material,arctic beach sediment,1,0.0
Environment,sample_material,wwtp luberetski3,1,0.0
Environment,sample_material,wwtp novoluberetski3,1,0.0
Environment,sample_material,estuary water column,1,0.0
Environment,sample_material,spring water| sediment,1,0.0
Environment,sample_material,nd_1008_584,1,0.0
Environment,sample_material,lo_226_957,1,0.0
Environment,sample_material,nd_1105_542,1,0.0
Environment,sample_material,lo_572_1176,1,0.0
Environment,sample_material,lo_486_1005,1,0.0
Environment,sample_material,nd_386_675,1,0.0
Environment,sample_material,lo_111_1051,1,0.0
Environment,sample_material,lo_286_1145,1,0.0
Environment,sample_material,lo_29_1080,1,0.0
Environment,sample_material,lo_712_1742,1,0.0
Environment,sample_material,lo_432_1160,1,0.0
Environment,sample_material,lo_41_1074,1,0.0
Environment,sample_material,lo_327_1199,1,0.0
Environment,sample_material,lo_543_990,1,0.0
Environment,sample_material,lo_169_1039,1,0.0
Environment,sample_material,cheese starter culture stock_115,1,0.0
Environment,sample_material,cheese starter culture prepered_101,1,0.0
Environment,sample_material,cheese starter culture inkubated_101,1,0.0
Environment,sample_material,cheese starter culture incoulated_190,1,0.0
Environment,sample_material,cheese starter culture starterculture_202,1,0.0
Environment,sample_material,cheese starter culture incoulated_105,1,0.0
Environment,sample_material,cheese starter culture incoulated_101,1,0.0
Environment,sample_material,digestate from a biogas plant,1,0.0
Environment,sample_material,"landfill intermediate cover soils incubation m (methane, no ammonia added) - replicate c",1,0.0
Environment,sample_material,cecum6,1,0.0
Environment,sample_material,ileum1,1,0.0
Environment,sample_material,cecum2,1,0.0
Environment,sample_material,"university of british columbia (ubc), dpt anthropology, canada",1,0.0
Environment,sample_material,museo nacional de colombia (mnc) colombia,1,0.0
Environment,sample_material,lics,1,0.0
Environment,sample_material,environmental mixture samples,1,0.0
Environment,sample_material,tobacco straw and cow manure,1,0.0
Environment,sample_material,bathroom sink,1,0.0
Environment,sample_material,kitchen sink,1,0.0
Environment,sample_material,a region of the ntwetwe pan that was dominated by surface biofilms,1,0.0
Environment,sample_material,ileum conrent sample,1,0.0
Environment,sample_material,potting mix,1,0.0
Environment,sample_material,lab-adapted n2,1,0.0
Environment,sample_material,shower hose biofilm,1,0.0
Environment,sample_material,l6,1,0.0
Environment,sample_material,l5,1,0.0
Environment,sample_material,l13,1,0.0
Environment,sample_material,part 2 of column 1: s-i-s,1,0.0
Environment,sample_material,part 4 of column 4: c-i-c,1,0.0
Environment,sample_material,xgym010,1,0.0
Environment,sample_material,xgym107,1,0.0
Environment,sample_material,xgym077,1,0.0
Environment,sample_material,xgym038,1,0.0
Environment,sample_material,xgym036,1,0.0
Environment,sample_material,xgym035,1,0.0
Environment,sample_material,xgym034,1,0.0
Environment,sample_material,xgym033,1,0.0
Environment,sample_material,xgym092,1,0.0
Environment,sample_material,xgym091,1,0.0
Environment,sample_material,xgym090,1,0.0
Environment,sample_material,xgym069,1,0.0
Environment,sample_material,xgym065,1,0.0
Environment,sample_material,xgym062,1,0.0
Environment,sample_material,xgym059,1,0.0
Environment,sample_material,xgym022,1,0.0
Environment,sample_material,t replicate 3,1,0.0
Environment,sample_material,s replicate 14,1,0.0
Environment,sample_material,s replicate 12,1,0.0
Environment,sample_material,"swab at rump area of beef hide, cull cow",1,0.0
Environment,sample_material,"swab at belly area of beef hide, cull cow",1,0.0
Environment,sample_material,"homogenate of popliteal lymph node of cattle, steer",1,0.0
Environment,sample_material,a31,1,0.0
Environment,sample_material,early time series of decomposition,1,0.0
Environment,sample_material,microbial community dna standard,1,0.0
Environment,sample_material,sewage; dorm a-swab-48h,1,0.0
Environment,sample_material,sewage; dorm a-swab-2h,1,0.0
Environment,sample_material,9soil,1,0.0
Environment,sample_material,"sediments from a chloroalkane-contaminated site in california in 2010. cultures have been maintained in anaerobic minimal medium ever since, with chloroform as their sole carbon and energy source until further enrichment on dichloromethane alone beginning in 2019.",1,0.0
Environment,sample_material,water-colum,1,0.0
Environment,sample_material,around the sargassum strand,1,0.0
Environment,sample_material,coastal area right before beaching,1,0.0
Environment,sample_material,bovine milk fermentation,1,0.0
Environment,sample_material,epilithic biofilm,1,0.0
Environment,sample_material,site 51 particle-attached bacteria,1,0.0
Environment,sample_material,peri-implant sulcus,1,0.0
Environment,sample_material,d26h-human_dysbiotic,1,0.0
Environment,sample_material,greenhouse potted plants,1,0.0
Environment,sample_material,larva,1,0.0
Environment,sample_material,surface sediment,1,0.0
Environment,sample_material,pool_33w,1,0.0
Environment,sample_material,pus,1,0.0
Environment,sample_material,1 g/l ammonia_d2,1,0.0
Environment,sample_material,a2-mgv primary?settling?tank,1,0.0
Environment,sample_material,gxs,1,0.0
Environment,sample_material,jz-2,1,0.0
Environment,sample_material,jz-1,1,0.0
Environment,sample_material,22c_female_24,1,0.0
Environment,sample_material,30c_male_10,1,0.0
Environment,sample_material,22c_female_30,1,0.0
Environment,sample_material,30c_male_12,1,0.0
Environment,sample_material,30c_female_04,1,0.0
Environment,sample_material,22c_male_25,1,0.0
Environment,sample_material,sheep manure,1,0.0
Environment,sample_material,hindgut content,1,0.0
Environment,sample_material,48h listeria-enrichment (half-fraser) of non-food contact surfaces food production environmental monitoring zone 1 site i,1,0.0
Environment,sample_material,28h listeria-enrichment (half-fraser) of non-food contact surfaces food production environmental monitoring zone 1 site h,1,0.0
Environment,sample_material,48h listeria-enrichment (half-fraser) of non-food contact surfaces food production environmental monitoring zone 1 site h,1,0.0
Environment,sample_material,48h listeria-enrichment (half-fraser) of non-food contact surfaces food production environmental monitoring zone 1 site e,1,0.0
Environment,sample_material,24h listeria-enrichment (full-fraser) of non-food contact surfaces food production environmental monitoring zone 1 site i,1,0.0
Environment,sample_material,22h listeria-enrichment (full-fraser) of non-food contact surfaces food production environmental monitoring zone 1 site h,1,0.0
Environment,sample_material,desinfected maize radicle (santa helena 5050 variety) grown in isolated environment in sterilized soil - replicate 2,1,0.0
Environment,sample_material,adult insect,1,0.0
Environment,sample_material,supraglacial,1,0.0
Environment,sample_material,wca,1,0.0
Environment,sample_material,near-surface,1,0.0
Environment,sample_material,sd_csha_41,1,0.0
Environment,sample_material,sd_clas_28,1,0.0
Environment,sample_material,sd_clas_27,1,0.0
Environment,sample_material,sd_clas_20,1,0.0
Environment,sample_material,anaerobic digestion sludge_thp20d,1,0.0
Environment,sample_material,hypersaline lake sediment,1,0.0
Environment,sample_material,sediment layer j3_780_781_mar,1,0.0
Environment,sample_material,burned chaparral soil,1,0.0
Environment,sample_material,soil from urban roadside,1,0.0
Environment,sample_material,pm soil6,1,0.0
Environment,sample_material,pm soil20,1,0.0
Environment,sample_material,feces9,1,0.0
Environment,sample_material,feces59,1,0.0
Environment,sample_material,feces49,1,0.0
Environment,sample_material,feces5,1,0.0
Environment,sample_material,feces31,1,0.0
Environment,sample_material,"vegetable tank m, floor near inflow",1,0.0
Environment,sample_material,"tomato gravel bed, below water line",1,0.0
Environment,sample_material,"tomato gravel bed, over water line",1,0.0
Environment,sample_material,"vegetable tank b, floor near outflow",1,0.0
Environment,sample_material,mbbr foam,1,0.0
Environment,sample_material,gulf of mexico,1,0.0
Environment,sample_material,0% salinity biofilm reactor,1,0.0
Environment,sample_material,deep soil sample,1,0.0
Environment,sample_material,6 weeks postpartum motheru stool,1,0.0
Environment,sample_material,6 week old infantn stool,1,0.0
Environment,sample_material,soil from natural rocky habitats and caves,1,0.0
Environment,sample_material,soil from urban other,1,0.0
Environment,sample_material,feces h23,1,0.0
Environment,sample_material,feces t37,1,0.0
Environment,sample_material,feces t21,1,0.0
Environment,sample_material,feces h29,1,0.0
Environment,sample_material,environmental water,1,0.0
Environment,sample_material,environmental34,1,0.0
Environment,sample_material,environmental3,1,0.0
Environment,sample_material,hypersaline soil_area1a_2020,1,0.0
Environment,sample_material,tadpole_tail_b5_s4,1,0.0
Environment,sample_material,id1_day212,1,0.0
Environment,sample_material,zoea6,1,0.0
Environment,sample_material,embryos29,1,0.0
Environment,sample_material,others12,1,0.0
Environment,sample_material,seagrass rhizosphere,1,0.0
Environment,sample_material,id3_day216,1,0.0
Environment,sample_material,vent fluid,1,0.0
Environment,sample_material,id5_day272,1,0.0
Environment,sample_material,bawangling mountain26,1,0.0
Environment,sample_material,id7_day69,1,0.0
Environment,sample_material,rhizosphere10,1,0.0
Environment,sample_material,rhizosphere5,1,0.0
Environment,sample_material,"t2-7cf3, tomato monoculture soil",1,0.0
Environment,sample_material,mockpcr,1,0.0
Environment,sample_material,extraction_blank,1,0.0
Environment,sample_material,ay46,1,0.0
Environment,sample_material,ay34,1,0.0
Environment,sample_material,hypersaline water_c5_b,1,0.0
Environment,sample_material,bloodt24,1,0.0
Environment,sample_material,bloodp26,1,0.0
Environment,sample_material,bloodp02,1,0.0
Environment,sample_material,bloodt04,1,0.0
Environment,sample_material,bloodh15,1,0.0
Environment,sample_material,bloodt31,1,0.0
Environment,sample_material,bloodt29,1,0.0
Environment,sample_material,bloodt26,1,0.0
Environment,sample_material,lake watersy_1901_40m,1,0.0
Environment,sample_material,lake watersy_1901_1m,1,0.0
Environment,sample_material,id9_day244,1,0.0
Environment,sample_material,id10_day61,1,0.0
Environment,sample_material,id11_day62,1,0.0
Environment,sample_material,water_control,1,0.0
Environment,sample_material,id12_day241,1,0.0
Environment,sample_material,blank swab,1,0.0
Environment,sample_material,fine graphite after selenite addition,1,0.0
Environment,sample_material,simulated gastric juice,1,0.0
Environment,sample_material,cattle rumen,1,0.0
Environment,sample_material,sludge metagenome from bes biocathode,1,0.0
Environment,sample_material,"ice from a gap in arctic sea ice ridge, bottom 0-10cm",1,0.0
Environment,sample_material,"ice from a gap in arctic sea ice ridge, refrozen layer 10 cm",1,0.0
Environment,sample_material,"ice from a gap in arctic sea ice ridge, transision in refrozen layer 10 cm",1,0.0
Environment,sample_material,arctic ocean sediment from sediment trap,1,0.0
Environment,sample_material,crab microbiome cs_am_10bc_ni,1,0.0
Environment,sample_material,crab microbiome cs_am_2bc_cp,1,0.0
Environment,sample_material,wastedumpsite,1,0.0
Environment,sample_material,wastewater_sample,1,0.0
Environment,sample_material,dairy,1,0.0
Environment,sample_material,soil grasslands,1,0.0
Environment,sample_material,axillary skin 5,1,0.0
Environment,sample_material,deli_supermarket3,1,0.0
Environment,sample_material,plastic and soil metagenomes soil,1,0.0
Environment,sample_material,terrestrial sediment,1,0.0
Environment,sample_material,the metagenomic data from the bioreactor h of coking wastewater oho biological system.,1,0.0
Environment,sample_material,7,1,0.0
Environment,sample_material,55,1,0.0
Environment,sample_material,tcc amended 0v mec-ad reactor,1,0.0
Environment,sample_material,0v mec-ad reactor,1,0.0
Environment,sample_material,full body,1,0.0
Environment,sample_material,35_123,1,0.0
Environment,sample_material,35_118,1,0.0
Environment,sample_material,35_111,1,0.0
Environment,sample_material,area of cropland,1,0.0
Environment,sample_material,environment-soil,1,0.0
Environment,sample_material,environment-leaf,1,0.0
Environment,sample_material,oil field,1,0.0
Environment,sample_material,penile,1,0.0
Environment,sample_material,chicken cecal contents,1,0.0
Environment,sample_material,forest environment,1,0.0
Environment,sample_material,foregut,1,0.0
Environment,sample_material,raw_sed2,1,0.0
Environment,sample_material,negative control (extraction kit),1,0.0
Environment,sample_material,human tracheal aspirates,1,0.0
Environment,sample_material,zymobiomics buffers,1,0.0
Environment,sample_material,"jinhui harbor in shanghai, china, below the depth of 10 m. the sampling sites included 4 estuary locations and 6 river channel locations. the samples were placed in the incubator with 12 h of continuous illumination of 120 mol/m^2/s and 12 h of darkness at 30. 2% (v/v) seed culture of chlorella vulgaris (2 10^6 cells/ml) and 4%(v/v) seed culture of bacillus licheniformis (2 10^6 cfu/ml) was inoculated into the water at day 0 and day 4 respectively.",1,0.0
Environment,sample_material,ciliate,1,0.0
Environment,sample_material,bioreactor_j2_20220409_dna,1,0.0
Environment,sample_material,treated paddy soil,1,0.0
Environment,sample_material,"seawater metagenome (<0.22 m), 60-80m depth",1,0.0
Environment,sample_material,biofilm scraped from tissue and grown in the lab,1,0.0
Environment,sample_material,residual water,1,0.0
Environment,sample_material,bioreactor_j2_20220725_dna,1,0.0
Environment,sample_material,anaerobic digester/ biogas reactor,1,0.0
Environment,sample_material,groundwater from well cl_b-06 sampled in august 2021,1,0.0
Environment,sample_material,lab-scale biogas reactors,1,0.0
Environment,sample_material,shale gas site 15,1,0.0
Environment,sample_material,captive breeding,1,0.0
Environment,sample_material,incubation 3: heated and nitrate-amended 1 day,1,0.0
Environment,sample_material,ft sample 4,1,0.0
Environment,sample_material,nimr sample 4,1,0.0
Environment,sample_material,arable land,1,0.0
Environment,sample_material,hemoculture,1,0.0
Environment,sample_material,tennessee cattle manure 9,1,0.0
Environment,sample_material,alabama cattle water 6,1,0.0
Environment,sample_material,alabama cattle soil 21,1,0.0
Environment,sample_material,wastewater metagenome,1,0.0
Environment,sample_material,ck6,1,0.0
Environment,sample_material,organic fertilizer,1,0.0
Environment,sample_material,guizhou,1,0.0
Environment,sample_material,adult female midgut,1,0.0
Environment,sample_material,22zyd7,1,0.0
Environment,sample_material,s19zye1,1,0.0
Environment,sample_material,s19zyc4,1,0.0
Environment,sample_material,s19zya2,1,0.0
Environment,sample_material,s18zyk6,1,0.0
Environment,sample_material,s18zyi6,1,0.0
Environment,sample_material,s18zyi1,1,0.0
Environment,sample_material,s18zyh4,1,0.0
Environment,sample_material,s18zyh2,1,0.0
Environment,sample_material,s17zye6,1,0.0
Environment,sample_material,s17zye4,1,0.0
Environment,sample_material,s19zyf5,1,0.0
Environment,sample_material,21zyl7,1,0.0
Environment,sample_material,21zyl1,1,0.0
Environment,sample_material,21zyj4,1,0.0
Environment,sample_material,s20zyf2,1,0.0
Environment,sample_material,21zyf5,1,0.0
Environment,sample_material,s17zyk2,1,0.0
Environment,sample_material,s17zyk5,1,0.0
Environment,sample_material,s17zyh02,1,0.0
Environment,sample_material,seawater of the esat sea,1,0.0
Environment,sample_material,pbs,1,0.0
Environment,sample_material,rectal swab p12,1,0.0
Environment,sample_material,rectal swab p10,1,0.0
Environment,sample_material,rectal swab p08,1,0.0
Environment,sample_material,rectal swab p01,1,0.0
Environment,sample_material,small_intestine,1,0.0
Environment,sample_material,seagrass_sa,1,0.0
Environment,sample_material,culture medium: ycfac,1,0.0
Environment,sample_material,lab environment,1,0.0
Environment,sample_material,grassland soil 20cm from vellozia intermedia during dry season,1,0.0
Environment,sample_material,grassland soil 20cm from vellozia nivea during dry season,1,0.0
Environment,sample_material,industrial waste material,1,0.0
Environment,sample_material,rectum feces,1,0.0
Environment,sample_material,colonic content,1,0.0
Environment,sample_material,greenhouse soil with low amounts of commercial organic fertilizer applied,1,0.0
Environment,sample_material,"kit extraction approach, mouse cage n5f",1,0.0
Environment,sample_material,swine manure compost,1,0.0
Environment,sample_material,wastewater_w80,1,0.0
Environment,sample_material,wastewater_w69,1,0.0
Environment,sample_material,wastewater_w131,1,0.0
Environment,sample_material,wastewater_w5,1,0.0
Environment,sample_material,wastewater_w27,1,0.0
Environment,sample_material,wastewater_w126,1,0.0
Environment,sample_material,wastewater_w78,1,0.0
Environment,sample_material,stored drinking water,1,0.0
Environment,sample_material,"pentane incubation 179, seawater from depth of 1000 m",1,0.0
Environment,sample_material,sediment p42 replicate 2,1,0.0
Environment,sample_material,"metagenomic sequencing of the th group(the samples were collected from everbright water co., ltd.) biological replicate 4",1,0.0
Environment,sample_material,in vitro content,1,0.0
Environment,sample_material,soil1-2-1,1,0.0
Environment,sample_material,soil3-3-2,1,0.0
Environment,sample_material,heathland soil replicate 1,1,0.0
Environment,sample_material,heathland soil replicate 4,1,0.0
Environment,sample_material,individual,1,0.0
Environment,sample_material,bin9 at station sy203,1,0.0
Environment,sample_material,bin16 at station sy196,1,0.0
Environment,sample_material,bin13 at station sy196,1,0.0
Environment,sample_material,bin17 at station sy191,1,0.0
Environment,sample_material,bin20 at station b02,1,0.0
Environment,sample_material,bin38 at station b02,1,0.0
Environment,sample_material,feces of mus musculus,1,0.0
Environment,sample_material,tk21,1,0.0
Environment,sample_material,lin-dna-0 (ont) activated sludge,1,0.0
Environment,sample_material,wastewater/ food waste/ sludge,1,0.0
Environment,sample_material,microcosmic culture experiment,1,0.0
Environment,sample_material,human cerumen,1,0.0
Environment,sample_material,wastewater treatment plant influent,1,0.0
Environment,sample_material,shastri estuary,1,0.0
Environment,sample_material,ulhas estuary,1,0.0
Environment,sample_material,autopsy,1,0.0
Environment,sample_material,mangrove swamp,1,0.0
Environment,sample_material,s42,1,0.0
Environment,sample_material,s75,1,0.0
Environment,sample_material,s96,1,0.0
Environment,sample_material,s21,1,0.0
Environment,sample_material,s153,1,0.0
Environment,sample_material,s16,1,0.0
Environment,sample_material,s150,1,0.0
Environment,sample_material,s70,1,0.0
Environment,sample_material,s76,1,0.0
Environment,sample_material,s172,1,0.0
Environment,sample_material,s2,1,0.0
Environment,sample_material,s23,1,0.0
Environment,sample_material,s69,1,0.0
Environment,sample_material,pork chop 1,1,0.0
Environment,sample_material,unkwnon,1,0.0
Environment,sample_material,dump water,1,0.0
Environment,sample_material,dump sludge,1,0.0
Environment,sample_material,abaxial leaf surface,1,0.0
Environment,sample_material,adaxial leaf surface,1,0.0
Environment,sample_material,bin18 at station s_800_10,1,0.0
Environment,sample_material,bin5 at station l_200_10,1,0.0
Environment,sample_material,bin10 at station s_200_1,1,0.0
Environment,sample_material,bin10 at station s_50_1,1,0.0
Environment,sample_material,bin2 at station s_200_50,1,0.0
Environment,sample_material,bin18 at station s_200_10,1,0.0
Environment,sample_material,basalt-hosted crustal fluids from cork 1362a-bio,1,0.0
Environment,sample_material,peripheral blood,1,0.0
Environment,sample_material,samples collected from 50 um in 800 m at site f,1,0.0
Environment,sample_material,samples collected from 10 um in 800 m at site f,1,0.0
Environment,sample_material,samples collected from 1 um in 800 m at lonqi,1,0.0
Environment,sample_material,intestines,1,0.0
Environment,sample_material,posttreatment,1,0.0
Environment,sample_material,pretreatment,1,0.0
Environment,sample_material,soil21,1,0.0
Environment,sample_material,pitcher plant,1,0.0
Environment,sample_material,pork loin,1,0.0
Environment,sample_material,subglacial sediment in glaciovolcanic cave,1,0.0
Environment,sample_material,m17_071117_feces,1,0.0
Environment,sample_material,m15_221017_feces,1,0.0
Environment,sample_material,m13_201117_feces,1,0.0
Environment,sample_material,f04_050517_feces,1,0.0
Environment,sample_material,f01_080517_feces,1,0.0
Environment,sample_material,hepatopancreas,1,0.0
Environment,sample_material,t1 must sample point d1 replicate a,1,0.0
Environment,sample_material,y2 must sample point d3 replicate a,1,0.0
Environment,sample_material,fermented grain,1,0.0
Environment,sample_material,4.2% cf in the diet,1,0.0
Environment,sample_material,6.8% cf in the diet,1,0.0
Environment,sample_material,"bacteriome,fat body",1,0.0
Environment,sample_material,soil:,1,0.0
Environment,sample_material,"the experimental samples were from the intestinal contents of pigs, which were raised in zengcheng, guangzhou",1,0.0
Environment,sample_material,cando+p bioreactor,1,0.0
Environment,sample_material,vaginal_swab,1,0.0
Environment,sample_material,aquatic,1,0.0
Environment,sample_material,human saliva 10,1,0.0
Environment,sample_material,human saliva 29,1,0.0
Environment,sample_material,tea plantation,1,0.0
Environment,sample_material,coastal saltmarsh wetland 60% increased precipitation plot,1,0.0
Environment,sample_material,glacial ice,1,0.0
Environment,sample_material,rhzosphere,1,0.0
Environment,sample_material,fde,1,0.0
Environment,sample_material,green pond,1,0.0
Environment,sample_material,"samples were collected from 12 counties in ningxia hui autonomous region, china",1,0.0
Environment,sample_material,pangolin scale,1,0.0
Environment,sample_material,holding pen,1,0.0
Environment,sample_material,biofilters,1,0.0
Environment,sample_material,"urban river water in hong kong sar, china",1,0.0
Environment,sample_material,"natrual particles in urban rivers in hong kong sar, china",1,0.0
Environment,sample_material,grassland control 0 day subplot 5,1,0.0
Environment,sample_material,grassland control 0 day subplot 3,1,0.0
Environment,sample_material,cropland control 125 day subplot 1,1,0.0
Environment,sample_material,sample enrichment from the sludge of a waste water treatment plant,1,0.0
Environment,sample_material,ascending colon,1,0.0
Environment,sample_material,shs-69,1,0.0
Environment,sample_material,20cm,1,0.0
Environment,sample_material,"reg_22_09_28_bulk in the greenhouse in uc, davis",1,0.0
Environment,sample_material,cheese r19,1,0.0
Environment,sample_material,cheese r14,1,0.0
Environment,sample_material,industry r04 - raw_materials a,1,0.0
Environment,sample_material,industry r03 - raw_materials b,1,0.0
Environment,sample_material,industry c07 - non_food_contact - cold,1,0.0
Environment,sample_material,industry c07 - non_food_contact - processing,1,0.0
Environment,sample_material,industry c01 - non_food_contact - smoking,1,0.0
Environment,sample_material,industry c06 - non_food_contact - processing,1,0.0
Environment,sample_material,industry c05 - before_ripening a,1,0.0
Environment,sample_material,industry f06 - non_food_contact - smoking,1,0.0
Environment,sample_material,industry f06 - food_contact - processing,1,0.0
Environment,sample_material,industry f04 - non_food_contact - smoking,1,0.0
Environment,sample_material,industry f01 - final_product b,1,0.0
Environment,sample_material,industry f01 - non_food_contact - ripening,1,0.0
Environment,sample_material,industry f01 - non_food_contact - processing,1,0.0
Environment,sample_material,freshwater karstic lagoon,1,0.0
Environment,sample_material,soil25,1,0.0
Environment,sample_material,raw_milk_w_lytic_rind_day_3,1,0.0
Environment,sample_material,raw_milk_c_lytic_core_day_2,1,0.0
Environment,sample_material,raw_milk_c_lytic_core_day_1,1,0.0
Environment,sample_material,soil metagenomics_vo136,1,0.0
Environment,sample_material,soil metagenomics_vo110,1,0.0
Environment,sample_material,soil metagenomics_vo213,1,0.0
Environment,sample_material,soil metagenomics_jw018,1,0.0
Environment,sample_material,soil metagenomics_vo242,1,0.0
Environment,sample_material,soil metagenomics_jw016,1,0.0
Environment,sample_material,soil metagenomics_vo181,1,0.0
Environment,sample_material,colonic chyme,1,0.0
Environment,sample_material,3-lower layer sediment sample,1,0.0
Environment,sample_material,3-upper layer sediment sample,1,0.0
Environment,sample_material,waterlogging,1,0.0
Environment,sample_material,silt loam,1,0.0
Environment,sample_material,experimental evolution,1,0.0
Environment,sample_material,feces 50,1,0.0
Environment,sample_material,feces 04,1,0.0
Environment,sample_material,feces 15,1,0.0
Environment,sample_material,0.22 filter,1,0.0
Environment,sample_material,whole oyster,1,0.0
Environment,sample_material,rumen fluid from hct3 goat,1,0.0
Environment,sample_material,2022_96335,1,0.0
Environment,sample_material,2023_96697,1,0.0
Environment,sample_material,2021_93597,1,0.0
Environment,sample_material,2021_95024,1,0.0
Environment,sample_material,2020_91393,1,0.0
Environment,sample_material,2022_95777,1,0.0
Environment,sample_material,2020_91635,1,0.0
Environment,sample_material,2020_92367,1,0.0
Environment,sample_material,2020_92148,1,0.0
Environment,sample_material,2019_99906,1,0.0
Environment,sample_material,coastal cenote pol-ac,1,0.0
Environment,sample_material,catfish gut pork diet tank 1,1,0.0
Environment,sample_material,soil l12,1,0.0
Environment,sample_material,soil l10,1,0.0
Environment,sample_material,seawage tank of hospital,1,0.0
Environment,sample_material,mixing zone,1,0.0
Environment,sample_material,ca5,1,0.0
Environment,sample_material,hc13,1,0.0
Environment,sample_material,ileal contents,1,0.0
Environment,sample_material,"severe alcoholic hepatitis patient, stool sample, amiens university hospital",1,0.0
Environment,sample_material,bioreactor using biocathode as sole electron donor and carbon dioxide as sole carbon source; ph was maintained at 7.0,1,0.0
Environment,sample_material,respiratory tract from c08,1,0.0
Environment,sample_material,respiratory tract from n04,1,0.0
Environment,sample_material,respiratory tract from c17,1,0.0
Environment,sample_material,chicken litter digestates,1,0.0
Environment,sample_material,coastal sedeiment,1,0.0
Environment,sample_material,runoff5,1,0.0
Environment,sample_material,outfall water17,1,0.0
Environment,sample_material,river water33,1,0.0
Environment,sample_material,bog water|air,1,0.0
Environment,sample_material,ningde,1,0.0
Environment,sample_material,baltic marine sediment,1,0.0
Environment,sample_material,t21,1,0.0
Environment,sample_material,t70be,1,0.0
Environment,sample_material,rh8,1,0.0
Environment,sample_material,t62be,1,0.0
Environment,sample_material,t47be,1,0.0
Environment,sample_material,nh65,1,0.0
Environment,sample_material,t24af,1,0.0
Environment,sample_material,trickle bed reactor r1-30min,1,0.0
Environment,sample_material,x-bat-6,1,0.0
Environment,sample_material,x-rodent-2,1,0.0
Environment,sample_material,stone biofilm external area,1,0.0
Environment,sample_material,gastric biospy,1,0.0
Environment,sample_material,hm403 mucosal-luminal interface aspirates,1,0.0
Environment,sample_material,"samples were collected from 5 counties in gansu province, china",1,0.0
Environment,sample_material,soil in the east direction 5m outside of factory b,1,0.0
Environment,sample_material,sewage from the outlet of sewage tank 1 in a,1,0.0
Environment,sample_material,denitrification sludge9,1,0.0
Environment,sample_material,dss induced mouse 5,1,0.0
Environment,sample_material,sb-rhizosphere,1,0.0
Environment,sample_material,ham,1,0.0
Environment,sample_material,botanical garden,1,0.0
Environment,sample_material,upstream water7,1,0.0
Environment,sample_material,influent water6,1,0.0
Environment,sample_material,external ear canal,1,0.0
Environment,sample_material,fertilized rotary pasture,1,0.0
Environment,sample_material,cave,1,0.0
Environment,sample_material,shotgun microbiome of leavessample code fcvs,1,0.0
Environment,sample_material,shotgun microbiome of soilsample code srla,1,0.0
Environment,sample_material,riverine sediment,1,0.0
Environment,sample_material,g173,1,0.0
Environment,sample_material,g301,1,0.0
Environment,sample_material,g174,1,0.0
Environment,sample_material,g130,1,0.0
Environment,sample_material,g295,1,0.0
Environment,sample_material,n78,1,0.0
Environment,sample_material,u.k. soil,1,0.0
Environment,sample_material,mouse intestine sample91,1,0.0
Environment,sample_material,mouse intestine sample76,1,0.0
Environment,sample_material,mouse intestine sample74,1,0.0
Environment,sample_material,mouse intestine sample61,1,0.0
Environment,sample_material,mouse intestine sample54,1,0.0
Environment,sample_material,mouse intestine sample52,1,0.0
Environment,sample_material,mouse intestine sample1,1,0.0
Environment,sample_material,"braddock bay, ny",1,0.0
Environment,sample_material,"lake eufaula, ok",1,0.0
Environment,sample_material,stool sample of control 18,1,0.0
Environment,sample_material,stool sample of control 12,1,0.0
Environment,sample_material,stool sample of control 7,1,0.0
Environment,sample_material,stool sample of handball 8,1,0.0
Environment,sample_material,stool sample of handball 1,1,0.0
Environment,sample_material,stool sample of bicycle 13,1,0.0
Environment,sample_material,"ijsselmeer, netherlands",1,0.0
Environment,sample_material,"ohio river, louisville, ky",1,0.0
Environment,sample_material,pot soil ck135,1,0.0
Environment,sample_material,pot soil ck83,1,0.0
Environment,sample_material,pot soil ck43,1,0.0
Environment,sample_material,pot soil ck34,1,0.0
Environment,sample_material,pot soil ck21,1,0.0
Environment,sample_material,temperate continental monsoon climate,1,0.0
Environment,sample_material,"enrichment sample from the sludge of a waste water treatment plant in shek wu hui, hong kong",1,0.0
Environment,sample_material,pooled human saliva cultured in shi medium,1,0.0
Environment,sample_material,fecal material 28,1,0.0
Environment,sample_material,fecal material 171,1,0.0
Environment,sample_material,fecal material 168,1,0.0
Environment,sample_material,fecal material 112,1,0.0
Environment,sample_material,fecal material 111,1,0.0
Environment,sample_material,spleen tissue,1,0.0
Environment,sample_material,kidney tissue,1,0.0
Environment,sample_material,mouse fecal sample42,1,0.0
Environment,sample_material,sample9,1,0.0
Environment,sample_material,sample5,1,0.0
Environment,sample_material,mouse fecal sample13,1,0.0
Environment,sample_material,cecal contents from gnotobiotic mouse,1,0.0
Environment,sample_material,mim014_27.7_weeks_gestation_buccal_swab,1,0.0
Environment,sample_material,mim015_28_weeks_gestation_saliva_rinse,1,0.0
Environment,sample_material,mim012_27.9_weeks_gestation_saliva_rinse,1,0.0
Environment,sample_material,mim008_36_weeks_gestation_buccal_swab,1,0.0
Environment,sample_material,mim037_27.6_weeks_gestation_buccal_swab,1,0.0
Environment,sample_material,mim032_27.9_weeks_gestation_buccal_swab,1,0.0
Environment,sample_material,mim027_27.6_weeks_gestation_buccal_swab,1,0.0
Environment,sample_material,mim021_35.7_weeks_gestation_saliva_rinse,1,0.0
Environment,sample_material,mim009_34.6_weeks_gestation_saliva_rinse,1,0.0
Environment,sample_material,mim038_36.3_weeks_gestation_buccal_swab,1,0.0
Environment,sample_material,mim037_27.6_weeks_gestation_saliva_rinse,1,0.0
Environment,sample_material,reactor sample_4,1,0.0
Environment,sample_material,bin14 at station dt_fdz177,1,0.0
Environment,sample_material,bin17 at station dt_fdz173,1,0.0
Environment,sample_material,bin69 at station kt_fdz147,1,0.0
Environment,sample_material,bin15 at station kt_fdz140,1,0.0
Environment,sample_material,bin12 at station kt_fdz147,1,0.0
Environment,sample_material,bin9 at station kt_fdz140,1,0.0
Environment,sample_material,bin59 at station dt_fdz183,1,0.0
Environment,sample_material,soledad_fermentation_vat_water,1,0.0
Environment,sample_material,marillero_initial_fermentation,1,0.0
Environment,sample_material,soledad_soil_1,1,0.0
Environment,sample_material,tained compost s,1,0.0
Environment,sample_material,tissue sponge,1,0.0
Environment,sample_material,wastewater treatment biological reactor,1,0.0
Environment,sample_material,underground cave 7,1,0.0
Environment,sample_material,underground cave 19,1,0.0
Environment,sample_material,underground cave 16,1,0.0
Environment,sample_material,biological,1,0.0
Environment,sample_material,dg29,1,0.0
Environment,sample_material,dg28,1,0.0
Environment,sample_material,dg21,1,0.0
Environment,sample_material,dg8,1,0.0
Environment,sample_material,sl49,1,0.0
Environment,sample_material,sl36,1,0.0
Environment,sample_material,sl32,1,0.0
Environment,sample_material,sl18,1,0.0
Environment,sample_material,carbonate rock,1,0.0
Environment,sample_material,2xmrc s-paa-s-b-s,1,0.0
Environment,sample_material,2xmrc p-s-p-s-p,1,0.0
Environment,sample_material,top soil and first millimetres of vegetation,1,0.0
Environment,sample_material,kr_0007,1,0.0
Environment,sample_material,kr_0003,1,0.0
Environment,sample_material,reactor samples,1,0.0
Environment,sample_material,sediment2,1,0.0
Environment,sample_material,tree hole1,1,0.0
Environment,sample_material,soil1,1,0.0
Environment,sample_material,moss1,1,0.0
Environment,sample_material,chicken meat,1,0.0
Environment,sample_material,simulated artificial wetlands,1,0.0
Environment,sample_material,mining environment,1,0.0
Environment,sample_material,rhizosphere_m90,1,0.0
Environment,sample_material,bulk soil_m85,1,0.0
Environment,sample_material,rhizosphere_m121,1,0.0
Environment,sample_material,rhizosphere_m119,1,0.0
Environment,sample_material,rhizosphere_m107,1,0.0
Environment,sample_material,bulk soil_m2,1,0.0
Environment,sample_material,yueshun aquaculture,1,0.0
Environment,sample_material,os361,1,0.0
Environment,sample_material,os183,1,0.0
Environment,sample_material,os041,1,0.0
Environment,sample_material,os133,1,0.0
Environment,sample_material,os563,1,0.0
Environment,sample_material,os562,1,0.0
Environment,sample_material,os222,1,0.0
Environment,sample_material,"shidou reservoir, upstream",1,0.0
Environment,sample_material,egmore_metro_ticket counter,1,0.0
Environment,sample_material,central_metro_kiosk,1,0.0
Environment,sample_material,teynampet_metro_ticket counter,1,0.0
Environment,sample_material,sediment_ad_1460,1,0.0
Environment,sample_material,sediment_ad_1351,1,0.0
Environment,sample_material,sediment_ad_1412,1,0.0
Environment,sample_material,extraction_blank_ad_1400,1,0.0
Environment,sample_material,sediment_ad_1309,1,0.0
Environment,sample_material,sediment_ad_1318,1,0.0
Environment,sample_material,sediment_ad_1314,1,0.0
Environment,sample_material,sediment_ad_1273,1,0.0
Environment,sample_material,sediment_ad_1271,1,0.0
Environment,sample_material,sediment_ad_1283,1,0.0
Environment,sample_material,"human facial skin , individuals jh114",1,0.0
Environment,sample_material,"human facial skin , individuals jh70",1,0.0
Environment,sample_material,"human facial skin , individuals jh38",1,0.0
Environment,sample_material,"human facial skin , individuals jh188",1,0.0
Environment,sample_material,"human facial skin , individuals jh157",1,0.0
Environment,sample_material,"human facial skin , individuals jh149",1,0.0
Environment,sample_material,from reactor,1,0.0
Environment,sample_material,food waste,1,0.0
Environment,sample_material,stool in large intestine,1,0.0
Environment,sample_material,c436_week_2,1,0.0
Environment,sample_material,university research apiary,1,0.0
Environment,sample_material,spitsbergen,1,0.0
Environment,sample_material,antarctic,1,0.0
Environment,sample_material,the fermentation sample from the first biological replicate of group s3,1,0.0
Environment,sample_material,synthetic produced water,1,0.0
Environment,sample_material,artificial seawater medium,1,0.0
Environment,sample_material,wwtp influent_batch28,1,0.0
Environment,sample_material,microplastic surface,1,0.0
Environment,sample_material,mother stool,1,0.0
Environment,sample_material,soil abbw replicate 3c,1,0.0
Environment,sample_material,soil ab replicate 2b,1,0.0
Environment,sample_material,soil vck replicate 3c,1,0.0
Environment,sample_material,seawater - interbranch (madracis) seawater,1,0.0
Environment,sample_material,seawater - coral boundary layer,1,0.0
Environment,sample_material,feces09,1,0.0
Environment,sample_material,feces29,1,0.0
Environment,sample_material,feces15,1,0.0
Environment,sample_material,"vegetated concretes (herbaceous, scrub, and arboreal)",1,0.0
Environment,sample_material,community,1,0.0
Environment,sample_material,intertidal mud flat,1,0.0
Environment,sample_material,22zyg7,1,0.0
Environment,sample_material,s19zyg2,1,0.0
Environment,sample_material,22zya7,1,0.0
Environment,sample_material,s18zyc06,1,0.0
Environment,sample_material,21zyj2,1,0.0
Environment,sample_material,s19zyb5,1,0.0
Environment,sample_material,s19zyb4,1,0.0
Environment,sample_material,s18zyk3,1,0.0
Environment,sample_material,s17zyj5,1,0.0
Environment,sample_material,s18zya2,1,0.0
Environment,sample_material,s21zyd4,1,0.0
Environment,sample_material,s18zyf3,1,0.0
Environment,sample_material,s18zye1,1,0.0
Environment,sample_material,s20zyg7,1,0.0
Environment,sample_material,s17zyf3,1,0.0
Environment,sample_material,dust samples,1,0.0
Environment,sample_material,kitchen floor,1,0.0
Environment,sample_material,drawing room,1,0.0
Environment,sample_material,freshwater lake surface bloom sample,1,0.0
Environment,sample_material,loin_7,1,0.0
Environment,sample_material,surface_22,1,0.0
Environment,sample_material,surface_7,1,0.0
Environment,sample_material,carcass_28,1,0.0
Environment,sample_material,surface_48,1,0.0
Environment,sample_material,surface_46,1,0.0
Environment,sample_material,sirloin_38,1,0.0
Environment,sample_material,sirloin_30,1,0.0
Environment,sample_material,loin_33,1,0.0
Environment,sample_material,carcass_55,1,0.0
Environment,sample_material,sirloin_16,1,0.0
Environment,sample_material,sirloin_4,1,0.0
Environment,sample_material,metagenome mpm2,1,0.0
Environment,sample_material,metagenome mck3,1,0.0
Environment,sample_material,biofilm from pvc plastic in river,1,0.0
Environment,sample_material,biofilm from pehd plastic in untreated wastewater,1,0.0
Environment,sample_material,biofilm from pehd plastic in river,1,0.0
Environment,sample_material,anoxic sediment from lake cadagno 566 cm,1,0.0
Environment,sample_material,anoxic sediment from lake cadagno 153 cm,1,0.0
Environment,sample_material,soil slurry,1,0.0
Environment,sample_material,dechlorination consortium,1,0.0
Environment,sample_material,vibrio culture,1,0.0
Environment,sample_material,industrial wwtp,1,0.0
Environment,sample_material,mesocosm experiments,1,0.0
Environment,sample_material,fertilized soil 3,1,0.0
Environment,sample_material,sewage sludge wwtp 4,1,0.0
Environment,sample_material,poultry manure,1,0.0
Environment,sample_material,human_throat_h8,1,0.0
Environment,sample_material,treat7102_fecal,1,0.0
Environment,sample_material,treat6102_fecal,1,0.0
Environment,sample_material,ctrl1101_fecal,1,0.0
Environment,sample_material,midgut microbiome,1,0.0
Environment,sample_material,envo：02000059,1,0.0
Environment,sample_material,lake dziani dzaha mayotte_france_0.25m_replicate_b_14_11_2022_0.1_0.2micron fraction,1,0.0
Environment,sample_material,lake dziani dzaha mayotte_france_0.25m_replicate_b_14_06_2022_0.2_3micron fraction,1,0.0
Environment,sample_material,anaerobic sludge after adaptive laboratory evolution,1,0.0
Environment,sample_material,mice cecum 2,1,0.0
Environment,sample_material,envo:\00000078,1,0.0
Environment,sample_material,copepod fecal pellets,1,0.0
Environment,sample_material,aa45,1,0.0
Environment,sample_material,thermophilic stages in composting added with ferrihydrite,1,0.0
Environment,sample_material,"of treament, season7,plot1",1,0.0
Environment,sample_material,station 12527 of lavaca river,1,0.0
Environment,sample_material,station 12525 of lavaca river,1,0.0
Environment,sample_material,bar-headed goose faeces,1,0.0
Environment,sample_material,bean goose faeces,1,0.0
Environment,sample_material,epiphyton,1,0.0
Environment,sample_material,spruce roots,1,0.0
Environment,sample_material,china: hohhot,1,0.0
Environment,sample_material,freshwater lake water,1,0.0
Environment,sample_material,hands,1,0.0
Environment,sample_material,cutting boards,1,0.0
Environment,sample_material,meat 22,1,0.0
Environment,sample_material,debagging table,1,0.0
Environment,sample_material,meat 22 r24,1,0.0
Environment,sample_material,vp bag,1,0.0
Environment,sample_material,meat 77,1,0.0
Environment,sample_material,groundwater metagenome - well h32;sample 2;filter 01um,1,0.0
Environment,sample_material,boiling vent-water,1,0.0
Environment,sample_material,horse sample41,1,0.0
Environment,sample_material,v000394683.fastq.gz,1,0.0
Environment,sample_material,v000391183.fastq.gz,1,0.0
Environment,sample_material,v000363573.fastq.gz,1,0.0
Environment,sample_material,v000556226.fastq.gz,1,0.0
Environment,sample_material,v000525818.fastq.gz,1,0.0
Environment,sample_material,v000521234.fastq.gz,1,0.0
Environment,sample_material,v000507109.fastq.gz,1,0.0
Environment,sample_material,v000504208.fastq.gz,1,0.0
Environment,sample_material,v000501814.fastq.gz,1,0.0
Environment,sample_material,v000332238.fastq.gz,1,0.0
Environment,sample_material,v000468579.fastq.gz,1,0.0
Environment,sample_material,v000468439.fastq.gz,1,0.0
Environment,sample_material,v000463827.fastq.gz,1,0.0
Environment,sample_material,v000434983.fastq.gz,1,0.0
Environment,sample_material,v000433161.fastq.gz,1,0.0
Environment,sample_material,v000430633.fastq.gz,1,0.0
Environment,sample_material,v000409775.fastq.gz,1,0.0
Environment,sample_material,v000408315.fastq.gz,1,0.0
Environment,sample_material,v000401079.fastq.gz,1,0.0
Environment,sample_material,v000385791.fastq.gz,1,0.0
Environment,sample_material,v000380446.fastq.gz,1,0.0
Environment,sample_material,v000377417.fastq.gz,1,0.0
Environment,sample_material,v000377367.fastq.gz,1,0.0
Environment,sample_material,v000520132.fastq.gz,1,0.0
Environment,sample_material,v000517682.fastq.gz,1,0.0
Environment,sample_material,v000516155.fastq.gz,1,0.0
Environment,sample_material,v000515910.fastq.gz,1,0.0
Environment,sample_material,v000498452.fastq.gz,1,0.0
Environment,sample_material,v000332167.fastq.gz,1,0.0
Environment,sample_material,v000454622.fastq.gz,1,0.0
Environment,sample_material,v000327879.fastq.gz,1,0.0
Environment,sample_material,v000427727.fastq.gz,1,0.0
Environment,sample_material,v000426232.fastq.gz,1,0.0
Environment,sample_material,v000423606.fastq.gz,1,0.0
Environment,sample_material,v000399023.fastq.gz,1,0.0
Environment,sample_material,v000396079.fastq.gz,1,0.0
Environment,sample_material,v000540224.fastq.gz,1,0.0
Environment,sample_material,v000539854.fastq.gz,1,0.0
Environment,sample_material,v000333571.fastq.gz,1,0.0
Environment,sample_material,v000507274.fastq.gz,1,0.0
Environment,sample_material,v000507239.fastq.gz,1,0.0
Environment,sample_material,v000488795.fastq.gz,1,0.0
Environment,sample_material,v000480228.fastq.gz,1,0.0
Environment,sample_material,v000480218.fastq.gz,1,0.0
Environment,sample_material,v000453345.fastq.gz,1,0.0
Environment,sample_material,v000449818.fastq.gz,1,0.0
Environment,sample_material,v000449483.fastq.gz,1,0.0
Environment,sample_material,v000447881.fastq.gz,1,0.0
Environment,sample_material,v000533740.fastq.gz,1,0.0
Environment,sample_material,v000336291.fastq.gz,1,0.0
Environment,sample_material,v000473977.fastq.gz,1,0.0
Environment,sample_material,v000440979.fastq.gz,1,0.0
Environment,sample_material,v000325437.fastq.gz,1,0.0
Environment,sample_material,v000415659.fastq.gz,1,0.0
Environment,sample_material,v000388864.fastq.gz,1,0.0
Environment,sample_material,v000387143.fastq.gz,1,0.0
Environment,sample_material,v000387093.fastq.gz,1,0.0
Environment,sample_material,v000386572.fastq.gz,1,0.0
Environment,sample_material,medium urbanization sampleu2-1,1,0.0
Environment,sample_material,medium urbanization sampleu2-11,1,0.0
Environment,sample_material,"umiam lake, shillong",1,0.0
Environment,sample_material,soil_nr8_meta,1,0.0
Environment,sample_material,"soil in hubei province, china",1,0.0
Environment,sample_material,thrombolite,1,0.0
Environment,sample_material,not collected8,1,0.0
Environment,sample_material,not collected35,1,0.0
Environment,sample_material,not collected25,1,0.0
Environment,sample_material,not collected18,1,0.0
Environment,sample_material,not collected17,1,0.0
Environment,sample_material,not collected15,1,0.0
Environment,sample_material,sap,1,0.0
Environment,sample_material,paddy soil in september,1,0.0
Environment,sample_material,paddy soil in august,1,0.0
Environment,sample_material,saliva patient12,1,0.0
Environment,sample_material,sed.dec20,1,0.0
Environment,sample_material,wa.dec11,1,0.0
Environment,sample_material,wa.dec8,1,0.0
Environment,sample_material,topsoil samples,1,0.0
Environment,sample_material,thermal water rising through granite bedrock from a deep aquifer until it meets the surface in a dry stream bed,1,0.0
Environment,sample_material,reservoir surface water,1,0.0
Environment,sample_material,s311719281,1,0.0
Environment,sample_material,s311707078,1,0.0
Environment,sample_material,s311704276,1,0.0
Environment,sample_material,s311702347,1,0.0
Environment,sample_material,s360520938,1,0.0
Environment,sample_material,s356509030,1,0.0
Environment,sample_material,s356449526,1,0.0
Environment,sample_material,s356448509,1,0.0
Environment,sample_material,s311729417,1,0.0
Environment,sample_material,s311720015,1,0.0
Environment,sample_material,s354213081,1,0.0
Environment,sample_material,s362702508,1,0.0
Environment,sample_material,s366807927,1,0.0
Environment,sample_material,s360509287,1,0.0
Environment,sample_material,s360501827,1,0.0
Environment,sample_material,s360501369,1,0.0
Environment,sample_material,s354232649,1,0.0
Environment,sample_material,s311627712,1,0.0
Environment,sample_material,s354222734,1,0.0
Environment,sample_material,s360523748,1,0.0
Environment,sample_material,s356552952,1,0.0
Environment,sample_material,s356455786,1,0.0
Environment,sample_material,s354211780,1,0.0
Environment,sample_material,s354211693,1,0.0
Environment,sample_material,s311686155,1,0.0
Environment,sample_material,s311683775,1,0.0
Environment,sample_material,s311683596,1,0.0
Environment,sample_material,s366837760,1,0.0
Environment,sample_material,s362707877,1,0.0
Environment,sample_material,s362707602,1,0.0
Environment,sample_material,intestineet30c2,1,0.0
Environment,sample_material,intestineet20c1,1,0.0
Environment,sample_material,rumen biome for s020.metag.solid,1,0.0
Environment,sample_material,rumen biome for s056.metag.solid,1,0.0
Environment,sample_material,rumen biome for s046.metag.solid,1,0.0
Environment,sample_material,the cotton soil samples for three continuous cropping,1,0.0
Environment,sample_material,cigar tobacco leaves,1,0.0
Environment,sample_material,crane feces,1,0.0
Environment,sample_material,rumen|ap136|527|8hr|hr|metag,1,0.0
Environment,sample_material,bolus|ap94|518|2hr|lr|metag,1,0.0
Environment,sample_material,rumen|ap68|436|2hr|lr|metag,1,0.0
Environment,sample_material,fecal|ap107|422|2hr|hr|metag,1,0.0
Environment,sample_material,bolus|ap84|358|2hr|hr|metag,1,0.0
Environment,sample_material,bolus|ap99|541|2hr|lr|metag,1,0.0
Environment,sample_material,rumen|ap73|469|2hr|hr|metag,1,0.0
Environment,sample_material,rhizosphere soil4,1,0.0
Environment,sample_material,rhizosphere soil11,1,0.0
Environment,sample_material,hcc-2,1,0.0
Environment,sample_material,artsvanik tailing,1,0.0
Environment,sample_material,soil in the rhizosphere of kiwifruit roots,1,0.0
Environment,sample_material,enrichment from soil,1,0.0
Environment,sample_material,fece p6,1,0.0
Environment,sample_material,fece p3,1,0.0
Environment,sample_material,fece b4,1,0.0
Environment,sample_material,rumen35,1,0.0
Environment,sample_material,rumen13,1,0.0
Environment,sample_material,stone,1,0.0
Environment,sample_material,stool from nc5,1,0.0
Environment,sample_material,stool from ad1,1,0.0
Environment,sample_material,stool from nc21,1,0.0
Environment,sample_material,"tustin, ca",1,0.0
Environment,sample_material,lacustrine soil from urban freshwater wetland,1,0.0
Environment,sample_material,roots and soil,1,0.0
Environment,sample_material,soil sample5,1,0.0
Environment,sample_material,fermented cacao bean mass,1,0.0
Environment,sample_material,"soil, peat swamp forest, maludam site, chamber no. 5",1,0.0
Environment,sample_material,"soil, peat swamp forest, maludam site, chamber no. 4",1,0.0
Environment,sample_material,"canopy soil, oil palm plantation, betong site, chamber no. 3",1,0.0
Environment,sample_material,"litter, peat swamp forest, maludam site, chamber no. 4",1,0.0
Environment,sample_material,"soil, peat swamp forest, maludam site, chamber no. 1",1,0.0
Environment,sample_material,ae9,1,0.0
Environment,sample_material,ae35,1,0.0
Environment,sample_material,ce6,1,0.0
Environment,sample_material,ce31,1,0.0
Environment,sample_material,ae28,1,0.0
Environment,sample_material,ae1,1,0.0
Environment,sample_material,hc42,1,0.0
Environment,sample_material,hc29,1,0.0
Environment,sample_material,hc26,1,0.0
Environment,sample_material,hc1,1,0.0
Environment,sample_material,ae57,1,0.0
Environment,sample_material,ce8,1,0.0
Environment,sample_material,ce50,1,0.0
Environment,sample_material,ce18,1,0.0
Environment,sample_material,rectal swab88,1,0.0
Environment,sample_material,rectal swab66,1,0.0
Environment,sample_material,rectal swab64,1,0.0
Environment,sample_material,rectal swab95,1,0.0
Environment,sample_material,rectal swab30,1,0.0
Environment,sample_material,rectal swab19,1,0.0
Environment,sample_material,rectal swab60,1,0.0
Environment,sample_material,rectal swab108,1,0.0
Environment,sample_material,grown on 0.2 g/llocust bean gum; using phage cocktail containing bap4 viii and v75; 10 mg/l thiamine; day 14 post inoculation,1,0.0
Environment,sample_material,grown on 0.2 g/lkojac gum; using phage cocktail containing bap4 viii and v75; 10 mg/l thiamine; day 12 post inoculation,1,0.0
Environment,sample_material,grown on 0.2 g/lkojac gum; no phage control; 10 mg/l thiamine; day 6 post inoculation,1,0.0
Environment,sample_material,grown on 0.2 g/lkojac gum; no phage control; 0 mg/l thiamine; day 10 post inoculation,1,0.0
Environment,sample_material,grown on 0.2 g/lguar gum; no phage control; 10 mg/l thiamine; day 10 post inoculation,1,0.0
Environment,sample_material,"yueshun aquaculture co., ltd., zhuhai city, guangdong province, china",1,0.0
Environment,sample_material,safe water 1,1,0.0
Environment,sample_material,distal gut content sick fish 10,1,0.0
Environment,sample_material,bladder cancer 62,1,0.0
Environment,sample_material,cropland soil39,1,0.0
Environment,sample_material,cropland soil34,1,0.0
Environment,sample_material,control1,1,0.0
Environment,sample_material,co_mf_p_21_2,1,0.0
Environment,sample_material,co_mf_p_11_2,1,0.0
Environment,sample_material,co_1_2_p_16_3,1,0.0
Environment,sample_material,xylose3,1,0.0
Environment,sample_material,conifer needls,1,0.0
Environment,sample_material,seawater (3 um size fraction),1,0.0
Environment,sample_material,gb_482_2,1,0.0
Environment,sample_material,gb_576_1,1,0.0
Environment,sample_material,gb_524_2,1,0.0
Environment,sample_material,gb_433_1,1,0.0
Environment,sample_material,gb_403_2,1,0.0
Environment,sample_material,gb_492_1,1,0.0
Environment,sample_material,gb_403_1,1,0.0
Environment,sample_material,soil2,1,0.0
Environment,sample_material,sheep3,1,0.0
Environment,sample_material,rapeseed cake1,1,0.0
Environment,sample_material,laboratory air,1,0.0
Environment,sample_material,mangrove soil (bottom layer),1,0.0
Environment,sample_material,earthworm gut,1,0.0
Environment,sample_material,vermicompost,1,0.0
Environment,sample_material,capsule,1,0.0
Environment,sample_material,unprocessed donation,1,0.0
Environment,sample_material,fecal materia|pbs,1,0.0
Environment,sample_material,15,1,0.0
Environment,sample_material,tumor,1,0.0
Environment,sample_material,tailing soil,1,0.0
Environment,sample_material,ise compost (ma stage),1,0.0
Environment,sample_material,"radish sprout soaking stage, influent",1,0.0
Environment,sample_material,"radish sprout germination 1 stage, distilled",1,0.0
Environment,sample_material,digestive system content,1,0.0
Environment,sample_material,homo sapiens 48,1,0.0
Environment,sample_material,homo sapiens 42,1,0.0
Environment,sample_material,homo sapiens 24,1,0.0
Environment,sample_material,homo sapiens 17,1,0.0
Environment,sample_material,negative control dna extraction,1,0.0
Environment,sample_material,oceanic water,1,0.0
Environment,sample_material,pasture,1,0.0
Environment,sample_material,rhizosphere soil lnc_6,1,0.0
Environment,sample_material,rhizosphere soil lnc_3,1,0.0
Environment,sample_material,rhizosphere soil lnr_4,1,0.0
Environment,sample_material,rhizosphere soil lnm_1,1,0.0
Environment,sample_material,arid regions6,1,0.0
Environment,sample_material,rhizosphere soil adhering to rice roots,1,0.0
Environment,sample_material,synechococcus elongatus pcc 7942 with strawberry creek south source innoculum; bi-weekly passaging; biological replicate b; tube 26; pre-cryo endpoint,1,0.0
Environment,sample_material,"synechocystis spp., pcc 6803 with eel river south eel source innoculum; bi-weekly passaging; biological replicate c; tube 114; pre-cryo endpoint",1,0.0
Environment,sample_material,"eel river, site south eel, detached biomasss from filters of surface water sample filtered trough 0.1 and 0.2um, filters combined; sampled june 2021",1,0.0
Environment,sample_material,"eel river, site mouth, detached biomasss from filters of surface water sample filtered trough 0.1 and 0.2um, filters combined; sampled july 2021",1,0.0
Environment,sample_material,"nostoc spp., pcc 7120 with discovery bay inner source innoculum; bi-weekly passaging; biological replicate b; tube 170; pre-cryo endpoint",1,0.0
Environment,sample_material,spartina anglica rhizosphere,1,0.0
Environment,sample_material,coastal seawater sample,1,0.0
Environment,sample_material,microbial community enriched from coastal seawater on fucoidan from fucus vesiculosus; fucoidanenrichmenta_day25,1,0.0
Environment,sample_material,phages_separeted_from_tissue,1,0.0
Environment,sample_material,bacteria_separeted_from_swab,1,0.0
Environment,sample_material,stool_8,1,0.0
Environment,sample_material,stool_48,1,0.0
Environment,sample_material,stool_34,1,0.0
Environment,sample_material,chaohu lake,1,0.0
Environment,sample_material,soil-5,1,0.0
Environment,sample_material,pla was placed near hydrocarbon seepage off hatsushima island (depth: 855m) for 7 months,1,0.0
Environment,sample_material,metagenome sample from mice fecal,1,0.0
Environment,sample_material,native stool from s1-ken-02_r_batch4,1,0.0
Environment,sample_material,native stool from s1-ken-12_batch1,1,0.0
Environment,sample_material,native stool from s1-ukr-01_r_batch4,1,0.0
Environment,sample_material,native stool from s1-ken-10_r_batch5,1,0.0
Environment,sample_material,native stool from s1-ivc-01_batch1,1,0.0
Environment,sample_material,saline-alkali soil,1,0.0
Environment,sample_material,infant feces29,1,0.0
Environment,sample_material,infant feces27,1,0.0
Environment,sample_material,faeces9,1,0.0
Environment,sample_material,faeces8,1,0.0
Environment,sample_material,faeces6,1,0.0
Environment,sample_material,faeces4,1,0.0
Environment,sample_material,rumen fluid12,1,0.0
Environment,sample_material,rumen fluid11,1,0.0
Environment,sample_material,ceramic substratum,1,0.0
Environment,sample_material,fresh animal manure,1,0.0
Environment,sample_material,pot soil,1,0.0
Environment,sample_material,rumen liquid,1,0.0
Environment,sample_material,cell culture media,1,0.0
Environment,sample_material,feces of cattle f015200s,1,0.0
Environment,sample_material,feces of cattle f015395,1,0.0
Environment,sample_material,ileal content,1,0.0
Environment,sample_material,batch experiment_9,1,0.0
Environment,sample_material,pond sediment,1,0.0
Environment,sample_material,shanxi aged vinegar pei virome,1,0.0
Environment,sample_material,sewage treatment,1,0.0
Environment,sample_material,human sub-gingival plaque,1,0.0
Environment,sample_material,nose/throat combined swab,1,0.0
Environment,sample_material,peat bog (soil),1,0.0
Environment,sample_material,shotgun metagenomics of cheese at the end of ripening sample description 60d_cheese_autumn r3,1,0.0
Environment,sample_material,groundwater from carbonate karst sterkfontein cave,1,0.0
Environment,sample_material,microbial consortium enriched at the cathode of a solar microbial fuel cell,1,0.0
Environment,sample_material,fecal60,1,0.0
Environment,sample_material,fecal39,1,0.0
Environment,sample_material,fecal27,1,0.0
Environment,sample_material,wine fermentation,1,0.0
Environment,sample_material,yantai,1,0.0
Environment,sample_material,produced fluids from hydraulically fractured shales in the powder river basin,1,0.0
Environment,sample_material,environmental sample farm location junet1b.2 replicate 2,1,0.0
Environment,sample_material,environmental sample farm location jant2c.3 replicate 3,1,0.0
Environment,sample_material,environmental sample farm location jant2b.2 replicate 2,1,0.0
Environment,sample_material,environmental sample farm location mart1e.2 replicate 2,1,0.0
Environment,sample_material,stool95,1,0.0
Environment,sample_material,stool94,1,0.0
Environment,sample_material,sedimennt,1,0.0
Environment,sample_material,sz281,1,0.0
Environment,sample_material,vegetation sediment 35,1,0.0
Environment,sample_material,mudflat sediment 11,1,0.0
Environment,sample_material,culture broth,1,0.0
Environment,sample_material,soil netherlands 1,1,0.0
Environment,sample_material,berry,1,0.0
Environment,sample_material,human fecal sample collected for microbiome study in peru,1,0.0
Environment,sample_material,sediment_core,1,0.0
Environment,sample_material,activated sludge tank,1,0.0
Environment,sample_material,sea,1,0.0
Environment,sample_material,soil from konza,1,0.0
Environment,sample_material,rumen_holstein4,1,0.0
Environment,sample_material,month4_mother6_oral_cavity,1,0.0
Environment,sample_material,positive_control2,1,0.0
Environment,sample_material,negative_control4,1,0.0
Environment,sample_material,southern ocean surface seawater,1,0.0
Environment,sample_material,"rebecca's roost sulfide chimney, sediment",1,0.0
Environment,sample_material,zn3-4,1,0.0
Environment,sample_material,zn3-1,1,0.0
Environment,sample_material,"=concatenate(""sink drain "", a69)",1,0.0
Environment,sample_material,"=concatenate(""sink drain "", a106)",1,0.0
Environment,sample_material,"=concatenate(""sink drain "", a44)",1,0.0
Environment,sample_material,"=concatenate(""sink drain "", a92)",1,0.0
Environment,sample_material,"=concatenate(""sink drain "", a43)",1,0.0
Environment,sample_material,"=concatenate(""sink drain "", a14)",1,0.0
Environment,sample_material,"coastal sediment off panarea island, sicily. block 3 site b",1,0.0
Environment,sample_material,"coastal sediment off panarea island, sicily. block 1 site b",1,0.0
Environment,sample_material,icu_s35: high-touch communal surface,1,0.0
Environment,sample_material,icu_s33: plumbing-related,1,0.0
Environment,sample_material,icu_s20: high-touch communal surface,1,0.0
Environment,sample_material,icu_s17: patient room,1,0.0
Environment,sample_material,icu_s14: plumbing-related,1,0.0
Environment,sample_material,icu_s13: plumbing-related,1,0.0
Environment,sample_material,rhizosphere soil samples,1,0.0
Environment,sample_material,"=concatenate(""sink drain "", a36)",1,0.0
Environment,sample_material,sludge of the membrane bioreactor (mbr) treating produced water (wastewater from fracking); tds- 70 g/l,1,0.0
Environment,sample_material,seamount,1,0.0
Environment,sample_material,hypersaline soil,1,0.0
Environment,sample_material,mcskin_3_3,1,0.0
Environment,sample_material,mcresp_5_2,1,0.0
Environment,sample_material,brackish water sediment,1,0.0
Environment,sample_material,sludge of the membrane bioreactor (mbr) treating produced water (wastewater from fracking); tds- 29 g/l,1,0.0
Environment,sample_material,sludge of the membrane bioreactor (mbr) treating produced water (wastewater from fracking); tds- 100 g/l,1,0.0
Environment,sample_material,hot spring,1,0.0
Environment,sample_material,matagenomic assembly,1,0.0
Environment,sample_material,hyphosphere from healthy chili 3,1,0.0
Environment,sample_material,soil from nematode infected balsam_pear 6,1,0.0
Environment,sample_material,soil from nematode infected balsam_pear 1,1,0.0
Environment,sample_material,hyphosphere from healthy eggplant 2,1,0.0
Environment,sample_material,soil from nematode infected balsam_pear 4,1,0.0
Environment,sample_material,soil from nematode infected balsam_pear 3,1,0.0
Environment,sample_material,soil from healthy cucumber 2,1,0.0
Environment,sample_material,soil from healthy balsam_pear 7,1,0.0
Environment,sample_material,soil from nematode infected chili 8,1,0.0
Environment,sample_material,soil from nematode infected chili 6,1,0.0
Environment,sample_material,hyphosphere from nematode infected chili 10,1,0.0
Environment,sample_material,soil from nematode infected cucumber 9,1,0.0
Environment,sample_material,soil from nematode infected cucumber 5,1,0.0
Environment,sample_material,soil from fungal treatment5,1,0.0
Environment,sample_material,not applicabl,1,0.0
Environment,sample_material,laguna loromayu,1,0.0
Environment,sample_material,laguna hedionda,1,0.0
Environment,sample_material,laguna colorada,1,0.0
Environment,sample_material,peanut sample14,1,0.0
Environment,sample_material,leaf[po_0025034],1,0.0
Environment,sample_material,poultry carcass task,1,0.0
Environment,sample_material,straw-5,1,0.0
Environment,sample_material,soil lake,1,0.0
Environment,sample_material,rhizosphere soil_oc1,1,0.0
Environment,sample_material,shotgun_10_photobioreactor_suspension_1,1,0.0
Environment,sample_material,deep subsurface groundwater,1,0.0
Environment,sample_material,lake water from pelagic zone,1,0.0
Environment,sample_material,unburned soil,1,0.0
Environment,sample_material,burned soil,1,0.0
Environment,sample_material,woodchip biofilm from field wbr treating agricultural tile drainage,1,0.0
Environment,sample_material,polar desert sand,1,0.0
Environment,sample_material,"pelagic ocean, hydrothermal vent plume",1,0.0
Environment,sample_material,river sediments,1,0.0
Environment,sample_material,day-7_55c_digester 1,1,0.0
Environment,sample_material,day-60_55c_digester 1,1,0.0
Environment,sample_material,manure sample96,1,0.0
Environment,sample_material,manure sample87,1,0.0
Environment,sample_material,manure sample78,1,0.0
Environment,sample_material,manure sample74,1,0.0
Environment,sample_material,manure sample50,1,0.0
Environment,sample_material,manure sample35,1,0.0
Environment,sample_material,manure sample34,1,0.0
Environment,sample_material,manure sample20,1,0.0
Environment,sample_material,manure sample107,1,0.0
Environment,sample_material,artificial sea water,1,0.0
Environment,sample_material,pyrite autotrophic denitrifying sludge12,1,0.0
Environment,sample_material,surface of tobacco leaves,1,0.0
Environment,sample_material,"metagenomic dna-seq of soil microbiome: poultry production area a, sampling 1, sample 3",1,0.0
Environment,sample_material,sx97,1,0.0
Environment,sample_material,sx95,1,0.0
Environment,sample_material,sx30,1,0.0
Environment,sample_material,sx67,1,0.0
Environment,sample_material,sx63,1,0.0
Environment,sample_material,mh129,1,0.0
Environment,sample_material,sx14,1,0.0
Environment,sample_material,mh118,1,0.0
Environment,sample_material,sx13,1,0.0
Environment,sample_material,mh113,1,0.0
Environment,sample_material,meltwater from stream,1,0.0
Environment,sample_material,estuary benthic sediment,1,0.0
Environment,sample_material,uncolonized soil from a site where no aboveground plant tissues were observed,1,0.0
Environment,sample_material,eb,1,0.0
Environment,sample_material,mesophilic biogas digester,1,0.0
Environment,sample_material,naproxen_metagenomic,1,0.0
Environment,sample_material,"cooked product t0 bulk, batch 3, replicate 1",1,0.0
Environment,sample_material,"cooked product t0 bulk, batch 3, replicate 2",1,0.0
Environment,sample_material,negative control pbs,1,0.0
Environment,sample_material,"cooked product t10 sliced, batch 2, replicate 3",1,0.0
Environment,sample_material,"cooked product t6 bulk, batch 2, replicate 1",1,0.0
Environment,sample_material,"brine sampling batch 1b, replicate 2",1,0.0
Environment,sample_material,negative control_bpw_hd_22032024,1,0.0
Environment,sample_material,"cooked product t10 bulk, batch 2, replicate 2",1,0.0
Environment,sample_material,edge habitat soil,1,0.0
Environment,sample_material,zymo mick microbiome,1,0.0
Environment,sample_material,field,1,0.0
Environment,sample_material,feces_227,1,0.0
Environment,sample_material,feces_143,1,0.0
Environment,sample_material,feces_627,1,0.0
Environment,sample_material,feces_63,1,0.0
Environment,sample_material,feces_62,1,0.0
Environment,sample_material,feces_605,1,0.0
Environment,sample_material,feces_574,1,0.0
Environment,sample_material,feces_564,1,0.0
Environment,sample_material,feces_297,1,0.0
Environment,sample_material,feces_197,1,0.0
Environment,sample_material,feces_182,1,0.0
Environment,sample_material,feces_111,1,0.0
Environment,sample_material,feces_206,1,0.0
Environment,sample_material,feces_202,1,0.0
Environment,sample_material,feces_65,1,0.0
Environment,sample_material,feces_549,1,0.0
Environment,sample_material,feces_544,1,0.0
Environment,sample_material,feces_531,1,0.0
Environment,sample_material,feces_38,1,0.0
Environment,sample_material,feces_263,1,0.0
Environment,sample_material,feces_260,1,0.0
Environment,sample_material,feces_254,1,0.0
Environment,sample_material,feces_163,1,0.0
Environment,sample_material,feces_151,1,0.0
Environment,sample_material,feces_52,1,0.0
Environment,sample_material,feces_506,1,0.0
Environment,sample_material,feces_441,1,0.0
Environment,sample_material,feces_440,1,0.0
Environment,sample_material,feces_438,1,0.0
Environment,sample_material,feces_434,1,0.0
Environment,sample_material,feces_431,1,0.0
Environment,sample_material,feces_428,1,0.0
Environment,sample_material,feces_334,1,0.0
Environment,sample_material,feces_25,1,0.0
Environment,sample_material,feces_600,1,0.0
Environment,sample_material,feces_591,1,0.0
Environment,sample_material,feces_590,1,0.0
Environment,sample_material,feces_583,1,0.0
Environment,sample_material,feces_491,1,0.0
Environment,sample_material,feces_490,1,0.0
Environment,sample_material,feces_412,1,0.0
Environment,sample_material,feces_315,1,0.0
Environment,sample_material,feces_224,1,0.0
Environment,sample_material,olive_container,1,0.0
Environment,sample_material,salt,1,0.0
Environment,sample_material,id12_mom,1,0.0
Environment,sample_material,id30_6months,1,0.0
Environment,sample_material,id4_6months,1,0.0
Environment,sample_material,id47_12months,1,0.0
Environment,sample_material,id26_12months,1,0.0
Environment,sample_material,id8_12months,1,0.0
Environment,sample_material,id2_mom,1,0.0
Environment,sample_material,id13_mom,1,0.0
Environment,sample_material,id16_mom,1,0.0
Environment,sample_material,id33_mom,1,0.0
Environment,sample_material,id11_3months,1,0.0
Environment,sample_material,"feathermoss mat including pleurozium schreberi (50%), ptilium crista-castrensis (40%), hylocomium splendens (10%)",1,0.0
Environment,sample_material,fresh groundwater (well),1,0.0
Environment,sample_material,mangrove sediment-10,1,0.0
Environment,sample_material,mangrove sediment-11,1,0.0
Environment,sample_material,tongue coating samples26,1,0.0
Environment,sample_material,marine sediment core sample ssk42/6,1,0.0
Environment,sample_material,subsurface water from deep well,1,0.0
Environment,sample_material,soil from forest catchment,1,0.0
Environment,sample_material,"dna from tracheal sample collected at farm unique, mogri",1,0.0
Environment,sample_material,seawater | microcosm,1,0.0
Environment,sample_material,soil sample in contact with corroded gas transporting pipeline,1,0.0
Environment,sample_material,1000:1 spikein of ctv-05,1,0.0
Environment,sample_material,pond in sippewissett salt marsh,1,0.0
Environment,sample_material,a simulated aquaculture system,1,0.0
Environment,sample_material,rhizophere soil12,1,0.0
Environment,sample_material,rhizophere soil1,1,0.0
Environment,sample_material,asp-10078-us_1,1,0.0
Environment,sample_material,asp-10540-us_1,1,0.0
Environment,sample_material,asp-10505-us_1,1,0.0
Environment,sample_material,asp-10484-us_1,1,0.0
Environment,sample_material,asp-10473-us_1,1,0.0
Environment,sample_material,asp-10296-us_1,1,0.0
Environment,sample_material,asp-10043-us_1,1,0.0
Environment,sample_material,asp-10040-us_1,1,0.0
Environment,sample_material,asp-10662-us_1,1,0.0
Environment,sample_material,asp-10262-us_1,1,0.0
Environment,sample_material,asp-10252-us_1,1,0.0
Environment,sample_material,asp-10000-us_1,1,0.0
Environment,sample_material,asp-10215-us_1,1,0.0
Environment,sample_material,asp-10035-us_1,1,0.0
Environment,sample_material,asp-10627-us_1,1,0.0
Environment,sample_material,asp-10597-us_1,1,0.0
Environment,sample_material,asp-10425-us_1,1,0.0
Environment,sample_material,asp-10184-us_1,1,0.0
Environment,sample_material,asp-10183-us_1,1,0.0
Environment,sample_material,asp-10129-us_1,1,0.0
Environment,sample_material,asp-10126-us_1,1,0.0
Environment,sample_material,asp-10582-us_1,1,0.0
Environment,sample_material,asp-10574-us_1,1,0.0
Environment,sample_material,asp-10567-us_1,1,0.0
Environment,sample_material,asp-10557-us_1,1,0.0
Environment,sample_material,asp-10551-us_1,1,0.0
Environment,sample_material,asp-10550-us_1,1,0.0
Environment,sample_material,asp-10381-us_1,1,0.0
Environment,sample_material,asp-10376-us_1,1,0.0
Environment,sample_material,asp-10354-us_1,1,0.0
Environment,sample_material,maize field with maize straw return,1,0.0
Environment,sample_material,oesophagus-pharyngeal swabs,1,0.0
Environment,sample_material,stool_kr_0124,1,0.0
Environment,sample_material,stool_kr_0848,1,0.0
Environment,sample_material,stool_kr_0833,1,0.0
Environment,sample_material,stool_kr_0832,1,0.0
Environment,sample_material,stool_kr_0509,1,0.0
Environment,sample_material,stool_kr_0375,1,0.0
Environment,sample_material,stool_kr_0263,1,0.0
Environment,sample_material,stool_kr_0258,1,0.0
Environment,sample_material,stool_kr_0250,1,0.0
Environment,sample_material,stool_kr_0249,1,0.0
Environment,sample_material,stool_kr_0785,1,0.0
Environment,sample_material,stool_kr_0766,1,0.0
Environment,sample_material,stool_kr_0113,1,0.0
Environment,sample_material,stool_kr_0624,1,0.0
Environment,sample_material,stool_kr_0622,1,0.0
Environment,sample_material,stool_kr_0602,1,0.0
Environment,sample_material,stool_kr_0591,1,0.0
Environment,sample_material,stool_kr_0582,1,0.0
Environment,sample_material,stool_kr_0570,1,0.0
Environment,sample_material,stool_kr_0447,1,0.0
Environment,sample_material,stool_kr_0330,1,0.0
Environment,sample_material,stool_kr_0726,1,0.0
Environment,sample_material,stool_kr_0112,1,0.0
Environment,sample_material,stool_kr_0712,1,0.0
Environment,sample_material,stool_kr_0690,1,0.0
Environment,sample_material,stool_kr_0702,1,0.0
Environment,sample_material,stool_kr_0660,1,0.0
Environment,sample_material,stool_kr_0614,1,0.0
Environment,sample_material,stool_kr_0636,1,0.0
Environment,sample_material,stool_kr_0103,1,0.0
Environment,sample_material,stool_kr_0507,1,0.0
Environment,sample_material,stool_kr_0478,1,0.0
Environment,sample_material,stool_kr_0364,1,0.0
Environment,sample_material,stool_kr_0350,1,0.0
Environment,sample_material,stool_kr_0244,1,0.0
Environment,sample_material,stool_kr_0156,1,0.0
Environment,sample_material,stool_kr_0158,1,0.0
Environment,sample_material,stool_kr_0167,1,0.0
Environment,sample_material,stool_kr_0997,1,0.0
Environment,sample_material,stool_kr_0992,1,0.0
Environment,sample_material,stool_kr_0875,1,0.0
Environment,sample_material,stool_kr_0827,1,0.0
Environment,sample_material,stool_kr_0822,1,0.0
Environment,sample_material,stool_kr_0696,1,0.0
Environment,sample_material,stool_kr_0682,1,0.0
Environment,sample_material,stool_kr_0438,1,0.0
Environment,sample_material,stool_kr_0414,1,0.0
Environment,sample_material,stool_kr_0422,1,0.0
Environment,sample_material,stool_kr_0416,1,0.0
Environment,sample_material,stool_kr_0135,1,0.0
Environment,sample_material,stool_kr_0967,1,0.0
Environment,sample_material,stool_kr_0977,1,0.0
Environment,sample_material,stool_kr_0947,1,0.0
Environment,sample_material,stool_kr_0920,1,0.0
Environment,sample_material,1.2km subsurface dolomite aquifer,1,0.0
Environment,sample_material,stool_kr_1029,1,0.0
Environment,sample_material,stool_kr_1306,1,0.0
Environment,sample_material,stool_kr_1305,1,0.0
Environment,sample_material,stool_kr_1683,1,0.0
Environment,sample_material,stool_kr_1671,1,0.0
Environment,sample_material,stool_kr_1670,1,0.0
Environment,sample_material,stool_kr_1621,1,0.0
Environment,sample_material,stool_kr_1596,1,0.0
Environment,sample_material,stool_kr_1595,1,0.0
Environment,sample_material,stool_kr_1525,1,0.0
Environment,sample_material,stool_kr_1521,1,0.0
Environment,sample_material,stool_kr_1508,1,0.0
Environment,sample_material,stool_kr_1410,1,0.0
Environment,sample_material,stool_kr_1409,1,0.0
Environment,sample_material,stool_kr_1408,1,0.0
Environment,sample_material,stool_kr_1406,1,0.0
Environment,sample_material,stool_kr_1215,1,0.0
Environment,sample_material,stool_kr_1212,1,0.0
Environment,sample_material,stool_kr_1187,1,0.0
Environment,sample_material,stool_kr_1171,1,0.0
Environment,sample_material,stool_kr_1077,1,0.0
Environment,sample_material,stool_kr_1710,1,0.0
Environment,sample_material,stool_kr_1069,1,0.0
Environment,sample_material,stool_kr_1592,1,0.0
Environment,sample_material,stool_kr_1582,1,0.0
Environment,sample_material,stool_kr_1576,1,0.0
Environment,sample_material,stool_kr_1545,1,0.0
Environment,sample_material,stool_kr_1488,1,0.0
Environment,sample_material,stool_kr_1464,1,0.0
Environment,sample_material,stool_kr_1458,1,0.0
Environment,sample_material,stool_kr_1043,1,0.0
Environment,sample_material,stool_kr_1433,1,0.0
Environment,sample_material,stool_kr_1255,1,0.0
Environment,sample_material,stool_kr_1249,1,0.0
Environment,sample_material,stool_kr_1248,1,0.0
Environment,sample_material,stool_kr_1165,1,0.0
Environment,sample_material,stool_kr_1016,1,0.0
Environment,sample_material,stool_kr_1147,1,0.0
Environment,sample_material,stool_kr_1352,1,0.0
Environment,sample_material,stool_kr_1339,1,0.0
Environment,sample_material,stool_kr_1300,1,0.0
Environment,sample_material,stool_kr_1271,1,0.0
Environment,sample_material,stool_kr_1289,1,0.0
Environment,sample_material,stool_kr_1134,1,0.0
Environment,sample_material,stool_kr_1089,1,0.0
Environment,sample_material,stool_kr_1704,1,0.0
Environment,sample_material,virmock1_malbac_17cycles_37b,1,0.0
Environment,sample_material,virmock1_malbac_17cycles_34b,1,0.0
Environment,sample_material,virmock1_63b,1,0.0
Environment,sample_material,virmock1_51b,1,0.0
Environment,sample_material,virmock1_50c,1,0.0
Environment,sample_material,virmock1_50b,1,0.0
Environment,sample_material,virmock1_50a,1,0.0
Environment,sample_material,virmock1_48b,1,0.0
Environment,sample_material,virmock1_genomiphi_37a,1,0.0
Environment,sample_material,stool.neat.2.dna,1,0.0
Environment,sample_material,virmock1_pta_35c,1,0.0
Environment,sample_material,virmock1_pta_68a,1,0.0
Environment,sample_material,virmock1_1003b,1,0.0
Environment,sample_material,virmock1_1002b,1,0.0
Environment,sample_material,virmock1_56c,1,0.0
Environment,sample_material,creosote-contaminated sediments,1,0.0
Environment,sample_material,sichuan university2,1,0.0
Environment,sample_material,chongqing institute of green and intelligent technology4,1,0.0
Environment,sample_material,zhongnan hospital of wuhan university43,1,0.0
Environment,sample_material,zhongnan hospital of wuhan university39,1,0.0
Environment,sample_material,zhongnan hospital of wuhan university27,1,0.0
Environment,sample_material,virmock1_48b_1000,1,0.0
Environment,sample_material,virmock1_50c_300,1,0.0
Environment,sample_material,virmock1_47b_1000,1,0.0
Environment,sample_material,virmock1_49c_300,1,0.0
Environment,sample_material,virmock1_49b_300,1,0.0
Environment,sample_material,mb10678_2,1,0.0
Environment,sample_material,mb07117_2,1,0.0
Environment,sample_material,mb07134_1,1,0.0
Environment,sample_material,mb00831_2,1,0.0
Environment,sample_material,mb06270_2,1,0.0
Environment,sample_material,mb06231_1,1,0.0
Environment,sample_material,mb06176_1,1,0.0
Environment,sample_material,mb06046_3,1,0.0
Environment,sample_material,mb05994_2,1,0.0
Environment,sample_material,mb03082_2,1,0.0
Environment,sample_material,mb11461_2,1,0.0
Environment,sample_material,mb11450_1,1,0.0
Environment,sample_material,mb09022_2,1,0.0
Environment,sample_material,mb03332_2,1,0.0
Environment,sample_material,mb03279_2,1,0.0
Environment,sample_material,mb03177_2,1,0.0
Environment,sample_material,mb01775_2,1,0.0
Environment,sample_material,mb01836_1,1,0.0
Environment,sample_material,mb11707_2,1,0.0
Environment,sample_material,mb10627_1,1,0.0
Environment,sample_material,mb10266_1,1,0.0
Environment,sample_material,mb09457_5,1,0.0
Environment,sample_material,mb09271_2,1,0.0
Environment,sample_material,mb09135_2,1,0.0
Environment,sample_material,mb09130_1,1,0.0
Environment,sample_material,mb08205_1,1,0.0
Environment,sample_material,mb08358_1,1,0.0
Environment,sample_material,mb06791_1,1,0.0
Environment,sample_material,mb05827_1,1,0.0
Environment,sample_material,mb05622_1,1,0.0
Environment,sample_material,mb05258_1,1,0.0
Environment,sample_material,mb05508_2,1,0.0
Environment,sample_material,mb04314_4,1,0.0
Environment,sample_material,mb02768_2,1,0.0
Environment,sample_material,mb02748_2,1,0.0
Environment,sample_material,mb02485_1,1,0.0
Environment,sample_material,mb01412_1,1,0.0
Environment,sample_material,mb08068_1,1,0.0
Environment,sample_material,mb08032_2,1,0.0
Environment,sample_material,mb00726_2,1,0.0
Environment,sample_material,mb06790_2,1,0.0
Environment,sample_material,mb05302_1,1,0.0
Environment,sample_material,mb05261_2,1,0.0
Environment,sample_material,mb05025_1,1,0.0
Environment,sample_material,mb05261_1,1,0.0
Environment,sample_material,mb03657_2,1,0.0
Environment,sample_material,mb02301_1,1,0.0
Environment,sample_material,mb02065_3,1,0.0
Environment,sample_material,mb11415_2,1,0.0
Environment,sample_material,mb11209_3,1,0.0
Environment,sample_material,mb11209_10,1,0.0
Environment,sample_material,mb10138_1,1,0.0
Environment,sample_material,mb09844_2,1,0.0
Environment,sample_material,mb09791_1,1,0.0
Environment,sample_material,mb08718_1,1,0.0
Environment,sample_material,mb07874_2,1,0.0
Environment,sample_material,mb04860_2,1,0.0
Environment,sample_material,mb04335_1,1,0.0
Environment,sample_material,lanzhou university1,1,0.0
Environment,sample_material,natural photosynthetic diazotroph trichodesmium 'puff' morphotype colonies incubated in filtered sea water with a heterotrophic bacteria,1,0.0
Environment,sample_material,agricultural soil from plot planted with sorghum,1,0.0
Environment,sample_material,microbial enrichement of sample jl218outside under aerobic and 40 degree celsius condition supplemented with sphalerite,1,0.0
Environment,sample_material,forest topsoil collected from the site of 2014 king fire and incubated in lab,1,0.0
Environment,sample_material,wt-12h-1,1,0.0
Environment,sample_material,wt-fs-6h-2,1,0.0
Environment,sample_material,control-0h-3,1,0.0
Environment,sample_material,lankc-fs-0h-3,1,0.0
Environment,sample_material,microbial enrichement of sample bc14 under aerobic and 30 degree celsius condition supplemented with chalcopyrite,1,0.0
Environment,sample_material,sediment core,1,0.0
Environment,sample_material,cold seep96,1,0.0
Environment,sample_material,cold seep126,1,0.0
Environment,sample_material,hydrothermal vent115,1,0.0
Environment,sample_material,hydrothermal vent14,1,0.0
Environment,sample_material,10 years of continuous tomato cropping-replicate 4,1,0.0
Environment,sample_material,20 years of continuous tomato cropping-replicate 2,1,0.0
Environment,sample_material,iron mine soil_1,1,0.0
Environment,sample_material,0_year_3,1,0.0
Environment,sample_material,substrate,1,0.0
Environment,sample_material,hot springs,1,0.0
Environment,sample_material,lower respiratory tract specimen,1,0.0
Environment,sample_material,fecal samples a8,1,0.0
Environment,sample_material,fecal samples a38,1,0.0
Environment,sample_material,fecal samples a23,1,0.0
Environment,sample_material,fecal samples w11,1,0.0
Environment,sample_material,fecal samples w7,1,0.0
Environment,sample_material,surface ocean water,1,0.0
Environment,sample_material,propionate,1,0.0
Environment,sample_material,chernozem soil; cultivated on organosulfonate medium for three weeks,1,0.0
Environment,sample_material,chernozem soil; cultivated on organosulfonate medium for two weeks,1,0.0
Environment,sample_material,chernozem soil; cultivated on humate medium for two weeks,1,0.0
Environment,sample_material,chernozem soil; cultivated on organosulfonate medium for one week,1,0.0
Environment,sample_material,ice _lazaun_june 01,1,0.0
Environment,sample_material,glacier _lazaun_september 01,1,0.0
Environment,sample_material,greenish brown multi-layered microbial mat sheets from rabigh lagoon,1,0.0
Environment,sample_material,the cecum of a mice,1,0.0
Environment,sample_material,kitchen waste composting exogenous bacteria mesophilic phase day 2,1,0.0
Environment,sample_material,kitchen waste composting with exogenous bacteria mesophilic phase day 0,1,0.0
Environment,sample_material,mb13675_1_r1_001,1,0.0
Environment,sample_material,mb16376_1_r1_001,1,0.0
Environment,sample_material,mb16413_1_r2_001,1,0.0
Environment,sample_material,mb16423_1_r1_001,1,0.0
Environment,sample_material,mb14765_1_r2_001,1,0.0
Environment,sample_material,mb14046_1_r1_001,1,0.0
Environment,sample_material,mb16277_2_r2_001,1,0.0
Environment,sample_material,healthy rhizopalne 3 dna,1,0.0
Environment,sample_material,mb13510_1_r1_001,1,0.0
Environment,sample_material,mb13448_1_r2_001,1,0.0
Environment,sample_material,mb14931_2_r1_001,1,0.0
Environment,sample_material,mb15001_1_r1_001,1,0.0
Environment,sample_material,mb13398_2_r1_001,1,0.0
Environment,sample_material,mb14454_2_r1_001,1,0.0
Environment,sample_material,mb14447_1_r1_001,1,0.0
Environment,sample_material,mb14436_1_r2_001,1,0.0
Environment,sample_material,mb14500_1_r1_001,1,0.0
Environment,sample_material,mb13839_1_r1_001,1,0.0
Environment,sample_material,mb13740_1_r1_001,1,0.0
Environment,sample_material,mb13715_1_r2_001,1,0.0
Environment,sample_material,mb16028_2_r1_001,1,0.0
Environment,sample_material,mb14910_1_r2_001,1,0.0
Environment,sample_material,mb14867_2_r1_001,1,0.0
Environment,sample_material,mb14284_1_r1_001,1,0.0
Environment,sample_material,mb15933_1_r1_001,1,0.0
Environment,sample_material,mb15930_1_r1_001,1,0.0
Environment,sample_material,mb15883_1_r1_001,1,0.0
Environment,sample_material,mb15874_1_r1_001,1,0.0
Environment,sample_material,mb15271_1_r1_001,1,0.0
Environment,sample_material,mb13475_1_r2_001,1,0.0
Environment,sample_material,mb14863_1_r1_001,1,0.0
Environment,sample_material,mb14360_1_r2_001,1,0.0
Environment,sample_material,mb14255_1_r2_001,1,0.0
Environment,sample_material,mb13378_2_r2_001,1,0.0
Environment,sample_material,mb10911_2_r1_001,1,0.0
Environment,sample_material,mb10791_1_r1_001,1,0.0
Environment,sample_material,mb12446_1_r2_001,1,0.0
Environment,sample_material,mb11299_1_r1_001,1,0.0
Environment,sample_material,mb10630_1_r1_001,1,0.0
Environment,sample_material,mb12313_1_r1_001,1,0.0
Environment,sample_material,mb12285_1_r1_001,1,0.0
Environment,sample_material,mb11514_2_r1_001,1,0.0
Environment,sample_material,mb10115_1_r2_001,1,0.0
Environment,sample_material,mb10579_1_r1_001,1,0.0
Environment,sample_material,mb10484_1_r2_001,1,0.0
Environment,sample_material,mb10104_1_r2_001,1,0.0
Environment,sample_material,mb12928_1_r2_001,1,0.0
Environment,sample_material,mb12617_1_r1_001,1,0.0
Environment,sample_material,mb12538_1_r1_001,1,0.0
Environment,sample_material,mb12139_1_r2_001,1,0.0
Environment,sample_material,mb12126_1_r1_001,1,0.0
Environment,sample_material,mb12044_1_r1_001,1,0.0
Environment,sample_material,mb12003_1_r1_001,1,0.0
Environment,sample_material,mb11841_1_r1_001,1,0.0
Environment,sample_material,mb11228_1_r2_001,1,0.0
Environment,sample_material,mb11209_1_r1_001,1,0.0
Environment,sample_material,mb11177_2_r1_001,1,0.0
Environment,sample_material,mb10360_1_r1_001,1,0.0
Environment,sample_material,mb13322_1_r1_001,1,0.0
Environment,sample_material,mb11597_1_r1_001,1,0.0
Environment,sample_material,mb11578_1_r1_001,1,0.0
Environment,sample_material,mb09752_1_r1_001,1,0.0
Environment,sample_material,mb08968_1_r1_001,1,0.0
Environment,sample_material,mb08114_2_r1_001,1,0.0
Environment,sample_material,mb07835_1_r1_001,1,0.0
Environment,sample_material,mb07816_1_r1_001,1,0.0
Environment,sample_material,mb09995_1_r1_001,1,0.0
Environment,sample_material,mb09985_1_r1_001,1,0.0
Environment,sample_material,mb09945_2_r1_001,1,0.0
Environment,sample_material,mb09945_1_r2_001,1,0.0
Environment,sample_material,mb07120_2_r2_001,1,0.0
Environment,sample_material,mb09652_1_r1_001,1,0.0
Environment,sample_material,mb09646_1_r1_001,1,0.0
Environment,sample_material,mb09637_2_r1_001,1,0.0
Environment,sample_material,mb07010_1_r2_001,1,0.0
Environment,sample_material,mb08420_1_r1_001,1,0.0
Environment,sample_material,mb08410_2_r1_001,1,0.0
Environment,sample_material,mb06852_1_r1_001,1,0.0
Environment,sample_material,mb07534_1_r1_001,1,0.0
Environment,sample_material,mb07439_1_r1_001,1,0.0
Environment,sample_material,mb07383_2_r1_001,1,0.0
Environment,sample_material,mb10089_1_r1_001,1,0.0
Environment,sample_material,mb09227_2_r1_001,1,0.0
Environment,sample_material,mb09145_1_r1_001,1,0.0
Environment,sample_material,mb08171_1_r1_001,1,0.0
Environment,sample_material,mb07971_1_r1_001,1,0.0
Environment,sample_material,mb07935_1_r2_001,1,0.0
Environment,sample_material,mb07887_1_r1_001,1,0.0
Environment,sample_material,mb07840_1_r2_001,1,0.0
Environment,sample_material,mb07371_1_r1_001,1,0.0
Environment,sample_material,mb06846_1_r1_001,1,0.0
Environment,sample_material,mb07268_1_r2_001,1,0.0
Environment,sample_material,mb07241_1_r1_001,1,0.0
Environment,sample_material,mb07238_1_r1_001,1,0.0
Environment,sample_material,mb07236_1_r1_001,1,0.0
Environment,sample_material,mb07215_1_r1_001,1,0.0
Environment,sample_material,mb17440_1_r1_001,1,0.0
Environment,sample_material,mb17439_1_r2_001,1,0.0
Environment,sample_material,mb17111_2_r1_001,1,0.0
Environment,sample_material,mb18928_1_r1_001,1,0.0
Environment,sample_material,mb17830_1_r1_001,1,0.0
Environment,sample_material,mb17825_2_r2_001,1,0.0
Environment,sample_material,mb17790_1_r1_001,1,0.0
Environment,sample_material,mb17056_1_r1_001,1,0.0
Environment,sample_material,mb17005_2_r1_001,1,0.0
Environment,sample_material,mb16990_1_r1_001,1,0.0
Environment,sample_material,mb18376_1_r1_001,1,0.0
Environment,sample_material,mb18305_1_r1_001,1,0.0
Environment,sample_material,mb17317_1_r2_001,1,0.0
Environment,sample_material,mb17273_1_r1_001,1,0.0
Environment,sample_material,mb16763_1_r1_001,1,0.0
Environment,sample_material,mb16667_1_r1_001,1,0.0
Environment,sample_material,mb19064_1_r2_001,1,0.0
Environment,sample_material,mb19064_1_r1_001,1,0.0
Environment,sample_material,mb19037_1_r1_001,1,0.0
Environment,sample_material,mb18997_2_r1_001,1,0.0
Environment,sample_material,mb17952_1_r1_001,1,0.0
Environment,sample_material,mb18192_1_r1_001,1,0.0
Environment,sample_material,mb04221_1_r1_001,1,0.0
Environment,sample_material,mb03550_1_r1_001,1,0.0
Environment,sample_material,mb06127_1_r1_001,1,0.0
Environment,sample_material,mb06008_1_r1_001,1,0.0
Environment,sample_material,mb05345_1_r1_001,1,0.0
Environment,sample_material,mb05335_1_r1_001,1,0.0
Environment,sample_material,mb05310_1_r2_001,1,0.0
Environment,sample_material,mb05310_1_r1_001,1,0.0
Environment,sample_material,mb05245_1_r2_001,1,0.0
Environment,sample_material,mb05047_1_r1_001,1,0.0
Environment,sample_material,mb04962_1_r2_001,1,0.0
Environment,sample_material,mb04054_1_r2_001,1,0.0
Environment,sample_material,mb03992_1_r1_001,1,0.0
Environment,sample_material,mb03983_1_r2_001,1,0.0
Environment,sample_material,mb03915_1_r1_001,1,0.0
Environment,sample_material,mb06680_1_r2_001,1,0.0
Environment,sample_material,mb06560_1_r2_001,1,0.0
Environment,sample_material,mb06485_1_r1_001,1,0.0
Environment,sample_material,mb05991_1_r1_001,1,0.0
Environment,sample_material,mb05969_1_r2_001,1,0.0
Environment,sample_material,mb05914_1_r1_001,1,0.0
Environment,sample_material,mb05840_1_r1_001,1,0.0
Environment,sample_material,mb05831_1_r2_001,1,0.0
Environment,sample_material,mb05675_1_r2_001,1,0.0
Environment,sample_material,mb04174_1_r1_001,1,0.0
Environment,sample_material,mb04072_1_r1_001,1,0.0
Environment,sample_material,mb03799_1_r2_001,1,0.0
Environment,sample_material,mb06293_1_r2_001,1,0.0
Environment,sample_material,mb05111_1_r1_001,1,0.0
Environment,sample_material,mb04728_1_r1_001,1,0.0
Environment,sample_material,mb03257_1_r2_001,1,0.0
Environment,sample_material,mb04800_1_r2_001,1,0.0
Environment,sample_material,mb04795_1_r1_001,1,0.0
Environment,sample_material,mb04384_1_r1_001,1,0.0
Environment,sample_material,mb04273_1_r1_001,1,0.0
Environment,sample_material,mb04250_1_r1_001,1,0.0
Environment,sample_material,mb02621_1_r2_001,1,0.0
Environment,sample_material,mb02621_1_r1_001,1,0.0
Environment,sample_material,mb01996_1_r1_001,1,0.0
Environment,sample_material,mb00146_2_r1_001,1,0.0
Environment,sample_material,mb01389_1_r1_001,1,0.0
Environment,sample_material,mb01353_1_r1_001,1,0.0
Environment,sample_material,mb00008_2_r1_001,1,0.0
Environment,sample_material,mb00833_1_r1_001,1,0.0
Environment,sample_material,mb00243_1_r2_001,1,0.0
Environment,sample_material,mb02544_1_r1_001,1,0.0
Environment,sample_material,mb02509_1_r2_001,1,0.0
Environment,sample_material,mb01831_1_r1_001,1,0.0
Environment,sample_material,mb01824_1_r2_001,1,0.0
Environment,sample_material,mb00131_2_r1_001,1,0.0
Environment,sample_material,mb01700_1_r1_001,1,0.0
Environment,sample_material,mb01073_1_r1_001,1,0.0
Environment,sample_material,mb01027_1_r1_001,1,0.0
Environment,sample_material,mb00667_2_r1_001,1,0.0
Environment,sample_material,mb00606_1_r1_001,1,0.0
Environment,sample_material,mb00053_2_r1_001,1,0.0
Environment,sample_material,mb02303_1_r1_001,1,0.0
Environment,sample_material,mb02269_1_r1_001,1,0.0
Environment,sample_material,mb02194_1_r1_001,1,0.0
Environment,sample_material,mb02154_1_r2_001,1,0.0
Environment,sample_material,mb01564_1_r2_001,1,0.0
Environment,sample_material,mb00442_1_r1_001,1,0.0
Environment,sample_material,mb00418_1_r1_001,1,0.0
Environment,sample_material,mb00417_1_r1_001,1,0.0
Environment,sample_material,mb02091_1_r1_001,1,0.0
Environment,sample_material,mb02035_1_r1_001,1,0.0
Environment,sample_material,mb00120_1_r1_001,1,0.0
Environment,sample_material,mb01445_1_r2_001,1,0.0
Environment,sample_material,salt crust,1,0.0
Environment,sample_material,sea_water_36,1,0.0
Environment,sample_material,sea_water_30,1,0.0
Environment,sample_material,sea_water_21,1,0.0
Environment,sample_material,sea_water_20,1,0.0
Environment,sample_material,specific pathogen-free (spf) grade,1,0.0
Environment,sample_material,nitrosopumilus enrichment culture from baltic sea water,1,0.0
Environment,sample_material,forestomach contents,1,0.0
Environment,sample_material,tso moriri lake sediment,1,0.0
Environment,sample_material,black soldier fly larvae frass 3,1,0.0
Environment,sample_material,decomposed rice straw 3,1,0.0
Environment,sample_material,in-vitro fermentation medium with basal diet,1,0.0
Environment,sample_material,cooling water,1,0.0
Environment,sample_material,3-20um fraction,1,0.0
Environment,sample_material,liquid medium 21,1,0.0
Environment,sample_material,bark,1,0.0
Environment,sample_material,mediterranean seawater enriched with a specific particulate matter,1,0.0
Environment,sample_material,maize field soil_treated-before,1,0.0
Environment,sample_material,raceway pond,1,0.0
Environment,sample_material,fermentation medium,1,0.0
Environment,sample_material,salt pan sediment,1,0.0
Environment,sample_material,epiphytic biofilm on the surface of healthy saccharina japonica blade,1,0.0
Environment,sample_material,mouse_feces_06,1,0.0
Environment,sample_material,mouse_feces_36,1,0.0
Environment,sample_material,mouse_feces_12,1,0.0
Environment,sample_material,rectal swab from f_rc111,1,0.0
Environment,sample_material,rectal swab from f_rc103,1,0.0
Environment,sample_material,rectal swab from f_r0089,1,0.0
Environment,sample_material,rectal swab from f_rc117,1,0.0
Environment,sample_material,rectal swab from f_r0015,1,0.0
Environment,sample_material,rectal swab from f_r0167,1,0.0
Environment,sample_material,layer,1,0.0
Environment,sample_material,sample pc51mix; 0-6 cm and 9-15 cm from methane seep sediment push core,1,0.0
Environment,sample_material,infant 1 dol 6 skin,1,0.0
Environment,sample_material,infant 1 dol 10 gut,1,0.0
Environment,sample_material,infant 2 dol 19 gut,1,0.0
Environment,sample_material,single cell,1,0.0
Environment,sample_material,sample hight_co2; 750 ppm co2 replicate sample taken 4 years after the start of the enrichment culture,1,0.0
Environment,sample_material,sediment 19ft,1,0.0
Environment,sample_material,"el dorado national forest, georgetown, california, usa",1,0.0
Environment,sample_material,"manhattan, kansas, usa",1,0.0
Environment,sample_material,"angelo coastal reserve, california, usa",1,0.0
Environment,sample_material,"kellog biological station, michigan, usa",1,0.0
Environment,sample_material,ovicells,1,0.0
Environment,sample_material,"prospect hill, petersham, ma, usa",1,0.0
Environment,sample_material,"wisconsin, usa",1,0.0
Environment,sample_material,"davis, california, usa",1,0.0
Environment,sample_material,human mother milk,1,0.0
Environment,sample_material,nm17-1,1,0.0
Environment,sample_material,mg15-2,1,0.0
Environment,sample_material,mgj16,1,0.0
Environment,sample_material,mgj10,1,0.0
Environment,sample_material,commercial bagged,1,0.0
Environment,sample_material,australia,1,0.0
Environment,sample_material,feces of non-human primates,1,0.0
Environment,sample_material,lymphatic node biopsy,1,0.0
Environment,sample_material,biopsy of a nasal polyp,1,0.0
Environment,sample_material,"surface water ice collected from the central basin area, ~30 miles of shore cleveland",1,0.0
Environment,sample_material,70 m water sample filtered on 0.2 um supor filter,1,0.0
Environment,sample_material,300 m water sample filtered on 0.2 um supor filter,1,0.0
Environment,sample_material,fermented_meat,1,0.0
Environment,sample_material,ice cream27,1,0.0
Environment,sample_material,ice cream12,1,0.0
Environment,sample_material,ice cream14,1,0.0
Environment,sample_material,ecuadorean shrimping,1,0.0
Environment,sample_material,active sludge of municipal wastewater-treating anaerobic digesters,1,0.0
Environment,sample_material,anaerobic biogas reactor,1,0.0
Environment,sample_material,z4_2,1,0.0
Environment,sample_material,m2,1,0.0
Environment,sample_material,household tap filter,1,0.0
Environment,sample_material,fresh pollen from behives,1,0.0
Environment,sample_material,biosolids,1,0.0
Environment,sample_material,carrot,1,0.0
Environment,sample_material,uhuru_lmh_c_2,1,0.0
Environment,sample_material,capybara group feces,1,0.0
Environment,sample_material,mid jejunum content,1,0.0
Environment,sample_material,distal jejunum content,1,0.0
Environment,sample_material,orangutan group feces,1,0.0
Environment,sample_material,"madison, wisconsin, usa",1,0.0
Environment,sample_material,site r2a water,1,0.0
Environment,sample_material,labiotermes labralis p4,1,0.0
Environment,sample_material,embiratermes neotenicus p3,1,0.0
Environment,sample_material,coral host,1,0.0
Environment,sample_material,lake erie western basin algal bloom,1,0.0
Environment,sample_material,"twitchell island, sacramento and san joaquin delta, california, usa",1,0.0
Environment,sample_material,antarctic dry valleys,1,0.0
Environment,sample_material,"university of north carolina, usa",1,0.0
Environment,sample_material,"saanich inlet, british columbia, canada",1,0.0
Environment,sample_material,"monterey bay, california, usa",1,0.0
Environment,sample_material,"cape town, south africa",1,0.0
Environment,sample_material,vaginal introitus,1,0.0
Environment,sample_material,chest skin,1,0.0
Environment,sample_material,cryoconite sampled 20 cm from tas-l-c2a,1,0.0
Environment,sample_material,cryoconite sampled 20 cm from tas-l-b3a,1,0.0
Environment,sample_material,cryoconite sampled 500 meters from kan-p-b and 1 km from kan-p-a and 10 meters from kan-p-c2,1,0.0
Environment,sample_material,sludge of nerium oleander,1,0.0
Environment,sample_material,gut metagenome (dna seq) of mice fed with solid fructose,1,0.0
Environment,sample_material,boreonemoral mixed forest,1,0.0
Environment,sample_material,electrode biofilms and homoacetogenic and sulfate reducing bacteria,1,0.0
Environment,sample_material,31 hong kong dollars banknotes,1,0.0
Environment,sample_material,28 hong kong dollars banknotes,1,0.0
Environment,sample_material,22 hong kong dollars banknotes,1,0.0
Environment,sample_material,biodigester,1,0.0
Environment,sample_material,mine wastewater; tailings dewatering run-off,1,0.0
Environment,sample_material,dislodged materials from extracted joint arthroplasty,1,0.0
Environment,sample_material,"max planck institute for marine microbiology, germany",1,0.0
Environment,sample_material,"university of california, santa cruz, usa",1,0.0
Environment,sample_material,bone and joint infection sample 46,1,0.0
Environment,sample_material,bone and joint infection sample 19,1,0.0
Environment,sample_material,bone and joint infection sample 4,1,0.0
Environment,sample_material,wild environment,1,0.0
Environment,sample_material,aqueous sample,1,0.0
Environment,sample_material,"south georgia island, atlantic ocean",1,0.0
Environment,sample_material,filter of ocean water sample,1,0.0
Environment,sample_material,soft coal slag collected after removing a 10 cm top layer using a shovel from site rh1 mg,1,0.0
Environment,sample_material,unperturbed air over midwestern usa,1,0.0
Environment,sample_material,mixed endophytic bacteria from arabidopsis ecotype col-0 in clayton soil grown on cl soil media,1,0.0
Environment,sample_material,mixed endophytic bacteria from arabidopsis ecotype col-0 in clayton soil grown on 1/50th strength tsa media,1,0.0
Environment,sample_material,manitowoc influent,1,0.0
Environment,sample_material,control mock prey community,1,0.0
Environment,sample_material,activated sludge of sewage treatment plant in hong hong,1,0.0
Environment,sample_material,conventional feedlot,1,0.0
Environment,sample_material,"sample s0586, cruise bats174, 80 m depth",1,0.0
Environment,sample_material,"sample s0527, cruise hot166, 175 m depth",1,0.0
Environment,sample_material,"sample s0594, cruise bats187, 1 m depth",1,0.0
Environment,sample_material,"sample s0607, cruise bats176, 100 m depth",1,0.0
Environment,sample_material,"sample s0622, cruise bats191, 120 m depth",1,0.0
Environment,sample_material,"sample s0621, cruise bats191, 1 m depth",1,0.0
Environment,sample_material,lab-scale mainstream anammox mbbr,1,0.0
Environment,sample_material,clonal culture of asterionella formosa bg1 isolated from esthwaite water,1,0.0
Environment,sample_material,lab reagents,1,0.0
Environment,sample_material,"hot lake, washington, usa",1,0.0
Environment,sample_material,"lake montjoie, canada",1,0.0
Environment,sample_material,soil from the bank of a stream,1,0.0
Environment,sample_material,rhizosphere/roots of spruce and pine,1,0.0
Environment,sample_material,alpine/subalpine bogs - sphagnum fallax,1,0.0
Environment,sample_material,fracked well,1,0.0
Environment,sample_material,biocrust samples from the green butte site near canyonlands national park along an apparent maturity gradient of cyanobacteria-dominated biocrusts,1,0.0
Environment,sample_material,diffuse flow seawater,1,0.0
Environment,sample_material,single stage anaerobic digester replicate1-pre hydrogen,1,0.0
Environment,sample_material,estuary sediment,1,0.0
Environment,sample_material,food market,1,0.0
Environment,sample_material,poultry farm,1,0.0
Environment,sample_material,oral in vitro biofilm,1,0.0
Environment,sample_material,formation water,1,0.0
Environment,sample_material,samples were filtered to recover viral particles,1,0.0
Environment,sample_material,double stage anaerobic digester acidogenic replicate3-post hydrogen,1,0.0
Environment,sample_material,iron palque metagenome,1,0.0
Environment,sample_material,subsurface aquifer,1,0.0
Environment,sample_material,pond sf2 water,1,0.0
Environment,sample_material,catfish farming tank water,1,0.0
Environment,sample_material,worm-infected human stool,1,0.0
Environment,sample_material,faecal of p33,1,0.0
Environment,sample_material,faecal of p36,1,0.0
Environment,sample_material,faecal of p45,1,0.0
Environment,sample_material,faecal of h22,1,0.0
Environment,sample_material,faecal of h27,1,0.0
Environment,sample_material,faecal of prf15,1,0.0
Environment,sample_material,lo.m.2.2,1,0.0
Environment,sample_material,soil sample collected from the site of a burning grass pile,1,0.0
Environment,sample_material,exp tend vb 10ww,1,0.0
Environment,sample_material,osu colony tick,1,0.0
Environment,sample_material,human mouth,1,0.0
Environment,sample_material,peat 60-70cm depth,1,0.0
Environment,sample_material,"s. glens falls, new york, usa",1,0.0
Environment,sample_material,"a23 p1 aerobic enrichment on pine of planktonic cells taken from a salt flat in the south bay, ca",1,0.0
Environment,sample_material,"bioluminescent bay, la paraguera, puerto rico",1,0.0
Environment,sample_material,"browns valley, california, usa",1,0.0
Environment,sample_material,"algoma, ontario, canada",1,0.0
Environment,sample_material,"thunder bay, ontario, canada",1,0.0
Environment,sample_material,tidal flat sediments of yangtze estuary,1,0.0
Environment,sample_material,assembly of 11 fecal samples from infant 14 collected in jan 2012,1,0.0
Environment,sample_material,assembly of 18 fecal samples from infant 3 collected between nov 2011 and jan 2012,1,0.0
Environment,sample_material,assembly of 11 fecal samples from infant 4 collected in nov and dec 2011,1,0.0
Environment,sample_material,assembly of 21 fecal samples from infant 19 collected between feb and apr 2012,1,0.0
Environment,sample_material,"fecal sample from infant n5_242 dol 11, sample 1",1,0.0
Environment,sample_material,"fecal sample from infant n5_234 dol 15, sample 1",1,0.0
Environment,sample_material,"fecal sample from infant n5_272 dol 6, sample 1",1,0.0
Environment,sample_material,"fecal sample from infant n5_254 dol 5, sample 1",1,0.0
Environment,sample_material,"fecal sample from infant n5_225 dol 45, sample 1",1,0.0
Environment,sample_material,"fecal sample from infant n5_249 dol 38, sample 1",1,0.0
Environment,sample_material,"fecal sample from infant n5_265 dol 41, sample 1",1,0.0
Environment,sample_material,"fecal sample from infant n5_225 dol 12, sample 1",1,0.0
Environment,sample_material,"fecal sample from infant n5_271 dol 10, sample 1",1,0.0
Environment,sample_material,"fecal sample from infant n5_242 dol 50, sample 1",1,0.0
Environment,sample_material,"fecal sample from infant n5_243 dol 5, sample 1",1,0.0
Environment,sample_material,"fecal sample from infant n5_261 dol 6, sample 1",1,0.0
Environment,sample_material,"fecal sample from infant n5_234 dol 74, sample 1",1,0.0
Environment,sample_material,"fecal sample from infant n5_215 dol 50, sample 1",1,0.0
Environment,sample_material,ganges river,1,0.0
Environment,sample_material,coal bed cutting,1,0.0
Environment,sample_material,benthic seawater,1,0.0
Environment,sample_material,regenerated saltmarsh,1,0.0
Environment,sample_material,sludge from phenol fed wastewater aerobic bioreactor b,1,0.0
Environment,sample_material,sample_ht3,1,0.0
Environment,sample_material,sample_hmn7,1,0.0
Environment,sample_material,sample_hmn1,1,0.0
Environment,sample_material,sample_xmy2,1,0.0
Environment,sample_material,sample_xm4,1,0.0
Environment,sample_material,sample_xt9,1,0.0
Environment,sample_material,sample_xmy5,1,0.0
Environment,sample_material,advanced water processing facility influent no rt control,1,0.0
Environment,sample_material,advanced water processing facility mf biofilm,1,0.0
Environment,sample_material,advanced water processing facility ro biofilm,1,0.0
Environment,sample_material,biopsy of large skin tag,1,0.0
Environment,sample_material,biopsy of wart from sample 4,1,0.0
Environment,sample_material,"wart biopsy buttocks, periannal",1,0.0
Environment,sample_material,biopsy of wart on 4th finger,1,0.0
Environment,sample_material,"skin swabs of warts, site of confirmed carcinoma and clear skin",1,0.0
Environment,sample_material,skin swabs undisclosed body parts,1,0.0
Environment,sample_material,scraping of treatment resistant wart on sole of r foot,1,0.0
Environment,sample_material,"skin swabs of warts decreasing in size on r hand dorsal 4th digit, clear skin without wart history of warts of r palm",1,0.0
Environment,sample_material,pooled skin swabs from samples 47 and 48,1,0.0
Environment,sample_material,pooled skin swabs of several foreheads,1,0.0
Environment,sample_material,oligotrophic lake microbial mat,1,0.0
Environment,sample_material,non-lithifying microbial mat a,1,0.0
Environment,sample_material,beijiang river,1,0.0
Environment,sample_material,mosquito,1,0.0
Environment,sample_material,soil under a pine tree,1,0.0
Environment,sample_material,wheat flour,1,0.0
Environment,sample_material,aspo hard rock laboratory (hrl) deep subsurface site,1,0.0
Environment,sample_material,halite crust,1,0.0
Environment,sample_material,hydrothermal sediments,1,0.0
Environment,sample_material,kristineberg acid mine drainage,1,0.0
Environment,sample_material,isolation_control,1,0.0
Environment,sample_material,caecum content,1,0.0
Environment,sample_material,cleargreen pilot reactor,1,0.0
Environment,sample_material,soil bluff,1,0.0
Environment,sample_material,healthy donor human bile,1,0.0
Environment,sample_material,human intestinal mucosa,1,0.0
Environment,sample_material,callinectes_sapidus_gut,1,0.0
Environment,sample_material,callinectes_sapidus_claw,1,0.0
Environment,sample_material,wine,1,0.0
Environment,sample_material,stool from donor am at time point 0185,1,0.0
Environment,sample_material,stool from donor am at time point 0189,1,0.0
Environment,sample_material,stool from donor an at time point 0081,1,0.0
Environment,sample_material,stool from donor am at time point 0111,1,0.0
Environment,sample_material,stool from donor am at time point 0112,1,0.0
Environment,sample_material,stool from donor av at time point 0006,1,0.0
Environment,sample_material,stool from donor as at time point 0033,1,0.0
Environment,sample_material,stool from donor am at time point 0177,1,0.0
Environment,sample_material,stool from donor bf at time point 0003,1,0.0
Environment,sample_material,28.3,1,0.0
Environment,sample_material,19.8,1,0.0
Environment,sample_material,stool from donor ao at time point 0081,1,0.0
Environment,sample_material,stool from donor am at time point 0121,1,0.0
Environment,sample_material,stool from donor am at time point 0120,1,0.0
Environment,sample_material,21.8,1,0.0
Environment,sample_material,stool from donor ao at time point 0012,1,0.0
Environment,sample_material,stool from donor am at time point 0207,1,0.0
Environment,sample_material,stool from donor ao at time point 0030,1,0.0
Environment,sample_material,stool from donor am at time point 0080,1,0.0
Environment,sample_material,stool from donor am at time point 0136,1,0.0
Environment,sample_material,stool from donor ce at time point 0001,1,0.0
Environment,sample_material,stool from donor an at time point 0004,1,0.0
Environment,sample_material,stool from donor ao at time point 0088,1,0.0
Environment,sample_material,stool from donor ao at time point 0042,1,0.0
Environment,sample_material,stool from donor am at time point 0148,1,0.0
Environment,sample_material,stool from donor bo at time point 0001,1,0.0
Environment,sample_material,stool from donor ax at time point 0001,1,0.0
Environment,sample_material,stool from donor am at time point 0057,1,0.0
Environment,sample_material,enriched backyard soil,1,0.0
Environment,sample_material,mire bog,1,0.0
Environment,sample_material,active layer of palsa peatland,1,0.0
Environment,sample_material,deep subsurface,1,0.0
Environment,sample_material,peatland at spruce experiment site,1,0.0
Environment,sample_material,svalbard_ptar_captive_93-026_r1,1,0.0
Environment,sample_material,plot 12,1,0.0
Environment,sample_material,plot 9,1,0.0
Environment,sample_material,lake water surface,1,0.0
Environment,sample_material,anerobically digested sludge at 55c,1,0.0
Environment,sample_material,subsurface seawater from pelagic zone,1,0.0
Environment,sample_material,enrichment of abundant sedimentary bathyarchaeota,1,0.0
Environment,sample_material,intermittently aerated reactor a sampled at 116 days,1,0.0
Environment,sample_material,flowing water column of cache la poudre river; enriched in culture for about 1.5 years,1,0.0
Environment,sample_material,rupestrian grassland bulk soil,1,0.0
Environment,sample_material,rupestrian grassland exposed rock,1,0.0
Environment,sample_material,"riparian zone, east river",1,0.0
Environment,sample_material,bay sediment,1,0.0
Environment,sample_material,"hot springs, ynp",1,0.0
Environment,sample_material,trabecular space of occipital bone,1,0.0
Environment,sample_material,pbs-buffer,1,0.0
Environment,sample_material,human_milk,1,0.0
Environment,sample_material,red pepper,1,0.0
Environment,sample_material,lacustrine sediment - 35cm,1,0.0
Environment,sample_material,copper mine tailing,1,0.0
Environment,sample_material,probiotic beverage,1,0.0
Environment,sample_material,tropical forest,1,0.0
Environment,sample_material,diarrheal stool,1,0.0
Environment,sample_material,soil_y,1,0.0
Environment,sample_material,soil from angelo coast range reserve,1,0.0
Environment,sample_material,enrty point of leading ro module,1,0.0
Environment,sample_material,vulture gut,1,0.0
Environment,sample_material,non-rehabilitated,1,0.0
Environment,sample_material,rehabilitation,1,0.0
Environment,sample_material,china panda 124,1,0.0
Environment,sample_material,china panda 63,1,0.0
Environment,sample_material,china panda 80,1,0.0
Environment,sample_material,china panda 102,1,0.0
Environment,sample_material,china panda 108,1,0.0
Environment,sample_material,china panda 181,1,0.0
Environment,sample_material,china panda 89,1,0.0
Environment,sample_material,china panda 165,1,0.0
Environment,sample_material,china panda 92,1,0.0
Environment,sample_material,china panda 171,1,0.0
Environment,sample_material,china panda 33,1,0.0
Environment,sample_material,china panda 142,1,0.0
Environment,sample_material,inlet seawater,1,0.0
Environment,sample_material,sha tin sewage treatment works,1,0.0
Environment,sample_material,sha tin sewage treatment works as,1,0.0
Environment,sample_material,soy sauce mash,1,0.0
Environment,sample_material,dmsp producing process enriched culture of the near bottom seawater of the east china sea,1,0.0
Environment,sample_material,natural oxic surface sediment of the east china sea,1,0.0
Environment,sample_material,compost soil in crotonic acid-enriched culture,1,0.0
Environment,sample_material,co2 seep,1,0.0
Environment,sample_material,alpine paleosol,1,0.0
Environment,sample_material,pig112,1,0.0
Environment,sample_material,"feces, cage 5",1,0.0
Environment,sample_material,"feces, cage 2",1,0.0
Environment,sample_material,media,1,0.0
Environment,sample_material,goat_g4,1,0.0
Environment,sample_material,tidal freshwater marsh,1,0.0
Environment,sample_material,decompsing corn stalks and leaves,1,0.0
Environment,sample_material,bulk soil 0-5 cm under litter bag,1,0.0
Environment,sample_material,iterminal2,1,0.0
Environment,sample_material,cproximal3,1,0.0
Environment,sample_material,backyard soil,1,0.0
Environment,sample_material,enriched commercial compost,1,0.0
Environment,sample_material,sc,1,0.0
Environment,sample_material,np swab,1,0.0
Environment,sample_material,pacific ocean,1,0.0
Environment,sample_material,"oxisol, poamoho agricultural research station, hi, usa",1,0.0
Environment,sample_material,fecal viruses from subject s01,1,0.0
Environment,sample_material,oyster homogenate enriched in apw,1,0.0
Environment,sample_material,migros: geneva,1,0.0
Environment,sample_material,migros:geneva,1,0.0
Environment,sample_material,aligro: fribourg,1,0.0
Environment,sample_material,lullier: geneva,1,0.0
Environment,sample_material,"freshwater creek, site ma03",1,0.0
Environment,sample_material,"reclaimed water, site ma02",1,0.0
Environment,sample_material,"reclaimed water, site ma06",1,0.0
Environment,sample_material,after 145 day,1,0.0
Environment,sample_material,after 138 day,1,0.0
Environment,sample_material,after 69 day,1,0.0
Environment,sample_material,after 34 day,1,0.0
Environment,sample_material,after 47 day,1,0.0
Environment,sample_material,after 85 day,1,0.0
Environment,sample_material,stool from donor ad at time point 0005,1,0.0
Environment,sample_material,stool from donor am at time point 0087,1,0.0
Environment,sample_material,stool from donor an at time point 0035,1,0.0
Environment,sample_material,stool from donor am at time point 0066,1,0.0
Environment,sample_material,stool from donor bs at time point 0001,1,0.0
Environment,sample_material,stool from donor bt at time point 0039,1,0.0
Environment,sample_material,stool from donor am at time point 0008,1,0.0
Environment,sample_material,stool from donor am at time point 0003,1,0.0
Environment,sample_material,stool from donor al at time point 0002,1,0.0
Environment,sample_material,stool from donor ao at time point 0036,1,0.0
Environment,sample_material,stool from donor ao at time point 0038,1,0.0
Environment,sample_material,stool from donor am at time point 0221,1,0.0
Environment,sample_material,stool from donor ae at time point 0039,1,0.0
Environment,sample_material,stool from donor ae at time point 0053,1,0.0
Environment,sample_material,stool from donor az at time point 0001,1,0.0
Environment,sample_material,stool from donor ae at time point 0061,1,0.0
Environment,sample_material,stool from donor am at time point 0074,1,0.0
Environment,sample_material,stool from donor ao at time point 0068,1,0.0
Environment,sample_material,stool from donor am at time point 0147,1,0.0
Environment,sample_material,stool from donor am at time point 0228,1,0.0
Environment,sample_material,stool from donor ao at time point 0090,1,0.0
Environment,sample_material,stool from donor am at time point 0196,1,0.0
Environment,sample_material,stool from donor an at time point 0046,1,0.0
Environment,sample_material,stool from donor an at time point 0003,1,0.0
Environment,sample_material,stool from donor an at time point 0005,1,0.0
Environment,sample_material,stool from donor af at time point 0060,1,0.0
Environment,sample_material,stool from donor am at time point 0039,1,0.0
Environment,sample_material,stool from donor am at time point 0128,1,0.0
Environment,sample_material,stool from donor am at time point 0132,1,0.0
Environment,sample_material,stool from donor ao at time point 0085,1,0.0
Environment,sample_material,stool from donor bm at time point 0002,1,0.0
Environment,sample_material,dessicated mat,1,0.0
Environment,sample_material,puffer fish gut microbiome,1,0.0
Environment,sample_material,jejunum (envo:),1,0.0
Environment,sample_material,ileum (envo:),1,0.0
Environment,sample_material,combined rumen fluid and solid sample,1,0.0
Environment,sample_material,cro9d12,1,0.0
Environment,sample_material,nacl5d4,1,0.0
Environment,sample_material,nacl5d12,1,0.0
Environment,sample_material,cro6d1,1,0.0
Environment,sample_material,cro4d4,1,0.0
Environment,sample_material,nacl8d4,1,0.0
Environment,sample_material,human gut/marine sponge,1,0.0
Environment,sample_material,leaf sample,1,0.0
Environment,sample_material,anterior hindgut from beetle 1,1,0.0
Environment,sample_material,mariculture sediment,1,0.0
Environment,sample_material,"sediment, site nb8, incubated subsample bs1",1,0.0
Environment,sample_material,filtered water from permanent stratified lake,1,0.0
Environment,sample_material,landfill leachate from composite cistern,1,0.0
Environment,sample_material,"marine sediment core gs10_pc15, 103 cmbsf",1,0.0
Environment,sample_material,drinking water rapid filter,1,0.0
Environment,sample_material,soil from uranium-contaminated site,1,0.0
Environment,sample_material,ectomycorrhizal soil,1,0.0
Environment,sample_material,"wastewater treatment plant digested sludge, goettingen",1,0.0
Environment,sample_material,lacustrine sediment,1,0.0
Environment,sample_material,activated sludge of kraft-pulp mill effluents,1,0.0
Environment,sample_material,fjord sediment,1,0.0
Environment,sample_material,waste contaminated soil,1,0.0
Environment,sample_material,crystallizer pond,1,0.0
Environment,sample_material,"groundwater aquifer, well1, replicate 2",1,0.0
Environment,sample_material,"groundwater aquifer, well1, replicate 4",1,0.0
Environment,sample_material,pooled pig caecal material,1,0.0
Environment,sample_material,filtered water,1,0.0
Environment,sample_material,oceanic water not far from the shore,1,0.0
Environment,sample_material,ground water,1,0.0
Environment,sample_material,"soil with large amounts of vegetation and leaf litter, shaded wet soil, at water level",1,0.0
Environment,sample_material,patient 11,1,0.0
Environment,sample_material,healthy control 3,1,0.0
Environment,sample_material,mgx_chemostata_treat_oea_time_4_hr_rep_2,1,0.0
Environment,sample_material,mgx_chemostata_treat_oa_time_12_hr_rep_2,1,0.0
Environment,sample_material,mgx_chemostatb_treat_pea_time_4_hr_rep_2,1,0.0
Environment,sample_material,mgx_chemostatb_treat_aea_time_12_hr_rep_2,1,0.0
Environment,sample_material,29900,1,0.0
Environment,sample_material,210080,1,0.0
Environment,sample_material,314531,1,0.0
Environment,sample_material,29913,1,0.0
Environment,sample_material,14195,1,0.0
Environment,sample_material,14174,1,0.0
Environment,sample_material,29875,1,0.0
Environment,sample_material,14284,1,0.0
Environment,sample_material,14287,1,0.0
Environment,sample_material,gc6,1,0.0
Environment,sample_material,gc17,1,0.0
Environment,sample_material,gc32,1,0.0
Environment,sample_material,lpz18,1,0.0
Environment,sample_material,lpz6,1,0.0
Environment,sample_material,lpz8,1,0.0
Environment,sample_material,21,1,0.0
Environment,sample_material,4,1,0.0
Environment,sample_material,9,1,0.0
Environment,sample_material,73,1,0.0
Environment,sample_material,"usa: california, san gabriel",1,0.0
Environment,sample_material,"usa: california, lahabra",1,0.0
Environment,sample_material,whole rumen contents,1,0.0
Environment,sample_material,urban wastewater,1,0.0
Environment,sample_material,rhizosphere of the salt marsh grasses,1,0.0
Environment,sample_material,iron sulfide rich bioturbated marine sediment,1,0.0
Environment,sample_material,fecal contents were scraped from the mouse colons,1,0.0
Environment,sample_material,landfill soil,1,0.0
Environment,sample_material,farmyard manure,1,0.0
Environment,sample_material,blood culture bottle,1,0.0
Environment,sample_material,jiricka pond,1,0.0
Environment,sample_material,feces pig21 day 21 after weanning,1,0.0
Environment,sample_material,feces pig37 day 21 after weanning,1,0.0
Environment,sample_material,hyperalkaline sediment,1,0.0
Environment,sample_material,replicate 2 from balatoc abandoned mine,1,0.0
Environment,sample_material,solid waste,1,0.0
Environment,sample_material,clay,1,0.0
Environment,sample_material,lake sediments,1,0.0
Environment,sample_material,marine metagenomes from <0.6 um incubation experiment,1,0.0
Environment,sample_material,arbuscular mycorrhizal soil,1,0.0
Environment,sample_material,marine water column,1,0.0
Environment,sample_material,208,1,0.0
Environment,sample_material,162,1,0.0
Environment,sample_material,173,1,0.0
Environment,sample_material,130,1,0.0
Environment,sample_material,285,1,0.0
Environment,sample_material,272,1,0.0
Environment,sample_material,215,1,0.0
Environment,sample_material,249,1,0.0
Environment,sample_material,65,1,0.0
Environment,sample_material,190,1,0.0
Environment,sample_material,47,1,0.0
Environment,sample_material,plant nodule,1,0.0
Environment,sample_material,epithelium of external nose,1,0.0
Environment,sample_material,alligator nest2 egg chamber,1,0.0
Environment,sample_material,"infected diabetic foot ulcer, patient 2, time point 6",1,0.0
Environment,sample_material,ombrotrophic bog,1,0.0
Environment,sample_material,activated sludge from nitrification reactor of wastewater treatment plant location 2,1,0.0
Environment,sample_material,activated sludge from nitrification reactor of wastewater treatment plant location 1,1,0.0
Environment,sample_material,"sediment, 5-6cm",1,0.0
Environment,sample_material,"sediment, 8.5-10cm",1,0.0
Environment,sample_material,human88,1,0.0
Environment,sample_material,human37,1,0.0
Environment,sample_material,human28,1,0.0
Environment,sample_material,laboratory culture 50th cycle position d replicate 3,1,0.0
Environment,sample_material,r_index,1,0.0
Environment,sample_material,r_nares,1,0.0
Environment,sample_material,l_index,1,0.0
Environment,isolation_source,feces,5494,28.88
Environment,isolation_source,soil,489,2.57
Environment,isolation_source,saliva,396,2.08
Environment,isolation_source,gut,228,1.2
Environment,isolation_source,wastewater,218,1.15
Environment,isolation_source,csf,191,1.0
Environment,isolation_source,human gut,176,0.93
Environment,isolation_source,soil from agriculture fields,150,0.79
Environment,isolation_source,soil sample,137,0.72
Environment,isolation_source,synthetic community,127,0.67
Environment,isolation_source,sputum,115,0.6
Environment,isolation_source,house dust,113,0.59
Environment,isolation_source,bronchoalveolar lavage fluid,109,0.57
Environment,isolation_source,sea water,101,0.53
Environment,isolation_source,rumen,98,0.52
Environment,isolation_source,sediment,97,0.51
Environment,isolation_source,seawater,90,0.47
Environment,isolation_source,human stools,88,0.46
Environment,isolation_source,soil from natural grassland formations,72,0.38
Environment,isolation_source,soil from natural forests,72,0.38
Environment,isolation_source,urine,67,0.35
Environment,isolation_source,skin,67,0.35
Environment,isolation_source,human vagina,67,0.35
Environment,isolation_source,hydrothermal vent,65,0.34
Environment,isolation_source,swab,63,0.33
Environment,isolation_source,rhizosphere,62,0.33
Environment,isolation_source,environmental,61,0.32
Environment,isolation_source,"marine water, oceanic",58,0.3
Environment,isolation_source,river water,54,0.28
Environment,isolation_source,"ambient air sampled at ntu campus, singapore",53,0.28
Environment,isolation_source,human feces,51,0.27
Environment,isolation_source,cecum,49,0.26
Environment,isolation_source,guangzhou,49,0.26
Environment,isolation_source,thallus,47,0.25
Environment,isolation_source,tissue,45,0.24
Environment,isolation_source,sediment from urban freshwater,45,0.24
Environment,isolation_source,surface water,44,0.23
Environment,isolation_source,clinical sample,43,0.23
Environment,isolation_source,lake water,43,0.23
Environment,isolation_source,rhizosphere soil,43,0.23
Environment,isolation_source,sewage,42,0.22
Environment,isolation_source,water,41,0.22
Environment,isolation_source,microbial community enriched from coastal seawater on a single synthetic hydrogel chitin micro-particle,40,0.21
Environment,isolation_source,blood,39,0.21
Environment,isolation_source,serum,39,0.21
Environment,isolation_source,rectal swab,37,0.19
Environment,isolation_source,sediment from natural freshwater,37,0.19
Environment,isolation_source,pelagic,37,0.19
Environment,isolation_source,cerebrospinal fluid,36,0.19
Environment,isolation_source,oral cavity,36,0.19
Environment,isolation_source,plasma,36,0.19
Environment,isolation_source,fecal samples,36,0.19
Environment,isolation_source,soil from urban greenspaces,35,0.18
Environment,isolation_source,anterior nares,34,0.18
Environment,isolation_source,human facial skin,34,0.18
Environment,isolation_source,dental calculus,33,0.17
Environment,isolation_source,lung,33,0.17
Environment,isolation_source,ruminal fluid,33,0.17
Environment,isolation_source,activated sludge,32,0.17
Environment,isolation_source,misssing,32,0.17
Environment,isolation_source,paddy soil,31,0.16
Environment,isolation_source,air,31,0.16
Environment,isolation_source,aqueous humor,31,0.16
Environment,isolation_source,ambient outdoor air collected on a filter medium,30,0.16
Environment,isolation_source,agricultural soil,30,0.16
Environment,isolation_source,food,29,0.15
Environment,isolation_source,milk,29,0.15
Environment,isolation_source,hospital,28,0.15
Environment,isolation_source,wastewater treatment plant,26,0.14
Environment,isolation_source,honey,26,0.14
Environment,isolation_source,mouse intestine,26,0.14
Environment,isolation_source,"soil from natural bogs, mires and fens",26,0.14
Environment,isolation_source,river surface water,25,0.13
Environment,isolation_source,digesta samples,25,0.13
Environment,isolation_source,oropharynx,25,0.13
Environment,isolation_source,malawi village,25,0.13
Environment,isolation_source,root,24,0.13
Environment,isolation_source,oral,24,0.13
Environment,isolation_source,cow rumen,24,0.13
Environment,isolation_source,soil from natural dunes,24,0.13
Environment,isolation_source,subway and urban air,23,0.12
Environment,isolation_source,forest soil,23,0.12
Environment,isolation_source,"magee womens hospital, pittsburgh, pennsylvania, usa",23,0.12
Environment,isolation_source,benthic surface of ice-covered lake,23,0.12
Environment,isolation_source,water kefir liquid,22,0.12
Environment,isolation_source,phyllosphere,22,0.12
Environment,isolation_source,intestinal fecal,21,0.11
Environment,isolation_source,homo sapiens,21,0.11
Environment,isolation_source,mouse feces,20,0.11
Environment,isolation_source,freshwater,20,0.11
Environment,isolation_source,lake water from pelagic integrated epilimnion zone,20,0.11
Environment,isolation_source,leaf litter,20,0.11
Environment,isolation_source,fecal pellet,20,0.11
Environment,isolation_source,epilithic biofilms,20,0.11
Environment,isolation_source,subgingival plaque,19,0.1
Environment,isolation_source,human fecal sample,19,0.1
Environment,isolation_source,freshwater lake,19,0.1
Environment,isolation_source,lake sediment,19,0.1
Environment,isolation_source,mouse fecal,19,0.1
Environment,isolation_source,sediment from subterranean saltwater,19,0.1
Environment,isolation_source,marine sediment,18,0.09
Environment,isolation_source,maxwell,18,0.09
Environment,isolation_source,human stool sample,18,0.09
Environment,isolation_source,duckling,18,0.09
Environment,isolation_source,fecal sample from pouch patient,18,0.09
Environment,isolation_source,peat soil,17,0.09
Environment,isolation_source,ileum,17,0.09
Environment,isolation_source,vagina,17,0.09
Environment,isolation_source,simulated human gut metagenome,17,0.09
Environment,isolation_source,feces sample,16,0.08
Environment,isolation_source,mouse stool,16,0.08
Environment,isolation_source,capra hircus,16,0.08
Environment,isolation_source,asian elephant fecal,16,0.08
Environment,isolation_source,dna:ds viral dna,15,0.08
Environment,isolation_source,river,15,0.08
Environment,isolation_source,leaf material,15,0.08
Environment,isolation_source,bulk soil,15,0.08
Environment,isolation_source,uganda,15,0.08
Environment,isolation_source,nasal mucus,15,0.08
Environment,isolation_source,conjunctiva,15,0.08
Environment,isolation_source,built environment,14,0.07
Environment,isolation_source,child_stool,14,0.07
Environment,isolation_source,nasopharyngeal swab,14,0.07
Environment,isolation_source,soil from natural temperate heath and scrub,14,0.07
Environment,isolation_source,pharynx,14,0.07
Environment,isolation_source,culture,14,0.07
Environment,isolation_source,metagenome,14,0.07
Environment,isolation_source,mock community wc-gut rr (nibsc 22/210),14,0.07
Environment,isolation_source,saline lake,14,0.07
Environment,isolation_source,feaces,13,0.07
Environment,isolation_source,china,13,0.07
Environment,isolation_source,matridx biotechnology laboratory environment,13,0.07
Environment,isolation_source,rectum,13,0.07
Environment,isolation_source,gut microbiome,13,0.07
Environment,isolation_source,upper respiratory tract,13,0.07
Environment,isolation_source,"feces, blood, swab and tissues",13,0.07
Environment,isolation_source,environment,13,0.07
Environment,isolation_source,coral reef,13,0.07
Environment,isolation_source,nepenthes pitcher fluid,13,0.07
Environment,isolation_source,desert soil,12,0.06
Environment,isolation_source,anal swab,12,0.06
Environment,isolation_source,dietary supplement,12,0.06
Environment,isolation_source,jejunum,12,0.06
Environment,isolation_source,tracheal aspirate,12,0.06
Environment,isolation_source,hot spring sediment,12,0.06
Environment,isolation_source,face,12,0.06
Environment,isolation_source,nares,12,0.06
Environment,isolation_source,vaginal swab,12,0.06
Environment,isolation_source,lower leg of human,12,0.06
Environment,isolation_source,permafrost peat,12,0.06
Environment,isolation_source,river water column,12,0.06
Environment,isolation_source,peat,12,0.06
Environment,isolation_source,ocean water,11,0.06
Environment,isolation_source,biofilm,11,0.06
Environment,isolation_source,carcass,11,0.06
Environment,isolation_source,hemolymph,11,0.06
Environment,isolation_source,faecel,11,0.06
Environment,isolation_source,nasopharynx,11,0.06
Environment,isolation_source,tidal flats,11,0.06
Environment,isolation_source,untreated coastal surface water,11,0.06
Environment,isolation_source,mapocho river,11,0.06
Environment,isolation_source,bile,10,0.05
Environment,isolation_source,sludge,10,0.05
Environment,isolation_source,back,10,0.05
Environment,isolation_source,mouse fecal pellet,10,0.05
Environment,isolation_source,cheese,10,0.05
Environment,isolation_source,faecal samples,10,0.05
Environment,isolation_source,cecal contents,10,0.05
Environment,isolation_source,lab of hugo tech,10,0.05
Environment,isolation_source,specimen collection process,10,0.05
Environment,isolation_source,soil from natural coastal,10,0.05
Environment,isolation_source,water from urban wastewater,10,0.05
Environment,isolation_source,human nasopharyngeal specimen,10,0.05
Environment,isolation_source,marine_environmental,10,0.05
Environment,isolation_source,rumen fluid,10,0.05
Environment,isolation_source,community sewage (summer),10,0.05
Environment,isolation_source,community sewage (winter),10,0.05
Environment,isolation_source,river sediment,10,0.05
Environment,isolation_source,hemp field,10,0.05
Environment,isolation_source,ant dump-derived culture enriched in switchgrass conversion residue,10,0.05
Environment,isolation_source,vaginal swap,10,0.05
Environment,isolation_source,pelagic_public,10,0.05
Environment,isolation_source,rumen liquor,9,0.05
Environment,isolation_source,intestinal tract,9,0.05
Environment,isolation_source,skin surface,9,0.05
Environment,isolation_source,leaf,9,0.05
Environment,isolation_source,foot,9,0.05
Environment,isolation_source,hand,9,0.05
Environment,isolation_source,rectal,9,0.05
Environment,isolation_source,inter-tidal seawall,9,0.05
Environment,isolation_source,balf,9,0.05
Environment,isolation_source,mouse stool samples,9,0.05
Environment,isolation_source,subject,9,0.05
Environment,isolation_source,stool samples,9,0.05
Environment,isolation_source,duodenum,9,0.05
Environment,isolation_source,bronchoalveolar lavage fluid or blood,9,0.05
Environment,isolation_source,human plasma,9,0.05
Environment,isolation_source,anaerobic digestion,9,0.05
Environment,isolation_source,atcc,9,0.05
Environment,isolation_source,reactor sample,9,0.05
Environment,isolation_source,respiratory tract,9,0.05
Environment,isolation_source,sediments,9,0.05
Environment,isolation_source,fecal sample from gnotobiotic mice,9,0.05
Environment,isolation_source,fine root endosphere,9,0.05
Environment,isolation_source,"physical source, colon content",9,0.05
Environment,isolation_source,fece,9,0.05
Environment,isolation_source,floodplain sediment,9,0.05
Environment,isolation_source,feedlot,9,0.05
Environment,isolation_source,manure amended agricultural soil,9,0.05
Environment,isolation_source,south pacific ocean,9,0.05
Environment,isolation_source,pooled fecal sample,9,0.05
Environment,isolation_source,columbia river estuary,9,0.05
Environment,isolation_source,activated sludge sample,9,0.05
Environment,isolation_source,human skin,8,0.04
Environment,isolation_source,seal feces,8,0.04
Environment,isolation_source,human plasma with contrived viral load,8,0.04
Environment,isolation_source,"the riverside of the ancient canal in zhenjiang city, china",8,0.04
Environment,isolation_source,sediment sample,8,0.04
Environment,isolation_source,antecubitalfossa,8,0.04
Environment,isolation_source,human blood,8,0.04
Environment,isolation_source,nasopharyngeal swabs from juvenile,8,0.04
Environment,isolation_source,"zhuhai city, guangdong province",8,0.04
Environment,isolation_source,wound,8,0.04
Environment,isolation_source,dental plaque from anterior tooth,8,0.04
Environment,isolation_source,tongue dorsum,8,0.04
Environment,isolation_source,infant stool,8,0.04
Environment,isolation_source,gills,8,0.04
Environment,isolation_source,soil from subterranean urban,8,0.04
Environment,isolation_source,anal swabs,8,0.04
Environment,isolation_source,intestinal contents,8,0.04
Environment,isolation_source,collembola specimens from soil cores taken from grassland sites,8,0.04
Environment,isolation_source,gut samples,8,0.04
Environment,isolation_source,field soil,8,0.04
Environment,isolation_source,iss,8,0.04
Environment,isolation_source,glacial till from the non-vegetated site about 2 year post deglaciation,8,0.04
Environment,isolation_source,biomass from anaerobic digester,8,0.04
Environment,isolation_source,"wisconsin, united states",8,0.04
Environment,isolation_source,scalp,8,0.04
Environment,isolation_source,teeth,8,0.04
Environment,isolation_source,beijing,8,0.04
Environment,isolation_source,mice fecals,8,0.04
Environment,isolation_source,bioreactor,7,0.04
Environment,isolation_source,laboratory,7,0.04
Environment,isolation_source,donor 1,7,0.04
Environment,isolation_source,14188,7,0.04
Environment,isolation_source,handrail surface,7,0.04
Environment,isolation_source,prairie soil,7,0.04
Environment,isolation_source,multiple,7,0.04
Environment,isolation_source,apple rhizosphere,7,0.04
Environment,isolation_source,cecal content,7,0.04
Environment,isolation_source,goat feces,7,0.04
Environment,isolation_source,rumen sample,7,0.04
Environment,isolation_source,piglet,7,0.04
Environment,isolation_source,mouse cecum content,7,0.04
Environment,isolation_source,"soil, wetland",7,0.04
Environment,isolation_source,composting substrate,7,0.04
Environment,isolation_source,biopsy,7,0.04
Environment,isolation_source,anaerobic digester,7,0.04
Environment,isolation_source,nunja,7,0.04
Environment,isolation_source,water kefir grains,7,0.04
Environment,isolation_source,huaian,7,0.04
Environment,isolation_source,marine,7,0.04
Environment,isolation_source,bal,7,0.04
Environment,isolation_source,chicken feces,7,0.04
Environment,isolation_source,gastric mucosa,7,0.04
Environment,isolation_source,water from urban drinking water,7,0.04
Environment,isolation_source,seawater near an island,7,0.04
Environment,isolation_source,alveolar lavage fluid,7,0.04
Environment,isolation_source,buccal swab,7,0.04
Environment,isolation_source,human.stool,7,0.04
Environment,isolation_source,zoo animals,7,0.04
Environment,isolation_source,nasopharyngeal swabs,7,0.04
Environment,isolation_source,enrichment culture,7,0.04
Environment,isolation_source,colorectum,7,0.04
Environment,isolation_source,attine ant fungus gardens,7,0.04
Environment,isolation_source,riparian zone,7,0.04
Environment,isolation_source,human cfplasma,7,0.04
Environment,isolation_source,seaweed,6,0.03
Environment,isolation_source,nasel or sputum,6,0.03
Environment,isolation_source,sponge tissue,6,0.03
Environment,isolation_source,leaves,6,0.03
Environment,isolation_source,negativecontrol,6,0.03
Environment,isolation_source,29931,6,0.03
Environment,isolation_source,barn dust,6,0.03
Environment,isolation_source,brain tissue,6,0.03
Environment,isolation_source,35.890571 n 128.609133 e,6,0.03
Environment,isolation_source,colon content,6,0.03
Environment,isolation_source,soil from peatland,6,0.03
Environment,isolation_source,torso,6,0.03
Environment,isolation_source,poplitealfossa,6,0.03
Environment,isolation_source,bioreactor sludge,6,0.03
Environment,isolation_source,chicha,6,0.03
Environment,isolation_source,colon,6,0.03
Environment,isolation_source,taiwan,6,0.03
Environment,isolation_source,intestinal,6,0.03
Environment,isolation_source,hindgut,6,0.03
Environment,isolation_source,microcosms of coastal seawater-brine mixture and sand,6,0.03
Environment,isolation_source,bai_yang_dian,6,0.03
Environment,isolation_source,ceca,6,0.03
Environment,isolation_source,indoor air collected on a filter medium,6,0.03
Environment,isolation_source,bladder tissue,6,0.03
Environment,isolation_source,"fecal_sample,_sah_patient,_amiens_university_hospital",6,0.03
Environment,isolation_source,fermenting cacao beans,6,0.03
Environment,isolation_source,ts,6,0.03
Environment,isolation_source,kupferdreh wastewater treatment plant - klaeranlage essen kupferdreh (ruhrverband),6,0.03
Environment,isolation_source,surface soil,6,0.03
Environment,isolation_source,rumen digesta,6,0.03
Environment,isolation_source,nasopharyngeal,6,0.03
Environment,isolation_source,metagenomic,6,0.03
Environment,isolation_source,cross-laminated timber blocks,6,0.03
Environment,isolation_source,fresh water,6,0.03
Environment,isolation_source,sandy soil,6,0.03
Environment,isolation_source,coral reef sediment,6,0.03
Environment,isolation_source,cecal material,6,0.03
Environment,isolation_source,oyster,5,0.03
Environment,isolation_source,archaeological dental calculus,5,0.03
Environment,isolation_source,sediment adhered to petrous bone,5,0.03
Environment,isolation_source,pooled fecal droppings,5,0.03
Environment,isolation_source,donor 3,5,0.03
Environment,isolation_source,rainbouw trout intestine,5,0.03
Environment,isolation_source,permafrost soil,5,0.03
Environment,isolation_source,ntu campus,5,0.03
Environment,isolation_source,29646,5,0.03
Environment,isolation_source,29643,5,0.03
Environment,isolation_source,29847,5,0.03
Environment,isolation_source,29653,5,0.03
Environment,isolation_source,caecum sample,5,0.03
Environment,isolation_source,coral tissue,5,0.03
Environment,isolation_source,pm2.5,5,0.03
Environment,isolation_source,glacier ice,5,0.03
Environment,isolation_source,faecet,5,0.03
Environment,isolation_source,clay beads in seawater,5,0.03
Environment,isolation_source,peatland soil,5,0.03
Environment,isolation_source,fecal_sample,5,0.03
Environment,isolation_source,fermentation_derived,5,0.03
Environment,isolation_source,chicken gut,5,0.03
Environment,isolation_source,acid mine drainage sediment,5,0.03
Environment,isolation_source,bioreactors innoculated with microbial mats from alkaline soda lake,5,0.03
Environment,isolation_source,tissue samples,5,0.03
Environment,isolation_source,tropical saltwater aquarium,5,0.03
Environment,isolation_source,termite gut,5,0.03
Environment,isolation_source,gill,5,0.03
Environment,isolation_source,clean-catch midstream,5,0.03
Environment,isolation_source,urine-clean catch midstream,5,0.03
Environment,isolation_source,coral host colony,5,0.03
Environment,isolation_source,gastric biopsy,5,0.03
Environment,isolation_source,blood plasma,5,0.03
Environment,isolation_source,hospital sewage,5,0.03
Environment,isolation_source,top soil,5,0.03
Environment,isolation_source,lake,5,0.03
Environment,isolation_source,dental plaque from posterior tooth,5,0.03
Environment,isolation_source,mesophilic anaerobic digesters,5,0.03
Environment,isolation_source,breastmilk,5,0.03
Environment,isolation_source,stomach,5,0.03
Environment,isolation_source,water sample,5,0.03
Environment,isolation_source,pleural effusion,5,0.03
Environment,isolation_source,compost,5,0.03
Environment,isolation_source,human,5,0.03
Environment,isolation_source,manure,5,0.03
Environment,isolation_source,sics,5,0.03
Environment,isolation_source,human saliva,5,0.03
Environment,isolation_source,landfill,5,0.03
Environment,isolation_source,soil from natural sclerophyllous scrub,5,0.03
Environment,isolation_source,sediment from natural saltwater,5,0.03
Environment,isolation_source,dialysis effluent,5,0.03
Environment,isolation_source,clay soil,5,0.03
Environment,isolation_source,sinovial fluid,5,0.03
Environment,isolation_source,feeding tube,5,0.03
Environment,isolation_source,pasture soil,5,0.03
Environment,isolation_source,eastern tropical pacific ocean,5,0.03
Environment,isolation_source,ursus arctos,5,0.03
Environment,isolation_source,sheep feces,5,0.03
Environment,isolation_source,saliva sample,5,0.03
Environment,isolation_source,grassland soil,5,0.03
Environment,isolation_source,mucus samples,5,0.03
Environment,isolation_source,seawater from open ocean,5,0.03
Environment,isolation_source,xinjiang,5,0.03
Environment,isolation_source,gastric residuals,5,0.03
Environment,isolation_source,hot spring microbial mat,5,0.03
Environment,isolation_source,faceal sample,5,0.03
Environment,isolation_source,saline water,5,0.03
Environment,isolation_source,whole body homogenate,5,0.03
Environment,isolation_source,"riparian zone, east river, colorado",5,0.03
Environment,isolation_source,switchgrass leaves,5,0.03
Environment,isolation_source,river freshwater,5,0.03
Environment,isolation_source,polutry meal,5,0.03
Environment,isolation_source,rhesus macaque,5,0.03
Environment,isolation_source,indoor dust,5,0.03
Environment,isolation_source,nursing homes from massachusett,5,0.03
Environment,isolation_source,effulent,4,0.02
Environment,isolation_source,faecal sample,4,0.02
Environment,isolation_source,"yellowstone national park, wyoming, usa",4,0.02
Environment,isolation_source,wetland soil,4,0.02
Environment,isolation_source,toothbrush,4,0.02
Environment,isolation_source,anaerobic reactor,4,0.02
Environment,isolation_source,14160,4,0.02
Environment,isolation_source,29753,4,0.02
Environment,isolation_source,14208,4,0.02
Environment,isolation_source,29951,4,0.02
Environment,isolation_source,29705,4,0.02
Environment,isolation_source,29665,4,0.02
Environment,isolation_source,29654,4,0.02
Environment,isolation_source,14317,4,0.02
Environment,isolation_source,29666,4,0.02
Environment,isolation_source,29865,4,0.02
Environment,isolation_source,udder epithelium,4,0.02
Environment,isolation_source,aegiceras corniculatum soil,4,0.02
Environment,isolation_source,trachea,4,0.02
Environment,isolation_source,leaf gland,4,0.02
Environment,isolation_source,river cyanobacterial mat,4,0.02
Environment,isolation_source,saline lake water,4,0.02
Environment,isolation_source,mother_rectal,4,0.02
Environment,isolation_source,freshwater sediment,4,0.02
Environment,isolation_source,lake taihu,4,0.02
Environment,isolation_source,peking union medical college hospital laboratory environment,4,0.02
Environment,isolation_source,feces sample form child with ad,4,0.02
Environment,isolation_source,bed headboard surface,4,0.02
Environment,isolation_source,door knob surface,4,0.02
Environment,isolation_source,municipal wastewater,4,0.02
Environment,isolation_source,coastal water,4,0.02
Environment,isolation_source,coral,4,0.02
Environment,isolation_source,recirculating aquaculture system,4,0.02
Environment,isolation_source,human rectum,4,0.02
Environment,isolation_source,caecum,4,0.02
Environment,isolation_source,bacteria,4,0.02
Environment,isolation_source,wetlands,4,0.02
Environment,isolation_source,mouth,4,0.02
Environment,isolation_source,desert,4,0.02
Environment,isolation_source,bloodstream,4,0.02
Environment,isolation_source,ice,4,0.02
Environment,isolation_source,stem,4,0.02
Environment,isolation_source,mobile phones,4,0.02
Environment,isolation_source,museum specimen,4,0.02
Environment,isolation_source,endotracheal aspirate,4,0.02
Environment,isolation_source,umass medical school,4,0.02
Environment,isolation_source,microbial mat from hot spring,4,0.02
Environment,isolation_source,stream sediment,4,0.02
Environment,isolation_source,feather,4,0.02
Environment,isolation_source,pediatric pneumonia,4,0.02
Environment,isolation_source,top 5 cm of river bottom sediment,4,0.02
Environment,isolation_source,antarctic rocks colonized by endolithic communities,4,0.02
Environment,isolation_source,10-m seawater,4,0.02
Environment,isolation_source,"soil under the canopy of picea schrenkiana forest, tianshan mountainsxinjiang,china",4,0.02
Environment,isolation_source,seawater during green tide,4,0.02
Environment,isolation_source,canine feces,4,0.02
Environment,isolation_source,saline_alkalie soil,4,0.02
Environment,isolation_source,hospital wastewater,4,0.02
Environment,isolation_source,soil from coal mine,4,0.02
Environment,isolation_source,intestine,4,0.02
Environment,isolation_source,moderate altitude silage,4,0.02
Environment,isolation_source,intestinal mucosal biopsy,4,0.02
Environment,isolation_source,bulk soil from experimental garden,4,0.02
Environment,isolation_source,rumen content,4,0.02
Environment,isolation_source,open ocean,4,0.02
Environment,isolation_source,human cervix,4,0.02
Environment,isolation_source,"swab at belly area of beef hide, steer",4,0.02
Environment,isolation_source,broiler chicken ceca luminal content,4,0.02
Environment,isolation_source,stormwater,4,0.02
Environment,isolation_source,skin_swab,4,0.02
Environment,isolation_source,watert salple,4,0.02
Environment,isolation_source,human nasopharynx,4,0.02
Environment,isolation_source,pure culture,4,0.02
Environment,isolation_source,active later permafrost soil,4,0.02
Environment,isolation_source,"human hepatocellular carcinoma patient, stool sample",4,0.02
Environment,isolation_source,joint fluid,4,0.02
Environment,isolation_source,vitreous fluid,4,0.02
Environment,isolation_source,poultry processing plant,4,0.02
Environment,isolation_source,particulate matter,4,0.02
Environment,isolation_source,heathland soil replicate 2,4,0.02
Environment,isolation_source,bf,4,0.02
Environment,isolation_source,supragingival_plaque,4,0.02
Environment,isolation_source,digesta sample,4,0.02
Environment,isolation_source,gingival crevicular fluid,4,0.02
Environment,isolation_source,qinghai lake soil sample after rain,4,0.02
Environment,isolation_source,throat swab,4,0.02
Environment,isolation_source,soil samples,4,0.02
Environment,isolation_source,face skin from healthy adult,4,0.02
Environment,isolation_source,marine surface water,4,0.02
Environment,isolation_source,mammal feces,4,0.02
Environment,isolation_source,sibling stool,4,0.02
Environment,isolation_source,world center for birds of prey,4,0.02
Environment,isolation_source,sampling from cheese manufactory,4,0.02
Environment,isolation_source,supragingival plaque,4,0.02
Environment,isolation_source,knives,4,0.02
Environment,isolation_source,meat 2,4,0.02
Environment,isolation_source,earthworm samples,4,0.02
Environment,isolation_source,the colonic contents of apoe-/- mice,4,0.02
Environment,isolation_source,rectal content,4,0.02
Environment,isolation_source,intestinal chyme,4,0.02
Environment,isolation_source,"high throughput dilution to extinction method; seawater diluted to 5 cells per 2ml seawater, grown to 30 ml for dna extraction",4,0.02
Environment,isolation_source,aerobic reactor mixed liquor,4,0.02
Environment,isolation_source,pharmaceutical hub,4,0.02
Environment,isolation_source,tropical forest soil,4,0.02
Environment,isolation_source,soil from agricultural field with tomato crop,4,0.02
Environment,isolation_source,unfertilized field soil,4,0.02
Environment,isolation_source,mesohaline marsh,4,0.02
Environment,isolation_source,buccal mucosa swabs,4,0.02
Environment,isolation_source,sediment from irrigation canal,4,0.02
Environment,isolation_source,marine subtidal rocky reef biome,4,0.02
Environment,isolation_source,cloacal swab,4,0.02
Environment,isolation_source,shenzhen futian maternal and child health care hospital,4,0.02
Environment,isolation_source,broiler,4,0.02
Environment,isolation_source,"barre woods, petersham, ma, usa",4,0.02
Environment,isolation_source,"trout bog, vilas county, wisconsin, usa",4,0.02
Environment,isolation_source,full rumen content,4,0.02
Environment,isolation_source,ileo-cecal material,4,0.02
Environment,isolation_source,miscanthus leaves,4,0.02
Environment,isolation_source,mini-bal,4,0.02
Environment,isolation_source,soil and rhizosphere,4,0.02
Environment,isolation_source,outdoor ambient air,4,0.02
Environment,isolation_source,pot experiment,4,0.02
Environment,isolation_source,lichen thallus,3,0.02
Environment,isolation_source,mouse cecal luminal content,3,0.02
Environment,isolation_source,proficiency test,3,0.02
Environment,isolation_source,donor 2,3,0.02
Environment,isolation_source,plant metagenome,3,0.02
Environment,isolation_source,cider,3,0.02
Environment,isolation_source,wetland,3,0.02
Environment,isolation_source,rice wash waste,3,0.02
Environment,isolation_source,cloacal swab collected from owl at admission to rehabilitation center,3,0.02
Environment,isolation_source,14306,3,0.02
Environment,isolation_source,14322,3,0.02
Environment,isolation_source,29668,3,0.02
Environment,isolation_source,29700,3,0.02
Environment,isolation_source,14308,3,0.02
Environment,isolation_source,29754,3,0.02
Environment,isolation_source,29715,3,0.02
Environment,isolation_source,14261,3,0.02
Environment,isolation_source,29864,3,0.02
Environment,isolation_source,14205,3,0.02
Environment,isolation_source,14265,3,0.02
Environment,isolation_source,14276,3,0.02
Environment,isolation_source,coliguard,3,0.02
Environment,isolation_source,29961,3,0.02
Environment,isolation_source,14288,3,0.02
Environment,isolation_source,29652,3,0.02
Environment,isolation_source,14193,3,0.02
Environment,isolation_source,outdoor air,3,0.02
Environment,isolation_source,rabbit feces and oral swabs,3,0.02
Environment,isolation_source,dental plaque,3,0.02
Environment,isolation_source,acanthus ilicifolius soil,3,0.02
Environment,isolation_source,wild-caught mosquito excreta,3,0.02
Environment,isolation_source,1 m away from the base of trunk,3,0.02
Environment,isolation_source,dilbit-coated clay beads in seawater,3,0.02
Environment,isolation_source,uranium-contaminated floodplain,3,0.02
Environment,isolation_source,foetal tissues,3,0.02
Environment,isolation_source,respiratory sample,3,0.02
Environment,isolation_source,reticulum,3,0.02
Environment,isolation_source,fecal swab,3,0.02
Environment,isolation_source,seawater from inlet,3,0.02
Environment,isolation_source,blood and tissue,3,0.02
Environment,isolation_source,vaginal,3,0.02
Environment,isolation_source,tongue_biofilm,3,0.02
Environment,isolation_source,koumiss sample,3,0.02
Environment,isolation_source,swab of rectum,3,0.02
Environment,isolation_source,cecum content,3,0.02
Environment,isolation_source,fecal sample 1,3,0.02
Environment,isolation_source,pole,3,0.02
Environment,isolation_source,floor,3,0.02
Environment,isolation_source,bollard,3,0.02
Environment,isolation_source,infant fecal material,3,0.02
Environment,isolation_source,colon contents,3,0.02
Environment,isolation_source,duodenum contents,3,0.02
Environment,isolation_source,cecum contents,3,0.02
Environment,isolation_source,upland soil,3,0.02
Environment,isolation_source,tounge swab,3,0.02
Environment,isolation_source,microcosm,3,0.02
Environment,isolation_source,permafrost,3,0.02
Environment,isolation_source,synovial joint,3,0.02
Environment,isolation_source,vegatable garden soils,3,0.02
Environment,isolation_source,anaerobic co-digestion of sewage sludge and food waste,3,0.02
Environment,isolation_source,drinking water,3,0.02
Environment,isolation_source,surface river water,3,0.02
Environment,isolation_source,whole plant,3,0.02
Environment,isolation_source,human valve,3,0.02
Environment,isolation_source,coastal surface water,3,0.02
Environment,isolation_source,sea (deep),3,0.02
Environment,isolation_source,laboratory-scale bioreactor denitrification and anammox communities,3,0.02
Environment,isolation_source,low salt cucumber fermentation (2 % nacl),3,0.02
Environment,isolation_source,sludge sample,3,0.02
Environment,isolation_source,colorectal cancer tumors,3,0.02
Environment,isolation_source,coastal seawater,3,0.02
Environment,isolation_source,indoor air,3,0.02
Environment,isolation_source,bronchoalveolar lavage,3,0.02
Environment,isolation_source,raw cow milk alpine style cheese aged in cheese cave,3,0.02
Environment,isolation_source,conjunctival sac,3,0.02
Environment,isolation_source,yogurt sample,3,0.02
Environment,isolation_source,"biocrust from cuatro cienegas, coahuila, mex.",3,0.02
Environment,isolation_source,anaerobic digesters,3,0.02
Environment,isolation_source,surface water sample,3,0.02
Environment,isolation_source,breast milk,3,0.02
Environment,isolation_source,feces/stool,3,0.02
Environment,isolation_source,mangrove sediment,3,0.02
Environment,isolation_source,"lake okeechobee, florida, usa",3,0.02
Environment,isolation_source,antarctica rocks,3,0.02
Environment,isolation_source,inorganic regime soil,3,0.02
Environment,isolation_source,organic regime soil,3,0.02
Environment,isolation_source,physical,3,0.02
Environment,isolation_source,implant (sonication fluid),3,0.02
Environment,isolation_source,influent of wwtp (raw sewage),3,0.02
Environment,isolation_source,pleural fluid,3,0.02
Environment,isolation_source,gurbantunggut desert,3,0.02
Environment,isolation_source,mosquito body,3,0.02
Environment,isolation_source,cap-120b,3,0.02
Environment,isolation_source,mudflat intertidal sediment,3,0.02
Environment,isolation_source,holstein milk cattle,3,0.02
Environment,isolation_source,cloacal,3,0.02
Environment,isolation_source,soils,3,0.02
Environment,isolation_source,tundra permafrost soil,3,0.02
Environment,isolation_source,fermented grains,3,0.02
Environment,isolation_source,soy,3,0.02
Environment,isolation_source,urban rivers,3,0.02
Environment,isolation_source,tear,3,0.02
Environment,isolation_source,penile urethra,3,0.02
Environment,isolation_source,stools,3,0.02
Environment,isolation_source,hydrolysis tank,3,0.02
Environment,isolation_source,activated sludge from an urban wastewater treatment system,3,0.02
Environment,isolation_source,microbila mat community growing on a geothermal spring,3,0.02
Environment,isolation_source,human fecal,3,0.02
Environment,isolation_source,liver,3,0.02
Environment,isolation_source,farm dust,3,0.02
Environment,isolation_source,sponge,3,0.02
Environment,isolation_source,arabidopsis rhizosphere,3,0.02
Environment,isolation_source,high-temperature daqu,3,0.02
Environment,isolation_source,goose feces,3,0.02
Environment,isolation_source,anaerobic digestion reactor,3,0.02
Environment,isolation_source,marine water,3,0.02
Environment,isolation_source,whole gut,3,0.02
Environment,isolation_source,mice fecal microbiota,3,0.02
Environment,isolation_source,bat guano,3,0.02
Environment,isolation_source,cigarette butt surface,3,0.02
Environment,isolation_source,leaf litter surface,3,0.02
Environment,isolation_source,human cervicovaginal specimen,3,0.02
Environment,isolation_source,soil from natural,3,0.02
Environment,isolation_source,plant root nodule,3,0.02
Environment,isolation_source,sediment from urban other,3,0.02
Environment,isolation_source,sediment salple,3,0.02
Environment,isolation_source,vegetable,3,0.02
Environment,isolation_source,surface,3,0.02
Environment,isolation_source,thermal soil,3,0.02
Environment,isolation_source,seawater of the yellow sea,3,0.02
Environment,isolation_source,estuary,3,0.02
Environment,isolation_source,surface seawater,3,0.02
Environment,isolation_source,human nasopharyngeal,3,0.02
Environment,isolation_source,zaopei,3,0.02
Environment,isolation_source,neuse river estuary incubations,3,0.02
Environment,isolation_source,tidalflat sediment,3,0.02
Environment,isolation_source,contents of the cecum,3,0.02
Environment,isolation_source,sand,3,0.02
Environment,isolation_source,nitrogen removal device,3,0.02
Environment,isolation_source,mangrove,3,0.02
Environment,isolation_source,fermentation bioreactor biomass,3,0.02
Environment,isolation_source,pools of 10-20 female aphid; whole-body extraction from laboratory-cultured host,3,0.02
Environment,isolation_source,mus musculus feces,3,0.02
Environment,isolation_source,"bantou reservoir, midstream",3,0.02
Environment,isolation_source,"shidou reservoir, downstream",3,0.02
Environment,isolation_source,cattle feces,3,0.02
Environment,isolation_source,environmental geographical,3,0.02
Environment,isolation_source,rectal fecal sample,3,0.02
Environment,isolation_source,soybean,3,0.02
Environment,isolation_source,human_throat,3,0.02
Environment,isolation_source,human gut lumen,3,0.02
Environment,isolation_source,"wwtps samples, river water, marine water, bathing beach water and fishery water",3,0.02
Environment,isolation_source,stool sample from psa patient,3,0.02
Environment,isolation_source,meat 22 r17,3,0.02
Environment,isolation_source,plant samples,3,0.02
Environment,isolation_source,snail samples,3,0.02
Environment,isolation_source,faecal slurry,3,0.02
Environment,isolation_source,vegetable field soil,3,0.02
Environment,isolation_source,"nagaland, india",3,0.02
Environment,isolation_source,"subtidal gulf of maine, benthic reef biofilm.",3,0.02
Environment,isolation_source,cultured stool,3,0.02
Environment,isolation_source,mangrove sediments metagenome of guangxi province,3,0.02
Environment,isolation_source,stool specimen,3,0.02
Environment,isolation_source,topsoil,3,0.02
Environment,isolation_source,floating plastic debris,3,0.02
Environment,isolation_source,mine drainage water,3,0.02
Environment,isolation_source,1602,3,0.02
Environment,isolation_source,other swab,3,0.02
Environment,isolation_source,daqu,3,0.02
Environment,isolation_source,porcine feces,3,0.02
Environment,isolation_source,contaminated culture,3,0.02
Environment,isolation_source,baijiaxi river,3,0.02
Environment,isolation_source,train car,3,0.02
Environment,isolation_source,laboratory soil incubation,3,0.02
Environment,isolation_source,river (freshwater),3,0.02
Environment,isolation_source,interior habitat soil,3,0.02
Environment,isolation_source,phyllosphere samples,3,0.02
Environment,isolation_source,untreated 40 year old pumice soil,3,0.02
Environment,isolation_source,freshwater marsh,3,0.02
Environment,isolation_source,anaerobic bioreactor,3,0.02
Environment,isolation_source,"rifle, colorado, united states",3,0.02
Environment,isolation_source,"kellogg biological station, michigan, usa",3,0.02
Environment,isolation_source,"crystal bog, wisconsin, usa",3,0.02
Environment,isolation_source,seawater from oxygen minimum zone,3,0.02
Environment,isolation_source,helgoland lter site,3,0.02
Environment,isolation_source,"soil from angelo coast range reserve, california",3,0.02
Environment,isolation_source,lab,3,0.02
Environment,isolation_source,switchgrass,3,0.02
Environment,isolation_source,tule elk dung,3,0.02
Environment,isolation_source,feces filtered for virus-like particles; spiked with phage called q33,3,0.02
Environment,isolation_source,bulk soil under litter bag,3,0.02
Environment,isolation_source,assembly of 14 fecal samples from infant 21 collected in feb 2012,3,0.02
Environment,isolation_source,antarctic sand,3,0.02
Environment,isolation_source,control,3,0.02
Environment,isolation_source,halite nodule,3,0.02
Environment,isolation_source,paddy soil with long-term application of organic fertilizer,3,0.02
Environment,isolation_source,gut homogenate,3,0.02
Environment,isolation_source,whole blood,3,0.02
Environment,isolation_source,salt marsh sediment,3,0.02
Environment,isolation_source,pigmanure,3,0.02
Environment,isolation_source,full-scale biogas plant,3,0.02
Environment,isolation_source,microbial electrochemical cell,3,0.02
Environment,isolation_source,maize field,3,0.02
Environment,isolation_source,seawater (kwangyang bay),2,0.01
Environment,isolation_source,seawater (jeju sea),2,0.01
Environment,isolation_source,the south china sea,2,0.01
Environment,isolation_source,drain pipe,2,0.01
Environment,isolation_source,handling control - gloves,2,0.01
Environment,isolation_source,bottled beer food product,2,0.01
Environment,isolation_source,beer,2,0.01
Environment,isolation_source,marine sediments,2,0.01
Environment,isolation_source,kitchens,2,0.01
Environment,isolation_source,root rhizosphere,2,0.01
Environment,isolation_source,hydraulically fractured well,2,0.01
Environment,isolation_source,fecal pellets,2,0.01
Environment,isolation_source,siol,2,0.01
Environment,isolation_source,western honey bee gut,2,0.01
Environment,isolation_source,bare soil,2,0.01
Environment,isolation_source,marine sponge reef biome,2,0.01
Environment,isolation_source,laboratory sample,2,0.01
Environment,isolation_source,lake kivu water kabuno bay,2,0.01
Environment,isolation_source,jejunum tissue,2,0.01
Environment,isolation_source,stomach tissue,2,0.01
Environment,isolation_source,29667,2,0.01
Environment,isolation_source,29943,2,0.01
Environment,isolation_source,14273,2,0.01
Environment,isolation_source,14162,2,0.01
Environment,isolation_source,14231,2,0.01
Environment,isolation_source,14263,2,0.01
Environment,isolation_source,29778,2,0.01
Environment,isolation_source,29948,2,0.01
Environment,isolation_source,29777,2,0.01
Environment,isolation_source,29702,2,0.01
Environment,isolation_source,14209,2,0.01
Environment,isolation_source,29742,2,0.01
Environment,isolation_source,29796,2,0.01
Environment,isolation_source,14295,2,0.01
Environment,isolation_source,29846,2,0.01
Environment,isolation_source,leek rhizosphere,2,0.01
Environment,isolation_source,29924,2,0.01
Environment,isolation_source,29793,2,0.01
Environment,isolation_source,29679,2,0.01
Environment,isolation_source,14320,2,0.01
Environment,isolation_source,trout bog lake water,2,0.01
Environment,isolation_source,fecal sample from female vole,2,0.01
Environment,isolation_source,tongue scraping,2,0.01
Environment,isolation_source,periodontal pocket,2,0.01
Environment,isolation_source,xylem tissue,2,0.01
Environment,isolation_source,debris from bee hive,2,0.01
Environment,isolation_source,activated sludge from wastewater treatment plant,2,0.01
Environment,isolation_source,mangrove dominant sediment,2,0.01
Environment,isolation_source,mineral soil,2,0.01
Environment,isolation_source,greenhouse rhizosphere soil,2,0.01
Environment,isolation_source,no vegetation soil,2,0.01
Environment,isolation_source,untreated seawater,2,0.01
Environment,isolation_source,colonic contents,2,0.01
Environment,isolation_source,oil reservoir,2,0.01
Environment,isolation_source,untreated salt marsh sediment,2,0.01
Environment,isolation_source,swine feces,2,0.01
Environment,isolation_source,vaginal secretion samples from pregnant women,2,0.01
Environment,isolation_source,suspended particulate matter (spm) from the black sea western gyre,2,0.01
Environment,isolation_source,lake baikal,2,0.01
Environment,isolation_source,upstream,2,0.01
Environment,isolation_source,debrided wound tissue,2,0.01
Environment,isolation_source,commerical market,2,0.01
Environment,isolation_source,red sea,2,0.01
Environment,isolation_source,freshwater wetland sediment,2,0.01
Environment,isolation_source,freshwater pond,2,0.01
Environment,isolation_source,tidal flats microbial mat,2,0.01
Environment,isolation_source,omasum,2,0.01
Environment,isolation_source,tundra active layer soil,2,0.01
Environment,isolation_source,mariana trench surficial sediment,2,0.01
Environment,isolation_source,roots,2,0.01
Environment,isolation_source,freshwater sediment enrichment culture ks,2,0.01
Environment,isolation_source,siphamia jebbi light organ,2,0.01
Environment,isolation_source,cerebrospinal fluid (csf),2,0.01
Environment,isolation_source,semi_cstr digesters,2,0.01
Environment,isolation_source,"['sand and drift algae', '']",2,0.01
Environment,isolation_source,environment_neg,2,0.01
Environment,isolation_source,anammox reactor,2,0.01
Environment,isolation_source,wastewater sample,2,0.01
Environment,isolation_source,stl wastewater treatment plant,2,0.01
Environment,isolation_source,st wastewater treatment plant,2,0.01
Environment,isolation_source,handrail,2,0.01
Environment,isolation_source,greenhouse soil sample,2,0.01
Environment,isolation_source,mouse bladder,2,0.01
Environment,isolation_source,organic waste,2,0.01
Environment,isolation_source,sediment from sea grass bed,2,0.01
Environment,isolation_source,tumour-adjacent tissue,2,0.01
Environment,isolation_source,abomasum contents,2,0.01
Environment,isolation_source,omasum contents,2,0.01
Environment,isolation_source,reticulum contents,2,0.01
Environment,isolation_source,active shrimp farm harvested soil,2,0.01
Environment,isolation_source,in barn manure,2,0.01
Environment,isolation_source,estuarine water,2,0.01
Environment,isolation_source,upper chest,2,0.01
Environment,isolation_source,mouse gut,2,0.01
Environment,isolation_source,bl,2,0.01
Environment,isolation_source,s3,2,0.01
Environment,isolation_source,bovine gut metagenome?,2,0.01
Environment,isolation_source,tissue sample,2,0.01
Environment,isolation_source,sediments sample,2,0.01
Environment,isolation_source,sediments of a seasonal vernal pool,2,0.01
Environment,isolation_source,ice cave,2,0.01
Environment,isolation_source,one-stage pna wastewater reactor,2,0.01
Environment,isolation_source,probiotic supplement,2,0.01
Environment,isolation_source,bulksoil,2,0.01
Environment,isolation_source,venting fluids sampled from the lost city hydrothermal field during the 2018 expedition with r/v atlantis and rov jason 2,2,0.01
Environment,isolation_source,ileum chyme samples,2,0.01
Environment,isolation_source,colon chyme samples,2,0.01
Environment,isolation_source,days 70,2,0.01
Environment,isolation_source,permanent multipurpose module port 1 on international space station,2,0.01
Environment,isolation_source,node 1 overhead 4 on the international spce station,2,0.01
Environment,isolation_source,sediment underlying a posidonia oceanica seagrass meadow,2,0.01
Environment,isolation_source,swineresearchfacility_3b5,2,0.01
Environment,isolation_source,gut sample,2,0.01
Environment,isolation_source,estuarial mangrove sediment,2,0.01
Environment,isolation_source,wild,2,0.01
Environment,isolation_source,44.04 n 125.42 e,2,0.01
Environment,isolation_source,spine,2,0.01
Environment,isolation_source,paddy soils,2,0.01
Environment,isolation_source,apothecia,2,0.01
Environment,isolation_source,guangzhou women and children's medical center,2,0.01
Environment,isolation_source,seawater (1m depth),2,0.01
Environment,isolation_source,sea foam,2,0.01
Environment,isolation_source,waterpipe tobacco,2,0.01
Environment,isolation_source,plastisphere sample,2,0.01
Environment,isolation_source,reproductive tract,2,0.01
Environment,isolation_source,sorghum rhizosphere,2,0.01
Environment,isolation_source,gut content of apis mellifera,2,0.01
Environment,isolation_source,enviromental,2,0.01
Environment,isolation_source,host,2,0.01
Environment,isolation_source,hindgut contents,2,0.01
Environment,isolation_source,forest,2,0.01
Environment,isolation_source,mosquito pool,2,0.01
Environment,isolation_source,duck,2,0.01
Environment,isolation_source,skin swab - umbilicus,2,0.01
Environment,isolation_source,forehead,2,0.01
Environment,isolation_source,"biocrust from valle de guadalupe, baja california, mex.",2,0.01
Environment,isolation_source,sequence of the internal microbiota in aedes albopictus after exposure to cis-permethrin,2,0.01
Environment,isolation_source,offshore sediment,2,0.01
Environment,isolation_source,sow,2,0.01
Environment,isolation_source,intertidal sediment,2,0.01
Environment,isolation_source,rp_f,2,0.01
Environment,isolation_source,wild animal forest park,2,0.01
Environment,isolation_source,silage,2,0.01
Environment,isolation_source,hydrothermal plume,2,0.01
Environment,isolation_source,surface of ticket kiosk,2,0.01
Environment,isolation_source,"spareford biotechnology co., ltd. (beijing, china)",2,0.01
Environment,isolation_source,composting,2,0.01
Environment,isolation_source,ready-to-eat turkey deli meat spiked with listeria monocytogenes,2,0.01
Environment,isolation_source,rhizosphere soil (0 mm nacl treated),2,0.01
Environment,isolation_source,feces45,2,0.01
Environment,isolation_source,tianjin,2,0.01
Environment,isolation_source,freshwater sediment metagenome,2,0.01
Environment,isolation_source,patuxent river [gaz:00051109],2,0.01
Environment,isolation_source,aerobic sediment of a sulfur-rich pond,2,0.01
Environment,isolation_source,aerobic sediment of a iron-rich pond,2,0.01
Environment,isolation_source,pig colonic digesta,2,0.01
Environment,isolation_source,cryopeg brine within permafrost,2,0.01
Environment,isolation_source,herbivorous mammals feces and oral swab,2,0.01
Environment,isolation_source,kidney,2,0.01
Environment,isolation_source,sponge slice of mesophotic coral ecosystems,2,0.01
Environment,isolation_source,paddy rhizosphere soil,2,0.01
Environment,isolation_source,seal,2,0.01
Environment,isolation_source,double pipe creek [gaz:00210167],2,0.01
Environment,isolation_source,roland run,2,0.01
Environment,isolation_source,walnut orchard,2,0.01
Environment,isolation_source,midgut junction,2,0.01
Environment,isolation_source,root soil,2,0.01
Environment,isolation_source,fruit,2,0.01
Environment,isolation_source,fermented soybean,2,0.01
Environment,isolation_source,dca-100,2,0.01
Environment,isolation_source,cap-120c,2,0.01
Environment,isolation_source,pnb-100,2,0.01
Environment,isolation_source,subtidal salt marsh creekbed,2,0.01
Environment,isolation_source,soil sample beneath shrub canopy,2,0.01
Environment,isolation_source,wastewater bioreactor,2,0.01
Environment,isolation_source,wastewater bioroeactor,2,0.01
Environment,isolation_source,fiber-adherent rumen metagenome samples,2,0.01
Environment,isolation_source,"sediment in pearl river estuary, china",2,0.01
Environment,isolation_source,pond enzmain,2,0.01
Environment,isolation_source,sand column,2,0.01
Environment,isolation_source,holstein heifers,2,0.01
Environment,isolation_source,nose,2,0.01
Environment,isolation_source,wwtp anaerobic digester,2,0.01
Environment,isolation_source,village of serra pelada,2,0.01
Environment,isolation_source,secondary forest soil,2,0.01
Environment,isolation_source,soil and leaf,2,0.01
Environment,isolation_source,solum,2,0.01
Environment,isolation_source,soil6,2,0.01
Environment,isolation_source,low altitude silage,2,0.01
Environment,isolation_source,vermiform appendix fecal content,2,0.01
Environment,isolation_source,industry c03 - final_product a,2,0.01
Environment,isolation_source,groundwater from erupting cold-water geyser,2,0.01
Environment,isolation_source,digested feces,2,0.01
Environment,isolation_source,ileal,2,0.01
Environment,isolation_source,feces of the sample119,2,0.01
Environment,isolation_source,pool of 50 worker bee,2,0.01
Environment,isolation_source,cryoconites,2,0.01
Environment,isolation_source,fermented koji,2,0.01
Environment,isolation_source,field blank,2,0.01
Environment,isolation_source,coral holobiont,2,0.01
Environment,isolation_source,stormwater outfall,2,0.01
Environment,isolation_source,terrestrial air,2,0.01
Environment,isolation_source,forest topsoil,2,0.01
Environment,isolation_source,human nasal vestibule,2,0.01
Environment,isolation_source,hu sheep rumen fluid,2,0.01
Environment,isolation_source,gut content section iv,2,0.01
Environment,isolation_source,farms in central colombia,2,0.01
Environment,isolation_source,mouse stools,2,0.01
Environment,isolation_source,cecal,2,0.01
Environment,isolation_source,bottom sampler,2,0.01
Environment,isolation_source,commercial colony,2,0.01
Environment,isolation_source,arctic beach sediment,2,0.01
Environment,isolation_source,museo antropologico y de arte contemporaneo (maac) ecuador,2,0.01
Environment,isolation_source,archaeological excavations-instituto colombiano de antropologa e historia (icanh) colombia,2,0.01
Environment,isolation_source,archaeological excavations-universidad nacional autnoma de mxico (unam) mxico,2,0.01
Environment,isolation_source,"archaeological excavations-department of geography and anthropology, kennesaw state university, georgia usa.",2,0.01
Environment,isolation_source,ocean,2,0.01
Environment,isolation_source,whole abdomen,2,0.01
Environment,isolation_source,shower area,2,0.01
Environment,isolation_source,purchased from bei resources hm-276d,2,0.01
Environment,isolation_source,farm environment,2,0.01
Environment,isolation_source,xgym019,2,0.01
Environment,isolation_source,"swab at rump area of beef hide, steer",2,0.01
Environment,isolation_source,mink,2,0.01
Environment,isolation_source,unburned chaparral (shrubland) soils,2,0.01
Environment,isolation_source,midgut,2,0.01
Environment,isolation_source,freshwater river,2,0.01
Environment,isolation_source,mid-hindgut,2,0.01
Environment,isolation_source,aquaculture water,2,0.01
Environment,isolation_source,sediment from urban saltwater,2,0.01
Environment,isolation_source,water from urban biogas,2,0.01
Environment,isolation_source,water from subterranean freshwater,2,0.01
Environment,isolation_source,canadian polar lake,2,0.01
Environment,isolation_source,colonic mucosa,2,0.01
Environment,isolation_source,wwtps,2,0.01
Environment,isolation_source,vegetable soil,2,0.01
Environment,isolation_source,lettuce,2,0.01
Environment,isolation_source,deep sea wood-fall samples,2,0.01
Environment,isolation_source,environment-box,2,0.01
Environment,isolation_source,seawater from arctic ocean,2,0.01
Environment,isolation_source,control paddy soil,2,0.01
Environment,isolation_source,sichuan,2,0.01
Environment,isolation_source,swine manure,2,0.01
Environment,isolation_source,iron microbial mat from freshwater terrestrial wetland,2,0.01
Environment,isolation_source,sewage water,2,0.01
Environment,isolation_source,pos.control,2,0.01
Environment,isolation_source,synovial fluid,2,0.01
Environment,isolation_source,ddw,2,0.01
Environment,isolation_source,diversification cropping-soil bacteria,2,0.01
Environment,isolation_source,chicken manure compost,2,0.01
Environment,isolation_source,household soil,2,0.01
Environment,isolation_source,station 12524 of lavaca river,2,0.01
Environment,isolation_source,tissue biopsy,2,0.01
Environment,isolation_source,arable soil replicate 1,2,0.01
Environment,isolation_source,heathland soil replicate 3,2,0.01
Environment,isolation_source,lungs,2,0.01
Environment,isolation_source,coconut meat [foodon:00003856]; ready-to-eat (rte) [foodon:03316636]; food (shredded) [foodon:00004553]; food (frozen) [foodon:03302148],2,0.01
Environment,isolation_source,mango (whole or parts) [foodon:03000217]; ready-to-eat (rte) [foodon:03316636]; food (sliced) [foodon:00002455]; food (frozen) [foodon:03302148],2,0.01
Environment,isolation_source,s35,2,0.01
Environment,isolation_source,food waste batch digester,2,0.01
Environment,isolation_source,wuhan,2,0.01
Environment,isolation_source,landfill leachate,2,0.01
Environment,isolation_source,abattoir,2,0.01
Environment,isolation_source,river bed soil,2,0.01
Environment,isolation_source,synthetic wastewater,2,0.01
Environment,isolation_source,conventional dairy pen floor in colorado,2,0.01
Environment,isolation_source,baijiujiupei,2,0.01
Environment,isolation_source,cold seep sediment,2,0.01
Environment,isolation_source,fermentation bioreactor inoculum,2,0.01
Environment,isolation_source,anaerobic digester fluid,2,0.01
Environment,isolation_source,plant litter,2,0.01
Environment,isolation_source,east china sea,2,0.01
Environment,isolation_source,spontaneous_fermentation,2,0.01
Environment,isolation_source,the great wall,2,0.01
Environment,isolation_source,indian ocean,2,0.01
Environment,isolation_source,freshwater sample,2,0.01
Environment,isolation_source,grocery store,2,0.01
Environment,isolation_source,lamb hindgut,2,0.01
Environment,isolation_source,china-pearl river,2,0.01
Environment,isolation_source,trickle bed reactor,2,0.01
Environment,isolation_source,peat bog,2,0.01
Environment,isolation_source,"coral mucus, tissue and skeleton",2,0.01
Environment,isolation_source,blood stained soil,2,0.01
Environment,isolation_source,wetland soil enrichment,2,0.01
Environment,isolation_source,rice straw surface,2,0.01
Environment,isolation_source,meconium,2,0.01
Environment,isolation_source,whole body,2,0.01
Environment,isolation_source,whooper swan faeces,2,0.01
Environment,isolation_source,plastic,2,0.01
Environment,isolation_source,contact conveyors,2,0.01
Environment,isolation_source,hide,2,0.01
Environment,isolation_source,drains,2,0.01
Environment,isolation_source,floors,2,0.01
Environment,isolation_source,walls,2,0.01
Environment,isolation_source,mouse fece,2,0.01
Environment,isolation_source,anorectal,2,0.01
Environment,isolation_source,public park tidal lagoon,2,0.01
Environment,isolation_source,turkey cecum,2,0.01
Environment,isolation_source,rosewood,2,0.01
Environment,isolation_source,in vitro fermented fecal sample,2,0.01
Environment,isolation_source,dns samples,2,0.01
Environment,isolation_source,streptococcus thermophilus dgcc7710::stci-301-cat infected with streptococcal phage 2972 streptococcal phage 2972-orf33-mut,2,0.01
Environment,isolation_source,estuarine sediment,2,0.01
Environment,isolation_source,nasal swabs,2,0.01
Environment,isolation_source,nasal,2,0.01
Environment,isolation_source,screened influent wastewater,2,0.01
Environment,isolation_source,wound swab,2,0.01
Environment,isolation_source,pig manure drainage system,2,0.01
Environment,isolation_source,sansha bay,2,0.01
Environment,isolation_source,collembolan gut,2,0.01
Environment,isolation_source,paddy soil source,2,0.01
Environment,isolation_source,sludge samples,2,0.01
Environment,isolation_source,farmland soil,2,0.01
Environment,isolation_source,amniotic fluid,2,0.01
Environment,isolation_source,stool from farm floor,2,0.01
Environment,isolation_source,fermentation corn straw,2,0.01
Environment,isolation_source,municipal organic solid waste,2,0.01
Environment,isolation_source,surface seawater from open ocean outside of kaneohe bay,2,0.01
Environment,isolation_source,negative control,2,0.01
Environment,isolation_source,benthic detritus in bromeliad tank,2,0.01
Environment,isolation_source,mushroom farm,2,0.01
Environment,isolation_source,microbial enrichment broth,2,0.01
Environment,isolation_source,sludge of the membrane bioreactor (mbr) treating produced water (wastewater from fracking); tds- 30.8g/l,2,0.01
Environment,isolation_source,sludge of the membrane bioreactor (mbr) treating produced water (wastewater from fracking); tds- 40 g/l,2,0.01
Environment,isolation_source,equine gut,2,0.01
Environment,isolation_source,university and surrounding environment,2,0.01
Environment,isolation_source,miss,2,0.01
Environment,isolation_source,sink,2,0.01
Environment,isolation_source,sand/litter microcosm incubated at 25c,2,0.01
Environment,isolation_source,contaminated cyanobacterial culture,2,0.01
Environment,isolation_source,conventional activated sludge wastewater treatment plant: activated sludge basin,2,0.01
Environment,isolation_source,cecum digesta,2,0.01
Environment,isolation_source,barre woods soil warming experiment at harvard forest,2,0.01
Environment,isolation_source,alder leaf from leaf pack submerged in river water,2,0.01
Environment,isolation_source,estuarine marsh,2,0.01
Environment,isolation_source,vaginal swabs,2,0.01
Environment,isolation_source,hot spring sediment-water slurry,2,0.01
Environment,isolation_source,sand and pine needle microcosm inoculated with soil extract,2,0.01
Environment,isolation_source,blue grama litter,2,0.01
Environment,isolation_source,brackish seawater,2,0.01
Environment,isolation_source,tailings pond sediments,2,0.01
Environment,isolation_source,10-20um fraction,2,0.01
Environment,isolation_source,anaerobic digester coupled microbial electrolysis cell,2,0.01
Environment,isolation_source,beetle gut,2,0.01
Environment,isolation_source,proglacial sediment,2,0.01
Environment,isolation_source,breeder,2,0.01
Environment,isolation_source,synthetic chitin particles colonized with microbes from coastal seawater,2,0.01
Environment,isolation_source,"luquillo experimental forest soil, puerto rico",2,0.01
Environment,isolation_source,"amazon forest, brazil",2,0.01
Environment,isolation_source,"lake mendota, madison, wisconsin, usa",2,0.01
Environment,isolation_source,freshwater lake; hypolimnion,2,0.01
Environment,isolation_source,"guanajuato, mexico",2,0.01
Environment,isolation_source,cordon section,2,0.01
Environment,isolation_source,uhuru_lmh_ n 3,2,0.01
Environment,isolation_source,ileum content,2,0.01
Environment,isolation_source,riverbed sediment - zone of subsurface groundwater-surface water mixing (hyporheic zone),2,0.01
Environment,isolation_source,bay water,2,0.01
Environment,isolation_source,bronchial alveolar lavage,2,0.01
Environment,isolation_source,biorector,2,0.01
Environment,isolation_source,coastal waters,2,0.01
Environment,isolation_source,natural feedlot,2,0.01
Environment,isolation_source,conventional dairy farm,2,0.01
Environment,isolation_source,organic dairy farm,2,0.01
Environment,isolation_source,hot spring microbial iron mats,2,0.01
Environment,isolation_source,swh,2,0.01
Environment,isolation_source,feces filtered for virus-like particles,2,0.01
Environment,isolation_source,switchgrass digestor,2,0.01
Environment,isolation_source,"eden landing ponds, san francisco, ca, usa",2,0.01
Environment,isolation_source,"davy crockett national forest, groveton, texas, usa",2,0.01
Environment,isolation_source,assembly of 18 fecal samples from infant 11 collected between jan and mar 2012,2,0.01
Environment,isolation_source,assembly of 5 fecal samples from infant 8 collected between dec 2011 and jan 2012,2,0.01
Environment,isolation_source,assembly of 17 fecal samples from infant 9 collected between dec 2011 and jan 2012,2,0.01
Environment,isolation_source,millipede,2,0.01
Environment,isolation_source,subseafloor sediment,2,0.01
Environment,isolation_source,sugarcane vinasse 24 in truck prior to sampling plus 1 to 2 weeks in fridge,2,0.01
Environment,isolation_source,"surface water sample, <0.2 um fraction",2,0.01
Environment,isolation_source,mire fen,2,0.01
Environment,isolation_source,"anoxic, hypersaline lake sediments of the salton sea",2,0.01
Environment,isolation_source,coastal salt marsh,2,0.01
Environment,isolation_source,air swab in delivery room,2,0.01
Environment,isolation_source,"cathedral hill gradient site, white microbial mat",2,0.01
Environment,isolation_source,freshwater from boreal shield lake,2,0.01
Environment,isolation_source,freshwater growth medium,2,0.01
Environment,isolation_source,vulture face,2,0.01
Environment,isolation_source,sediment trap from marine abyssalpelagic zone,2,0.01
Environment,isolation_source,feed tube,2,0.01
Environment,isolation_source,"lake lanier, usa",2,0.01
Environment,isolation_source,biological soil crust,2,0.01
Environment,isolation_source,marine surface sediment,2,0.01
Environment,isolation_source,soil sample from uc hopland field station,2,0.01
Environment,isolation_source,marine water from a patagonian fjord,2,0.01
Environment,isolation_source,sheep rumen,2,0.01
Environment,isolation_source,powdered infant formula factory_medium care area_factory w,2,0.01
Environment,isolation_source,lab enriched forest soil,2,0.01
Environment,isolation_source,rapid sand filter,2,0.01
Environment,isolation_source,activated sludge from full-scale wastewater treatment plant,2,0.01
Environment,isolation_source,14262,2,0.01
Environment,isolation_source,shrimp earthern pond,2,0.01
Environment,isolation_source,subway station air,2,0.01
Environment,isolation_source,water sample of chaobai river in china,2,0.01
Environment,isolation_source,purple microbial (photo- and chemosynthetic) mats found in low-oxygen high-sulfur sink holes,2,0.01
Environment,isolation_source,l_nares,2,0.01
Environment,isolation_source,umbilicus,2,0.01
Environment,isolation_source,p1 gut compartment,2,0.01
Environment,isolation_source,p4 gut compartment,2,0.01
Environment,isolation_source,nesidiocoris tenuis,1,0.01
Environment,isolation_source,jejunal content isolated from female mouse4 in the lc-ntx group,1,0.01
Environment,isolation_source,jejunal content isolated from male mouse2 in the lc-ntx group,1,0.01
Environment,isolation_source,jejunal content isolated from male mouse1 in the lc-rfx group,1,0.01
Environment,isolation_source,jejunal content isolated from male mouse2 in the control-ntx group,1,0.01
Environment,isolation_source,influent in wastewater treatment plant,1,0.01
Environment,isolation_source,colon ink sac,1,0.01
Environment,isolation_source,marine sediment (jeju sea),1,0.01
Environment,isolation_source,marine sediment (muan),1,0.01
Environment,isolation_source,seawater (wando),1,0.01
Environment,isolation_source,weathered rock,1,0.01
Environment,isolation_source,pig,1,0.01
Environment,isolation_source,feces of mouse,1,0.01
Environment,isolation_source,seawater (free-living fraction),1,0.01
Environment,isolation_source,lambic,1,0.01
Environment,isolation_source,fermenting cocoa pulp-bean mass,1,0.01
Environment,isolation_source,caeca,1,0.01
Environment,isolation_source,a1 (huile tournesol 5%),1,0.01
Environment,isolation_source,meromictic lake,1,0.01
Environment,isolation_source,mouse jejunal luminal content,1,0.01
Environment,isolation_source,mouse ileal luminal content,1,0.01
Environment,isolation_source,powdered concretion,1,0.01
Environment,isolation_source,pig ileum luminal content,1,0.01
Environment,isolation_source,subseafloor oceanic crust,1,0.01
Environment,isolation_source,sediment adhered to rib,1,0.01
Environment,isolation_source,calcareous silty-clay barren soil,1,0.01
Environment,isolation_source,honey from honeycomb,1,0.01
Environment,isolation_source,"polyester-degrading enrichment culture growing on monomer sebacic acid, se",1,0.01
Environment,isolation_source,feces; sample ts28,1,0.01
Environment,isolation_source,rainforest soil,1,0.01
Environment,isolation_source,jungle rubber soil,1,0.01
Environment,isolation_source,"be326 bh2 borehole, 1.39 km below land surface",1,0.01
Environment,isolation_source,rna:ss viral rna,1,0.01
Environment,isolation_source,spring/melt pool,1,0.01
Environment,isolation_source,mud microcosm,1,0.01
Environment,isolation_source,dairy calf composite feces,1,0.01
Environment,isolation_source,dairy cow composite feces,1,0.01
Environment,isolation_source,soil one meter away from agave cacti.,1,0.01
Environment,isolation_source,food production metal conveyor belt,1,0.01
Environment,isolation_source,"core: 1a-1l, depth: 0-2cm",1,0.01
Environment,isolation_source,"core: 4a-1l, depth: 10-12cm",1,0.01
Environment,isolation_source,"core: 2c-7l, depth: 43-45cm",1,0.01
Environment,isolation_source,"core: 2c-6l, depth: 2-4cm",1,0.01
Environment,isolation_source,"core: 2d-1l, depth: 5-7cm",1,0.01
Environment,isolation_source,"120714, 5_years_old, control, no abnormalities, the yunnan-guizhou plateau",1,0.01
Environment,isolation_source,"110217, 3-a-17-16, 6_years_old, a53t, antibiotic_use, the yunnan-guizhou plateau",1,0.01
Environment,isolation_source,fecal content,1,0.01
Environment,isolation_source,day 33 sample from continuous culture bioreactor with low c:n ratio inoculated with sediment from german wadden sea,1,0.01
Environment,isolation_source,gut extraction,1,0.01
Environment,isolation_source,40 cm soil or saprolite under grassland replicate 2,1,0.01
Environment,isolation_source,115 cm saprolite on douglas fir-dominated hillslope,1,0.01
Environment,isolation_source,200 cm saprolite under douglas fir tree site 2 hole 1,1,0.01
Environment,isolation_source,soil with 5% biochar replicate 4,1,0.01
Environment,isolation_source,"disinfectant-free drinking water, site 3, sample 3",1,0.01
Environment,isolation_source,"disinfectant-free drinking water, site 3, sample 2",1,0.01
Environment,isolation_source,"disinfectant-free drinking water, site 1, sample 3",1,0.01
Environment,isolation_source,"chlorinated drinking water, site 5, sample 2",1,0.01
Environment,isolation_source,"chlorinated drinking water, site 7, sample 1",1,0.01
Environment,isolation_source,"chloraminated drinking water, site 1, sample 2",1,0.01
Environment,isolation_source,"chlorinated drinking water, site 2, sample 2",1,0.01
Environment,isolation_source,"chlorinated drinking water, site 1, sample 1",1,0.01
Environment,isolation_source,"disinfectant-free drinking water, site 5, sample 2",1,0.01
Environment,isolation_source,"chlorinated drinking water, site 6, sample 3",1,0.01
Environment,isolation_source,negative control spiked with mock community 2,1,0.01
Environment,isolation_source,lagoon.s18,1,0.01
Environment,isolation_source,soil.s15,1,0.01
Environment,isolation_source,lagoon.s12,1,0.01
Environment,isolation_source,control soil 2,1,0.01
Environment,isolation_source,lab microcosm,1,0.01
Environment,isolation_source,r1-sludge,1,0.01
Environment,isolation_source,wheat grown in greenhouse,1,0.01
Environment,isolation_source,anammox marine column reactor biofilm on non-woven sheet,1,0.01
Environment,isolation_source,anammox granular sludge freshwater column reactor,1,0.01
Environment,isolation_source,hydrocarbon,1,0.01
Environment,isolation_source,water of chaohu lake,1,0.01
Environment,isolation_source,partial nitritation anammox (pna) bioreactor day 230 replicate 2,1,0.01
Environment,isolation_source,partial nitritation anammox (pna) bioreactor day 350,1,0.01
Environment,isolation_source,continuous culture bioreactor denitrification-dnra; day 54 after inoculation,1,0.01
Environment,isolation_source,peanut pods,1,0.01
Environment,isolation_source,coral reef seawater bpa_36327,1,0.01
Environment,isolation_source,dna:ss viral dna,1,0.01
Environment,isolation_source,fourth reactor carbon brush in left,1,0.01
Environment,isolation_source,soil sample 7,1,0.01
Environment,isolation_source,rumen content from lactating cow,1,0.01
Environment,isolation_source,mixed culture bioreactor,1,0.01
Environment,isolation_source,non-moss soil biological crust,1,0.01
Environment,isolation_source,wetland fen,1,0.01
Environment,isolation_source,uranium-contaminated sediment slurry processed in bioreactor,1,0.01
Environment,isolation_source,neoteredo reynei nr02,1,0.01
Environment,isolation_source,unsealed jar with river water and sediment,1,0.01
Environment,isolation_source,mutha river in the neighborhood vitthal mandir,1,0.01
Environment,isolation_source,biofilm scrapped from cow tibia surface after nine month of incubation underwater in a fjord,1,0.01
Environment,isolation_source,annelid root tissue scrapped from turkey femur surface after nine month of incubation underwater in a fjord,1,0.01
Environment,isolation_source,digested sludge from wastewater treatment plant in greifswald,1,0.01
Environment,isolation_source,water from the wastewater treatment plant in front of the bodden in greifswald,1,0.01
Environment,isolation_source,primary sludge from wastewater treatment plant in greifswald,1,0.01
Environment,isolation_source,activated sludge from wastewater treatment plant in greifswald,1,0.01
Environment,isolation_source,proximal colon tissue,1,0.01
Environment,isolation_source,proximal colon scraping,1,0.01
Environment,isolation_source,distal colon tissue,1,0.01
Environment,isolation_source,transverse colon tissue,1,0.01
Environment,isolation_source,14274,1,0.01
Environment,isolation_source,29898,1,0.01
Environment,isolation_source,protexin,1,0.01
Environment,isolation_source,14275,1,0.01
Environment,isolation_source,14163,1,0.01
Environment,isolation_source,29901,1,0.01
Environment,isolation_source,14190,1,0.01
Environment,isolation_source,mockcommunity,1,0.01
Environment,isolation_source,29949,1,0.01
Environment,isolation_source,14159,1,0.01
Environment,isolation_source,29633,1,0.01
Environment,isolation_source,29703,1,0.01
Environment,isolation_source,29912,1,0.01
Environment,isolation_source,14271,1,0.01
Environment,isolation_source,29946,1,0.01
Environment,isolation_source,29962,1,0.01
Environment,isolation_source,29765,1,0.01
Environment,isolation_source,29644,1,0.01
Environment,isolation_source,14204,1,0.01
Environment,isolation_source,29631,1,0.01
Environment,isolation_source,29752,1,0.01
Environment,isolation_source,14201,1,0.01
Environment,isolation_source,14194,1,0.01
Environment,isolation_source,14186,1,0.01
Environment,isolation_source,14192,1,0.01
Environment,isolation_source,29781,1,0.01
Environment,isolation_source,29745,1,0.01
Environment,isolation_source,32650,1,0.01
Environment,isolation_source,t12057,1,0.01
Environment,isolation_source,316981,1,0.01
Environment,isolation_source,y09733,1,0.01
Environment,isolation_source,29764,1,0.01
Environment,isolation_source,14315,1,0.01
Environment,isolation_source,14307,1,0.01
Environment,isolation_source,14169,1,0.01
Environment,isolation_source,29876,1,0.01
Environment,isolation_source,14172,1,0.01
Environment,isolation_source,29792,1,0.01
Environment,isolation_source,40486,1,0.01
Environment,isolation_source,b11614,1,0.01
Environment,isolation_source,eastern honey bee gut,1,0.01
Environment,isolation_source,lamellibrachia barhami trophosome tissue,1,0.01
Environment,isolation_source,feces from hum5 breeder 1,1,0.01
Environment,isolation_source,feces from hum4 breeder 1,1,0.01
Environment,isolation_source,feces from hum3 breeder 1,1,0.01
Environment,isolation_source,stool43,1,0.01
Environment,isolation_source,microbes were collected at 4-8m in sq83,1,0.01
Environment,isolation_source,surface marine sediment (1.8m),1,0.01
Environment,isolation_source,surface marine sediment (2.1m),1,0.01
Environment,isolation_source,pescadero transform fault,1,0.01
Environment,isolation_source,anaerobic digestion of the organic fraction of municipal solid waste after bioaugmentation,1,0.01
Environment,isolation_source,"ganjang, korean traditional soy sauce",1,0.01
Environment,isolation_source,gut of p1244125-metagenomics,1,0.01
Environment,isolation_source,gut of p1433595-metagenomics,1,0.01
Environment,isolation_source,gut of p956719-metagenomics,1,0.01
Environment,isolation_source,gut of p1480690-metagenomics,1,0.01
Environment,isolation_source,surface seawater inoculated into enrichment culture with ribose as the sole carbon source,1,0.01
Environment,isolation_source,surface seawater inoculated into enrichment culture with dihydroxypropanesulfonate (dhps) as the sole carbon source,1,0.01
Environment,isolation_source,airway,1,0.01
Environment,isolation_source,water and sediments,1,0.01
Environment,isolation_source,mock community = zymo replicate 4,1,0.01
Environment,isolation_source,mock community = msa 1003 replicate 4,1,0.01
Environment,isolation_source,gut content,1,0.01
Environment,isolation_source,stool culture,1,0.01
Environment,isolation_source,metagenome from forastero cocoa beans after 72h of fermentation in mexico harvest under traditional conditions batch 2_replicate_1,1,0.01
Environment,isolation_source,yogurt,1,0.01
Environment,isolation_source,anode2,1,0.01
Environment,isolation_source,microbes were collected at 0-6m in d144,1,0.01
Environment,isolation_source,arable soil,1,0.01
Environment,isolation_source,conifer forest soil,1,0.01
Environment,isolation_source,fermented grains sample,1,0.01
Environment,isolation_source,bioreactor treating saline wastewater (1% salinity) containing high content of p,1,0.01
Environment,isolation_source,extraction blank,1,0.01
Environment,isolation_source,filamentous streamer,1,0.01
Environment,isolation_source,field bulk soil,1,0.01
Environment,isolation_source,azo dye decolorization water,1,0.01
Environment,isolation_source,drinking water treatment plant,1,0.01
Environment,isolation_source,laboratory infected mosquito excreta,1,0.01
Environment,isolation_source,red_fracture_biological_replicate_12,1,0.01
Environment,isolation_source,grey_clay_biological_replicate_5,1,0.01
Environment,isolation_source,grey_clay_biological_replicate_3,1,0.01
Environment,isolation_source,biopore_biological_replicate_12,1,0.01
Environment,isolation_source,clay_biological_replicate_2,1,0.01
Environment,isolation_source,plough_layer_biological_replicate_3,1,0.01
Environment,isolation_source,tar from asphalt lake,1,0.01
Environment,isolation_source,beaver small intestine,1,0.01
Environment,isolation_source,beaver rectum,1,0.01
Environment,isolation_source,icecream,1,0.01
Environment,isolation_source,fecalpiglet1,1,0.01
Environment,isolation_source,costal sea water,1,0.01
Environment,isolation_source,the second repeat of n application,1,0.01
Environment,isolation_source,untreated marine sediment,1,0.01
Environment,isolation_source,seawater at 140m depth at station 3,1,0.01
Environment,isolation_source,floodwater,1,0.01
Environment,isolation_source,clovelly seawater_22,1,0.01
Environment,isolation_source,clovelly seawater_13,1,0.01
Environment,isolation_source,clovelly seawater_1,1,0.01
Environment,isolation_source,freshwater biome - 1350 m,1,0.01
Environment,isolation_source,archeological wood,1,0.01
Environment,isolation_source,nasopharingeal aspirate,1,0.01
Environment,isolation_source,ab reactor4,1,0.01
Environment,isolation_source,r1817_base,1,0.01
Environment,isolation_source,r1816_base,1,0.01
Environment,isolation_source,r1815_base,1,0.01
Environment,isolation_source,r1809_treat,1,0.01
Environment,isolation_source,r1809_base,1,0.01
Environment,isolation_source,r1621_base,1,0.01
Environment,isolation_source,r1609_anti,1,0.01
Environment,isolation_source,r1603_anti,1,0.01
Environment,isolation_source,r1416_base,1,0.01
Environment,isolation_source,r1406_anti,1,0.01
Environment,isolation_source,r1402_treat,1,0.01
Environment,isolation_source,r1311_anti,1,0.01
Environment,isolation_source,r1309_treat,1,0.01
Environment,isolation_source,r1305_anti,1,0.01
Environment,isolation_source,r1216_anti,1,0.01
Environment,isolation_source,r1022_anti,1,0.01
Environment,isolation_source,r0816_treat,1,0.01
Environment,isolation_source,r1019_base,1,0.01
Environment,isolation_source,r1126_anti,1,0.01
Environment,isolation_source,r1121_treat,1,0.01
Environment,isolation_source,r1119_treat,1,0.01
Environment,isolation_source,r1113_anti,1,0.01
Environment,isolation_source,r1110_treat,1,0.01
Environment,isolation_source,r1031_treat,1,0.01
Environment,isolation_source,r1025_treat,1,0.01
Environment,isolation_source,r1025_base,1,0.01
Environment,isolation_source,r1009_base,1,0.01
Environment,isolation_source,r1007_anti,1,0.01
Environment,isolation_source,r1006_anti,1,0.01
Environment,isolation_source,r2023_treat,1,0.01
Environment,isolation_source,r0912_anti,1,0.01
Environment,isolation_source,r2007_treat,1,0.01
Environment,isolation_source,r2007_base,1,0.01
Environment,isolation_source,r1905_treat,1,0.01
Environment,isolation_source,r1823_anti,1,0.01
Environment,isolation_source,r1818_treat,1,0.01
Environment,isolation_source,seed culture,1,0.01
Environment,isolation_source,gypsum crust,1,0.01
Environment,isolation_source,feces from stable horse,1,0.01
Environment,isolation_source,metagenome of sausages after 4 days of fermentation batch y,1,0.01
Environment,isolation_source,metagenome of sausages after 8 days of fermentation batch y,1,0.01
Environment,isolation_source,metagenome of sausages after 15 days of fermentation batch z,1,0.01
Environment,isolation_source,r0537_treat,1,0.01
Environment,isolation_source,r0525_anti,1,0.01
Environment,isolation_source,r0519_anti,1,0.01
Environment,isolation_source,r0508_treat,1,0.01
Environment,isolation_source,r0507_base,1,0.01
Environment,isolation_source,r0501_base,1,0.01
Environment,isolation_source,r0419_anti,1,0.01
Environment,isolation_source,r0416_treat,1,0.01
Environment,isolation_source,r0327_treat,1,0.01
Environment,isolation_source,r0327_base,1,0.01
Environment,isolation_source,r0326_base,1,0.01
Environment,isolation_source,r0325_treat,1,0.01
Environment,isolation_source,r0323_base,1,0.01
Environment,isolation_source,r0320_base,1,0.01
Environment,isolation_source,r0312_treat,1,0.01
Environment,isolation_source,r0310_treat,1,0.01
Environment,isolation_source,r0306_base,1,0.01
Environment,isolation_source,r0241_anti,1,0.01
Environment,isolation_source,r0234_treat,1,0.01
Environment,isolation_source,r0234_base,1,0.01
Environment,isolation_source,r0231_treat,1,0.01
Environment,isolation_source,r0229_anti,1,0.01
Environment,isolation_source,r0217_base,1,0.01
Environment,isolation_source,r0137_treat,1,0.01
Environment,isolation_source,r0133_anti,1,0.01
Environment,isolation_source,r0213_treat,1,0.01
Environment,isolation_source,r0804_anti,1,0.01
Environment,isolation_source,r0723_anti,1,0.01
Environment,isolation_source,r0166_anti,1,0.01
Environment,isolation_source,r0164_anti,1,0.01
Environment,isolation_source,r0719_treat,1,0.01
Environment,isolation_source,r0714_base,1,0.01
Environment,isolation_source,r0158_anti,1,0.01
Environment,isolation_source,r0156_base,1,0.01
Environment,isolation_source,archaeological latrine sediment,1,0.01
Environment,isolation_source,topsoil from arid and minimally vegetated gibber plain,1,0.01
Environment,isolation_source,maize rhizosphere 1,1,0.01
Environment,isolation_source,plectolyngbya sp. wjt66-npbg17 and co-occurring heterotrophs from well developed soil crust,1,0.01
Environment,isolation_source,enriched activated sludge,1,0.01
Environment,isolation_source,industrial wastewater,1,0.01
Environment,isolation_source,effluent water,1,0.01
Environment,isolation_source,upstream water,1,0.01
Environment,isolation_source,throat swabs,1,0.01
Environment,isolation_source,coprolite,1,0.01
Environment,isolation_source,bone - jbg47,1,0.01
Environment,isolation_source,effluent,1,0.01
Environment,isolation_source,big soda lake,1,0.01
Environment,isolation_source,water distribution systerm,1,0.01
Environment,isolation_source,human cerebrospinal fluid,1,0.01
Environment,isolation_source,right incisor,1,0.01
Environment,isolation_source,sediment 5 m from 1301b,1,0.01
Environment,isolation_source,subseafloor crustal fluids,1,0.01
Environment,isolation_source,separate cultures,1,0.01
Environment,isolation_source,lab-made,1,0.01
Environment,isolation_source,bare soil areas in deserets,1,0.01
Environment,isolation_source,saltwater from algal raceway,1,0.01
Environment,isolation_source,"peat from stordalen mire, abisko, sweden",1,0.01
Environment,isolation_source,sediment from eutrophic lake,1,0.01
Environment,isolation_source,banquettes,1,0.01
Environment,isolation_source,pore space of rocks in hyperarid conditions,1,0.01
Environment,isolation_source,the ebinur national nature reserve,1,0.01
Environment,isolation_source,freshwater carbonate spring,1,0.01
Environment,isolation_source,soil from greenhouse,1,0.01
Environment,isolation_source,active layer of bog; soil incubated with heavy water for 184 days. this is the medium-heavy fraction of replicate a,1,0.01
Environment,isolation_source,active layer of bog; soil incubated with distilled water for 184 days. this is the heavy fraction of replicate b,1,0.01
Environment,isolation_source,rnase free water,1,0.01
Environment,isolation_source,medium transport,1,0.01
Environment,isolation_source,hog fuel sample 21 high density,1,0.01
Environment,isolation_source,fecal sample from diarrhoea affected cattle b,1,0.01
Environment,isolation_source,respiratory tract from 18phr006,1,0.01
Environment,isolation_source,respiratory tract from 16snu018,1,0.01
Environment,isolation_source,abomasum,1,0.01
Environment,isolation_source,human_sputum_sample_s3010bm2_metagenomeics,1,0.01
Environment,isolation_source,human_sputum_sample_s3058ad1_metagenomeics,1,0.01
Environment,isolation_source,human_sputum_sample_s3050ad5_metagenomeics,1,0.01
Environment,isolation_source,human_sputum_sample_s3034ad1_metagenomeics,1,0.01
Environment,isolation_source,human_sputum_sample_s3031ad1_metagenomeics,1,0.01
Environment,isolation_source,human_sputum_sample_s3022ad1_metagenomeics,1,0.01
Environment,isolation_source,human_sputum_sample_s3013bm2b_metagenomeics,1,0.01
Environment,isolation_source,namib desert,1,0.01
Environment,isolation_source,bathypelagic seawater(1759m),1,0.01
Environment,isolation_source,surface seawater(2m),1,0.01
Environment,isolation_source,waiwera non-saline (site 1),1,0.01
Environment,isolation_source,"synthetic in silico mix, gc-rich bias 120 organisms",1,0.01
Environment,isolation_source,home aquarium,1,0.01
Environment,isolation_source,hamilton harbour water,1,0.01
Environment,isolation_source,pentadecane incubations with particles bioreplicate 1,1,0.01
Environment,isolation_source,plasticized fabric sample b exposed to a harsh tropical environment for 14 months,1,0.01
Environment,isolation_source,enrichment culture of sdz_tp_d0 with sulfadiazine as sole carbon at day 134,1,0.01
Environment,isolation_source,uncultured - 100cm,1,0.01
Environment,isolation_source,l1,1,0.01
Environment,isolation_source,l10,1,0.01
Environment,isolation_source,extraction control set-1,1,0.01
Environment,isolation_source,untreated well water from subsurface environemntal sampler (ses),1,0.01
Environment,isolation_source,gut of red swamp crayfish,1,0.01
Environment,isolation_source,volcanic soil,1,0.01
Environment,isolation_source,submerged sediment with a high abundance of vegetation from freshwater canal,1,0.01
Environment,isolation_source,feces from donor60,1,0.01
Environment,isolation_source,feces from donor51,1,0.01
Environment,isolation_source,feces from donor24,1,0.01
Environment,isolation_source,feces from donor12,1,0.01
Environment,isolation_source,sputum sample taken from a tb patient 108 seven days after initiation of antibiotic therapy,1,0.01
Environment,isolation_source,sputum sample taken from a tb patient 7 days after initiation of antibiotic therapy,1,0.01
Environment,isolation_source,groundwater from well h41 incubated with 12c bicarbonate for 70 days,1,0.01
Environment,isolation_source,feces from lsy-0,1,0.01
Environment,isolation_source,feces from lej-0,1,0.01
Environment,isolation_source,feces from hhj-0,1,0.01
Environment,isolation_source,dairy manure,1,0.01
Environment,isolation_source,hospital wastewater 3,1,0.01
Environment,isolation_source,water column,1,0.01
Environment,isolation_source,fecal sample of krgm_98,1,0.01
Environment,isolation_source,fecal sample of krgm_77,1,0.01
Environment,isolation_source,fecal sample of krgm_71,1,0.01
Environment,isolation_source,fecal sample of krgm_49,1,0.01
Environment,isolation_source,fecal sample of krgm_31,1,0.01
Environment,isolation_source,fecal sample of krgm_102,1,0.01
Environment,isolation_source,oropharyngeal,1,0.01
Environment,isolation_source,wood white-thyme-replicate=2,1,0.01
Environment,isolation_source,serpentinite rock,1,0.01
Environment,isolation_source,permafrost sediment,1,0.01
Environment,isolation_source,e2b-0,1,0.01
Environment,isolation_source,b2s-0,1,0.01
Environment,isolation_source,b2b-3,1,0.01
Environment,isolation_source,freshwater metagenome s1t1b_20180427,1,0.01
Environment,isolation_source,freshwater metagenome s1_20150810,1,0.01
Environment,isolation_source,freshwater metagenome s1_20120424,1,0.01
Environment,isolation_source,cleanroom 179_121,1,0.01
Environment,isolation_source,cleanroom 233_151,1,0.01
Environment,isolation_source,coalbed water,1,0.01
Environment,isolation_source,variable,1,0.01
Environment,isolation_source,human throat swab,1,0.01
Environment,isolation_source,swine manure sample,1,0.01
Environment,isolation_source,human_blood_sample_pkugk039_metagenomics,1,0.01
Environment,isolation_source,human_blood_sample_pkugk265_metagenomics,1,0.01
Environment,isolation_source,human_blood_sample_pkugk236_metagenomics,1,0.01
Environment,isolation_source,human_blood_sample_pkugk221_metagenomics,1,0.01
Environment,isolation_source,human_blood_sample_pkugk086_metagenomics,1,0.01
Environment,isolation_source,human_blood_sample_pkugk071_metagenomics,1,0.01
Environment,isolation_source,human_blood_sample_pkugk026_metagenomics,1,0.01
Environment,isolation_source,human_blood_sample_pkugk140_metagenomics,1,0.01
Environment,isolation_source,planktonic fraction from bioreactor innoculated with activated sludge tailings effluent remediation (aster); culture conditions: molasses with increasing thiocyanate until 250 mg/l maintanence,1,0.01
Environment,isolation_source,biofilm fraction from bioreactor innoculated with activated sludge tailings effluent remediation (aster); culture conditions: molasses with increasing thiocyanate,1,0.01
Environment,isolation_source,biofilm fraction from bioreactor innoculated with activated sludge tailings effluent remediation (aster); culture conditions: molasses with increasing thiocyanate until 250 mg/l maintanence and no molasses,1,0.01
Environment,isolation_source,isolate from feces of wild camels,1,0.01
Environment,isolation_source,cellulose-enriched refuse dump,1,0.01
Environment,isolation_source,pcb contaminated paddy soil,1,0.01
Environment,isolation_source,cecal content of shrsp fed ad libitum,1,0.01
Environment,isolation_source,cecal content of shrsp fed eodf,1,0.01
Environment,isolation_source,siphamia majimai light organ,1,0.01
Environment,isolation_source,siphamia brevilux light organ,1,0.01
Environment,isolation_source,siphamia tubifer light organ,1,0.01
Environment,isolation_source,non-axenic culture inoculated from ocean water sample,1,0.01
Environment,isolation_source,soil-3,1,0.01
Environment,isolation_source,lake michigan,1,0.01
Environment,isolation_source,"araxa region, rind (3)",1,0.01
Environment,isolation_source,fragments of 50 u. phaea lichen thalli from population 26,1,0.01
Environment,isolation_source,sediment of red swamp crayfish aquaculture pond,1,0.01
Environment,isolation_source,bioaerosol sample,1,0.01
Environment,isolation_source,fecal sample from infant #57 dol 39,1,0.01
Environment,isolation_source,fecal sample from infant #41 dol 124,1,0.01
Environment,isolation_source,maternal fecal sample from mother of infant #13,1,0.01
Environment,isolation_source,fecal sample from infant #41 dol 87,1,0.01
Environment,isolation_source,fecal sample from infant #40 dol 365,1,0.01
Environment,isolation_source,fecal sample from infant #39 dol 44,1,0.01
Environment,isolation_source,fecal sample from infant #8 dol 64,1,0.01
Environment,isolation_source,fecal sample from infant #31 dol 247,1,0.01
Environment,isolation_source,fecal sample from infant #26 dol 250,1,0.01
Environment,isolation_source,fecal sample from infant #21 dol 61,1,0.01
Environment,isolation_source,fecal sample from infant #133 dol 91,1,0.01
Environment,isolation_source,fecal sample from infant #130 dol 87,1,0.01
Environment,isolation_source,fecal sample from infant #122 dol 31,1,0.01
Environment,isolation_source,maternal fecal sample from mother of infant #121,1,0.01
Environment,isolation_source,fecal sample from infant #108 dol 77,1,0.01
Environment,isolation_source,fecal sample from infant #102 dol 34,1,0.01
Environment,isolation_source,fecal sample from infant #98 dol 332,1,0.01
Environment,isolation_source,fecal sample from infant #83 dol 88,1,0.01
Environment,isolation_source,fecal sample from infant #72 dol 362,1,0.01
Environment,isolation_source,fecal sample from infant #72 dol 32,1,0.01
Environment,isolation_source,fecal sample from infant #69 dol 375,1,0.01
Environment,isolation_source,fecal sample from infant #13 dol 36,1,0.01
Environment,isolation_source,fecal sample from infant #58 dol 22,1,0.01
Environment,isolation_source,fecal sample from infant #13 dol 17,1,0.01
Environment,isolation_source,fecal sample from infant #58 dol 7,1,0.01
Environment,isolation_source,human_dna_sample_pkugknc005_metagenomics,1,0.01
Environment,isolation_source,human_blood_sample_pkugkhc012_metagenomics,1,0.01
Environment,isolation_source,507b,1,0.01
Environment,isolation_source,fusarium pathogenic soil treated with talaromyces purpurogenus,1,0.01
Environment,isolation_source,stool from young-adult control uninfected mice_4,1,0.01
Environment,isolation_source,enrichment culture grown in unbuffered media with sand only,1,0.01
Environment,isolation_source,lake water mesocosm spike with cow9 feces sampled at day 1,1,0.01
Environment,isolation_source,lake water mesocosm spike with pig8 feces sampled at day 4,1,0.01
Environment,isolation_source,lake water mesocosm spike with pig7 feces sampled at day 4,1,0.01
Environment,isolation_source,lake water mesocosm spike with pig7 feces sampled at day 1,1,0.01
Environment,isolation_source,lake water mesocosm spike with human1 feces sampled at day 7,1,0.01
Environment,isolation_source,lake water mesocosm spike with cow7 feces sampled at day 0,1,0.01
Environment,isolation_source,spartina alterniflora rhizosphere,1,0.01
Environment,isolation_source,larvae pool,1,0.01
Environment,isolation_source,peri-urban,1,0.01
Environment,isolation_source,post methanisation process compost,1,0.01
Environment,isolation_source,post methanisation process solid digestate,1,0.01
Environment,isolation_source,pond water,1,0.01
Environment,isolation_source,sediment (4-6 cmbsf),1,0.01
Environment,isolation_source,sediment (0-20 cmbsf),1,0.01
Environment,isolation_source,aabf reactor,1,0.01
Environment,isolation_source,long-term bioreactor inoculated with enriched community derived from activated sludge,1,0.01
Environment,isolation_source,wastewater treatment plant acitvated sludge,1,0.01
Environment,isolation_source,vietnamese rice paddy soil,1,0.01
Environment,isolation_source,add medium bagasse,1,0.01
Environment,isolation_source,conjunctival tissue cloa15,1,0.01
Environment,isolation_source,conjunctival tissue nc4,1,0.01
Environment,isolation_source,conjunctival tissue cloa12,1,0.01
Environment,isolation_source,conjunctival tissue cloa8,1,0.01
Environment,isolation_source,conjunctival tissue cloa11,1,0.01
Environment,isolation_source,leshan,1,0.01
Environment,isolation_source,swh wastewater treatment plant,1,0.01
Environment,isolation_source,mouse ankle,1,0.01
Environment,isolation_source,mucus,1,0.01
Environment,isolation_source,feces fermentation broth,1,0.01
Environment,isolation_source,karst river,1,0.01
Environment,isolation_source,surface of algae,1,0.01
Environment,isolation_source,cold reef aquarium tank h21,1,0.01
Environment,isolation_source,biological sulfate-reducing reactor system: bsr_inoc,1,0.01
Environment,isolation_source,biological sulfate-reducing reactor system: bsr_ace_uapbr_effluent_p,1,0.01
Environment,isolation_source,anammox reactor granules,1,0.01
Environment,isolation_source,no-tumour side bronchoalveolar lavage fluid,1,0.01
Environment,isolation_source,tumour tissue,1,0.01
Environment,isolation_source,4soil,1,0.01
Environment,isolation_source,jejunum contents,1,0.01
Environment,isolation_source,rumen contents,1,0.01
Environment,isolation_source,rumen_r4,1,0.01
Environment,isolation_source,rumen_lb2,1,0.01
Environment,isolation_source,rhizosphere of stipagrostis a,1,0.01
Environment,isolation_source,mangrove soil impacted by shrimp farm,1,0.01
Environment,isolation_source,cyanobacterial mat,1,0.01
Environment,isolation_source,mangrove soil recolonization after shrimp farm,1,0.01
Environment,isolation_source,"sediment collected in iodp expedition 375 from site 1519e, core 6h3, depth 42.77mbsf",1,0.01
Environment,isolation_source,"sediment collected in iodp expedition 375 from site 1519c, core 12r2, depth 280.17mbsf",1,0.01
Environment,isolation_source,cws tap water,1,0.01
Environment,isolation_source,cws catchment point,1,0.01
Environment,isolation_source,pe microplastic biofilm community,1,0.01
Environment,isolation_source,marine sponge,1,0.01
Environment,isolation_source,s106 (74yo f): excisional biopsy of orbital tissue,1,0.01
Environment,isolation_source,rumen sample ss incubated for 96 h,1,0.01
Environment,isolation_source,mock,1,0.01
Environment,isolation_source,white colonizes,1,0.01
Environment,isolation_source,endogenous starter culture,1,0.01
Environment,isolation_source,0 mt-1,1,0.01
Environment,isolation_source,stool 91,1,0.01
Environment,isolation_source,stool 66,1,0.01
Environment,isolation_source,stool 41,1,0.01
Environment,isolation_source,freshwater biome - 0.5 m - reservoir tail sep20,1,0.01
Environment,isolation_source,freshwater biome - 12 m,1,0.01
Environment,isolation_source,axilliary vault,1,0.01
Environment,isolation_source,inguinal crease,1,0.01
Environment,isolation_source,swab samples from laboratory environment,1,0.01
Environment,isolation_source,vegetable soil sample,1,0.01
Environment,isolation_source,sow sample,1,0.01
Environment,isolation_source,mobile phone-05,1,0.01
Environment,isolation_source,smartwatch-41b,1,0.01
Environment,isolation_source,mobile phone-41a,1,0.01
Environment,isolation_source,mobile phone-25,1,0.01
Environment,isolation_source,mobile phone-14a,1,0.01
Environment,isolation_source,gut of crab fed plant oil,1,0.01
Environment,isolation_source,deep chlorophyll maximum zone in the mediterranean sea,1,0.01
Environment,isolation_source,rat5_fw_alpha-syn fibril_base,1,0.01
Environment,isolation_source,rat3_fw_alpha-syn monomer_base,1,0.01
Environment,isolation_source,intestinal lavage fluid sample,1,0.01
Environment,isolation_source,freshwater wetland soil,1,0.01
Environment,isolation_source,"fecal samples from lizards in the qinghai-tibetan plateau, china.",1,0.01
Environment,isolation_source,loki non-amplified sample from loki's castle hydrothermal vent sediment,1,0.01
Environment,isolation_source,anaerobic digestion sludge1,1,0.01
Environment,isolation_source,m63 medium with 15 mg/l of glucose + 20 mg/l of trehalose,1,0.01
Environment,isolation_source,soil 30 meters from hot spring,1,0.01
Environment,isolation_source,ah,1,0.01
Environment,isolation_source,ot,1,0.01
Environment,isolation_source,ctr-3,1,0.01
Environment,isolation_source,sus-4,1,0.01
Environment,isolation_source,bioreactor biomass,1,0.01
Environment,isolation_source,day30 set2 kimchi,1,0.01
Environment,isolation_source,day20 set2 kimchi,1,0.01
Environment,isolation_source,day7 set2 kimchi,1,0.01
Environment,isolation_source,day30 set1 kimchi,1,0.01
Environment,isolation_source,day5 control kimchi,1,0.01
Environment,isolation_source,day5 set6 kimchi,1,0.01
Environment,isolation_source,day0 set6 kimchi,1,0.01
Environment,isolation_source,day12 set1 kimchi,1,0.01
Environment,isolation_source,hoe legacy iib net trap,1,0.01
Environment,isolation_source,intestinal contents sample,1,0.01
Environment,isolation_source,seawall surface,1,0.01
Environment,isolation_source,vaginal wash,1,0.01
Environment,isolation_source,fecals,1,0.01
Environment,isolation_source,stool sample21,1,0.01
Environment,isolation_source,stool sample16,1,0.01
Environment,isolation_source,fecal microbiota transplantation capsule,1,0.01
Environment,isolation_source,mangrove sediment samples,1,0.01
Environment,isolation_source,water sample 125m,1,0.01
Environment,isolation_source,pond h1 in day 49,1,0.01
Environment,isolation_source,pond h1 in day 1,1,0.01
Environment,isolation_source,pond e1 in day 38,1,0.01
Environment,isolation_source,pond d8 in day 35,1,0.01
Environment,isolation_source,pond c1 in day 38,1,0.01
Environment,isolation_source,pond d1 in day 35,1,0.01
Environment,isolation_source,pond c8 in day 38,1,0.01
Environment,isolation_source,pond c8 in day 15,1,0.01
Environment,isolation_source,"anaerobic digester atmospheric air, pellet",1,0.01
Environment,isolation_source,marine intertidal zone,1,0.01
Environment,isolation_source,rectum fecal sample from obese cat l001,1,0.01
Environment,isolation_source,rectum fecal sample from normal cat 111473,1,0.01
Environment,isolation_source,bog soil from slope of durykino raven,1,0.01
Environment,isolation_source,deep sediment of 3% salinity soda lake,1,0.01
Environment,isolation_source,enrichment culture of deep sediment of saturation salinity soda lake with sodium formate,1,0.01
Environment,isolation_source,nitrifying bioreactor,1,0.01
Environment,isolation_source,feces bc4,1,0.01
Environment,isolation_source,feces bc3,1,0.01
Environment,isolation_source,feces ac13,1,0.01
Environment,isolation_source,stool sample77,1,0.01
Environment,isolation_source,stool sample100,1,0.01
Environment,isolation_source,stool sample84,1,0.01
Environment,isolation_source,stool sample145,1,0.01
Environment,isolation_source,stool sample128,1,0.01
Environment,isolation_source,stool sample175,1,0.01
Environment,isolation_source,stool sample166,1,0.01
Environment,isolation_source,stool sample50,1,0.01
Environment,isolation_source,stool sample42,1,0.01
Environment,isolation_source,stool sample38,1,0.01
Environment,isolation_source,stool sample27,1,0.01
Environment,isolation_source,stool sample107,1,0.01
Environment,isolation_source,mini-bronchoalveolar lavage bs-3854,1,0.01
Environment,isolation_source,mini-bronchoalveolar lavage bs-3888,1,0.01
Environment,isolation_source,mini-bronchoalveolar lavage bs-3401,1,0.01
Environment,isolation_source,mini-bronchoalveolar lavage bs-2532,1,0.01
Environment,isolation_source,bronchoalveolar lavage bs-3924,1,0.01
Environment,isolation_source,bronchoalveolar lavage bs-3923,1,0.01
Environment,isolation_source,bronchoalveolar lavage bs-3918,1,0.01
Environment,isolation_source,bronchoalveolar lavage bs-3898,1,0.01
Environment,isolation_source,bronchoalveolar lavage bs-2815,1,0.01
Environment,isolation_source,bulk soil d14p6_bs,1,0.01
Environment,isolation_source,bulk soil d11p3_bs,1,0.01
Environment,isolation_source,bulk soil d12p6_bs,1,0.01
Environment,isolation_source,root endophyte,1,0.01
Environment,isolation_source,camellia oleifera plantation soils 3,1,0.01
Environment,isolation_source,camellia oleifera plantation gut g1,1,0.01
Environment,isolation_source,p19-1,1,0.01
Environment,isolation_source,freshwater metagenome mg6-r1,1,0.01
Environment,isolation_source,rainwater,1,0.01
Environment,isolation_source,rhizosphere soil27_1,1,0.01
Environment,isolation_source,rhizosphere soil12_1,1,0.01
Environment,isolation_source,rhizosphere soil18_1,1,0.01
Environment,isolation_source,rhizosphere soil21_1,1,0.01
Environment,isolation_source,bottom bulk soil2_1,1,0.01
Environment,isolation_source,bottom bulk soil20_1,1,0.01
Environment,isolation_source,bottom bulk soil25_1,1,0.01
Environment,isolation_source,methanogenic reactor granules,1,0.01
Environment,isolation_source,pool of 9 worker bees,1,0.01
Environment,isolation_source,lab grown,1,0.01
Environment,isolation_source,nasopharyngeal sample,1,0.01
Environment,isolation_source,activated biomass in a lab-scale reactor treating industrial wastewater at 2 ppm do,1,0.01
Environment,isolation_source,urine_sample:s53ar2_group:infected_sex:male_age:68_chronic underlying diseases:0,1,0.01
Environment,isolation_source,urine_sample:s30al2_group:uninfected_sex:male_age:77_chronic underlying diseases:0,1,0.01
Environment,isolation_source,day 1,1,0.01
Environment,isolation_source,peanut rhizosphere:replicate 4 of p5 treatment,1,0.01
Environment,isolation_source,kelp blade surface swab,1,0.01
Environment,isolation_source,pig manure|manure pit,1,0.01
Environment,isolation_source,surface swab - inhaler,1,0.01
Environment,isolation_source,surface swab - fan,1,0.01
Environment,isolation_source,lab overhead 3 on the international space station,1,0.01
Environment,isolation_source,node 2 port crew quarters exterior aft wall on the international space station,1,0.01
Environment,isolation_source,port panel next to cupola on the international space station,1,0.01
Environment,isolation_source,wbxbcg-repeat-2-2,1,0.01
Environment,isolation_source,wbxbcg-repeat-33-2,1,0.01
Environment,isolation_source,wbxbcg-repeat-24-1,1,0.01
Environment,isolation_source,ocular lesion,1,0.01
Environment,isolation_source,plastisphere,1,0.01
Environment,isolation_source,active sludge of wastewater treatment plant,1,0.01
Environment,isolation_source,swineresearchfacility_2b4,1,0.01
Environment,isolation_source,swineresearchfacility_3b3,1,0.01
Environment,isolation_source,swineresearchfacility_2a6,1,0.01
Environment,isolation_source,swineresearchfacility_2a2,1,0.01
Environment,isolation_source,swineresearchfacility_1b6,1,0.01
Environment,isolation_source,swineresearchfacility_3a3,1,0.01
Environment,isolation_source,swineresearchfacility_3a6,1,0.01
Environment,isolation_source,swineresearchfacility_3b6,1,0.01
Environment,isolation_source,swineresearchfacility_1a6,1,0.01
Environment,isolation_source,swineresearchfacility_2b6,1,0.01
Environment,isolation_source,swineresearchfacility_3b1,1,0.01
Environment,isolation_source,swineresearchfacility_1a1,1,0.01
Environment,isolation_source,aquaculture waters,1,0.01
Environment,isolation_source,rumen microbiome,1,0.01
Environment,isolation_source,43.66 n 79.40 w,1,0.01
Environment,isolation_source,head skin collected from wg1,1,0.01
Environment,isolation_source,cattle waste-10,1,0.01
Environment,isolation_source,cattle waste-5,1,0.01
Environment,isolation_source,sample 25 is from neonatal small intestinal content,1,0.01
Environment,isolation_source,sample 15 is from neonatal small intestinal content,1,0.01
Environment,isolation_source,subsurface rock core,1,0.01
Environment,isolation_source,mature plastic biofilm,1,0.01
Environment,isolation_source,sea surface,1,0.01
Environment,isolation_source,captive,1,0.01
Environment,isolation_source,feces from xx-0,1,0.01
Environment,isolation_source,feces from zcy-4,1,0.01
Environment,isolation_source,feces from zcy-0,1,0.01
Environment,isolation_source,tooth,1,0.01
Environment,isolation_source,fecal sample 5 from infant 2,1,0.01
Environment,isolation_source,fecal sample 8 from infant 2,1,0.01
Environment,isolation_source,purple soil,1,0.01
Environment,isolation_source,stool sample119,1,0.01
Environment,isolation_source,stool sample98,1,0.01
Environment,isolation_source,stool sample159,1,0.01
Environment,isolation_source,stool sample86,1,0.01
Environment,isolation_source,stool sample79,1,0.01
Environment,isolation_source,stool sample72,1,0.01
Environment,isolation_source,suspended biomass in bioreactor1,1,0.01
Environment,isolation_source,terrestrial hot spring,1,0.01
Environment,isolation_source,knee,1,0.01
Environment,isolation_source,hip,1,0.01
Environment,isolation_source,tibia,1,0.01
Environment,isolation_source,skin microbiome,1,0.01
Environment,isolation_source,"fecal sample pr121 from 1 month old male malay infant, vaginally delivered, breastfeeding and formula feeding at 1 month of age, healthy",1,0.01
Environment,isolation_source,red soil,1,0.01
Environment,isolation_source,yellow cinnamon soil,1,0.01
Environment,isolation_source,dease strait (canadian arctic),1,0.01
Environment,isolation_source,peat core collected from lox8 in the florida everglades,1,0.01
Environment,isolation_source,peat core collected from 3a-n in the florida everglades,1,0.01
Environment,isolation_source,"bran-feeding trial superworm gut microbiome, replicate 3",1,0.01
Environment,isolation_source,hunan childrens hospital,1,0.01
Environment,isolation_source,tick,1,0.01
Environment,isolation_source,amazon river,1,0.01
Environment,isolation_source,itaya river,1,0.01
Environment,isolation_source,feces from p12_0,1,0.01
Environment,isolation_source,feces from p4_8,1,0.01
Environment,isolation_source,feces from p1_0,1,0.01
Environment,isolation_source,infant faecal sample,1,0.01
Environment,isolation_source,cultured mycelium,1,0.01
Environment,isolation_source,many squamules,1,0.01
Environment,isolation_source,lichen,1,0.01
Environment,isolation_source,crater-lake active volcano hot spring,1,0.01
Environment,isolation_source,nasal swab 2,1,0.01
Environment,isolation_source,feces sample1,1,0.01
Environment,isolation_source,pure cultures of seven bacterial and one fungal strains,1,0.01
Environment,isolation_source,"fecal sample pr177 from 1 month old male malay infant, vaginal delivered, breastfeeding and formula feeding at 1 month, eczema by 2 years of age",1,0.01
Environment,isolation_source,bog_above_water_table,1,0.01
Environment,isolation_source,"guano, happy valley bats",1,0.01
Environment,isolation_source,sea-surface microlayer,1,0.01
Environment,isolation_source,"fecal sample pr128 from 1 month old male malay infant, vaginal delivered, breastfeeding and formula feeding at 1 month, eczema by 2 years of age",1,0.01
Environment,isolation_source,pcmp_s.7s|2156|rumen,1,0.01
Environment,isolation_source,pcmp_s.1s|2273|rumen,1,0.01
Environment,isolation_source,produced water,1,0.01
Environment,isolation_source,aeration tank,1,0.01
Environment,isolation_source,rumen contents of butchered goat from slaughter-house,1,0.01
Environment,isolation_source,anaerobic digester sludge from wastewater treatment plant,1,0.01
Environment,isolation_source,p007,1,0.01
Environment,isolation_source,p083,1,0.01
Environment,isolation_source,p039,1,0.01
Environment,isolation_source,p002,1,0.01
Environment,isolation_source,p031,1,0.01
Environment,isolation_source,p176,1,0.01
Environment,isolation_source,p171,1,0.01
Environment,isolation_source,p072,1,0.01
Environment,isolation_source,p064,1,0.01
Environment,isolation_source,p056,1,0.01
Environment,isolation_source,p153,1,0.01
Environment,isolation_source,p118,1,0.01
Environment,isolation_source,p009,1,0.01
Environment,isolation_source,p106,1,0.01
Environment,isolation_source,h15,1,0.01
Environment,isolation_source,mli aspirate,1,0.01
Environment,isolation_source,phycosphere of toxic marne dinoflagellate,1,0.01
Environment,isolation_source,chehrabad salt mine,1,0.01
Environment,isolation_source,3rd instar larvae,1,0.01
Environment,isolation_source,cecum-shotgun9,1,0.01
Environment,isolation_source,cryoconite,1,0.01
Environment,isolation_source,peat moss from sphagnum bog,1,0.01
Environment,isolation_source,marine hydrothermal vent chimney,1,0.01
Environment,isolation_source,bioaerosol,1,0.01
Environment,isolation_source,"subalpine grassland, elevational gradient 3200",1,0.01
Environment,isolation_source,"subalpine grassland, elevational gradient 2900",1,0.01
Environment,isolation_source,milk medium with s. thermophilus infected by lytic phage 2972 at multiplicities of infection (moi); phage-to-host abundance ratio of 2; day 25 (phage lost at day 35),1,0.01
Environment,isolation_source,milk medium with s. thermophilus infected by lytic phage 2972 at multiplicities of infection (moi); phage-to-host abundance ratio of 2; day 35 (phage lost at day 35),1,0.01
Environment,isolation_source,milk medium with s. thermophilus infected by lytic phage 2972 at multiplicities of infection (moi); phage-to-host abundance ratio of 10; day 140,1,0.01
Environment,isolation_source,cold seep 1,1,0.01
Environment,isolation_source,endocervical,1,0.01
Environment,isolation_source,agriculture soil,1,0.01
Environment,isolation_source,mice fecal genomic dna was extracted from the stool samples.,1,0.01
Environment,isolation_source,anoxic sediments,1,0.01
Environment,isolation_source,atta colombica fungus garden,1,0.01
Environment,isolation_source,activated sludge s4,1,0.01
Environment,isolation_source,activated sludge s10,1,0.01
Environment,isolation_source,gut content of apis cerana,1,0.01
Environment,isolation_source,"rapid sand filter in dwtp druten, the netherlands",1,0.01
Environment,isolation_source,oropharyngeal swab,1,0.01
Environment,isolation_source,cecum-shotgun12,1,0.01
Environment,isolation_source,cecum-shotgun4,1,0.01
Environment,isolation_source,amazonian floodplain sediment,1,0.01
Environment,isolation_source,cecum-16,1,0.01
Environment,isolation_source,cecum-13,1,0.01
Environment,isolation_source,five apothecia plus dark material around them,1,0.01
Environment,isolation_source,"thallus, apothecia and pycnidia",1,0.01
Environment,isolation_source,gut contents,1,0.01
Environment,isolation_source,rawalpindi,1,0.01
Environment,isolation_source,rhizosphere soil sample,1,0.01
Environment,isolation_source,oil production water sample,1,0.01
Environment,isolation_source,road dust,1,0.01
Environment,isolation_source,road soil,1,0.01
Environment,isolation_source,tsp,1,0.01
Environment,isolation_source,respiratory tract sample,1,0.01
Environment,isolation_source,wastewater enrichment,1,0.01
Environment,isolation_source,neylon bags containing ground oat straw placed in sod-podzolic soil,1,0.01
Environment,isolation_source,"surface water, station 6",1,0.01
Environment,isolation_source,coastal saline-alkali soil,1,0.01
Environment,isolation_source,alveolar lavage fluid samples 55,1,0.01
Environment,isolation_source,"rattus norvegicus blood, brain, feces, liver, lung, oral swab, skin swab",1,0.01
Environment,isolation_source,"kimberly, id",1,0.01
Environment,isolation_source,chicken duodenum,1,0.01
Environment,isolation_source,microalgal biofuel cultivation pond,1,0.01
Environment,isolation_source,x010,1,0.01
Environment,isolation_source,x090,1,0.01
Environment,isolation_source,x082,1,0.01
Environment,isolation_source,x080,1,0.01
Environment,isolation_source,x071,1,0.01
Environment,isolation_source,x099,1,0.01
Environment,isolation_source,x020,1,0.01
Environment,isolation_source,x111,1,0.01
Environment,isolation_source,oil reservoir sample i2,1,0.01
Environment,isolation_source,epidermis,1,0.01
Environment,isolation_source,desert spring sediment,1,0.01
Environment,isolation_source,swine manure11,1,0.01
Environment,isolation_source,swine manure8,1,0.01
Environment,isolation_source,cardiac valvular,1,0.01
Environment,isolation_source,whey from cheesemaking,1,0.01
Environment,isolation_source,raw cow milk bark wrapped washed rind cheese,1,0.01
Environment,isolation_source,soil depth80_100cm,1,0.01
Environment,isolation_source,ot97,1,0.01
Environment,isolation_source,ot50,1,0.01
Environment,isolation_source,ot46,1,0.01
Environment,isolation_source,ot19,1,0.01
Environment,isolation_source,bl84,1,0.01
Environment,isolation_source,bl79,1,0.01
Environment,isolation_source,ot62,1,0.01
Environment,isolation_source,ba20,1,0.01
Environment,isolation_source,meibum,1,0.01
Environment,isolation_source,bohai sea,1,0.01
Environment,isolation_source,sour yak milk sample,1,0.01
Environment,isolation_source,cre agar culture,1,0.01
Environment,isolation_source,kpc agar culture,1,0.01
Environment,isolation_source,chicken cecum,1,0.01
Environment,isolation_source,backslope 60cm depth,1,0.01
Environment,isolation_source,coastal water from the ellen browning scripps memorial pier,1,0.01
Environment,isolation_source,human oral cavity,1,0.01
Environment,isolation_source,nodule surface soil of root nodule3,1,0.01
Environment,isolation_source,dilute hydrothermal plume,1,0.01
Environment,isolation_source,biogas fermenter,1,0.01
Environment,isolation_source,extraction blank control,1,0.01
Environment,isolation_source,water and sediment,1,0.01
Environment,isolation_source,ecological wastewater treatment plant,1,0.01
Environment,isolation_source,dp554a,1,0.01
Environment,isolation_source,dp197a,1,0.01
Environment,isolation_source,stool 137,1,0.01
Environment,isolation_source,stool 128,1,0.01
Environment,isolation_source,stool 119,1,0.01
Environment,isolation_source,asbestos mine pit pond,1,0.01
Environment,isolation_source,bl251,1,0.01
Environment,isolation_source,bl177,1,0.01
Environment,isolation_source,bl170,1,0.01
Environment,isolation_source,bl098,1,0.01
Environment,isolation_source,bl060,1,0.01
Environment,isolation_source,bl230,1,0.01
Environment,isolation_source,bl119,1,0.01
Environment,isolation_source,bl103,1,0.01
Environment,isolation_source,bl101,1,0.01
Environment,isolation_source,rifle well cd01 at 16ft depth; 0.2 micron filter at time point c,1,0.01
Environment,isolation_source,uranium polluted soil from depth 15-30cm,1,0.01
Environment,isolation_source,barn floor,1,0.01
Environment,isolation_source,carcasses,1,0.01
Environment,isolation_source,full-scale 5# reactor,1,0.01
Environment,isolation_source,salivary glands of 10 female ticks,1,0.01
Environment,isolation_source,50 whole ticks,1,0.01
Environment,isolation_source,red sea water column station 108 - depth 100m,1,0.01
Environment,isolation_source,red sea water column station 149 - depth 500m,1,0.01
Environment,isolation_source,red sea water column station 169 - depth 10m,1,0.01
Environment,isolation_source,red sea water column station 169 - depth 200m,1,0.01
Environment,isolation_source,surface ocean,1,0.01
Environment,isolation_source,anaerobic digestor,1,0.01
Environment,isolation_source,anaerobic digestor r1,1,0.01
Environment,isolation_source,sequence of the internal microbiota in aedes albopictus after exposure to -cypermethrin,1,0.01
Environment,isolation_source,08,1,0.01
Environment,isolation_source,chicken ileum mucosa,1,0.01
Environment,isolation_source,chicken ileum lumen,1,0.01
Environment,isolation_source,bottom sediment2_1,1,0.01
Environment,isolation_source,bottom bank soil30_1,1,0.01
Environment,isolation_source,"sample #3730, push core (pc) 16 from cruise r/v atlantis leg at-15-68, alvin dive 4635 at hydrate ridge south from a site of active methane seepage, the upper 0-6 cm of sediment from the push core was used",1,0.01
Environment,isolation_source,piglet feces,1,0.01
Environment,isolation_source,river cyanobacterial mat w3-f,1,0.01
Environment,isolation_source,feces from sow,1,0.01
Environment,isolation_source,feces from boar,1,0.01
Environment,isolation_source,rhizoplane from acer saccharum and root order r1/2 block 6,1,0.01
Environment,isolation_source,rhizoplane from liriodendron tulipifera and root order r4/5 block 6,1,0.01
Environment,isolation_source,rhizoplane from quercus rubra and root order r4/5 block 5,1,0.01
Environment,isolation_source,mangrove sediments,1,0.01
Environment,isolation_source,natural soil,1,0.01
Environment,isolation_source,gut microbiota,1,0.01
Environment,isolation_source,sp_f,1,0.01
Environment,isolation_source,sp_c,1,0.01
Environment,isolation_source,tick pool10,1,0.01
Environment,isolation_source,tick pool37,1,0.01
Environment,isolation_source,zd7_feces,1,0.01
Environment,isolation_source,biological sample,1,0.01
Environment,isolation_source,anaerobic fermentation material,1,0.01
Environment,isolation_source,"0.1 um filter, med size insert library",1,0.01
Environment,isolation_source,haemaphysalis concinna,1,0.01
Environment,isolation_source,spinal biopsy tissue sample 85,1,0.01
Environment,isolation_source,spinal biopsy tissue sample 68,1,0.01
Environment,isolation_source,spinal biopsy tissue sample 64,1,0.01
Environment,isolation_source,spinal biopsy tissue sample 7,1,0.01
Environment,isolation_source,spinal biopsy tissue sample 60,1,0.01
Environment,isolation_source,spinal biopsy tissue sample 55,1,0.01
Environment,isolation_source,spinal biopsy tissue sample 48,1,0.01
Environment,isolation_source,spinal biopsy tissue sample 21,1,0.01
Environment,isolation_source,constructed wetland,1,0.01
Environment,isolation_source,wastewater samples,1,0.01
Environment,isolation_source,rhizospheric soil d24p4_rs_a,1,0.01
Environment,isolation_source,total dna 2nd season day 90 plot 2 rhizospheric soil,1,0.01
Environment,isolation_source,bulk soil d24p2_bs_b,1,0.01
Environment,isolation_source,rhizospheric soil d32p1_rs,1,0.01
Environment,isolation_source,puerto rico soil,1,0.01
Environment,isolation_source,wheat rhizosphere,1,0.01
Environment,isolation_source,g3bkb bulk soil,1,0.01
Environment,isolation_source,g3akb bulk soil,1,0.01
Environment,isolation_source,g3cp bulk soil,1,0.01
Environment,isolation_source,alfalfa7,1,0.01
Environment,isolation_source,alfalfa5,1,0.01
Environment,isolation_source,fecal_sample-106-010,1,0.01
Environment,isolation_source,salivary gland,1,0.01
Environment,isolation_source,ulcers,1,0.01
Environment,isolation_source,long-term tobacco planted soil with conventional fertilization,1,0.01
Environment,isolation_source,gut sample from infant #7 dol 17,1,0.01
Environment,isolation_source,gut sample from infant #4 dol 10,1,0.01
Environment,isolation_source,mouth sample from infant #10 dol 13,1,0.01
Environment,isolation_source,gut sample from infant #4 dol 32,1,0.01
Environment,isolation_source,skin sample from infant #16 dol 15,1,0.01
Environment,isolation_source,mouth sample from infant #9 dol 57,1,0.01
Environment,isolation_source,mouth sample from infant #14 dol 10,1,0.01
Environment,isolation_source,mouth sample from infant #5 dol 59,1,0.01
Environment,isolation_source,gut sample from infant #14 dol 27,1,0.01
Environment,isolation_source,mouth sample from infant #4 dol 57,1,0.01
Environment,isolation_source,reagent-only control from plate 5,1,0.01
Environment,isolation_source,skin sample from infant #8 dol 29,1,0.01
Environment,isolation_source,"hydrothermal vent in iheya north knoll, replicate 5",1,0.01
Environment,isolation_source,"hydrothermal vent in iheya north knoll, replicate 3",1,0.01
Environment,isolation_source,"hydrothermal vent in iheya north knoll, replicate 1",1,0.01
Environment,isolation_source,"methane seep in formosa ridge, replicate 11",1,0.01
Environment,isolation_source,effluent of wwtp using conventional activated sludge technology,1,0.01
Environment,isolation_source,prepackaged fresh spinach spiked with listeria monocytogenes,1,0.01
Environment,isolation_source,rhizosphere soil (100 mm nacl treated),1,0.01
Environment,isolation_source,rhizosphere soil (200 mm nacl treated),1,0.01
Environment,isolation_source,milk sample,1,0.01
Environment,isolation_source,feces34,1,0.01
Environment,isolation_source,feces206,1,0.01
Environment,isolation_source,feces195,1,0.01
Environment,isolation_source,feces190,1,0.01
Environment,isolation_source,feces68,1,0.01
Environment,isolation_source,feces66,1,0.01
Environment,isolation_source,feces63,1,0.01
Environment,isolation_source,feces129,1,0.01
Environment,isolation_source,feces128,1,0.01
Environment,isolation_source,feces95,1,0.01
Environment,isolation_source,feces78,1,0.01
Environment,isolation_source,feces123,1,0.01
Environment,isolation_source,feces110,1,0.01
Environment,isolation_source,feces103,1,0.01
Environment,isolation_source,faeces 53,1,0.01
Environment,isolation_source,faeces 51,1,0.01
Environment,isolation_source,faeces 23,1,0.01
Environment,isolation_source,marine sediment; mid-chain alkane-oxidizing enrichment culture at 70c,1,0.01
Environment,isolation_source,rockleigh water path,1,0.01
Environment,isolation_source,queretaro,1,0.01
Environment,isolation_source,sligo creek [gaz:00209961],1,0.01
Environment,isolation_source,fumarolic emissions,1,0.01
Environment,isolation_source,mud pool,1,0.01
Environment,isolation_source,s_p_4700_7,1,0.01
Environment,isolation_source,s_p_3900_8,1,0.01
Environment,isolation_source,s_p_3900_3,1,0.01
Environment,isolation_source,chicken ceca,1,0.01
Environment,isolation_source,synthetic mixture,1,0.01
Environment,isolation_source,microbial communities on the surface of murals in the middle room of the qinling tomb,1,0.01
Environment,isolation_source,rhizosphere mg21,1,0.01
Environment,isolation_source,endophyte mg52,1,0.01
Environment,isolation_source,"fish intestinal contents, gills and tissues",1,0.01
Environment,isolation_source,flat gracilaria,1,0.01
Environment,isolation_source,laboratory setting,1,0.01
Environment,isolation_source,deep-sea sediment,1,0.01
Environment,isolation_source,zebrafish larvae gut,1,0.01
Environment,isolation_source,mud volcano,1,0.01
Environment,isolation_source,coastal sediment of india,1,0.01
Environment,isolation_source,sugarcane rhizosphere soil,1,0.01
Environment,isolation_source,anchialine cave,1,0.01
Environment,isolation_source,n3_0-2_3_m,1,0.01
Environment,isolation_source,date palm sap,1,0.01
Environment,isolation_source,af_sjg_yayy,1,0.01
Environment,isolation_source,af_352_yayy,1,0.01
Environment,isolation_source,af_116_yayy,1,0.01
Environment,isolation_source,pa_m1m3_e4-5_yayy,1,0.01
Environment,isolation_source,af_zg-95_yayy,1,0.01
Environment,isolation_source,af_215_yayy,1,0.01
Environment,isolation_source,af_207_yayy,1,0.01
Environment,isolation_source,af_390_yayy,1,0.01
Environment,isolation_source,af_325_yayy,1,0.01
Environment,isolation_source,af_488_yayy,1,0.01
Environment,isolation_source,af_465_yayy,1,0.01
Environment,isolation_source,af_382_yayy,1,0.01
Environment,isolation_source,af_487_yayy,1,0.01
Environment,isolation_source,af_464_yayy,1,0.01
Environment,isolation_source,pa_m2m4_e1-1_yayy,1,0.01
Environment,isolation_source,pa_p1_nc-3_yayy,1,0.01
Environment,isolation_source,pa_p1_nc-2_yayy,1,0.01
Environment,isolation_source,pa_i-2_yayy,1,0.01
Environment,isolation_source,af_yf-5_yayy,1,0.01
Environment,isolation_source,af_yf-1_yayy,1,0.01
Environment,isolation_source,af_133_yayy,1,0.01
Environment,isolation_source,af_262_yayy,1,0.01
Environment,isolation_source,af_zg-80_yayy,1,0.01
Environment,isolation_source,af_zg-72_yayy,1,0.01
Environment,isolation_source,af_405_yayy,1,0.01
Environment,isolation_source,pa_p2_e3-7_yayy,1,0.01
Environment,isolation_source,fecal sample 3,1,0.01
Environment,isolation_source,thermokarst lake sas 2a 2015 summer oxycline replicate 1,1,0.01
Environment,isolation_source,spleen,1,0.01
Environment,isolation_source,faece,1,0.01
Environment,isolation_source,intenstine,1,0.01
Environment,isolation_source,mouse caecum,1,0.01
Environment,isolation_source,jejunal content,1,0.01
Environment,isolation_source,kitchen waste,1,0.01
Environment,isolation_source,surface agricultural soil sample,1,0.01
Environment,isolation_source,hypopharyngeal gland,1,0.01
Environment,isolation_source,costal surface sediments,1,0.01
Environment,isolation_source,sewage treatment plant,1,0.01
Environment,isolation_source,bathroom 1,1,0.01
Environment,isolation_source,dog urine_post-dev-8,1,0.01
Environment,isolation_source,dog urine_dtu16,1,0.01
Environment,isolation_source,dog urine_dtu01,1,0.01
Environment,isolation_source,wastewater treatment plant-3-oxic,1,0.01
Environment,isolation_source,wastewater treatment plant-1&2-influent,1,0.01
Environment,isolation_source,caciotta_89_r3_pl2_udp0015,1,0.01
Environment,isolation_source,caciotta_171_r3_pl1_udp0066,1,0.01
Environment,isolation_source,caciotta_160_r3_pl1_udp0039,1,0.01
Environment,isolation_source,caciotta_196_r1_pl3_h10,1,0.01
Environment,isolation_source,caciotta_218_r1_pl3_f10,1,0.01
Environment,isolation_source,caciotta_220_r1_pl3_a10,1,0.01
Environment,isolation_source,caciotta_144_r1_pl2_udp0033,1,0.01
Environment,isolation_source,native stool from s1-gbr-01,1,0.01
Environment,isolation_source,native stool from s1-srb-02,1,0.01
Environment,isolation_source,100 ng/l nor,1,0.01
Environment,isolation_source,dough staretr,1,0.01
Environment,isolation_source,sandy loam,1,0.01
Environment,isolation_source,plant rhizosphere,1,0.01
Environment,isolation_source,30 sequencing batch reactor activited sludge day 28,1,0.01
Environment,isolation_source,metagenome sample from site s5,1,0.01
Environment,isolation_source,metagenome sample from site w5,1,0.01
Environment,isolation_source,metagenome sample from site w3,1,0.01
Environment,isolation_source,tjyk08,1,0.01
Environment,isolation_source,tjyk06,1,0.01
Environment,isolation_source,tjyk31,1,0.01
Environment,isolation_source,rectum fecal sample from cps19044 at week 23,1,0.01
Environment,isolation_source,untreated greywater,1,0.01
Environment,isolation_source,treated greywater,1,0.01
Environment,isolation_source,decomposed grub inoculated with cellulase mutant p. pacificus time point 1,1,0.01
Environment,isolation_source,patapsco river [gaz:00156777],1,0.01
Environment,isolation_source,potomoc river [gaz:00002585],1,0.01
Environment,isolation_source,marshyhope creek [gaz:00220555],1,0.01
Environment,isolation_source,dames quarter creek,1,0.01
Environment,isolation_source,nanticoke river [gaz:00156341],1,0.01
Environment,isolation_source,antietam creek [gaz:00210094],1,0.01
Environment,isolation_source,back river [md] [gaz:00221540],1,0.01
Environment,isolation_source,prettyboy reservoir [gaz:00157245],1,0.01
Environment,isolation_source,influent of sbr wwtp,1,0.01
Environment,isolation_source,lrts,1,0.01
Environment,isolation_source,ding'an pig,1,0.01
Environment,isolation_source,activated sludge in livestock wastewater treatment plant,1,0.01
Environment,isolation_source,miso with lupin seeds,1,0.01
Environment,isolation_source,produced fluids from hydraulically fractured shales djb-2 day 1375,1,0.01
Environment,isolation_source,produced fluids from hydraulically fractured shales djb-3 day 1301,1,0.01
Environment,isolation_source,produced fluids from hydraulically fractured shales djb-3 day 1060,1,0.01
Environment,isolation_source,produced fluids from hydraulically fractured shales djb-4 day 88,1,0.01
Environment,isolation_source,stream mat,1,0.01
Environment,isolation_source,nanjing liuhe landfill,1,0.01
Environment,isolation_source,the lower respiratory tract,1,0.01
Environment,isolation_source,"groundwater monitoring well (well 22, 62m) for drinking water production, near-pristine (pesticides in ug/l concentration), located in rural agricultural area",1,0.01
Environment,isolation_source,v_p29t2,1,0.01
Environment,isolation_source,v_p28t2,1,0.01
Environment,isolation_source,v_p25t3,1,0.01
Environment,isolation_source,v_p24t2,1,0.01
Environment,isolation_source,v_p20t2,1,0.01
Environment,isolation_source,v_p1t1,1,0.01
Environment,isolation_source,v_p18t3,1,0.01
Environment,isolation_source,v_p17t2,1,0.01
Environment,isolation_source,v_p7t4,1,0.01
Environment,isolation_source,v_p6t4,1,0.01
Environment,isolation_source,near root soil,1,0.01
Environment,isolation_source,inter raw soil,1,0.01
Environment,isolation_source,doubanjiang meju,1,0.01
Environment,isolation_source,meconium_dna_24,1,0.01
Environment,isolation_source,"formula fed_dna_71,3",1,0.01
Environment,isolation_source,formula fed_dna_69,1,0.01
Environment,isolation_source,formula fed_dna_59,1,0.01
Environment,isolation_source,formula fed_dna_22,1,0.01
Environment,isolation_source,breast fed_dna_34,1,0.01
Environment,isolation_source,pseudobulb of guarianthe skinneri,1,0.01
Environment,isolation_source,enviornmental air,1,0.01
Environment,isolation_source,pore water metagenome hour 18,1,0.01
Environment,isolation_source,surface water metagenome hour 42,1,0.01
Environment,isolation_source,surface water metagenome hour 21,1,0.01
Environment,isolation_source,pore water metagenome hour 45,1,0.01
Environment,isolation_source,mouse intestine sample8,1,0.01
Environment,isolation_source,mouse intestine sample13,1,0.01
Environment,isolation_source,intestine_6,1,0.01
Environment,isolation_source,intestine_4,1,0.01
Environment,isolation_source,intestine_1,1,0.01
Environment,isolation_source,"sediment; 10l reactor in 2020, a nitrate-reducing benzene-degrading subculture nrbc",1,0.01
Environment,isolation_source,compost sample,1,0.01
Environment,isolation_source,cloacal swabs,1,0.01
Environment,isolation_source,"lake water, p+n+c amendment",1,0.01
Environment,isolation_source,water sample junea1,1,0.01
Environment,isolation_source,enrichment cultures from hot spring sediment,1,0.01
Environment,isolation_source,cap-120a,1,0.01
Environment,isolation_source,coastal area that highly polluted by crude oil,1,0.01
Environment,isolation_source,benchscale reactor 1 fed with chloraminated drinking water,1,0.01
Environment,isolation_source,deep subsurface1,1,0.01
Environment,isolation_source,microbe,1,0.01
Environment,isolation_source,anaerobic digestor sludge,1,0.01
Environment,isolation_source,anaerobic bioreactor at pulpmill,1,0.01
Environment,isolation_source,sediment sample fw306-06,1,0.01
Environment,isolation_source,water environmental sample,1,0.01
Environment,isolation_source,anaerobic sludge,1,0.01
Environment,isolation_source,ordinary urban river,1,0.01
Environment,isolation_source,biofloc rearing seawater,1,0.01
Environment,isolation_source,human metagenome;hxcx-fq-2024;balf;4.85137198687084,1,0.01
Environment,isolation_source,human metagenome;hxcx-fq-2033;balf;86.2056722419549,1,0.01
Environment,isolation_source,human metagenome;hxcx-fq-2013;balf;78.5791295886607,1,0.01
Environment,isolation_source,mock community culture pathogenic gut mixture c,1,0.01
Environment,isolation_source,pre-enriched stool from s1-ken-07,1,0.01
Environment,isolation_source,cyanobium sp. czs 48m enrichment culture from brackish water,1,0.01
Environment,isolation_source,groundwater from well h52 incubated with 12c bicarbonate for 21 days,1,0.01
Environment,isolation_source,ck-1,1,0.01
Environment,isolation_source,rumen content-94,1,0.01
Environment,isolation_source,tissue:lung,1,0.01
Environment,isolation_source,pfh3 fecal,1,0.01
Environment,isolation_source,tundra transition zone soil,1,0.01
Environment,isolation_source,macroalgae,1,0.01
Environment,isolation_source,bsdm2 fecal,1,0.01
Environment,isolation_source,skin112,1,0.01
Environment,isolation_source,serra leste,1,0.01
Environment,isolation_source,"nanchang insect breeding plant (jiangxi, china)",1,0.01
Environment,isolation_source,water-associated12_1,1,0.01
Environment,isolation_source,free-living5_1,1,0.01
Environment,isolation_source,free-living25_1,1,0.01
Environment,isolation_source,surface bank soil7_1,1,0.01
Environment,isolation_source,mouse4-cecum,1,0.01
Environment,isolation_source,mouse2-cecum,1,0.01
Environment,isolation_source,subgingival oral plaque,1,0.01
Environment,isolation_source,granule sludge,1,0.01
Environment,isolation_source,grassy roadside,1,0.01
Environment,isolation_source,microalgae-bacteria,1,0.01
Environment,isolation_source,heart,1,0.01
Environment,isolation_source,plastics,1,0.01
Environment,isolation_source,chopping board pmmf,1,0.01
Environment,isolation_source,belt 2 amsv,1,0.01
Environment,isolation_source,defeather amsv,1,0.01
Environment,isolation_source,eviscerator ammf,1,0.01
Environment,isolation_source,defeather pmmf,1,0.01
Environment,isolation_source,p8.w1,1,0.01
Environment,isolation_source,p18.w8,1,0.01
Environment,isolation_source,p18.w3,1,0.01
Environment,isolation_source,freshwater wetland,1,0.01
Environment,isolation_source,gammarus gut,1,0.01
Environment,isolation_source,wastewater effluent,1,0.01
Environment,isolation_source,feces of animal 1495,1,0.01
Environment,isolation_source,feces of animal 1468,1,0.01
Environment,isolation_source,feces of animal 517,1,0.01
Environment,isolation_source,feces of animal 499,1,0.01
Environment,isolation_source,rumen of animal 464,1,0.01
Environment,isolation_source,rumen of animal 1464,1,0.01
Environment,isolation_source,rumen of animal 499,1,0.01
Environment,isolation_source,spent coffee grounds,1,0.01
Environment,isolation_source,fish gut12,1,0.01
Environment,isolation_source,fish gut6,1,0.01
Environment,isolation_source,fish gut4,1,0.01
Environment,isolation_source,glass bead of replicate 1,1,0.01
Environment,isolation_source,rye bread,1,0.01
Environment,isolation_source,nixtamalised fava,1,0.01
Environment,isolation_source,fava,1,0.01
Environment,isolation_source,cs3,1,0.01
Environment,isolation_source,sponge1,1,0.01
Environment,isolation_source,pamban sediment,1,0.01
Environment,isolation_source,water filtered through pes filter membrane until clogged,1,0.01
Environment,isolation_source,black-odor waterbodies,1,0.01
Environment,isolation_source,location3 20 km away from the mining area,1,0.01
Environment,isolation_source,coastal seawater from mangrove habitat; non-axenic culture pmc1068.18,1,0.01
Environment,isolation_source,coastal seawater from mangrove habitat; non-axenic culture pmc1078.18,1,0.01
Environment,isolation_source,mediterranean seawater,1,0.01
Environment,isolation_source,coast,1,0.01
Environment,isolation_source,bee gut,1,0.01
Environment,isolation_source,bee abdomen,1,0.01
Environment,isolation_source,gut305,1,0.01
Environment,isolation_source,industry c06 - non_food_contact - ripening,1,0.01
Environment,isolation_source,industry f01 - final_product a,1,0.01
Environment,isolation_source,industry f04 - food_contact - cold,1,0.01
Environment,isolation_source,industry f03 - food_contact - packing,1,0.01
Environment,isolation_source,industry c04 - food_contact - packing,1,0.01
Environment,isolation_source,industry f03 - raw_materials a,1,0.01
Environment,isolation_source,industry rc17 - before_ripening - rind b,1,0.01
Environment,isolation_source,industry b - raw_materials - brine,1,0.01
Environment,isolation_source,industry vb01 - final_product - rind a,1,0.01
Environment,isolation_source,industry 32 - final_product - rind b,1,0.01
Environment,isolation_source,industry 31 - final_product - rind b,1,0.01
Environment,isolation_source,industry 29 - final_product - core b,1,0.01
Environment,isolation_source,industry 2 - final_product - rind b,1,0.01
Environment,isolation_source,industry vb09 - before_ripening - rind a,1,0.01
Environment,isolation_source,industry vb05 - before_ripening - rind a,1,0.01
Environment,isolation_source,industry 26 - before_ripening - core a,1,0.01
Environment,isolation_source,industry 1 - before_ripening - core b,1,0.01
Environment,isolation_source,industry vb15 - raw_materials - whey,1,0.01
Environment,isolation_source,industry vb14 - raw_materials - brine,1,0.01
Environment,isolation_source,industry i - raw_materials - milk,1,0.01
Environment,isolation_source,industry v - final_product - core b,1,0.01
Environment,isolation_source,industry 20 - final_product - core a,1,0.01
Environment,isolation_source,industry 19 - final_product - rind a,1,0.01
Environment,isolation_source,industry 22 - raw_materials - whey,1,0.01
Environment,isolation_source,industry vb03 - intermediate_ripening - rind a,1,0.01
Environment,isolation_source,industry vb04 - before_ripening - core b,1,0.01
Environment,isolation_source,industry 18 - raw_materials - milk,1,0.01
Environment,isolation_source,industry vb01 - before_ripening - core a,1,0.01
Environment,isolation_source,industry n - final_product - core b,1,0.01
Environment,isolation_source,industry h - final_product - core a,1,0.01
Environment,isolation_source,industry 7 - final_product - rind a,1,0.01
Environment,isolation_source,industry vb11 - before_ripening - rind a,1,0.01
Environment,isolation_source,industry o - before_ripening - rind b,1,0.01
Environment,isolation_source,industry vb06 - final_product - core a,1,0.01
Environment,isolation_source,industry 20 - before_ripening - core a,1,0.01
Environment,isolation_source,industry vb13 - raw_materials - milk,1,0.01
Environment,isolation_source,industry vb16 - final_product - core a,1,0.01
Environment,isolation_source,industry vb15 - final_product - rind c,1,0.01
Environment,isolation_source,industry vb14 - final_product - rind c,1,0.01
Environment,isolation_source,industry q03 - final_product - rind b,1,0.01
Environment,isolation_source,industry q02 - final_product - core a,1,0.01
Environment,isolation_source,industry 32 - raw_materials - whey,1,0.01
Environment,isolation_source,industry o - final_product - core b,1,0.01
Environment,isolation_source,industry 17 - final_product - rind a,1,0.01
Environment,isolation_source,industry 16 - final_product - rind a,1,0.01
Environment,isolation_source,industry 15 - final_product - rind a,1,0.01
Environment,isolation_source,industry v - intermediate_ripening - rind b,1,0.01
Environment,isolation_source,industry q08 - before_ripening - rind b,1,0.01
Environment,isolation_source,industry 18 - before_ripening - core b,1,0.01
Environment,isolation_source,industry 14 - before_ripening - core b,1,0.01
Environment,isolation_source,industry 11 - before_ripening - rind b,1,0.01
Environment,isolation_source,industry u - raw_materials - brine,1,0.01
Environment,isolation_source,industry u - raw_materials - whey,1,0.01
Environment,isolation_source,industry q04 - raw_materials - brine,1,0.01
Environment,isolation_source,industry 28 - non_food_contact - processing,1,0.01
Environment,isolation_source,industry 20 - non_food_contact - processing,1,0.01
Environment,isolation_source,industry 19 - non_food_contact - ripening b,1,0.01
Environment,isolation_source,industry 18 - non_food_contact - drying,1,0.01
Environment,isolation_source,industry 18 - non_food_contact - packing,1,0.01
Environment,isolation_source,industry vb16 - food_contact - processing - cheese vats,1,0.01
Environment,isolation_source,industry q02 - food_contact - processing - cheese vats,1,0.01
Environment,isolation_source,industry 10 - food_contact - ripening,1,0.01
Environment,isolation_source,industry rc17 - food_contact - processing - curd shredder and/or draining tables,1,0.01
Environment,isolation_source,industry 32 - food_contact - processing - cheese vats,1,0.01
Environment,isolation_source,industry 28 - food_contact - packing,1,0.01
Environment,isolation_source,industry 23 - food_contact - processing - curd shredder and/or draining tables,1,0.01
Environment,isolation_source,industry 21 - food_contact - packing,1,0.01
Environment,isolation_source,industry 21 - food_contact - ripening,1,0.01
Environment,isolation_source,industry 21 - food_contact - processing - molds and/or molding machines,1,0.01
Environment,isolation_source,industry vb03 - non_food_contact - cold,1,0.01
Environment,isolation_source,industry q02 - non_food_contact - processing,1,0.01
Environment,isolation_source,industry vb02 - food_contact - processing - molds and/or molding machines,1,0.01
Environment,isolation_source,industry 7 - food_contact - processing - molds and/or molding machines,1,0.01
Environment,isolation_source,industry 15 - food_contact - processing - cheese vats,1,0.01
Environment,isolation_source,industry 14 - non_food_contact - packing,1,0.01
Environment,isolation_source,industry 9 - food_contact - processing - cheese vats,1,0.01
Environment,isolation_source,industry 11 - non_food_contact - ripening,1,0.01
Environment,isolation_source,industry 11 - non_food_contact - processing,1,0.01
Environment,isolation_source,industry vb14 - food_contact - packing,1,0.01
Environment,isolation_source,industry vb04 - food_contact - processing - curd shredder and/or draining tables,1,0.01
Environment,isolation_source,industry vb01 - food_contact - processing - molds and/or molding machines,1,0.01
Environment,isolation_source,industry vb01 - food_contact - processing - curd shredder and/or draining tables,1,0.01
Environment,isolation_source,industry vb01 - food_contact - processing - cheese vats,1,0.01
Environment,isolation_source,industry 3 - food_contact - ripening,1,0.01
Environment,isolation_source,industry 17 - food_contact - ripening,1,0.01
Environment,isolation_source,industry vb07 - non_food_contact - packing,1,0.01
Environment,isolation_source,industry d - non_food_contact - processing,1,0.01
Environment,isolation_source,industry 29 - non_food_contact - packing,1,0.01
Environment,isolation_source,industry 26 - non_food_contact - drying,1,0.01
Environment,isolation_source,antarctic volcanic rocks,1,0.01
Environment,isolation_source,faecal sample52,1,0.01
Environment,isolation_source,faecal sample45,1,0.01
Environment,isolation_source,faecal sample44,1,0.01
Environment,isolation_source,faecal sample42,1,0.01
Environment,isolation_source,faecal sample37,1,0.01
Environment,isolation_source,faecal sample28,1,0.01
Environment,isolation_source,faecal sample19,1,0.01
Environment,isolation_source,faecal sample18,1,0.01
Environment,isolation_source,"angelo meadow plot 1, 20cm depth, 6 days after first rain event (27mm)",1,0.01
Environment,isolation_source,"angelo meadow plot 1, 40cm depth, 4 days after first rain event (27mm)",1,0.01
Environment,isolation_source,"angelo meadow plot 1, 40cm depth, 2 days after first rain event (91mm)",1,0.01
Environment,isolation_source,"angelo meadow plot 2, 20cm depth, 2 days after second rain event (91mm)",1,0.01
Environment,isolation_source,oryza,1,0.01
Environment,isolation_source,sediment sample eb271-05-03,1,0.01
Environment,isolation_source,groundwater sample gw271 0.1um filter,1,0.01
Environment,isolation_source,human metagenome:mbxd22675_31.51:sputum,1,0.01
Environment,isolation_source,human metagenome:maxd18132_39.21:sputum,1,0.01
Environment,isolation_source,hot spring sediment from gc-10 spring,1,0.01
Environment,isolation_source,primary effluent,1,0.01
Environment,isolation_source,wheel,1,0.01
Environment,isolation_source,gasket,1,0.01
Environment,isolation_source,hypersaline lake,1,0.01
Environment,isolation_source,grey_fracture_biological_replicate_5,1,0.01
Environment,isolation_source,"water from a water treatment plant, community b (#2), manitoba",1,0.01
Environment,isolation_source,feces of the sample105,1,0.01
Environment,isolation_source,feces of the sample066,1,0.01
Environment,isolation_source,feces of the sample010,1,0.01
Environment,isolation_source,feces of the sample078,1,0.01
Environment,isolation_source,feces of the sample008,1,0.01
Environment,isolation_source,feces of the sample133,1,0.01
Environment,isolation_source,feces of the sample041,1,0.01
Environment,isolation_source,human metagenome:npmky0170m:34:sputum,1,0.01
Environment,isolation_source,human metagenome:npmky0115m:63:sputum,1,0.01
Environment,isolation_source,human metagenome:75:sputum,1,0.01
Environment,isolation_source,outdoorair,1,0.01
Environment,isolation_source,dust,1,0.01
Environment,isolation_source,feces of the sample086,1,0.01
Environment,isolation_source,feces of the sample073,1,0.01
Environment,isolation_source,feces of the sample064,1,0.01
Environment,isolation_source,feces of the sample051,1,0.01
Environment,isolation_source,feces of the sample048,1,0.01
Environment,isolation_source,feces of the sample170,1,0.01
Environment,isolation_source,feces of the sample019,1,0.01
Environment,isolation_source,feces of the sample166,1,0.01
Environment,isolation_source,feces of the sample080,1,0.01
Environment,isolation_source,feces of the sample018,1,0.01
Environment,isolation_source,long-term bioreactor inoculated with activated sludge collected from a brewery,1,0.01
Environment,isolation_source,zhengzhou central hospital,1,0.01
Environment,isolation_source,broiler farm,1,0.01
Environment,isolation_source,rumen content from lactating dairy buffaloes,1,0.01
Environment,isolation_source,anaerobic digestion of poultry litter,1,0.01
Environment,isolation_source,the rhizosphere soil of apium graveolens linn,1,0.01
Environment,isolation_source,"sediments from a chloroalkane-contaminated site in 2001. cultures have been maintained in anaerobic minimal medium ever since, with chloroform, ethanol, and lactate their carbon and energy sources.",1,0.01
Environment,isolation_source,gut sample from infant #22 dol 1105,1,0.01
Environment,isolation_source,gut sample from infant #174 dol 121,1,0.01
Environment,isolation_source,gut sample from infant #171 dol 9,1,0.01
Environment,isolation_source,gut sample from infant #171 dol 28,1,0.01
Environment,isolation_source,gut sample from infant #130 dol 774,1,0.01
Environment,isolation_source,gut sample from infant #123 dol 122,1,0.01
Environment,isolation_source,gut sample from infant #98 dol 4,1,0.01
Environment,isolation_source,gut sample from infant #82 dol 90,1,0.01
Environment,isolation_source,gut sample from infant #57 dol 1179,1,0.01
Environment,isolation_source,gut sample from infant #122 dol 31,1,0.01
Environment,isolation_source,gut sample from infant #122 dol 756,1,0.01
Environment,isolation_source,gut sample from infant #121 dol 243,1,0.01
Environment,isolation_source,gut sample from infant #114 dol 123,1,0.01
Environment,isolation_source,gut sample from infant #108 dol 1088,1,0.01
Environment,isolation_source,gut sample from infant #187 dol 92,1,0.01
Environment,isolation_source,gut sample from infant #145 dol 7,1,0.01
Environment,isolation_source,gut sample from infant #145 dol 117,1,0.01
Environment,isolation_source,gut sample from the mother of infant #102 near birth,1,0.01
Environment,isolation_source,gut sample from the mother of infant #101 near year 3,1,0.01
Environment,isolation_source,gut sample from the mother of infant #101 near birth,1,0.01
Environment,isolation_source,gut sample from infant #7 dol 611,1,0.01
Environment,isolation_source,oligotrophic freshwater lake sediment,1,0.01
Environment,isolation_source,hypereutrophic freshwater lake sediment,1,0.01
Environment,isolation_source,"cycad from new york botanical in new york city, usa",1,0.01
Environment,isolation_source,"cycad from the botanical garden francisco xavier clavijero in veracruz, mexico",1,0.01
Environment,isolation_source,"wild population in san luis potosi, mexico",1,0.01
Environment,isolation_source,rhizosphere soil (npks + rc treatments),1,0.01
Environment,isolation_source,rhizosphere soil (npk + rc treatments),1,0.01
Environment,isolation_source,bulk soil (ck + cc treatments),1,0.01
Environment,isolation_source,bangkok mrt station floor sample hour3-4,1,0.01
Environment,isolation_source,bangkok mrt station handrail sample hour5-6,1,0.01
Environment,isolation_source,bangkok mrt station handrail sample hour1-2,1,0.01
Environment,isolation_source,rhizosphere under drought conditions,1,0.01
Environment,isolation_source,indoor surface,1,0.01
Environment,isolation_source,dulan1,1,0.01
Environment,isolation_source,cold seep sediments,1,0.01
Environment,isolation_source,membrane-aerated biofilm reactor,1,0.01
Environment,isolation_source,mouse cecum,1,0.01
Environment,isolation_source,asexual filaments,1,0.01
Environment,isolation_source,|,1,0.01
Environment,isolation_source,highland,1,0.01
Environment,isolation_source,front,1,0.01
Environment,isolation_source,"day 14 feces, experiment ae023, mouse a212, 50-member community",1,0.01
Environment,isolation_source,"day 14 feces, experiment ae023, mouse a205, 10-member community",1,0.01
Environment,isolation_source,"day 14 feces, experiment ae025, mouse a227, 9-member community",1,0.01
Environment,isolation_source,"day 14 feces, experiment ae025, mouse a223, 9-member community",1,0.01
Environment,isolation_source,"day 0 inoculum, experiment ae019, 10-member community",1,0.01
Environment,isolation_source,"day 14 feces, experiment ae016, mouse a109, 5-member community stp11",1,0.01
Environment,isolation_source,hypersaline pond,1,0.01
Environment,isolation_source,core3_20cmbs,1,0.01
Environment,isolation_source,downstream urban river,1,0.01
Environment,isolation_source,3soil,1,0.01
Environment,isolation_source,bioretention,1,0.01
Environment,isolation_source,pit mud,1,0.01
Environment,isolation_source,"soil seepage (lysimeters) adi_h1l3_2_122; h1l3: schneisenweg, forest site, ~30 cm below surface",1,0.01
Environment,isolation_source,third continuous planting soil,1,0.01
Environment,isolation_source,first planting soil,1,0.01
Environment,isolation_source,antarctic soil,1,0.01
Environment,isolation_source,marine air,1,0.01
Environment,isolation_source,alfalfa silage,1,0.01
Environment,isolation_source,sediments-4,1,0.01
Environment,isolation_source,wastewater activated sludge,1,0.01
Environment,isolation_source,wwtp outdoor air,1,0.01
Environment,isolation_source,hospital outdoor air,1,0.01
Environment,isolation_source,tundra topsoil,1,0.01
Environment,isolation_source,human forehead,1,0.01
Environment,isolation_source,school dust,1,0.01
Environment,isolation_source,sea sediment,1,0.01
Environment,isolation_source,kunlunw12,1,0.01
Environment,isolation_source,maduow5,1,0.01
Environment,isolation_source,reshuiw6,1,0.01
Environment,isolation_source,reshuiw3,1,0.01
Environment,isolation_source,haibeiw2,1,0.01
Environment,isolation_source,mesophilic anaerobic digester,1,0.01
Environment,isolation_source,manure pit,1,0.01
Environment,isolation_source,ck_lma_1,1,0.01
Environment,isolation_source,bioassay bw treated larva 2,1,0.01
Environment,isolation_source,gut content section v,1,0.01
Environment,isolation_source,day64 10degc chemostat 2012 inoculated with wadden sea sediment taken from the upper 2 cm of the intertidal flat janssand; spiekeroog backbarrier area,1,0.01
Environment,isolation_source,day64 25degc chemostat 2012 inoculated with wadden sea sediment taken from the upper 2 cm of the intertidal flat janssand; spiekeroog backbarrier area,1,0.01
Environment,isolation_source,day86 25degc chemostat 2012 inoculated with wadden sea sediment taken from the upper 2 cm of the intertidal flat janssand; spiekeroog backbarrier area,1,0.01
Environment,isolation_source,phyllosphere14,1,0.01
Environment,isolation_source,phyllosphere12,1,0.01
Environment,isolation_source,brain,1,0.01
Environment,isolation_source,shipwreck sample2,1,0.01
Environment,isolation_source,intestinal mucus,1,0.01
Environment,isolation_source,bottom sediments,1,0.01
Environment,isolation_source,animal feces,1,0.01
Environment,isolation_source,"other benign diagnoses, 6-18 years",1,0.01
Environment,isolation_source,aplastic anemia,1,0.01
Environment,isolation_source,"cns tumors, 6-18 years_2",1,0.01
Environment,isolation_source,"b-all, 3-5 years_1",1,0.01
Environment,isolation_source,"solid malign tumors, 0-2 years",1,0.01
Environment,isolation_source,t-all,1,0.01
Environment,isolation_source,"b-all, 0-2 years",1,0.01
Environment,isolation_source,school of chemical engineering and technology,1,0.01
Environment,isolation_source,ashby medium and organic fertilizers 19th subculturing,1,0.01
Environment,isolation_source,cereal grains,1,0.01
Environment,isolation_source,soil 3 ck replicate 1,1,0.01
Environment,isolation_source,soil 3 pm replicate 3,1,0.01
Environment,isolation_source,soil 1 ck replicate 3,1,0.01
Environment,isolation_source,soil 1 ck replicate 2,1,0.01
Environment,isolation_source,blood;36.58,1,0.01
Environment,isolation_source,blood;40.49,1,0.01
Environment,isolation_source,blood;35.30,1,0.01
Environment,isolation_source,cd contaminated,1,0.01
Environment,isolation_source,not contaminated,1,0.01
Environment,isolation_source,feces4,1,0.01
Environment,isolation_source,sputum1,1,0.01
Environment,isolation_source,edible insects,1,0.01
Environment,isolation_source,filter membrane,1,0.01
Environment,isolation_source,bumble bee gut,1,0.01
Environment,isolation_source,not applicable1,1,0.01
Environment,isolation_source,chicken farm,1,0.01
Environment,isolation_source,wwtp luberetski3,1,0.01
Environment,isolation_source,wwtp novoluberetski3,1,0.01
Environment,isolation_source,estuary water column,1,0.01
Environment,isolation_source,nd_1008_584,1,0.01
Environment,isolation_source,lo_226_957,1,0.01
Environment,isolation_source,nd_1105_542,1,0.01
Environment,isolation_source,lo_572_1176,1,0.01
Environment,isolation_source,lo_486_1005,1,0.01
Environment,isolation_source,nd_386_675,1,0.01
Environment,isolation_source,lo_111_1051,1,0.01
Environment,isolation_source,lo_286_1145,1,0.01
Environment,isolation_source,lo_29_1080,1,0.01
Environment,isolation_source,lo_712_1742,1,0.01
Environment,isolation_source,lo_432_1160,1,0.01
Environment,isolation_source,lo_41_1074,1,0.01
Environment,isolation_source,lo_327_1199,1,0.01
Environment,isolation_source,lo_543_990,1,0.01
Environment,isolation_source,lo_169_1039,1,0.01
Environment,isolation_source,cheese starter culture stock_115,1,0.01
Environment,isolation_source,cheese starter culture prepered_101,1,0.01
Environment,isolation_source,cheese starter culture inkubated_101,1,0.01
Environment,isolation_source,cheese starter culture incoulated_190,1,0.01
Environment,isolation_source,cheese starter culture starterculture_202,1,0.01
Environment,isolation_source,cheese starter culture incoulated_105,1,0.01
Environment,isolation_source,cheese starter culture incoulated_101,1,0.01
Environment,isolation_source,digestate from a biogas plant,1,0.01
Environment,isolation_source,"landfill intermediate cover soils incubation m (methane, no ammonia added) - replicate c",1,0.01
Environment,isolation_source,cecum6,1,0.01
Environment,isolation_source,ileum1,1,0.01
Environment,isolation_source,cecum2,1,0.01
Environment,isolation_source,"university of british columbia (ubc), dpt anthropology, canada",1,0.01
Environment,isolation_source,museo nacional de colombia (mnc) colombia,1,0.01
Environment,isolation_source,lics,1,0.01
Environment,isolation_source,environmental mixture samples,1,0.01
Environment,isolation_source,tobacco straw and cow manure,1,0.01
Environment,isolation_source,bathroom sink,1,0.01
Environment,isolation_source,kitchen sink,1,0.01
Environment,isolation_source,a region of the ntwetwe pan that was dominated by surface biofilms,1,0.01
Environment,isolation_source,ileum conrent sample,1,0.01
Environment,isolation_source,lab-adapted n2,1,0.01
Environment,isolation_source,shower hose biofilm,1,0.01
Environment,isolation_source,l6,1,0.01
Environment,isolation_source,l5,1,0.01
Environment,isolation_source,l13,1,0.01
Environment,isolation_source,sample of bh layer soil collected from control plot 2 during the autumn season,1,0.01
Environment,isolation_source,sample of bh layer soil collected from control plot 3 during the summer season,1,0.01
Environment,isolation_source,xgym010,1,0.01
Environment,isolation_source,xgym107,1,0.01
Environment,isolation_source,xgym077,1,0.01
Environment,isolation_source,xgym038,1,0.01
Environment,isolation_source,xgym036,1,0.01
Environment,isolation_source,xgym035,1,0.01
Environment,isolation_source,xgym034,1,0.01
Environment,isolation_source,xgym033,1,0.01
Environment,isolation_source,xgym092,1,0.01
Environment,isolation_source,xgym091,1,0.01
Environment,isolation_source,xgym090,1,0.01
Environment,isolation_source,xgym069,1,0.01
Environment,isolation_source,xgym065,1,0.01
Environment,isolation_source,xgym062,1,0.01
Environment,isolation_source,xgym059,1,0.01
Environment,isolation_source,xgym022,1,0.01
Environment,isolation_source,t replicate 3,1,0.01
Environment,isolation_source,s replicate 14,1,0.01
Environment,isolation_source,s replicate 12,1,0.01
Environment,isolation_source,"swab at rump area of beef hide, cull cow",1,0.01
Environment,isolation_source,"swab at belly area of beef hide, cull cow",1,0.01
Environment,isolation_source,"homogenate of popliteal lymph node of cattle, steer",1,0.01
Environment,isolation_source,a31,1,0.01
Environment,isolation_source,microbial community dna standard,1,0.01
Environment,isolation_source,sewage; dorm a-swab-48h,1,0.01
Environment,isolation_source,sewage; dorm a-swab-2h,1,0.01
Environment,isolation_source,9soil,1,0.01
Environment,isolation_source,"sediments from a chloroalkane-contaminated site in california in 2010. cultures have been maintained in anaerobic minimal medium ever since, with chloroform as their sole carbon and energy source until further enrichment on dichloromethane alone beginning in 2019.",1,0.01
Environment,isolation_source,around the sargassum strand,1,0.01
Environment,isolation_source,coastal area right before beaching,1,0.01
Environment,isolation_source,site 51 particle-attached bacteria,1,0.01
Environment,isolation_source,peri-implant sulcus,1,0.01
Environment,isolation_source,d26h-human_dysbiotic,1,0.01
Environment,isolation_source,greenhouse potted plants,1,0.01
Environment,isolation_source,larva,1,0.01
Environment,isolation_source,pool_33w,1,0.01
Environment,isolation_source,pus,1,0.01
Environment,isolation_source,1 g/l ammonia_d2,1,0.01
Environment,isolation_source,a2-mgv primary?settling?tank,1,0.01
Environment,isolation_source,gxs,1,0.01
Environment,isolation_source,jz-2,1,0.01
Environment,isolation_source,jz-1,1,0.01
Environment,isolation_source,22c_female_24,1,0.01
Environment,isolation_source,30c_male_10,1,0.01
Environment,isolation_source,22c_female_30,1,0.01
Environment,isolation_source,30c_male_12,1,0.01
Environment,isolation_source,30c_female_04,1,0.01
Environment,isolation_source,22c_male_25,1,0.01
Environment,isolation_source,sheep manure,1,0.01
Environment,isolation_source,hindgut content,1,0.01
Environment,isolation_source,48h listeria-enrichment (half-fraser) of non-food contact surfaces food production environmental monitoring zone 1 site i,1,0.01
Environment,isolation_source,28h listeria-enrichment (half-fraser) of non-food contact surfaces food production environmental monitoring zone 1 site h,1,0.01
Environment,isolation_source,48h listeria-enrichment (half-fraser) of non-food contact surfaces food production environmental monitoring zone 1 site h,1,0.01
Environment,isolation_source,48h listeria-enrichment (half-fraser) of non-food contact surfaces food production environmental monitoring zone 1 site e,1,0.01
Environment,isolation_source,24h listeria-enrichment (full-fraser) of non-food contact surfaces food production environmental monitoring zone 1 site i,1,0.01
Environment,isolation_source,22h listeria-enrichment (full-fraser) of non-food contact surfaces food production environmental monitoring zone 1 site h,1,0.01
Environment,isolation_source,desinfected maize radicle (santa helena 5050 variety) grown in isolated environment in sterilized soil - replicate 2,1,0.01
Environment,isolation_source,adult insect,1,0.01
Environment,isolation_source,supraglacial,1,0.01
Environment,isolation_source,wca,1,0.01
Environment,isolation_source,near-surface,1,0.01
Environment,isolation_source,sd_csha_41,1,0.01
Environment,isolation_source,sd_clas_28,1,0.01
Environment,isolation_source,sd_clas_27,1,0.01
Environment,isolation_source,sd_clas_20,1,0.01
Environment,isolation_source,anaerobic digestion sludge_thp20d,1,0.01
Environment,isolation_source,sediment layer j3_780_781_mar,1,0.01
Environment,isolation_source,burned chaparral soil,1,0.01
Environment,isolation_source,soil from urban roadside,1,0.01
Environment,isolation_source,plateau,1,0.01
Environment,isolation_source,pm soil6,1,0.01
Environment,isolation_source,pm soil20,1,0.01
Environment,isolation_source,feces9,1,0.01
Environment,isolation_source,feces59,1,0.01
Environment,isolation_source,feces49,1,0.01
Environment,isolation_source,feces5,1,0.01
Environment,isolation_source,feces31,1,0.01
Environment,isolation_source,"vegetable tank m, floor near inflow",1,0.01
Environment,isolation_source,"tomato gravel bed, below water line",1,0.01
Environment,isolation_source,"tomato gravel bed, over water line",1,0.01
Environment,isolation_source,"vegetable tank b, floor near outflow",1,0.01
Environment,isolation_source,mbbr foam,1,0.01
Environment,isolation_source,gulf of mexico,1,0.01
Environment,isolation_source,0% salinity biofilm reactor,1,0.01
Environment,isolation_source,deep soil sample,1,0.01
Environment,isolation_source,6 weeks postpartum motheru stool,1,0.01
Environment,isolation_source,6 week old infantn stool,1,0.01
Environment,isolation_source,soil from natural rocky habitats and caves,1,0.01
Environment,isolation_source,soil from urban other,1,0.01
Environment,isolation_source,feces h23,1,0.01
Environment,isolation_source,feces t37,1,0.01
Environment,isolation_source,feces t21,1,0.01
Environment,isolation_source,feces h29,1,0.01
Environment,isolation_source,environmental water,1,0.01
Environment,isolation_source,environmental34,1,0.01
Environment,isolation_source,environmental3,1,0.01
Environment,isolation_source,hypersaline soil_area1a_2020,1,0.01
Environment,isolation_source,tadpole_tail_b5_s4,1,0.01
Environment,isolation_source,id1_day212,1,0.01
Environment,isolation_source,zoea6,1,0.01
Environment,isolation_source,embryos29,1,0.01
Environment,isolation_source,others12,1,0.01
Environment,isolation_source,seagrass rhizosphere,1,0.01
Environment,isolation_source,id3_day216,1,0.01
Environment,isolation_source,id5_day272,1,0.01
Environment,isolation_source,bawangling mountain26,1,0.01
Environment,isolation_source,id7_day69,1,0.01
Environment,isolation_source,rhizosphere10,1,0.01
Environment,isolation_source,rhizosphere5,1,0.01
Environment,isolation_source,"t2-7cf3, tomato monoculture soil",1,0.01
Environment,isolation_source,ay46,1,0.01
Environment,isolation_source,ay34,1,0.01
Environment,isolation_source,hypersaline water_c5_b,1,0.01
Environment,isolation_source,bloodt24,1,0.01
Environment,isolation_source,bloodp26,1,0.01
Environment,isolation_source,bloodp02,1,0.01
Environment,isolation_source,bloodt04,1,0.01
Environment,isolation_source,bloodh15,1,0.01
Environment,isolation_source,bloodt31,1,0.01
Environment,isolation_source,bloodt29,1,0.01
Environment,isolation_source,bloodt26,1,0.01
Environment,isolation_source,lake watersy_1901_40m,1,0.01
Environment,isolation_source,lake watersy_1901_1m,1,0.01
Environment,isolation_source,id9_day244,1,0.01
Environment,isolation_source,id10_day61,1,0.01
Environment,isolation_source,id11_day62,1,0.01
Environment,isolation_source,water_control,1,0.01
Environment,isolation_source,id12_day241,1,0.01
Environment,isolation_source,fine graphite after selenite addition,1,0.01
Environment,isolation_source,simulated gastric juice,1,0.01
Environment,isolation_source,cattle rumen,1,0.01
Environment,isolation_source,sludge metagenome from bes biocathode,1,0.01
Environment,isolation_source,"ice from a gap in arctic sea ice ridge, bottom 0-10cm",1,0.01
Environment,isolation_source,"ice from a gap in arctic sea ice ridge, refrozen layer 10 cm",1,0.01
Environment,isolation_source,"ice from a gap in arctic sea ice ridge, transision in refrozen layer 10 cm",1,0.01
Environment,isolation_source,arctic ocean sediment from sediment trap,1,0.01
Environment,isolation_source,crab microbiome cs_am_10bc_ni,1,0.01
Environment,isolation_source,crab microbiome cs_am_2bc_cp,1,0.01
Environment,isolation_source,wastedumpsite,1,0.01
Environment,isolation_source,dairy,1,0.01
Environment,isolation_source,soil grasslands,1,0.01
Environment,isolation_source,axillary skin 5,1,0.01
Environment,isolation_source,deli_supermarket3,1,0.01
Environment,isolation_source,plastic and soil metagenomes soil,1,0.01
Environment,isolation_source,terrestrial sediment,1,0.01
Environment,isolation_source,the metagenomic data from the bioreactor h of coking wastewater oho biological system.,1,0.01
Environment,isolation_source,7,1,0.01
Environment,isolation_source,55,1,0.01
Environment,isolation_source,tcc amended 0v mec-ad reactor,1,0.01
Environment,isolation_source,0v mec-ad reactor,1,0.01
Environment,isolation_source,full body,1,0.01
Environment,isolation_source,35_123,1,0.01
Environment,isolation_source,35_118,1,0.01
Environment,isolation_source,35_111,1,0.01
Environment,isolation_source,area of cropland,1,0.01
Environment,isolation_source,environment-soil,1,0.01
Environment,isolation_source,environment-leaf,1,0.01
Environment,isolation_source,glacier algal communities inhabiting surface ice,1,0.01
Environment,isolation_source,oil field,1,0.01
Environment,isolation_source,chicken cecal contents,1,0.01
Environment,isolation_source,forest environment,1,0.01
Environment,isolation_source,foregut,1,0.01
Environment,isolation_source,raw_sed2,1,0.01
Environment,isolation_source,negative control (extraction kit),1,0.01
Environment,isolation_source,human tracheal aspirates,1,0.01
Environment,isolation_source,zymobiomics buffers,1,0.01
Environment,isolation_source,"jinhui harbor in shanghai, china, below the depth of 10 m. the sampling sites included 4 estuary locations and 6 river channel locations. the samples were placed in the incubator with 12 h of continuous illumination of 120 mol/m^2/s and 12 h of darkness at 30. 2% (v/v) seed culture of chlorella vulgaris (2 10^6 cells/ml) and 4%(v/v) seed culture of bacillus licheniformis (2 10^6 cfu/ml) was inoculated into the water at day 0 and day 4 respectively.",1,0.01
Environment,isolation_source,ciliate,1,0.01
Environment,isolation_source,bioreactor_j2_20220409_dna,1,0.01
Environment,isolation_source,treated paddy soil,1,0.01
Environment,isolation_source,"seawater metagenome (<0.22 m), 60-80m depth",1,0.01
Environment,isolation_source,biofilm scraped from tissue and grown in the lab,1,0.01
Environment,isolation_source,residual water,1,0.01
Environment,isolation_source,bioreactor_j2_20220725_dna,1,0.01
Environment,isolation_source,anaerobic digester/ biogas reactor,1,0.01
Environment,isolation_source,groundwater from well cl_b-06 sampled in august 2021,1,0.01
Environment,isolation_source,lab-scale biogas reactors,1,0.01
Environment,isolation_source,shale gas site 15,1,0.01
Environment,isolation_source,captive breeding,1,0.01
Environment,isolation_source,incubation 3: heated and nitrate-amended 1 day,1,0.01
Environment,isolation_source,ft sample 4,1,0.01
Environment,isolation_source,nimr sample 4,1,0.01
Environment,isolation_source,arable land,1,0.01
Environment,isolation_source,hemoculture,1,0.01
Environment,isolation_source,synthetic,1,0.01
Environment,isolation_source,tennessee cattle manure 9,1,0.01
Environment,isolation_source,alabama cattle water 6,1,0.01
Environment,isolation_source,alabama cattle soil 21,1,0.01
Environment,isolation_source,wastewater metagenome,1,0.01
Environment,isolation_source,paddy field,1,0.01
Environment,isolation_source,organic fertilizer,1,0.01
Environment,isolation_source,guizhou,1,0.01
Environment,isolation_source,adult female midgut,1,0.01
Environment,isolation_source,22zyd7,1,0.01
Environment,isolation_source,s19zye1,1,0.01
Environment,isolation_source,s19zyc4,1,0.01
Environment,isolation_source,s19zya2,1,0.01
Environment,isolation_source,s18zyk6,1,0.01
Environment,isolation_source,s18zyi6,1,0.01
Environment,isolation_source,s18zyi1,1,0.01
Environment,isolation_source,s18zyh4,1,0.01
Environment,isolation_source,s18zyh2,1,0.01
Environment,isolation_source,s17zye6,1,0.01
Environment,isolation_source,s17zye4,1,0.01
Environment,isolation_source,s19zyf5,1,0.01
Environment,isolation_source,21zyl7,1,0.01
Environment,isolation_source,21zyl1,1,0.01
Environment,isolation_source,21zyj4,1,0.01
Environment,isolation_source,s20zyf2,1,0.01
Environment,isolation_source,21zyf5,1,0.01
Environment,isolation_source,s17zyk2,1,0.01
Environment,isolation_source,s17zyk5,1,0.01
Environment,isolation_source,s17zyh02,1,0.01
Environment,isolation_source,seawater of the esat sea,1,0.01
Environment,isolation_source,rectal swab p12,1,0.01
Environment,isolation_source,rectal swab p10,1,0.01
Environment,isolation_source,rectal swab p08,1,0.01
Environment,isolation_source,rectal swab p01,1,0.01
Environment,isolation_source,small_intestine,1,0.01
Environment,isolation_source,seagrass_sa,1,0.01
Environment,isolation_source,lab environment,1,0.01
Environment,isolation_source,grassland soil 20cm from vellozia intermedia during dry season,1,0.01
Environment,isolation_source,grassland soil 20cm from vellozia nivea during dry season,1,0.01
Environment,isolation_source,industrial waste material,1,0.01
Environment,isolation_source,rectum feces,1,0.01
Environment,isolation_source,colonic content,1,0.01
Environment,isolation_source,greenhouse soil with low amounts of commercial organic fertilizer applied,1,0.01
Environment,isolation_source,the sludge was collected from the river sediment .,1,0.01
Environment,isolation_source,"kit extraction approach, mouse cage n5f",1,0.01
Environment,isolation_source,swine manure compost,1,0.01
Environment,isolation_source,wastewater_w80,1,0.01
Environment,isolation_source,wastewater_w69,1,0.01
Environment,isolation_source,wastewater_w131,1,0.01
Environment,isolation_source,wastewater_w5,1,0.01
Environment,isolation_source,wastewater_w27,1,0.01
Environment,isolation_source,wastewater_w126,1,0.01
Environment,isolation_source,wastewater_w78,1,0.01
Environment,isolation_source,stored drinking water,1,0.01
Environment,isolation_source,"pentane incubation 179, seawater from depth of 1000 m",1,0.01
Environment,isolation_source,sediment p42 replicate 2,1,0.01
Environment,isolation_source,"metagenomic sequencing of the th group(the samples were collected from everbright water co., ltd.) biological replicate 4",1,0.01
Environment,isolation_source,in vitro content,1,0.01
Environment,isolation_source,soil1-2-1,1,0.01
Environment,isolation_source,soil3-3-2,1,0.01
Environment,isolation_source,heathland soil replicate 1,1,0.01
Environment,isolation_source,heathland soil replicate 4,1,0.01
Environment,isolation_source,bin9 at station sy203,1,0.01
Environment,isolation_source,bin16 at station sy196,1,0.01
Environment,isolation_source,bin13 at station sy196,1,0.01
Environment,isolation_source,bin17 at station sy191,1,0.01
Environment,isolation_source,bin20 at station b02,1,0.01
Environment,isolation_source,bin38 at station b02,1,0.01
Environment,isolation_source,tk21,1,0.01
Environment,isolation_source,lin-dna-0 (ont) activated sludge,1,0.01
Environment,isolation_source,microcosmic culture experiment,1,0.01
Environment,isolation_source,human cerumen,1,0.01
Environment,isolation_source,wastewater treatment plant influent,1,0.01
Environment,isolation_source,shastri estuary,1,0.01
Environment,isolation_source,ulhas estuary,1,0.01
Environment,isolation_source,autopsy,1,0.01
Environment,isolation_source,s42,1,0.01
Environment,isolation_source,s75,1,0.01
Environment,isolation_source,s96,1,0.01
Environment,isolation_source,s21,1,0.01
Environment,isolation_source,s153,1,0.01
Environment,isolation_source,s16,1,0.01
Environment,isolation_source,s150,1,0.01
Environment,isolation_source,s70,1,0.01
Environment,isolation_source,s76,1,0.01
Environment,isolation_source,s172,1,0.01
Environment,isolation_source,s2,1,0.01
Environment,isolation_source,s23,1,0.01
Environment,isolation_source,s69,1,0.01
Environment,isolation_source,pork chop 1,1,0.01
Environment,isolation_source,abaxial leaf surface,1,0.01
Environment,isolation_source,adaxial leaf surface,1,0.01
Environment,isolation_source,bin18 at station s_800_10,1,0.01
Environment,isolation_source,bin5 at station l_200_10,1,0.01
Environment,isolation_source,bin10 at station s_200_1,1,0.01
Environment,isolation_source,bin10 at station s_50_1,1,0.01
Environment,isolation_source,bin2 at station s_200_50,1,0.01
Environment,isolation_source,bin18 at station s_200_10,1,0.01
Environment,isolation_source,basalt-hosted crustal fluids from cork 1362a-bio,1,0.01
Environment,isolation_source,peripheral blood,1,0.01
Environment,isolation_source,samples collected from 50 um in 800 m at site f,1,0.01
Environment,isolation_source,samples collected from 10 um in 800 m at site f,1,0.01
Environment,isolation_source,samples collected from 1 um in 800 m at lonqi,1,0.01
Environment,isolation_source,soil21,1,0.01
Environment,isolation_source,soil16,1,0.01
Environment,isolation_source,pitcher plant,1,0.01
Environment,isolation_source,pork loin,1,0.01
Environment,isolation_source,subglacial sediment in glaciovolcanic cave,1,0.01
Environment,isolation_source,m17_071117_feces,1,0.01
Environment,isolation_source,m15_221017_feces,1,0.01
Environment,isolation_source,m13_201117_feces,1,0.01
Environment,isolation_source,f04_050517_feces,1,0.01
Environment,isolation_source,f01_080517_feces,1,0.01
Environment,isolation_source,t1 must sample point d1 replicate a,1,0.01
Environment,isolation_source,y2 must sample point d3 replicate a,1,0.01
Environment,isolation_source,fermented grain,1,0.01
Environment,isolation_source,4.2% cf in the diet,1,0.01
Environment,isolation_source,6.8% cf in the diet,1,0.01
Environment,isolation_source,"bacteriome,fat body",1,0.01
Environment,isolation_source,"the experimental samples were from the intestinal contents of pigs, which were raised in zengcheng, guangzhou",1,0.01
Environment,isolation_source,cando+p bioreactor,1,0.01
Environment,isolation_source,vaginal_swab,1,0.01
Environment,isolation_source,human saliva 10,1,0.01
Environment,isolation_source,human saliva 29,1,0.01
Environment,isolation_source,tea plantation,1,0.01
Environment,isolation_source,coastal saltmarsh wetland 60% increased precipitation plot,1,0.01
Environment,isolation_source,rhzosphere,1,0.01
Environment,isolation_source,fde,1,0.01
Environment,isolation_source,green pond,1,0.01
Environment,isolation_source,"samples were collected from 12 counties in ningxia hui autonomous region, china",1,0.01
Environment,isolation_source,pangolin scale,1,0.01
Environment,isolation_source,holding pen,1,0.01
Environment,isolation_source,post-chlorination effluent,1,0.01
Environment,isolation_source,"urban river water in hong kong sar, china",1,0.01
Environment,isolation_source,"natrual particles in urban rivers in hong kong sar, china",1,0.01
Environment,isolation_source,grassland control 0 day subplot 5,1,0.01
Environment,isolation_source,grassland control 0 day subplot 3,1,0.01
Environment,isolation_source,cropland control 125 day subplot 1,1,0.01
Environment,isolation_source,sample enrichment from the sludge of a waste water treatment plant,1,0.01
Environment,isolation_source,ascending colon,1,0.01
Environment,isolation_source,appendix,1,0.01
Environment,isolation_source,shs-69,1,0.01
Environment,isolation_source,canadian feedlot pen floor in alberta,1,0.01
Environment,isolation_source,organic dairy pen floor in colorado,1,0.01
Environment,isolation_source,20cm,1,0.01
Environment,isolation_source,"reg_22_09_28_bulk in the greenhouse in uc, davis",1,0.01
Environment,isolation_source,cheese r19,1,0.01
Environment,isolation_source,cheese r14,1,0.01
Environment,isolation_source,industry r04 - raw_materials a,1,0.01
Environment,isolation_source,industry r03 - raw_materials b,1,0.01
Environment,isolation_source,industry c07 - non_food_contact - cold,1,0.01
Environment,isolation_source,industry c07 - non_food_contact - processing,1,0.01
Environment,isolation_source,industry c01 - non_food_contact - smoking,1,0.01
Environment,isolation_source,industry c06 - non_food_contact - processing,1,0.01
Environment,isolation_source,industry c05 - before_ripening a,1,0.01
Environment,isolation_source,industry f06 - non_food_contact - smoking,1,0.01
Environment,isolation_source,industry f06 - food_contact - processing,1,0.01
Environment,isolation_source,industry f04 - non_food_contact - smoking,1,0.01
Environment,isolation_source,industry f01 - final_product b,1,0.01
Environment,isolation_source,industry f01 - non_food_contact - ripening,1,0.01
Environment,isolation_source,industry f01 - non_food_contact - processing,1,0.01
Environment,isolation_source,freshwater karstic lagoon,1,0.01
Environment,isolation_source,soil25,1,0.01
Environment,isolation_source,raw_milk_w_lytic_rind_day_3,1,0.01
Environment,isolation_source,raw_milk_c_lytic_core_day_2,1,0.01
Environment,isolation_source,raw_milk_c_lytic_core_day_1,1,0.01
Environment,isolation_source,soil metagenomics_vo136,1,0.01
Environment,isolation_source,soil metagenomics_vo110,1,0.01
Environment,isolation_source,soil metagenomics_vo213,1,0.01
Environment,isolation_source,soil metagenomics_jw018,1,0.01
Environment,isolation_source,soil metagenomics_vo242,1,0.01
Environment,isolation_source,soil metagenomics_jw016,1,0.01
Environment,isolation_source,soil metagenomics_vo181,1,0.01
Environment,isolation_source,rhizoplane,1,0.01
Environment,isolation_source,3-lower layer sediment sample,1,0.01
Environment,isolation_source,3-upper layer sediment sample,1,0.01
Environment,isolation_source,waterlogging,1,0.01
Environment,isolation_source,silt loam,1,0.01
Environment,isolation_source,experimental evolution,1,0.01
Environment,isolation_source,feces 50,1,0.01
Environment,isolation_source,feces 04,1,0.01
Environment,isolation_source,feces 15,1,0.01
Environment,isolation_source,0.22 filter,1,0.01
Environment,isolation_source,whole oyster,1,0.01
Environment,isolation_source,rumen fluid from hct3 goat,1,0.01
Environment,isolation_source,2022_96335,1,0.01
Environment,isolation_source,2023_96697,1,0.01
Environment,isolation_source,2021_93597,1,0.01
Environment,isolation_source,2021_95024,1,0.01
Environment,isolation_source,2020_91393,1,0.01
Environment,isolation_source,2022_95777,1,0.01
Environment,isolation_source,2020_91635,1,0.01
Environment,isolation_source,2020_92367,1,0.01
Environment,isolation_source,2020_92148,1,0.01
Environment,isolation_source,2019_99906,1,0.01
Environment,isolation_source,coastal cenote pol-ac,1,0.01
Environment,isolation_source,feed,1,0.01
Environment,isolation_source,catfish gut pork diet tank 1,1,0.01
Environment,isolation_source,soil l12,1,0.01
Environment,isolation_source,soil l10,1,0.01
Environment,isolation_source,seawage tank of hospital,1,0.01
Environment,isolation_source,mixing zone,1,0.01
Environment,isolation_source,ca5,1,0.01
Environment,isolation_source,hc13,1,0.01
Environment,isolation_source,ileal contents,1,0.01
Environment,isolation_source,"severe alcoholic hepatitis patient, stool sample, amiens university hospital",1,0.01
Environment,isolation_source,bioreactor using biocathode as sole electron donor and carbon dioxide as sole carbon source; ph was maintained at 7.0,1,0.01
Environment,isolation_source,respiratory tract from c08,1,0.01
Environment,isolation_source,respiratory tract from n04,1,0.01
Environment,isolation_source,respiratory tract from c17,1,0.01
Environment,isolation_source,chicken litter digestates,1,0.01
Environment,isolation_source,coastal sedeiment,1,0.01
Environment,isolation_source,runoff5,1,0.01
Environment,isolation_source,outfall water17,1,0.01
Environment,isolation_source,river water33,1,0.01
Environment,isolation_source,ningde,1,0.01
Environment,isolation_source,baltic marine sediment,1,0.01
Environment,isolation_source,t21,1,0.01
Environment,isolation_source,t70be,1,0.01
Environment,isolation_source,rh8,1,0.01
Environment,isolation_source,t62be,1,0.01
Environment,isolation_source,t47be,1,0.01
Environment,isolation_source,nh65,1,0.01
Environment,isolation_source,t24af,1,0.01
Environment,isolation_source,trickle bed reactor r1-30min,1,0.01
Environment,isolation_source,x-bat-6,1,0.01
Environment,isolation_source,x-rodent-2,1,0.01
Environment,isolation_source,stone biofilm external area,1,0.01
Environment,isolation_source,gastric biospy,1,0.01
Environment,isolation_source,hm403 mucosal-luminal interface aspirates,1,0.01
Environment,isolation_source,"samples were collected from 5 counties in gansu province, china",1,0.01
Environment,isolation_source,soil in the east direction 5m outside of factory b,1,0.01
Environment,isolation_source,sewage from the outlet of sewage tank 1 in a,1,0.01
Environment,isolation_source,denitrification sludge9,1,0.01
Environment,isolation_source,dss induced mouse 5,1,0.01
Environment,isolation_source,sb-rhizosphere,1,0.01
Environment,isolation_source,sufu,1,0.01
Environment,isolation_source,ham,1,0.01
Environment,isolation_source,botanical garden,1,0.01
Environment,isolation_source,upstream water7,1,0.01
Environment,isolation_source,influent water6,1,0.01
Environment,isolation_source,external ear canal,1,0.01
Environment,isolation_source,fertilized rotary pasture,1,0.01
Environment,isolation_source,cave,1,0.01
Environment,isolation_source,shotgun microbiome of leavessample code fcvs,1,0.01
Environment,isolation_source,shotgun microbiome of soilsample code srla,1,0.01
Environment,isolation_source,g173,1,0.01
Environment,isolation_source,g301,1,0.01
Environment,isolation_source,g174,1,0.01
Environment,isolation_source,g130,1,0.01
Environment,isolation_source,g295,1,0.01
Environment,isolation_source,n78,1,0.01
Environment,isolation_source,u.k. soil,1,0.01
Environment,isolation_source,mouse intestine sample91,1,0.01
Environment,isolation_source,mouse intestine sample76,1,0.01
Environment,isolation_source,mouse intestine sample74,1,0.01
Environment,isolation_source,mouse intestine sample61,1,0.01
Environment,isolation_source,mouse intestine sample54,1,0.01
Environment,isolation_source,mouse intestine sample52,1,0.01
Environment,isolation_source,mouse intestine sample1,1,0.01
Environment,isolation_source,"braddock bay, ny",1,0.01
Environment,isolation_source,"lake eufaula, ok",1,0.01
Environment,isolation_source,stool sample of control 18,1,0.01
Environment,isolation_source,stool sample of control 12,1,0.01
Environment,isolation_source,stool sample of control 7,1,0.01
Environment,isolation_source,stool sample of handball 8,1,0.01
Environment,isolation_source,stool sample of handball 1,1,0.01
Environment,isolation_source,stool sample of bicycle 13,1,0.01
Environment,isolation_source,"ijsselmeer, netherlands",1,0.01
Environment,isolation_source,"ohio river, louisville, ky",1,0.01
Environment,isolation_source,pot soil ck135,1,0.01
Environment,isolation_source,pot soil ck83,1,0.01
Environment,isolation_source,pot soil ck43,1,0.01
Environment,isolation_source,pot soil ck34,1,0.01
Environment,isolation_source,pot soil ck21,1,0.01
Environment,isolation_source,temperate continental monsoon climate,1,0.01
Environment,isolation_source,"enrichment sample from the sludge of a waste water treatment plant in shek wu hui, hong kong",1,0.01
Environment,isolation_source,pooled human saliva cultured in shi medium,1,0.01
Environment,isolation_source,spleen tissue,1,0.01
Environment,isolation_source,kidney tissue,1,0.01
Environment,isolation_source,mouse fecal sample42,1,0.01
Environment,isolation_source,sample9,1,0.01
Environment,isolation_source,sample5,1,0.01
Environment,isolation_source,mouse fecal sample13,1,0.01
Environment,isolation_source,cecal contents from gnotobiotic mouse,1,0.01
Environment,isolation_source,mim014_27.7_weeks_gestation_buccal_swab,1,0.01
Environment,isolation_source,mim015_28_weeks_gestation_saliva_rinse,1,0.01
Environment,isolation_source,mim012_27.9_weeks_gestation_saliva_rinse,1,0.01
Environment,isolation_source,mim008_36_weeks_gestation_buccal_swab,1,0.01
Environment,isolation_source,mim037_27.6_weeks_gestation_buccal_swab,1,0.01
Environment,isolation_source,mim032_27.9_weeks_gestation_buccal_swab,1,0.01
Environment,isolation_source,mim027_27.6_weeks_gestation_buccal_swab,1,0.01
Environment,isolation_source,mim021_35.7_weeks_gestation_saliva_rinse,1,0.01
Environment,isolation_source,mim009_34.6_weeks_gestation_saliva_rinse,1,0.01
Environment,isolation_source,mim038_36.3_weeks_gestation_buccal_swab,1,0.01
Environment,isolation_source,mim037_27.6_weeks_gestation_saliva_rinse,1,0.01
Environment,isolation_source,reactor sample_4,1,0.01
Environment,isolation_source,bin14 at station dt_fdz177,1,0.01
Environment,isolation_source,bin17 at station dt_fdz173,1,0.01
Environment,isolation_source,bin69 at station kt_fdz147,1,0.01
Environment,isolation_source,bin15 at station kt_fdz140,1,0.01
Environment,isolation_source,bin12 at station kt_fdz147,1,0.01
Environment,isolation_source,bin9 at station kt_fdz140,1,0.01
Environment,isolation_source,bin59 at station dt_fdz183,1,0.01
Environment,isolation_source,soledad_fermentation_vat_water,1,0.01
Environment,isolation_source,marillero_initial_fermentation,1,0.01
Environment,isolation_source,soledad_soil_1,1,0.01
Environment,isolation_source,tained compost s,1,0.01
Environment,isolation_source,tissue sponge,1,0.01
Environment,isolation_source,wastewater treatment biological reactor,1,0.01
Environment,isolation_source,underground cave 7,1,0.01
Environment,isolation_source,underground cave 19,1,0.01
Environment,isolation_source,underground cave 16,1,0.01
Environment,isolation_source,dg29,1,0.01
Environment,isolation_source,dg28,1,0.01
Environment,isolation_source,dg21,1,0.01
Environment,isolation_source,dg8,1,0.01
Environment,isolation_source,sl49,1,0.01
Environment,isolation_source,sl36,1,0.01
Environment,isolation_source,sl32,1,0.01
Environment,isolation_source,sl18,1,0.01
Environment,isolation_source,carbonate rock,1,0.01
Environment,isolation_source,2xmrc s-paa-s-b-s,1,0.01
Environment,isolation_source,2xmrc p-s-p-s-p,1,0.01
Environment,isolation_source,kr_0007,1,0.01
Environment,isolation_source,kr_0003,1,0.01
Environment,isolation_source,reactor samples,1,0.01
Environment,isolation_source,sediment2,1,0.01
Environment,isolation_source,tree hole1,1,0.01
Environment,isolation_source,soil1,1,0.01
Environment,isolation_source,moss1,1,0.01
Environment,isolation_source,chicken meat,1,0.01
Environment,isolation_source,simulated artificial wetlands,1,0.01
Environment,isolation_source,mining environment,1,0.01
Environment,isolation_source,rhizosphere_m90,1,0.01
Environment,isolation_source,bulk soil_m85,1,0.01
Environment,isolation_source,rhizosphere_m121,1,0.01
Environment,isolation_source,rhizosphere_m119,1,0.01
Environment,isolation_source,rhizosphere_m107,1,0.01
Environment,isolation_source,bulk soil_m2,1,0.01
Environment,isolation_source,yueshun aquaculture,1,0.01
Environment,isolation_source,os361,1,0.01
Environment,isolation_source,os183,1,0.01
Environment,isolation_source,os041,1,0.01
Environment,isolation_source,os133,1,0.01
Environment,isolation_source,os563,1,0.01
Environment,isolation_source,os562,1,0.01
Environment,isolation_source,os222,1,0.01
Environment,isolation_source,"shidou reservoir, upstream",1,0.01
Environment,isolation_source,egmore_metro_ticket counter,1,0.01
Environment,isolation_source,central_metro_kiosk,1,0.01
Environment,isolation_source,teynampet_metro_ticket counter,1,0.01
Environment,isolation_source,sediment_ad_1460,1,0.01
Environment,isolation_source,sediment_ad_1351,1,0.01
Environment,isolation_source,sediment_ad_1412,1,0.01
Environment,isolation_source,extraction_blank_ad_1400,1,0.01
Environment,isolation_source,sediment_ad_1309,1,0.01
Environment,isolation_source,sediment_ad_1318,1,0.01
Environment,isolation_source,sediment_ad_1314,1,0.01
Environment,isolation_source,sediment_ad_1273,1,0.01
Environment,isolation_source,sediment_ad_1271,1,0.01
Environment,isolation_source,sediment_ad_1283,1,0.01
Environment,isolation_source,"human facial skin , individuals jh114",1,0.01
Environment,isolation_source,"human facial skin , individuals jh70",1,0.01
Environment,isolation_source,"human facial skin , individuals jh38",1,0.01
Environment,isolation_source,"human facial skin , individuals jh188",1,0.01
Environment,isolation_source,"human facial skin , individuals jh157",1,0.01
Environment,isolation_source,"human facial skin , individuals jh149",1,0.01
Environment,isolation_source,from reactor,1,0.01
Environment,isolation_source,food waste,1,0.01
Environment,isolation_source,stool in large intestine,1,0.01
Environment,isolation_source,c436_week_2,1,0.01
Environment,isolation_source,university research apiary,1,0.01
Environment,isolation_source,spitsbergen,1,0.01
Environment,isolation_source,antarctic,1,0.01
Environment,isolation_source,the fermentation sample from the first biological replicate of group s3,1,0.01
Environment,isolation_source,wwtp influent_batch28,1,0.01
Environment,isolation_source,microplastic surface,1,0.01
Environment,isolation_source,mother stool,1,0.01
Environment,isolation_source,soil abbw replicate 3c,1,0.01
Environment,isolation_source,soil ab replicate 2b,1,0.01
Environment,isolation_source,soil vck replicate 3c,1,0.01
Environment,isolation_source,seawater - interbranch (madracis) seawater,1,0.01
Environment,isolation_source,seawater - coral boundary layer,1,0.01
Environment,isolation_source,feces09,1,0.01
Environment,isolation_source,feces29,1,0.01
Environment,isolation_source,feces15,1,0.01
Environment,isolation_source,"vegetated concretes (herbaceous, scrub, and arboreal)",1,0.01
Environment,isolation_source,intertidal mud flat,1,0.01
Environment,isolation_source,22zyg7,1,0.01
Environment,isolation_source,s19zyg2,1,0.01
Environment,isolation_source,22zya7,1,0.01
Environment,isolation_source,s18zyc06,1,0.01
Environment,isolation_source,21zyj2,1,0.01
Environment,isolation_source,s19zyb5,1,0.01
Environment,isolation_source,s19zyb4,1,0.01
Environment,isolation_source,s18zyk3,1,0.01
Environment,isolation_source,s17zyj5,1,0.01
Environment,isolation_source,s18zya2,1,0.01
Environment,isolation_source,s21zyd4,1,0.01
Environment,isolation_source,s18zyf3,1,0.01
Environment,isolation_source,s18zye1,1,0.01
Environment,isolation_source,s20zyg7,1,0.01
Environment,isolation_source,s17zyf3,1,0.01
Environment,isolation_source,dust samples,1,0.01
Environment,isolation_source,kitchen floor,1,0.01
Environment,isolation_source,drawing room,1,0.01
Environment,isolation_source,freshwater lake surface bloom sample,1,0.01
Environment,isolation_source,loin_7,1,0.01
Environment,isolation_source,surface_22,1,0.01
Environment,isolation_source,surface_7,1,0.01
Environment,isolation_source,carcass_28,1,0.01
Environment,isolation_source,surface_48,1,0.01
Environment,isolation_source,surface_46,1,0.01
Environment,isolation_source,sirloin_38,1,0.01
Environment,isolation_source,sirloin_30,1,0.01
Environment,isolation_source,loin_33,1,0.01
Environment,isolation_source,carcass_55,1,0.01
Environment,isolation_source,sirloin_16,1,0.01
Environment,isolation_source,sirloin_4,1,0.01
Environment,isolation_source,metagenome mpm2,1,0.01
Environment,isolation_source,metagenome mck3,1,0.01
Environment,isolation_source,biofilm from pvc plastic in river,1,0.01
Environment,isolation_source,biofilm from pehd plastic in untreated wastewater,1,0.01
Environment,isolation_source,biofilm from pehd plastic in river,1,0.01
Environment,isolation_source,anoxic sediment from lake cadagno 566 cm,1,0.01
Environment,isolation_source,anoxic sediment from lake cadagno 153 cm,1,0.01
Environment,isolation_source,dechlorination consortium,1,0.01
Environment,isolation_source,1.2v,1,0.01
Environment,isolation_source,vibrio culture,1,0.01
Environment,isolation_source,industrial wwtp,1,0.01
Environment,isolation_source,mesocosm experiments,1,0.01
Environment,isolation_source,fertilized soil 3,1,0.01
Environment,isolation_source,sewage sludge wwtp 4,1,0.01
Environment,isolation_source,poultry manure,1,0.01
Environment,isolation_source,human_throat_h8,1,0.01
Environment,isolation_source,treat7102_fecal,1,0.01
Environment,isolation_source,treat6102_fecal,1,0.01
Environment,isolation_source,ctrl1101_fecal,1,0.01
Environment,isolation_source,midgut microbiome,1,0.01
Environment,isolation_source,river sediment upstream,1,0.01
Environment,isolation_source,lake dziani dzaha mayotte_france_0.25m_replicate_b_14_11_2022_0.1_0.2micron fraction,1,0.01
Environment,isolation_source,lake dziani dzaha mayotte_france_0.25m_replicate_b_14_06_2022_0.2_3micron fraction,1,0.01
Environment,isolation_source,anaerobic sludge after adaptive laboratory evolution,1,0.01
Environment,isolation_source,mice cecum 2,1,0.01
Environment,isolation_source,copepod fecal pellets,1,0.01
Environment,isolation_source,aa45,1,0.01
Environment,isolation_source,thermophilic stages in composting added with ferrihydrite,1,0.01
Environment,isolation_source,"of treament, season7,plot1",1,0.01
Environment,isolation_source,station 12527 of lavaca river,1,0.01
Environment,isolation_source,station 12525 of lavaca river,1,0.01
Environment,isolation_source,bar-headed goose faeces,1,0.01
Environment,isolation_source,bean goose faeces,1,0.01
Environment,isolation_source,surface lake water,1,0.01
Environment,isolation_source,spruce roots,1,0.01
Environment,isolation_source,freshwater lake water,1,0.01
Environment,isolation_source,hands,1,0.01
Environment,isolation_source,cutting boards,1,0.01
Environment,isolation_source,meat 22,1,0.01
Environment,isolation_source,debagging table,1,0.01
Environment,isolation_source,meat 22 r24,1,0.01
Environment,isolation_source,vp bag,1,0.01
Environment,isolation_source,meat 77,1,0.01
Environment,isolation_source,groundwater metagenome - well h32;sample 2;filter 01um,1,0.01
Environment,isolation_source,boiling vent-water,1,0.01
Environment,isolation_source,horse sample41,1,0.01
Environment,isolation_source,v000394683.fastq.gz,1,0.01
Environment,isolation_source,v000391183.fastq.gz,1,0.01
Environment,isolation_source,v000363573.fastq.gz,1,0.01
Environment,isolation_source,v000556226.fastq.gz,1,0.01
Environment,isolation_source,v000525818.fastq.gz,1,0.01
Environment,isolation_source,v000521234.fastq.gz,1,0.01
Environment,isolation_source,v000507109.fastq.gz,1,0.01
Environment,isolation_source,v000504208.fastq.gz,1,0.01
Environment,isolation_source,v000501814.fastq.gz,1,0.01
Environment,isolation_source,v000332238.fastq.gz,1,0.01
Environment,isolation_source,v000468579.fastq.gz,1,0.01
Environment,isolation_source,v000468439.fastq.gz,1,0.01
Environment,isolation_source,v000463827.fastq.gz,1,0.01
Environment,isolation_source,v000434983.fastq.gz,1,0.01
Environment,isolation_source,v000433161.fastq.gz,1,0.01
Environment,isolation_source,v000430633.fastq.gz,1,0.01
Environment,isolation_source,v000409775.fastq.gz,1,0.01
Environment,isolation_source,v000408315.fastq.gz,1,0.01
Environment,isolation_source,v000401079.fastq.gz,1,0.01
Environment,isolation_source,v000385791.fastq.gz,1,0.01
Environment,isolation_source,v000380446.fastq.gz,1,0.01
Environment,isolation_source,v000377417.fastq.gz,1,0.01
Environment,isolation_source,v000377367.fastq.gz,1,0.01
Environment,isolation_source,v000520132.fastq.gz,1,0.01
Environment,isolation_source,v000517682.fastq.gz,1,0.01
Environment,isolation_source,v000516155.fastq.gz,1,0.01
Environment,isolation_source,v000515910.fastq.gz,1,0.01
Environment,isolation_source,v000498452.fastq.gz,1,0.01
Environment,isolation_source,v000332167.fastq.gz,1,0.01
Environment,isolation_source,v000454622.fastq.gz,1,0.01
Environment,isolation_source,v000327879.fastq.gz,1,0.01
Environment,isolation_source,v000427727.fastq.gz,1,0.01
Environment,isolation_source,v000426232.fastq.gz,1,0.01
Environment,isolation_source,v000423606.fastq.gz,1,0.01
Environment,isolation_source,v000399023.fastq.gz,1,0.01
Environment,isolation_source,v000396079.fastq.gz,1,0.01
Environment,isolation_source,v000540224.fastq.gz,1,0.01
Environment,isolation_source,v000539854.fastq.gz,1,0.01
Environment,isolation_source,v000333571.fastq.gz,1,0.01
Environment,isolation_source,v000507274.fastq.gz,1,0.01
Environment,isolation_source,v000507239.fastq.gz,1,0.01
Environment,isolation_source,v000488795.fastq.gz,1,0.01
Environment,isolation_source,v000480228.fastq.gz,1,0.01
Environment,isolation_source,v000480218.fastq.gz,1,0.01
Environment,isolation_source,v000453345.fastq.gz,1,0.01
Environment,isolation_source,v000449818.fastq.gz,1,0.01
Environment,isolation_source,v000449483.fastq.gz,1,0.01
Environment,isolation_source,v000447881.fastq.gz,1,0.01
Environment,isolation_source,v000533740.fastq.gz,1,0.01
Environment,isolation_source,v000336291.fastq.gz,1,0.01
Environment,isolation_source,v000473977.fastq.gz,1,0.01
Environment,isolation_source,v000440979.fastq.gz,1,0.01
Environment,isolation_source,v000325437.fastq.gz,1,0.01
Environment,isolation_source,v000415659.fastq.gz,1,0.01
Environment,isolation_source,v000388864.fastq.gz,1,0.01
Environment,isolation_source,v000387143.fastq.gz,1,0.01
Environment,isolation_source,v000387093.fastq.gz,1,0.01
Environment,isolation_source,v000386572.fastq.gz,1,0.01
Environment,isolation_source,medium urbanization sampleu2-1,1,0.01
Environment,isolation_source,medium urbanization sampleu2-11,1,0.01
Environment,isolation_source,"umiam lake, shillong",1,0.01
Environment,isolation_source,soil_nr8_meta,1,0.01
Environment,isolation_source,"soil in hubei province, china",1,0.01
Environment,isolation_source,thrombolite,1,0.01
Environment,isolation_source,not collected8,1,0.01
Environment,isolation_source,not collected35,1,0.01
Environment,isolation_source,not collected25,1,0.01
Environment,isolation_source,not collected18,1,0.01
Environment,isolation_source,not collected17,1,0.01
Environment,isolation_source,not collected15,1,0.01
Environment,isolation_source,sap,1,0.01
Environment,isolation_source,paddy soil in september,1,0.01
Environment,isolation_source,paddy soil in august,1,0.01
Environment,isolation_source,saliva patient12,1,0.01
Environment,isolation_source,sed.dec20,1,0.01
Environment,isolation_source,wa.dec11,1,0.01
Environment,isolation_source,wa.dec8,1,0.01
Environment,isolation_source,topsoil samples,1,0.01
Environment,isolation_source,thermal water rising through granite bedrock from a deep aquifer until it meets the surface in a dry stream bed,1,0.01
Environment,isolation_source,reservoir surface water,1,0.01
Environment,isolation_source,s311719281,1,0.01
Environment,isolation_source,s311707078,1,0.01
Environment,isolation_source,s311704276,1,0.01
Environment,isolation_source,s311702347,1,0.01
Environment,isolation_source,s360520938,1,0.01
Environment,isolation_source,s356509030,1,0.01
Environment,isolation_source,s356449526,1,0.01
Environment,isolation_source,s356448509,1,0.01
Environment,isolation_source,s311729417,1,0.01
Environment,isolation_source,s311720015,1,0.01
Environment,isolation_source,s354213081,1,0.01
Environment,isolation_source,s362702508,1,0.01
Environment,isolation_source,s366807927,1,0.01
Environment,isolation_source,s360509287,1,0.01
Environment,isolation_source,s360501827,1,0.01
Environment,isolation_source,s360501369,1,0.01
Environment,isolation_source,s354232649,1,0.01
Environment,isolation_source,s311627712,1,0.01
Environment,isolation_source,s354222734,1,0.01
Environment,isolation_source,s360523748,1,0.01
Environment,isolation_source,s356552952,1,0.01
Environment,isolation_source,s356455786,1,0.01
Environment,isolation_source,s354211780,1,0.01
Environment,isolation_source,s354211693,1,0.01
Environment,isolation_source,s311686155,1,0.01
Environment,isolation_source,s311683775,1,0.01
Environment,isolation_source,s311683596,1,0.01
Environment,isolation_source,s366837760,1,0.01
Environment,isolation_source,s362707877,1,0.01
Environment,isolation_source,s362707602,1,0.01
Environment,isolation_source,intestineet30c2,1,0.01
Environment,isolation_source,intestineet20c1,1,0.01
Environment,isolation_source,the cotton soil samples for three continuous cropping,1,0.01
Environment,isolation_source,cigar tobacco leaves,1,0.01
Environment,isolation_source,crane feces,1,0.01
Environment,isolation_source,rumen|ap136|527|8hr|hr|metag,1,0.01
Environment,isolation_source,bolus|ap94|518|2hr|lr|metag,1,0.01
Environment,isolation_source,rumen|ap68|436|2hr|lr|metag,1,0.01
Environment,isolation_source,fecal|ap107|422|2hr|hr|metag,1,0.01
Environment,isolation_source,bolus|ap84|358|2hr|hr|metag,1,0.01
Environment,isolation_source,bolus|ap99|541|2hr|lr|metag,1,0.01
Environment,isolation_source,rumen|ap73|469|2hr|hr|metag,1,0.01
Environment,isolation_source,rhizosphere soil4,1,0.01
Environment,isolation_source,rhizosphere soil11,1,0.01
Environment,isolation_source,hcc-2,1,0.01
Environment,isolation_source,artsvanik tailing,1,0.01
Environment,isolation_source,mud,1,0.01
Environment,isolation_source,enrichment from soil,1,0.01
Environment,isolation_source,fece p6,1,0.01
Environment,isolation_source,fece p3,1,0.01
Environment,isolation_source,fece b4,1,0.01
Environment,isolation_source,rumen35,1,0.01
Environment,isolation_source,rumen13,1,0.01
Environment,isolation_source,stone,1,0.01
Environment,isolation_source,stool from nc5,1,0.01
Environment,isolation_source,stool from ad1,1,0.01
Environment,isolation_source,stool from nc21,1,0.01
Environment,isolation_source,"tustin, ca",1,0.01
Environment,isolation_source,lacustrine soil from urban freshwater wetland,1,0.01
Environment,isolation_source,roots and soil,1,0.01
Environment,isolation_source,soil sample5,1,0.01
Environment,isolation_source,fermented cacao bean mass,1,0.01
Environment,isolation_source,"soil, peat swamp forest, maludam site, chamber no. 5",1,0.01
Environment,isolation_source,"soil, peat swamp forest, maludam site, chamber no. 4",1,0.01
Environment,isolation_source,"canopy soil, oil palm plantation, betong site, chamber no. 3",1,0.01
Environment,isolation_source,"litter, peat swamp forest, maludam site, chamber no. 4",1,0.01
Environment,isolation_source,"soil, peat swamp forest, maludam site, chamber no. 1",1,0.01
Environment,isolation_source,ae9,1,0.01
Environment,isolation_source,ae35,1,0.01
Environment,isolation_source,ce6,1,0.01
Environment,isolation_source,ce31,1,0.01
Environment,isolation_source,ae28,1,0.01
Environment,isolation_source,ae1,1,0.01
Environment,isolation_source,hc42,1,0.01
Environment,isolation_source,hc29,1,0.01
Environment,isolation_source,hc26,1,0.01
Environment,isolation_source,hc1,1,0.01
Environment,isolation_source,ae57,1,0.01
Environment,isolation_source,ce8,1,0.01
Environment,isolation_source,ce50,1,0.01
Environment,isolation_source,ce18,1,0.01
Environment,isolation_source,rectal swab88,1,0.01
Environment,isolation_source,rectal swab66,1,0.01
Environment,isolation_source,rectal swab64,1,0.01
Environment,isolation_source,rectal swab95,1,0.01
Environment,isolation_source,rectal swab30,1,0.01
Environment,isolation_source,rectal swab19,1,0.01
Environment,isolation_source,rectal swab60,1,0.01
Environment,isolation_source,rectal swab108,1,0.01
Environment,isolation_source,grown on 0.2 g/llocust bean gum; using phage cocktail containing bap4 viii and v75; 10 mg/l thiamine; day 14 post inoculation,1,0.01
Environment,isolation_source,grown on 0.2 g/lkojac gum; using phage cocktail containing bap4 viii and v75; 10 mg/l thiamine; day 12 post inoculation,1,0.01
Environment,isolation_source,grown on 0.2 g/lkojac gum; no phage control; 10 mg/l thiamine; day 6 post inoculation,1,0.01
Environment,isolation_source,grown on 0.2 g/lkojac gum; no phage control; 0 mg/l thiamine; day 10 post inoculation,1,0.01
Environment,isolation_source,grown on 0.2 g/lguar gum; no phage control; 10 mg/l thiamine; day 10 post inoculation,1,0.01
Environment,isolation_source,"yueshun aquaculture co., ltd., zhuhai city, guangdong province, china",1,0.01
Environment,isolation_source,safe water 1,1,0.01
Environment,isolation_source,bladder cancer 62,1,0.01
Environment,isolation_source,cropland soil39,1,0.01
Environment,isolation_source,cropland soil34,1,0.01
Environment,isolation_source,control1,1,0.01
Environment,isolation_source,co_mf_p_21_2,1,0.01
Environment,isolation_source,co_mf_p_11_2,1,0.01
Environment,isolation_source,co_1_2_p_16_3,1,0.01
Environment,isolation_source,xylose3,1,0.01
Environment,isolation_source,conifer needls,1,0.01
Environment,isolation_source,seawater (3 um size fraction),1,0.01
Environment,isolation_source,gb_482_2,1,0.01
Environment,isolation_source,gb_576_1,1,0.01
Environment,isolation_source,gb_524_2,1,0.01
Environment,isolation_source,gb_433_1,1,0.01
Environment,isolation_source,gb_403_2,1,0.01
Environment,isolation_source,gb_492_1,1,0.01
Environment,isolation_source,gb_403_1,1,0.01
Environment,isolation_source,soil2,1,0.01
Environment,isolation_source,sheep3,1,0.01
Environment,isolation_source,rapeseed cake1,1,0.01
Environment,isolation_source,marine environment,1,0.01
Environment,isolation_source,mangrove soil (bottom layer),1,0.01
Environment,isolation_source,earthworm gut,1,0.01
Environment,isolation_source,vermicompost,1,0.01
Environment,isolation_source,ise compost (ma stage),1,0.01
Environment,isolation_source,"radish sprout soaking stage, influent",1,0.01
Environment,isolation_source,"radish sprout germination 1 stage, distilled",1,0.01
Environment,isolation_source,homo sapiens 48,1,0.01
Environment,isolation_source,homo sapiens 42,1,0.01
Environment,isolation_source,homo sapiens 24,1,0.01
Environment,isolation_source,homo sapiens 17,1,0.01
Environment,isolation_source,negative control dna extraction,1,0.01
Environment,isolation_source,oceanic water,1,0.01
Environment,isolation_source,pasture,1,0.01
Environment,isolation_source,rhizosphere soil lnc_6,1,0.01
Environment,isolation_source,rhizosphere soil lnc_3,1,0.01
Environment,isolation_source,rhizosphere soil lnr_4,1,0.01
Environment,isolation_source,rhizosphere soil lnm_1,1,0.01
Environment,isolation_source,arid regions6,1,0.01
Environment,isolation_source,rhizosphere soil adhering to rice roots,1,0.01
Environment,isolation_source,synechococcus elongatus pcc 7942 with strawberry creek south source innoculum; bi-weekly passaging; biological replicate b; tube 26; pre-cryo endpoint,1,0.01
Environment,isolation_source,"synechocystis spp., pcc 6803 with eel river south eel source innoculum; bi-weekly passaging; biological replicate c; tube 114; pre-cryo endpoint",1,0.01
Environment,isolation_source,"eel river, site south eel, detached biomasss from filters of surface water sample filtered trough 0.1 and 0.2um, filters combined; sampled june 2021",1,0.01
Environment,isolation_source,"eel river, site mouth, detached biomasss from filters of surface water sample filtered trough 0.1 and 0.2um, filters combined; sampled july 2021",1,0.01
Environment,isolation_source,"nostoc spp., pcc 7120 with discovery bay inner source innoculum; bi-weekly passaging; biological replicate b; tube 170; pre-cryo endpoint",1,0.01
Environment,isolation_source,spartina anglica rhizosphere,1,0.01
Environment,isolation_source,microbial community enriched from coastal seawater on fucoidan from fucus vesiculosus; fucoidanenrichmenta_day25,1,0.01
Environment,isolation_source,phages_separeted_from_tissue,1,0.01
Environment,isolation_source,bacteria_separeted_from_swab,1,0.01
Environment,isolation_source,stool_8,1,0.01
Environment,isolation_source,stool_48,1,0.01
Environment,isolation_source,stool_34,1,0.01
Environment,isolation_source,chaohu lake,1,0.01
Environment,isolation_source,soil-5,1,0.01
Environment,isolation_source,pla was placed near hydrocarbon seepage off hatsushima island (depth: 855m) for 7 months,1,0.01
Environment,isolation_source,metagenome sample from mice fecal,1,0.01
Environment,isolation_source,native stool from s1-ken-02_r_batch4,1,0.01
Environment,isolation_source,native stool from s1-ken-12_batch1,1,0.01
Environment,isolation_source,native stool from s1-ukr-01_r_batch4,1,0.01
Environment,isolation_source,native stool from s1-ken-10_r_batch5,1,0.01
Environment,isolation_source,native stool from s1-ivc-01_batch1,1,0.01
Environment,isolation_source,infant feces29,1,0.01
Environment,isolation_source,infant feces27,1,0.01
Environment,isolation_source,faeces9,1,0.01
Environment,isolation_source,faeces8,1,0.01
Environment,isolation_source,faeces6,1,0.01
Environment,isolation_source,faeces4,1,0.01
Environment,isolation_source,rumen fluid12,1,0.01
Environment,isolation_source,rumen fluid11,1,0.01
Environment,isolation_source,ceramic substratum,1,0.01
Environment,isolation_source,pot soil,1,0.01
Environment,isolation_source,rumen liquid,1,0.01
Environment,isolation_source,feces of cattle f015200s,1,0.01
Environment,isolation_source,feces of cattle f015395,1,0.01
Environment,isolation_source,ileal content,1,0.01
Environment,isolation_source,oral swab,1,0.01
Environment,isolation_source,batch experiment_9,1,0.01
Environment,isolation_source,pond sediment,1,0.01
Environment,isolation_source,shanxi aged vinegar pei virome,1,0.01
Environment,isolation_source,sewage treatment,1,0.01
Environment,isolation_source,human sub-gingival plaque,1,0.01
Environment,isolation_source,nose/throat combined swab,1,0.01
Environment,isolation_source,peat bog (soil),1,0.01
Environment,isolation_source,shotgun metagenomics of cheese at the end of ripening sample description 60d_cheese_autumn r3,1,0.01
Environment,isolation_source,groundwater from carbonate karst sterkfontein cave,1,0.01
Environment,isolation_source,microbial consortium enriched at the cathode of a solar microbial fuel cell,1,0.01
Environment,isolation_source,fecal60,1,0.01
Environment,isolation_source,fecal39,1,0.01
Environment,isolation_source,fecal27,1,0.01
Environment,isolation_source,wine fermentation,1,0.01
Environment,isolation_source,yantai,1,0.01
Environment,isolation_source,produced fluids from hydraulically fractured shales in the powder river basin,1,0.01
Environment,isolation_source,environmental sample farm location junet1b.2 replicate 2,1,0.01
Environment,isolation_source,environmental sample farm location jant2c.3 replicate 3,1,0.01
Environment,isolation_source,environmental sample farm location jant2b.2 replicate 2,1,0.01
Environment,isolation_source,environmental sample farm location mart1e.2 replicate 2,1,0.01
Environment,isolation_source,stool95,1,0.01
Environment,isolation_source,stool94,1,0.01
Environment,isolation_source,sedimennt,1,0.01
Environment,isolation_source,sz281,1,0.01
Environment,isolation_source,vegetation sediment 35,1,0.01
Environment,isolation_source,mudflat sediment 11,1,0.01
Environment,isolation_source,adult camel feces4,1,0.01
Environment,isolation_source,30cm deep accumulation of feces1,1,0.01
Environment,isolation_source,soil netherlands 1,1,0.01
Environment,isolation_source,human fecal sample collected for microbiome study in peru,1,0.01
Environment,isolation_source,sediment_core,1,0.01
Environment,isolation_source,activated sludge tank,1,0.01
Environment,isolation_source,sea,1,0.01
Environment,isolation_source,soil from konza,1,0.01
Environment,isolation_source,rumen_holstein4,1,0.01
Environment,isolation_source,month4_mother6_oral_cavity,1,0.01
Environment,isolation_source,positive_control2,1,0.01
Environment,isolation_source,negative_control4,1,0.01
Environment,isolation_source,"rebecca's roost sulfide chimney, sediment",1,0.01
Environment,isolation_source,zn3-4,1,0.01
Environment,isolation_source,zn3-1,1,0.01
Environment,isolation_source,"=concatenate(""sink drain "", a69)",1,0.01
Environment,isolation_source,"=concatenate(""sink drain "", a106)",1,0.01
Environment,isolation_source,"=concatenate(""sink drain "", a44)",1,0.01
Environment,isolation_source,"=concatenate(""sink drain "", a92)",1,0.01
Environment,isolation_source,"=concatenate(""sink drain "", a43)",1,0.01
Environment,isolation_source,"=concatenate(""sink drain "", a14)",1,0.01
Environment,isolation_source,"coastal sediment off panarea island, sicily. block 3 site b",1,0.01
Environment,isolation_source,"coastal sediment off panarea island, sicily. block 1 site b",1,0.01
Environment,isolation_source,icu_s35: high-touch communal surface,1,0.01
Environment,isolation_source,icu_s33: plumbing-related,1,0.01
Environment,isolation_source,icu_s20: high-touch communal surface,1,0.01
Environment,isolation_source,icu_s17: patient room,1,0.01
Environment,isolation_source,icu_s14: plumbing-related,1,0.01
Environment,isolation_source,icu_s13: plumbing-related,1,0.01
Environment,isolation_source,rhizosphere soil samples,1,0.01
Environment,isolation_source,"=concatenate(""sink drain "", a36)",1,0.01
Environment,isolation_source,sludge of the membrane bioreactor (mbr) treating produced water (wastewater from fracking); tds- 70 g/l,1,0.01
Environment,isolation_source,hypersaline soil,1,0.01
Environment,isolation_source,mcskin_3_3,1,0.01
Environment,isolation_source,mcresp_5_2,1,0.01
Environment,isolation_source,brackish water sediment,1,0.01
Environment,isolation_source,sludge of the membrane bioreactor (mbr) treating produced water (wastewater from fracking); tds- 29 g/l,1,0.01
Environment,isolation_source,sludge of the membrane bioreactor (mbr) treating produced water (wastewater from fracking); tds- 100 g/l,1,0.01
Environment,isolation_source,hot spring,1,0.01
Environment,isolation_source,the leaf of sinomenium acutum,1,0.01
Environment,isolation_source,hyphosphere from healthy chili 3,1,0.01
Environment,isolation_source,soil from nematode infected balsam_pear 6,1,0.01
Environment,isolation_source,soil from nematode infected balsam_pear 1,1,0.01
Environment,isolation_source,hyphosphere from healthy eggplant 2,1,0.01
Environment,isolation_source,soil from nematode infected balsam_pear 4,1,0.01
Environment,isolation_source,soil from nematode infected balsam_pear 3,1,0.01
Environment,isolation_source,soil from healthy cucumber 2,1,0.01
Environment,isolation_source,soil from healthy balsam_pear 7,1,0.01
Environment,isolation_source,soil from nematode infected chili 8,1,0.01
Environment,isolation_source,soil from nematode infected chili 6,1,0.01
Environment,isolation_source,hyphosphere from nematode infected chili 10,1,0.01
Environment,isolation_source,soil from nematode infected cucumber 9,1,0.01
Environment,isolation_source,soil from nematode infected cucumber 5,1,0.01
Environment,isolation_source,soil from fungal treatment5,1,0.01
Environment,isolation_source,laguna loromayu,1,0.01
Environment,isolation_source,laguna hedionda,1,0.01
Environment,isolation_source,laguna colorada,1,0.01
Environment,isolation_source,peanut sample14,1,0.01
Environment,isolation_source,poultry carcass task,1,0.01
Environment,isolation_source,straw-5,1,0.01
Environment,isolation_source,soil lake,1,0.01
Environment,isolation_source,shotgun_10_photobioreactor_suspension_1,1,0.01
Environment,isolation_source,deep subsurface groundwater,1,0.01
Environment,isolation_source,lake water from pelagic zone,1,0.01
Environment,isolation_source,unburned soil,1,0.01
Environment,isolation_source,burned soil,1,0.01
Environment,isolation_source,woodchip biofilm from field wbr treating agricultural tile drainage,1,0.01
Environment,isolation_source,polar desert sand,1,0.01
Environment,isolation_source,"pelagic ocean, hydrothermal vent plume",1,0.01
Environment,isolation_source,river sediments,1,0.01
Environment,isolation_source,day-7_55c_digester 1,1,0.01
Environment,isolation_source,day-60_55c_digester 1,1,0.01
Environment,isolation_source,manure sample96,1,0.01
Environment,isolation_source,manure sample87,1,0.01
Environment,isolation_source,manure sample78,1,0.01
Environment,isolation_source,manure sample74,1,0.01
Environment,isolation_source,manure sample50,1,0.01
Environment,isolation_source,manure sample35,1,0.01
Environment,isolation_source,manure sample34,1,0.01
Environment,isolation_source,manure sample20,1,0.01
Environment,isolation_source,manure sample107,1,0.01
Environment,isolation_source,pyrite autotrophic denitrifying sludge12,1,0.01
Environment,isolation_source,surface of tobacco leaves,1,0.01
Environment,isolation_source,"metagenomic dna-seq of soil microbiome: poultry production area a, sampling 1, sample 3",1,0.01
Environment,isolation_source,sx97,1,0.01
Environment,isolation_source,sx95,1,0.01
Environment,isolation_source,sx30,1,0.01
Environment,isolation_source,sx67,1,0.01
Environment,isolation_source,sx63,1,0.01
Environment,isolation_source,mh129,1,0.01
Environment,isolation_source,sx14,1,0.01
Environment,isolation_source,mh118,1,0.01
Environment,isolation_source,sx13,1,0.01
Environment,isolation_source,mh113,1,0.01
Environment,isolation_source,meltwater from stream,1,0.01
Environment,isolation_source,estuary benthic sediment,1,0.01
Environment,isolation_source,uncolonized soil from a site where no aboveground plant tissues were observed,1,0.01
Environment,isolation_source,mesophilic biogas digester,1,0.01
Environment,isolation_source,naproxen_metagenomic,1,0.01
Environment,isolation_source,"cooked product t0 bulk, batch 3, replicate 1",1,0.01
Environment,isolation_source,"cooked product t0 bulk, batch 3, replicate 2",1,0.01
Environment,isolation_source,negative control pbs,1,0.01
Environment,isolation_source,"cooked product t10 sliced, batch 2, replicate 3",1,0.01
Environment,isolation_source,"cooked product t6 bulk, batch 2, replicate 1",1,0.01
Environment,isolation_source,"brine sampling batch 1b, replicate 2",1,0.01
Environment,isolation_source,negative control_bpw_hd_22032024,1,0.01
Environment,isolation_source,"cooked product t10 bulk, batch 2, replicate 2",1,0.01
Environment,isolation_source,edge habitat soil,1,0.01
Environment,isolation_source,zymo mick microbiome,1,0.01
Environment,isolation_source,field,1,0.01
Environment,isolation_source,id12_mom,1,0.01
Environment,isolation_source,id30_6months,1,0.01
Environment,isolation_source,id4_6months,1,0.01
Environment,isolation_source,id47_12months,1,0.01
Environment,isolation_source,id26_12months,1,0.01
Environment,isolation_source,id8_12months,1,0.01
Environment,isolation_source,id2_mom,1,0.01
Environment,isolation_source,id13_mom,1,0.01
Environment,isolation_source,id16_mom,1,0.01
Environment,isolation_source,id33_mom,1,0.01
Environment,isolation_source,id11_3months,1,0.01
Environment,isolation_source,"feathermoss mat including pleurozium schreberi (50%), ptilium crista-castrensis (40%), hylocomium splendens (10%)",1,0.01
Environment,isolation_source,fresh groundwater (well),1,0.01
Environment,isolation_source,mangrove sediment-10,1,0.01
Environment,isolation_source,mangrove sediment-11,1,0.01
Environment,isolation_source,tongue coating samples26,1,0.01
Environment,isolation_source,marine sediment core sample ssk42/6,1,0.01
Environment,isolation_source,subsurface water from deep well,1,0.01
Environment,isolation_source,soil from forest catchment,1,0.01
Environment,isolation_source,"dna from tracheal sample collected at farm unique, mogri",1,0.01
Environment,isolation_source,soil sample in contact with corroded gas transporting pipeline,1,0.01
Environment,isolation_source,human vaginal swab with spike-in,1,0.01
Environment,isolation_source,pond in sippewissett salt marsh,1,0.01
Environment,isolation_source,a simulated aquaculture system,1,0.01
Environment,isolation_source,rhizophere soil12,1,0.01
Environment,isolation_source,rhizophere soil1,1,0.01
Environment,isolation_source,asp-10078-us_1,1,0.01
Environment,isolation_source,asp-10540-us_1,1,0.01
Environment,isolation_source,asp-10505-us_1,1,0.01
Environment,isolation_source,asp-10484-us_1,1,0.01
Environment,isolation_source,asp-10473-us_1,1,0.01
Environment,isolation_source,asp-10296-us_1,1,0.01
Environment,isolation_source,asp-10043-us_1,1,0.01
Environment,isolation_source,asp-10040-us_1,1,0.01
Environment,isolation_source,asp-10662-us_1,1,0.01
Environment,isolation_source,asp-10262-us_1,1,0.01
Environment,isolation_source,asp-10252-us_1,1,0.01
Environment,isolation_source,asp-10000-us_1,1,0.01
Environment,isolation_source,asp-10215-us_1,1,0.01
Environment,isolation_source,asp-10035-us_1,1,0.01
Environment,isolation_source,asp-10627-us_1,1,0.01
Environment,isolation_source,asp-10597-us_1,1,0.01
Environment,isolation_source,asp-10425-us_1,1,0.01
Environment,isolation_source,asp-10184-us_1,1,0.01
Environment,isolation_source,asp-10183-us_1,1,0.01
Environment,isolation_source,asp-10129-us_1,1,0.01
Environment,isolation_source,asp-10126-us_1,1,0.01
Environment,isolation_source,asp-10582-us_1,1,0.01
Environment,isolation_source,asp-10574-us_1,1,0.01
Environment,isolation_source,asp-10567-us_1,1,0.01
Environment,isolation_source,asp-10557-us_1,1,0.01
Environment,isolation_source,asp-10551-us_1,1,0.01
Environment,isolation_source,asp-10550-us_1,1,0.01
Environment,isolation_source,asp-10381-us_1,1,0.01
Environment,isolation_source,asp-10376-us_1,1,0.01
Environment,isolation_source,asp-10354-us_1,1,0.01
Environment,isolation_source,maize field with maize straw return,1,0.01
Environment,isolation_source,oesophagus-pharyngeal swabs,1,0.01
Environment,isolation_source,stool_kr_0124,1,0.01
Environment,isolation_source,stool_kr_0848,1,0.01
Environment,isolation_source,stool_kr_0833,1,0.01
Environment,isolation_source,stool_kr_0832,1,0.01
Environment,isolation_source,stool_kr_0509,1,0.01
Environment,isolation_source,stool_kr_0375,1,0.01
Environment,isolation_source,stool_kr_0263,1,0.01
Environment,isolation_source,stool_kr_0258,1,0.01
Environment,isolation_source,stool_kr_0250,1,0.01
Environment,isolation_source,stool_kr_0249,1,0.01
Environment,isolation_source,stool_kr_0785,1,0.01
Environment,isolation_source,stool_kr_0766,1,0.01
Environment,isolation_source,stool_kr_0113,1,0.01
Environment,isolation_source,stool_kr_0624,1,0.01
Environment,isolation_source,stool_kr_0622,1,0.01
Environment,isolation_source,stool_kr_0602,1,0.01
Environment,isolation_source,stool_kr_0591,1,0.01
Environment,isolation_source,stool_kr_0582,1,0.01
Environment,isolation_source,stool_kr_0570,1,0.01
Environment,isolation_source,stool_kr_0447,1,0.01
Environment,isolation_source,stool_kr_0330,1,0.01
Environment,isolation_source,stool_kr_0726,1,0.01
Environment,isolation_source,stool_kr_0112,1,0.01
Environment,isolation_source,stool_kr_0712,1,0.01
Environment,isolation_source,stool_kr_0690,1,0.01
Environment,isolation_source,stool_kr_0702,1,0.01
Environment,isolation_source,stool_kr_0660,1,0.01
Environment,isolation_source,stool_kr_0614,1,0.01
Environment,isolation_source,stool_kr_0636,1,0.01
Environment,isolation_source,stool_kr_0103,1,0.01
Environment,isolation_source,stool_kr_0507,1,0.01
Environment,isolation_source,stool_kr_0478,1,0.01
Environment,isolation_source,stool_kr_0364,1,0.01
Environment,isolation_source,stool_kr_0350,1,0.01
Environment,isolation_source,stool_kr_0244,1,0.01
Environment,isolation_source,stool_kr_0156,1,0.01
Environment,isolation_source,stool_kr_0158,1,0.01
Environment,isolation_source,stool_kr_0167,1,0.01
Environment,isolation_source,stool_kr_0997,1,0.01
Environment,isolation_source,stool_kr_0992,1,0.01
Environment,isolation_source,stool_kr_0875,1,0.01
Environment,isolation_source,stool_kr_0827,1,0.01
Environment,isolation_source,stool_kr_0822,1,0.01
Environment,isolation_source,stool_kr_0696,1,0.01
Environment,isolation_source,stool_kr_0682,1,0.01
Environment,isolation_source,stool_kr_0438,1,0.01
Environment,isolation_source,stool_kr_0414,1,0.01
Environment,isolation_source,stool_kr_0422,1,0.01
Environment,isolation_source,stool_kr_0416,1,0.01
Environment,isolation_source,stool_kr_0135,1,0.01
Environment,isolation_source,stool_kr_0967,1,0.01
Environment,isolation_source,stool_kr_0977,1,0.01
Environment,isolation_source,stool_kr_0947,1,0.01
Environment,isolation_source,stool_kr_0920,1,0.01
Environment,isolation_source,1.2km subsurface dolomite aquifer,1,0.01
Environment,isolation_source,stool_kr_1029,1,0.01
Environment,isolation_source,stool_kr_1306,1,0.01
Environment,isolation_source,stool_kr_1305,1,0.01
Environment,isolation_source,stool_kr_1683,1,0.01
Environment,isolation_source,stool_kr_1671,1,0.01
Environment,isolation_source,stool_kr_1670,1,0.01
Environment,isolation_source,stool_kr_1621,1,0.01
Environment,isolation_source,stool_kr_1596,1,0.01
Environment,isolation_source,stool_kr_1595,1,0.01
Environment,isolation_source,stool_kr_1525,1,0.01
Environment,isolation_source,stool_kr_1521,1,0.01
Environment,isolation_source,stool_kr_1508,1,0.01
Environment,isolation_source,stool_kr_1410,1,0.01
Environment,isolation_source,stool_kr_1409,1,0.01
Environment,isolation_source,stool_kr_1408,1,0.01
Environment,isolation_source,stool_kr_1406,1,0.01
Environment,isolation_source,stool_kr_1215,1,0.01
Environment,isolation_source,stool_kr_1212,1,0.01
Environment,isolation_source,stool_kr_1187,1,0.01
Environment,isolation_source,stool_kr_1171,1,0.01
Environment,isolation_source,stool_kr_1077,1,0.01
Environment,isolation_source,stool_kr_1710,1,0.01
Environment,isolation_source,stool_kr_1069,1,0.01
Environment,isolation_source,stool_kr_1592,1,0.01
Environment,isolation_source,stool_kr_1582,1,0.01
Environment,isolation_source,stool_kr_1576,1,0.01
Environment,isolation_source,stool_kr_1545,1,0.01
Environment,isolation_source,stool_kr_1488,1,0.01
Environment,isolation_source,stool_kr_1464,1,0.01
Environment,isolation_source,stool_kr_1458,1,0.01
Environment,isolation_source,stool_kr_1043,1,0.01
Environment,isolation_source,stool_kr_1433,1,0.01
Environment,isolation_source,stool_kr_1255,1,0.01
Environment,isolation_source,stool_kr_1249,1,0.01
Environment,isolation_source,stool_kr_1248,1,0.01
Environment,isolation_source,stool_kr_1165,1,0.01
Environment,isolation_source,stool_kr_1016,1,0.01
Environment,isolation_source,stool_kr_1147,1,0.01
Environment,isolation_source,stool_kr_1352,1,0.01
Environment,isolation_source,stool_kr_1339,1,0.01
Environment,isolation_source,stool_kr_1300,1,0.01
Environment,isolation_source,stool_kr_1271,1,0.01
Environment,isolation_source,stool_kr_1289,1,0.01
Environment,isolation_source,stool_kr_1134,1,0.01
Environment,isolation_source,stool_kr_1089,1,0.01
Environment,isolation_source,stool_kr_1704,1,0.01
Environment,isolation_source,virmock1_malbac_17cycles_37b,1,0.01
Environment,isolation_source,virmock1_malbac_17cycles_34b,1,0.01
Environment,isolation_source,virmock1_63b,1,0.01
Environment,isolation_source,virmock1_51b,1,0.01
Environment,isolation_source,virmock1_50c,1,0.01
Environment,isolation_source,virmock1_50b,1,0.01
Environment,isolation_source,virmock1_50a,1,0.01
Environment,isolation_source,virmock1_48b,1,0.01
Environment,isolation_source,virmock1_genomiphi_37a,1,0.01
Environment,isolation_source,stool.neat.2.dna,1,0.01
Environment,isolation_source,virmock1_pta_35c,1,0.01
Environment,isolation_source,virmock1_pta_68a,1,0.01
Environment,isolation_source,virmock1_1003b,1,0.01
Environment,isolation_source,virmock1_1002b,1,0.01
Environment,isolation_source,virmock1_56c,1,0.01
Environment,isolation_source,creosote-contaminated sediments,1,0.01
Environment,isolation_source,sichuan university2,1,0.01
Environment,isolation_source,chongqing institute of green and intelligent technology4,1,0.01
Environment,isolation_source,zhongnan hospital of wuhan university43,1,0.01
Environment,isolation_source,zhongnan hospital of wuhan university39,1,0.01
Environment,isolation_source,zhongnan hospital of wuhan university27,1,0.01
Environment,isolation_source,virmock1_48b_1000,1,0.01
Environment,isolation_source,virmock1_50c_300,1,0.01
Environment,isolation_source,virmock1_47b_1000,1,0.01
Environment,isolation_source,virmock1_49c_300,1,0.01
Environment,isolation_source,virmock1_49b_300,1,0.01
Environment,isolation_source,mb10678_2,1,0.01
Environment,isolation_source,mb07117_2,1,0.01
Environment,isolation_source,mb07134_1,1,0.01
Environment,isolation_source,mb00831_2,1,0.01
Environment,isolation_source,mb06270_2,1,0.01
Environment,isolation_source,mb06231_1,1,0.01
Environment,isolation_source,mb06176_1,1,0.01
Environment,isolation_source,mb06046_3,1,0.01
Environment,isolation_source,mb05994_2,1,0.01
Environment,isolation_source,mb03082_2,1,0.01
Environment,isolation_source,mb11461_2,1,0.01
Environment,isolation_source,mb11450_1,1,0.01
Environment,isolation_source,mb09022_2,1,0.01
Environment,isolation_source,mb03332_2,1,0.01
Environment,isolation_source,mb03279_2,1,0.01
Environment,isolation_source,mb03177_2,1,0.01
Environment,isolation_source,mb01775_2,1,0.01
Environment,isolation_source,mb01836_1,1,0.01
Environment,isolation_source,mb11707_2,1,0.01
Environment,isolation_source,mb10627_1,1,0.01
Environment,isolation_source,mb10266_1,1,0.01
Environment,isolation_source,mb09457_5,1,0.01
Environment,isolation_source,mb09271_2,1,0.01
Environment,isolation_source,mb09135_2,1,0.01
Environment,isolation_source,mb09130_1,1,0.01
Environment,isolation_source,mb08205_1,1,0.01
Environment,isolation_source,mb08358_1,1,0.01
Environment,isolation_source,mb06791_1,1,0.01
Environment,isolation_source,mb05827_1,1,0.01
Environment,isolation_source,mb05622_1,1,0.01
Environment,isolation_source,mb05258_1,1,0.01
Environment,isolation_source,mb05508_2,1,0.01
Environment,isolation_source,mb04314_4,1,0.01
Environment,isolation_source,mb02768_2,1,0.01
Environment,isolation_source,mb02748_2,1,0.01
Environment,isolation_source,mb02485_1,1,0.01
Environment,isolation_source,mb01412_1,1,0.01
Environment,isolation_source,mb08068_1,1,0.01
Environment,isolation_source,mb08032_2,1,0.01
Environment,isolation_source,mb00726_2,1,0.01
Environment,isolation_source,mb06790_2,1,0.01
Environment,isolation_source,mb05302_1,1,0.01
Environment,isolation_source,mb05261_2,1,0.01
Environment,isolation_source,mb05025_1,1,0.01
Environment,isolation_source,mb05261_1,1,0.01
Environment,isolation_source,mb03657_2,1,0.01
Environment,isolation_source,mb02301_1,1,0.01
Environment,isolation_source,mb02065_3,1,0.01
Environment,isolation_source,mb11415_2,1,0.01
Environment,isolation_source,mb11209_3,1,0.01
Environment,isolation_source,mb11209_10,1,0.01
Environment,isolation_source,mb10138_1,1,0.01
Environment,isolation_source,mb09844_2,1,0.01
Environment,isolation_source,mb09791_1,1,0.01
Environment,isolation_source,mb08718_1,1,0.01
Environment,isolation_source,mb07874_2,1,0.01
Environment,isolation_source,mb04860_2,1,0.01
Environment,isolation_source,mb04335_1,1,0.01
Environment,isolation_source,lanzhou university1,1,0.01
Environment,isolation_source,natural photosynthetic diazotroph trichodesmium 'puff' morphotype colonies incubated in filtered sea water with a heterotrophic bacteria,1,0.01
Environment,isolation_source,agricultural soil from plot planted with sorghum,1,0.01
Environment,isolation_source,microbial enrichement of sample jl218outside under aerobic and 40 degree celsius condition supplemented with sphalerite,1,0.01
Environment,isolation_source,forest topsoil collected from the site of 2014 king fire and incubated in lab,1,0.01
Environment,isolation_source,wt-12h-1,1,0.01
Environment,isolation_source,wt-fs-6h-2,1,0.01
Environment,isolation_source,control-0h-3,1,0.01
Environment,isolation_source,lankc-fs-0h-3,1,0.01
Environment,isolation_source,microbial enrichement of sample bc14 under aerobic and 30 degree celsius condition supplemented with chalcopyrite,1,0.01
Environment,isolation_source,sediment core,1,0.01
Environment,isolation_source,cold seep96,1,0.01
Environment,isolation_source,cold seep126,1,0.01
Environment,isolation_source,hydrothermal vent115,1,0.01
Environment,isolation_source,hydrothermal vent14,1,0.01
Environment,isolation_source,10 years of continuous tomato cropping-replicate 4,1,0.01
Environment,isolation_source,20 years of continuous tomato cropping-replicate 2,1,0.01
Environment,isolation_source,0_year_3,1,0.01
Environment,isolation_source,substrate,1,0.01
Environment,isolation_source,hot springs,1,0.01
Environment,isolation_source,lower respiratory tract specimen,1,0.01
Environment,isolation_source,surface ocean water,1,0.01
Environment,isolation_source,chernozem soil; cultivated on organosulfonate medium for three weeks,1,0.01
Environment,isolation_source,chernozem soil; cultivated on organosulfonate medium for two weeks,1,0.01
Environment,isolation_source,chernozem soil; cultivated on humate medium for two weeks,1,0.01
Environment,isolation_source,chernozem soil; cultivated on organosulfonate medium for one week,1,0.01
Environment,isolation_source,greenish brown multi-layered microbial mat sheets from rabigh lagoon,1,0.01
Environment,isolation_source,the cecum of a mice,1,0.01
Environment,isolation_source,kitchen waste composting exogenous bacteria mesophilic phase day 2,1,0.01
Environment,isolation_source,kitchen waste composting with exogenous bacteria mesophilic phase day 0,1,0.01
Environment,isolation_source,mb13675_1_r1_001,1,0.01
Environment,isolation_source,mb16376_1_r1_001,1,0.01
Environment,isolation_source,mb16413_1_r2_001,1,0.01
Environment,isolation_source,mb16423_1_r1_001,1,0.01
Environment,isolation_source,mb14765_1_r2_001,1,0.01
Environment,isolation_source,mb14046_1_r1_001,1,0.01
Environment,isolation_source,mb16277_2_r2_001,1,0.01
Environment,isolation_source,healthy rhizopalne 3 dna,1,0.01
Environment,isolation_source,mb13510_1_r1_001,1,0.01
Environment,isolation_source,mb13448_1_r2_001,1,0.01
Environment,isolation_source,mb14931_2_r1_001,1,0.01
Environment,isolation_source,mb15001_1_r1_001,1,0.01
Environment,isolation_source,mb13398_2_r1_001,1,0.01
Environment,isolation_source,mb14454_2_r1_001,1,0.01
Environment,isolation_source,mb14447_1_r1_001,1,0.01
Environment,isolation_source,mb14436_1_r2_001,1,0.01
Environment,isolation_source,mb14500_1_r1_001,1,0.01
Environment,isolation_source,mb13839_1_r1_001,1,0.01
Environment,isolation_source,mb13740_1_r1_001,1,0.01
Environment,isolation_source,mb13715_1_r2_001,1,0.01
Environment,isolation_source,mb16028_2_r1_001,1,0.01
Environment,isolation_source,mb14910_1_r2_001,1,0.01
Environment,isolation_source,mb14867_2_r1_001,1,0.01
Environment,isolation_source,mb14284_1_r1_001,1,0.01
Environment,isolation_source,mb15933_1_r1_001,1,0.01
Environment,isolation_source,mb15930_1_r1_001,1,0.01
Environment,isolation_source,mb15883_1_r1_001,1,0.01
Environment,isolation_source,mb15874_1_r1_001,1,0.01
Environment,isolation_source,mb15271_1_r1_001,1,0.01
Environment,isolation_source,mb13475_1_r2_001,1,0.01
Environment,isolation_source,mb14863_1_r1_001,1,0.01
Environment,isolation_source,mb14360_1_r2_001,1,0.01
Environment,isolation_source,mb14255_1_r2_001,1,0.01
Environment,isolation_source,mb13378_2_r2_001,1,0.01
Environment,isolation_source,mb10911_2_r1_001,1,0.01
Environment,isolation_source,mb10791_1_r1_001,1,0.01
Environment,isolation_source,mb12446_1_r2_001,1,0.01
Environment,isolation_source,mb11299_1_r1_001,1,0.01
Environment,isolation_source,mb10630_1_r1_001,1,0.01
Environment,isolation_source,mb12313_1_r1_001,1,0.01
Environment,isolation_source,mb12285_1_r1_001,1,0.01
Environment,isolation_source,mb11514_2_r1_001,1,0.01
Environment,isolation_source,mb10115_1_r2_001,1,0.01
Environment,isolation_source,mb10579_1_r1_001,1,0.01
Environment,isolation_source,mb10484_1_r2_001,1,0.01
Environment,isolation_source,mb10104_1_r2_001,1,0.01
Environment,isolation_source,mb12928_1_r2_001,1,0.01
Environment,isolation_source,mb12617_1_r1_001,1,0.01
Environment,isolation_source,mb12538_1_r1_001,1,0.01
Environment,isolation_source,mb12139_1_r2_001,1,0.01
Environment,isolation_source,mb12126_1_r1_001,1,0.01
Environment,isolation_source,mb12044_1_r1_001,1,0.01
Environment,isolation_source,mb12003_1_r1_001,1,0.01
Environment,isolation_source,mb11841_1_r1_001,1,0.01
Environment,isolation_source,mb11228_1_r2_001,1,0.01
Environment,isolation_source,mb11209_1_r1_001,1,0.01
Environment,isolation_source,mb11177_2_r1_001,1,0.01
Environment,isolation_source,mb10360_1_r1_001,1,0.01
Environment,isolation_source,mb13322_1_r1_001,1,0.01
Environment,isolation_source,mb11597_1_r1_001,1,0.01
Environment,isolation_source,mb11578_1_r1_001,1,0.01
Environment,isolation_source,mb09752_1_r1_001,1,0.01
Environment,isolation_source,mb08968_1_r1_001,1,0.01
Environment,isolation_source,mb08114_2_r1_001,1,0.01
Environment,isolation_source,mb07835_1_r1_001,1,0.01
Environment,isolation_source,mb07816_1_r1_001,1,0.01
Environment,isolation_source,mb09995_1_r1_001,1,0.01
Environment,isolation_source,mb09985_1_r1_001,1,0.01
Environment,isolation_source,mb09945_2_r1_001,1,0.01
Environment,isolation_source,mb09945_1_r2_001,1,0.01
Environment,isolation_source,mb07120_2_r2_001,1,0.01
Environment,isolation_source,mb09652_1_r1_001,1,0.01
Environment,isolation_source,mb09646_1_r1_001,1,0.01
Environment,isolation_source,mb09637_2_r1_001,1,0.01
Environment,isolation_source,mb07010_1_r2_001,1,0.01
Environment,isolation_source,mb08420_1_r1_001,1,0.01
Environment,isolation_source,mb08410_2_r1_001,1,0.01
Environment,isolation_source,mb06852_1_r1_001,1,0.01
Environment,isolation_source,mb07534_1_r1_001,1,0.01
Environment,isolation_source,mb07439_1_r1_001,1,0.01
Environment,isolation_source,mb07383_2_r1_001,1,0.01
Environment,isolation_source,mb10089_1_r1_001,1,0.01
Environment,isolation_source,mb09227_2_r1_001,1,0.01
Environment,isolation_source,mb09145_1_r1_001,1,0.01
Environment,isolation_source,mb08171_1_r1_001,1,0.01
Environment,isolation_source,mb07971_1_r1_001,1,0.01
Environment,isolation_source,mb07935_1_r2_001,1,0.01
Environment,isolation_source,mb07887_1_r1_001,1,0.01
Environment,isolation_source,mb07840_1_r2_001,1,0.01
Environment,isolation_source,mb07371_1_r1_001,1,0.01
Environment,isolation_source,mb06846_1_r1_001,1,0.01
Environment,isolation_source,mb07268_1_r2_001,1,0.01
Environment,isolation_source,mb07241_1_r1_001,1,0.01
Environment,isolation_source,mb07238_1_r1_001,1,0.01
Environment,isolation_source,mb07236_1_r1_001,1,0.01
Environment,isolation_source,mb07215_1_r1_001,1,0.01
Environment,isolation_source,mb17440_1_r1_001,1,0.01
Environment,isolation_source,mb17439_1_r2_001,1,0.01
Environment,isolation_source,mb17111_2_r1_001,1,0.01
Environment,isolation_source,mb18928_1_r1_001,1,0.01
Environment,isolation_source,mb17830_1_r1_001,1,0.01
Environment,isolation_source,mb17825_2_r2_001,1,0.01
Environment,isolation_source,mb17790_1_r1_001,1,0.01
Environment,isolation_source,mb17056_1_r1_001,1,0.01
Environment,isolation_source,mb17005_2_r1_001,1,0.01
Environment,isolation_source,mb16990_1_r1_001,1,0.01
Environment,isolation_source,mb18376_1_r1_001,1,0.01
Environment,isolation_source,mb18305_1_r1_001,1,0.01
Environment,isolation_source,mb17317_1_r2_001,1,0.01
Environment,isolation_source,mb17273_1_r1_001,1,0.01
Environment,isolation_source,mb16763_1_r1_001,1,0.01
Environment,isolation_source,mb16667_1_r1_001,1,0.01
Environment,isolation_source,mb19064_1_r2_001,1,0.01
Environment,isolation_source,mb19064_1_r1_001,1,0.01
Environment,isolation_source,mb19037_1_r1_001,1,0.01
Environment,isolation_source,mb18997_2_r1_001,1,0.01
Environment,isolation_source,mb17952_1_r1_001,1,0.01
Environment,isolation_source,mb18192_1_r1_001,1,0.01
Environment,isolation_source,mb04221_1_r1_001,1,0.01
Environment,isolation_source,mb03550_1_r1_001,1,0.01
Environment,isolation_source,mb06127_1_r1_001,1,0.01
Environment,isolation_source,mb06008_1_r1_001,1,0.01
Environment,isolation_source,mb05345_1_r1_001,1,0.01
Environment,isolation_source,mb05335_1_r1_001,1,0.01
Environment,isolation_source,mb05310_1_r2_001,1,0.01
Environment,isolation_source,mb05310_1_r1_001,1,0.01
Environment,isolation_source,mb05245_1_r2_001,1,0.01
Environment,isolation_source,mb05047_1_r1_001,1,0.01
Environment,isolation_source,mb04962_1_r2_001,1,0.01
Environment,isolation_source,mb04054_1_r2_001,1,0.01
Environment,isolation_source,mb03992_1_r1_001,1,0.01
Environment,isolation_source,mb03983_1_r2_001,1,0.01
Environment,isolation_source,mb03915_1_r1_001,1,0.01
Environment,isolation_source,mb06680_1_r2_001,1,0.01
Environment,isolation_source,mb06560_1_r2_001,1,0.01
Environment,isolation_source,mb06485_1_r1_001,1,0.01
Environment,isolation_source,mb05991_1_r1_001,1,0.01
Environment,isolation_source,mb05969_1_r2_001,1,0.01
Environment,isolation_source,mb05914_1_r1_001,1,0.01
Environment,isolation_source,mb05840_1_r1_001,1,0.01
Environment,isolation_source,mb05831_1_r2_001,1,0.01
Environment,isolation_source,mb05675_1_r2_001,1,0.01
Environment,isolation_source,mb04174_1_r1_001,1,0.01
Environment,isolation_source,mb04072_1_r1_001,1,0.01
Environment,isolation_source,mb03799_1_r2_001,1,0.01
Environment,isolation_source,mb06293_1_r2_001,1,0.01
Environment,isolation_source,mb05111_1_r1_001,1,0.01
Environment,isolation_source,mb04728_1_r1_001,1,0.01
Environment,isolation_source,mb03257_1_r2_001,1,0.01
Environment,isolation_source,mb04800_1_r2_001,1,0.01
Environment,isolation_source,mb04795_1_r1_001,1,0.01
Environment,isolation_source,mb04384_1_r1_001,1,0.01
Environment,isolation_source,mb04273_1_r1_001,1,0.01
Environment,isolation_source,mb04250_1_r1_001,1,0.01
Environment,isolation_source,mb02621_1_r2_001,1,0.01
Environment,isolation_source,mb02621_1_r1_001,1,0.01
Environment,isolation_source,mb01996_1_r1_001,1,0.01
Environment,isolation_source,mb00146_2_r1_001,1,0.01
Environment,isolation_source,mb01389_1_r1_001,1,0.01
Environment,isolation_source,mb01353_1_r1_001,1,0.01
Environment,isolation_source,mb00008_2_r1_001,1,0.01
Environment,isolation_source,mb00833_1_r1_001,1,0.01
Environment,isolation_source,mb00243_1_r2_001,1,0.01
Environment,isolation_source,mb02544_1_r1_001,1,0.01
Environment,isolation_source,mb02509_1_r2_001,1,0.01
Environment,isolation_source,mb01831_1_r1_001,1,0.01
Environment,isolation_source,mb01824_1_r2_001,1,0.01
Environment,isolation_source,mb00131_2_r1_001,1,0.01
Environment,isolation_source,mb01700_1_r1_001,1,0.01
Environment,isolation_source,mb01073_1_r1_001,1,0.01
Environment,isolation_source,mb01027_1_r1_001,1,0.01
Environment,isolation_source,mb00667_2_r1_001,1,0.01
Environment,isolation_source,mb00606_1_r1_001,1,0.01
Environment,isolation_source,mb00053_2_r1_001,1,0.01
Environment,isolation_source,mb02303_1_r1_001,1,0.01
Environment,isolation_source,mb02269_1_r1_001,1,0.01
Environment,isolation_source,mb02194_1_r1_001,1,0.01
Environment,isolation_source,mb02154_1_r2_001,1,0.01
Environment,isolation_source,mb01564_1_r2_001,1,0.01
Environment,isolation_source,mb00442_1_r1_001,1,0.01
Environment,isolation_source,mb00418_1_r1_001,1,0.01
Environment,isolation_source,mb00417_1_r1_001,1,0.01
Environment,isolation_source,mb02091_1_r1_001,1,0.01
Environment,isolation_source,mb02035_1_r1_001,1,0.01
Environment,isolation_source,mb00120_1_r1_001,1,0.01
Environment,isolation_source,mb01445_1_r2_001,1,0.01
Environment,isolation_source,salt crust,1,0.01
Environment,isolation_source,specific pathogen-free (spf) grade,1,0.01
Environment,isolation_source,nitrosopumilus enrichment culture from baltic sea water,1,0.01
Environment,isolation_source,forestomach contents,1,0.01
Environment,isolation_source,tso moriri lake sediment,1,0.01
Environment,isolation_source,black soldier fly larvae frass 3,1,0.01
Environment,isolation_source,decomposed rice straw 3,1,0.01
Environment,isolation_source,cooling water,1,0.01
Environment,isolation_source,3-20um fraction,1,0.01
Environment,isolation_source,liquid medium 21,1,0.01
Environment,isolation_source,bark,1,0.01
Environment,isolation_source,mediterranean seawater enriched with a specific particulate matter,1,0.01
Environment,isolation_source,maize field soil_treated-before,1,0.01
Environment,isolation_source,raceway pond,1,0.01
Environment,isolation_source,salt pan sediment,1,0.01
Environment,isolation_source,epiphytic biofilm on the surface of healthy saccharina japonica blade,1,0.01
Environment,isolation_source,mouse_feces_06,1,0.01
Environment,isolation_source,mouse_feces_36,1,0.01
Environment,isolation_source,mouse_feces_12,1,0.01
Environment,isolation_source,rectal swab from f_rc111,1,0.01
Environment,isolation_source,rectal swab from f_rc103,1,0.01
Environment,isolation_source,rectal swab from f_r0089,1,0.01
Environment,isolation_source,rectal swab from f_rc117,1,0.01
Environment,isolation_source,rectal swab from f_r0015,1,0.01
Environment,isolation_source,rectal swab from f_r0167,1,0.01
Environment,isolation_source,layer,1,0.01
Environment,isolation_source,sample pc51mix; 0-6 cm and 9-15 cm from methane seep sediment push core,1,0.01
Environment,isolation_source,infant 1 dol 6 skin,1,0.01
Environment,isolation_source,infant 1 dol 10 gut,1,0.01
Environment,isolation_source,infant 2 dol 19 gut,1,0.01
Environment,isolation_source,mock community,1,0.01
Environment,isolation_source,8 single cells amplified by mda from gut homogenate,1,0.01
Environment,isolation_source,sample hight_co2; 750 ppm co2 replicate sample taken 4 years after the start of the enrichment culture,1,0.01
Environment,isolation_source,produced water originating from a coalbed methane well,1,0.01
Environment,isolation_source,sediment 19ft,1,0.01
Environment,isolation_source,"el dorado national forest, georgetown, california, usa",1,0.01
Environment,isolation_source,"manhattan, kansas, usa",1,0.01
Environment,isolation_source,"angelo coastal reserve, california, usa",1,0.01
Environment,isolation_source,"kellog biological station, michigan, usa",1,0.01
Environment,isolation_source,ovicells,1,0.01
Environment,isolation_source,"prospect hill, petersham, ma, usa",1,0.01
Environment,isolation_source,"wisconsin, usa",1,0.01
Environment,isolation_source,"davis, california, usa",1,0.01
Environment,isolation_source,nm17-1,1,0.01
Environment,isolation_source,mg15-2,1,0.01
Environment,isolation_source,mgj16,1,0.01
Environment,isolation_source,mgj10,1,0.01
Environment,isolation_source,commercial bagged,1,0.01
Environment,isolation_source,australia,1,0.01
Environment,isolation_source,feces of non-human primates,1,0.01
Environment,isolation_source,lymphatic node biopsy,1,0.01
Environment,isolation_source,biopsy of a nasal polyp,1,0.01
Environment,isolation_source,"surface water ice collected from the central basin area, ~30 miles of shore cleveland",1,0.01
Environment,isolation_source,70 m water sample filtered on 0.2 um supor filter,1,0.01
Environment,isolation_source,300 m water sample filtered on 0.2 um supor filter,1,0.01
Environment,isolation_source,fermented_meat,1,0.01
Environment,isolation_source,ice cream27,1,0.01
Environment,isolation_source,ice cream12,1,0.01
Environment,isolation_source,ice cream14,1,0.01
Environment,isolation_source,ecuadorean shrimping,1,0.01
Environment,isolation_source,active sludge of municipal wastewater-treating anaerobic digesters,1,0.01
Environment,isolation_source,anaerobic biogas reactor,1,0.01
Environment,isolation_source,z4_2,1,0.01
Environment,isolation_source,m2,1,0.01
Environment,isolation_source,household tap filter,1,0.01
Environment,isolation_source,fresh pollen from behives,1,0.01
Environment,isolation_source,uhuru_lmh_c_2,1,0.01
Environment,isolation_source,capybara group feces,1,0.01
Environment,isolation_source,mid jejunum content,1,0.01
Environment,isolation_source,distal jejunum content,1,0.01
Environment,isolation_source,orangutan group feces,1,0.01
Environment,isolation_source,"madison, wisconsin, usa",1,0.01
Environment,isolation_source,site r2a water,1,0.01
Environment,isolation_source,labiotermes labralis p4,1,0.01
Environment,isolation_source,embiratermes neotenicus p3,1,0.01
Environment,isolation_source,coral host,1,0.01
Environment,isolation_source,lake erie western basin algal bloom,1,0.01
Environment,isolation_source,"twitchell island, sacramento and san joaquin delta, california, usa",1,0.01
Environment,isolation_source,antarctic dry valleys,1,0.01
Environment,isolation_source,"university of north carolina, usa",1,0.01
Environment,isolation_source,"saanich inlet, british columbia, canada",1,0.01
Environment,isolation_source,"monterey bay, california, usa",1,0.01
Environment,isolation_source,"cape town, south africa",1,0.01
Environment,isolation_source,vaginal introitus,1,0.01
Environment,isolation_source,chest skin,1,0.01
Environment,isolation_source,cryoconite sampled 20 cm from tas-l-c2a,1,0.01
Environment,isolation_source,cryoconite sampled 20 cm from tas-l-b3a,1,0.01
Environment,isolation_source,cryoconite sampled 500 meters from kan-p-b and 1 km from kan-p-a and 10 meters from kan-p-c2,1,0.01
Environment,isolation_source,sludge of nerium oleander,1,0.01
Environment,isolation_source,gut metagenome (dna seq) of mice fed with solid fructose,1,0.01
Environment,isolation_source,boreonemoral mixed forest,1,0.01
Environment,isolation_source,electrode biofilms and homoacetogenic and sulfate reducing bacteria,1,0.01
Environment,isolation_source,31 hong kong dollars banknotes,1,0.01
Environment,isolation_source,28 hong kong dollars banknotes,1,0.01
Environment,isolation_source,22 hong kong dollars banknotes,1,0.01
Environment,isolation_source,biodigester,1,0.01
Environment,isolation_source,mine wastewater; tailings dewatering run-off,1,0.01
Environment,isolation_source,"max planck institute for marine microbiology, germany",1,0.01
Environment,isolation_source,"university of california, santa cruz, usa",1,0.01
Environment,isolation_source,bone and joint infection sample 46,1,0.01
Environment,isolation_source,bone and joint infection sample 19,1,0.01
Environment,isolation_source,bone and joint infection sample 4,1,0.01
Environment,isolation_source,wild environment,1,0.01
Environment,isolation_source,aqueous sample,1,0.01
Environment,isolation_source,"south georgia island, atlantic ocean",1,0.01
Environment,isolation_source,filter of ocean water sample,1,0.01
Environment,isolation_source,soft coal slag collected after removing a 10 cm top layer using a shovel from site rh1 mg,1,0.01
Environment,isolation_source,unperturbed air over midwestern usa,1,0.01
Environment,isolation_source,mixed endophytic bacteria from arabidopsis ecotype col-0 in clayton soil grown on cl soil media,1,0.01
Environment,isolation_source,mixed endophytic bacteria from arabidopsis ecotype col-0 in clayton soil grown on 1/50th strength tsa media,1,0.01
Environment,isolation_source,manitowoc influent,1,0.01
Environment,isolation_source,activated sludge of sewage treatment plant in hong hong,1,0.01
Environment,isolation_source,conventional feedlot,1,0.01
Environment,isolation_source,"sample s0586, cruise bats174, 80 m depth",1,0.01
Environment,isolation_source,"sample s0527, cruise hot166, 175 m depth",1,0.01
Environment,isolation_source,"sample s0594, cruise bats187, 1 m depth",1,0.01
Environment,isolation_source,"sample s0607, cruise bats176, 100 m depth",1,0.01
Environment,isolation_source,"sample s0622, cruise bats191, 120 m depth",1,0.01
Environment,isolation_source,"sample s0621, cruise bats191, 1 m depth",1,0.01
Environment,isolation_source,lab-scale mainstream anammox mbbr,1,0.01
Environment,isolation_source,clonal culture of asterionella formosa bg1 isolated from esthwaite water,1,0.01
Environment,isolation_source,"hot lake, washington, usa",1,0.01
Environment,isolation_source,"lake montjoie, canada",1,0.01
Environment,isolation_source,soil from the bank of a stream,1,0.01
Environment,isolation_source,rhizosphere/roots of spruce and pine,1,0.01
Environment,isolation_source,alpine/subalpine bogs - sphagnum fallax,1,0.01
Environment,isolation_source,fracked well,1,0.01
Environment,isolation_source,biocrust samples from the green butte site near canyonlands national park along an apparent maturity gradient of cyanobacteria-dominated biocrusts,1,0.01
Environment,isolation_source,diffuse flow seawater,1,0.01
Environment,isolation_source,single stage anaerobic digester replicate1-pre hydrogen,1,0.01
Environment,isolation_source,estuary sediment,1,0.01
Environment,isolation_source,food market,1,0.01
Environment,isolation_source,poultry farm,1,0.01
Environment,isolation_source,formation water,1,0.01
Environment,isolation_source,samples were filtered to recover viral particles,1,0.01
Environment,isolation_source,double stage anaerobic digester acidogenic replicate3-post hydrogen,1,0.01
Environment,isolation_source,iron palque metagenome,1,0.01
Environment,isolation_source,subsurface aquifer,1,0.01
Environment,isolation_source,pond sf2 water,1,0.01
Environment,isolation_source,catfish farming tank water,1,0.01
Environment,isolation_source,worm-infected human stool,1,0.01
Environment,isolation_source,faecal of p33,1,0.01
Environment,isolation_source,faecal of p36,1,0.01
Environment,isolation_source,faecal of p45,1,0.01
Environment,isolation_source,faecal of h22,1,0.01
Environment,isolation_source,faecal of h27,1,0.01
Environment,isolation_source,faecal of prf15,1,0.01
Environment,isolation_source,lo.m.2.2,1,0.01
Environment,isolation_source,soil sample collected from the site of a burning grass pile,1,0.01
Environment,isolation_source,exp tend vb 10ww,1,0.01
Environment,isolation_source,osu colony tick,1,0.01
Environment,isolation_source,human mouth,1,0.01
Environment,isolation_source,peat 60-70cm depth,1,0.01
Environment,isolation_source,"s. glens falls, new york, usa",1,0.01
Environment,isolation_source,"a23 p1 aerobic enrichment on pine of planktonic cells taken from a salt flat in the south bay, ca",1,0.01
Environment,isolation_source,"bioluminescent bay, la paraguera, puerto rico",1,0.01
Environment,isolation_source,"browns valley, california, usa",1,0.01
Environment,isolation_source,"algoma, ontario, canada",1,0.01
Environment,isolation_source,"thunder bay, ontario, canada",1,0.01
Environment,isolation_source,tidal flat sediments of yangtze estuary,1,0.01
Environment,isolation_source,assembly of 11 fecal samples from infant 14 collected in jan 2012,1,0.01
Environment,isolation_source,assembly of 18 fecal samples from infant 3 collected between nov 2011 and jan 2012,1,0.01
Environment,isolation_source,assembly of 11 fecal samples from infant 4 collected in nov and dec 2011,1,0.01
Environment,isolation_source,assembly of 21 fecal samples from infant 19 collected between feb and apr 2012,1,0.01
Environment,isolation_source,"fecal sample from infant n5_242 dol 11, sample 1",1,0.01
Environment,isolation_source,"fecal sample from infant n5_234 dol 15, sample 1",1,0.01
Environment,isolation_source,"fecal sample from infant n5_272 dol 6, sample 1",1,0.01
Environment,isolation_source,"fecal sample from infant n5_254 dol 5, sample 1",1,0.01
Environment,isolation_source,"fecal sample from infant n5_225 dol 45, sample 1",1,0.01
Environment,isolation_source,"fecal sample from infant n5_249 dol 38, sample 1",1,0.01
Environment,isolation_source,"fecal sample from infant n5_265 dol 41, sample 1",1,0.01
Environment,isolation_source,"fecal sample from infant n5_225 dol 12, sample 1",1,0.01
Environment,isolation_source,"fecal sample from infant n5_271 dol 10, sample 1",1,0.01
Environment,isolation_source,"fecal sample from infant n5_242 dol 50, sample 1",1,0.01
Environment,isolation_source,"fecal sample from infant n5_243 dol 5, sample 1",1,0.01
Environment,isolation_source,"fecal sample from infant n5_261 dol 6, sample 1",1,0.01
Environment,isolation_source,"fecal sample from infant n5_234 dol 74, sample 1",1,0.01
Environment,isolation_source,"fecal sample from infant n5_215 dol 50, sample 1",1,0.01
Environment,isolation_source,ganges river,1,0.01
Environment,isolation_source,benthic seawater,1,0.01
Environment,isolation_source,regenerated saltmarsh,1,0.01
Environment,isolation_source,sludge from phenol fed wastewater aerobic bioreactor b,1,0.01
Environment,isolation_source,sample_ht3,1,0.01
Environment,isolation_source,sample_hmn7,1,0.01
Environment,isolation_source,sample_hmn1,1,0.01
Environment,isolation_source,sample_xmy2,1,0.01
Environment,isolation_source,sample_xm4,1,0.01
Environment,isolation_source,sample_xt9,1,0.01
Environment,isolation_source,sample_xmy5,1,0.01
Environment,isolation_source,advanced water processing facility influent no rt control,1,0.01
Environment,isolation_source,advanced water processing facility mf biofilm,1,0.01
Environment,isolation_source,advanced water processing facility ro biofilm,1,0.01
Environment,isolation_source,biopsy of large skin tag,1,0.01
Environment,isolation_source,biopsy of wart from sample 4,1,0.01
Environment,isolation_source,"wart biopsy buttocks, periannal",1,0.01
Environment,isolation_source,biopsy of wart on 4th finger,1,0.01
Environment,isolation_source,"skin swabs of warts, site of confirmed carcinoma and clear skin",1,0.01
Environment,isolation_source,skin swabs undisclosed body parts,1,0.01
Environment,isolation_source,scraping of treatment resistant wart on sole of r foot,1,0.01
Environment,isolation_source,"skin swabs of warts decreasing in size on r hand dorsal 4th digit, clear skin without wart history of warts of r palm",1,0.01
Environment,isolation_source,pooled skin swabs from samples 47 and 48,1,0.01
Environment,isolation_source,pooled skin swabs of several foreheads,1,0.01
Environment,isolation_source,oligotrophic lake microbial mat,1,0.01
Environment,isolation_source,non-lithifying microbial mat a,1,0.01
Environment,isolation_source,beijiang river,1,0.01
Environment,isolation_source,mosquito,1,0.01
Environment,isolation_source,soil under a pine tree,1,0.01
Environment,isolation_source,wheat flour,1,0.01
Environment,isolation_source,aspo hard rock laboratory (hrl) deep subsurface site,1,0.01
Environment,isolation_source,halite crust,1,0.01
Environment,isolation_source,hydrothermal sediments,1,0.01
Environment,isolation_source,kristineberg acid mine drainage,1,0.01
Environment,isolation_source,isolation_control,1,0.01
Environment,isolation_source,caecum content,1,0.01
Environment,isolation_source,cleargreen pilot reactor,1,0.01
Environment,isolation_source,digesta,1,0.01
Environment,isolation_source,soil bluff,1,0.01
Environment,isolation_source,healthy donor human bile,1,0.01
Environment,isolation_source,human intestinal mucosa,1,0.01
Environment,isolation_source,callinectes_sapidus_gut,1,0.01
Environment,isolation_source,callinectes_sapidus_claw,1,0.01
Environment,isolation_source,stool from donor am at time point 0185,1,0.01
Environment,isolation_source,stool from donor am at time point 0189,1,0.01
Environment,isolation_source,stool from donor an at time point 0081,1,0.01
Environment,isolation_source,stool from donor am at time point 0111,1,0.01
Environment,isolation_source,stool from donor am at time point 0112,1,0.01
Environment,isolation_source,stool from donor av at time point 0006,1,0.01
Environment,isolation_source,stool from donor as at time point 0033,1,0.01
Environment,isolation_source,stool from donor am at time point 0177,1,0.01
Environment,isolation_source,stool from donor bf at time point 0003,1,0.01
Environment,isolation_source,stool from donor ao at time point 0081,1,0.01
Environment,isolation_source,stool from donor am at time point 0121,1,0.01
Environment,isolation_source,stool from donor am at time point 0120,1,0.01
Environment,isolation_source,stool from donor ao at time point 0012,1,0.01
Environment,isolation_source,stool from donor am at time point 0207,1,0.01
Environment,isolation_source,stool from donor ao at time point 0030,1,0.01
Environment,isolation_source,stool from donor am at time point 0080,1,0.01
Environment,isolation_source,stool from donor am at time point 0136,1,0.01
Environment,isolation_source,stool from donor ce at time point 0001,1,0.01
Environment,isolation_source,stool from donor an at time point 0004,1,0.01
Environment,isolation_source,stool from donor ao at time point 0088,1,0.01
Environment,isolation_source,stool from donor ao at time point 0042,1,0.01
Environment,isolation_source,stool from donor am at time point 0148,1,0.01
Environment,isolation_source,stool from donor bo at time point 0001,1,0.01
Environment,isolation_source,stool from donor ax at time point 0001,1,0.01
Environment,isolation_source,stool from donor am at time point 0057,1,0.01
Environment,isolation_source,enriched backyard soil,1,0.01
Environment,isolation_source,mire bog,1,0.01
Environment,isolation_source,active layer of palsa peatland,1,0.01
Environment,isolation_source,deep subsurface,1,0.01
Environment,isolation_source,peatland at spruce experiment site,1,0.01
Environment,isolation_source,svalbard_ptar_captive_93-026_r1,1,0.01
Environment,isolation_source,plot 12,1,0.01
Environment,isolation_source,plot 9,1,0.01
Environment,isolation_source,lake water surface,1,0.01
Environment,isolation_source,anerobically digested sludge at 55c,1,0.01
Environment,isolation_source,subsurface seawater from pelagic zone,1,0.01
Environment,isolation_source,enrichment of abundant sedimentary bathyarchaeota,1,0.01
Environment,isolation_source,intermittently aerated reactor a sampled at 116 days,1,0.01
Environment,isolation_source,flowing water column of cache la poudre river; enriched in culture for about 1.5 years,1,0.01
Environment,isolation_source,rupestrian grassland bulk soil,1,0.01
Environment,isolation_source,rupestrian grassland exposed rock,1,0.01
Environment,isolation_source,"riparian zone, east river",1,0.01
Environment,isolation_source,bay sediment,1,0.01
Environment,isolation_source,"hot springs, ynp",1,0.01
Environment,isolation_source,pbs-buffer,1,0.01
Environment,isolation_source,lacustrine sediment - 35cm,1,0.01
Environment,isolation_source,copper mine tailing,1,0.01
Environment,isolation_source,probiotic beverage,1,0.01
Environment,isolation_source,tropical forest,1,0.01
Environment,isolation_source,soil_y,1,0.01
Environment,isolation_source,soil from angelo coast range reserve,1,0.01
Environment,isolation_source,enrty point of leading ro module,1,0.01
Environment,isolation_source,vulture gut,1,0.01
Environment,isolation_source,non-rehabilitated,1,0.01
Environment,isolation_source,rehabilitation,1,0.01
Environment,isolation_source,china panda 124,1,0.01
Environment,isolation_source,china panda 63,1,0.01
Environment,isolation_source,china panda 80,1,0.01
Environment,isolation_source,china panda 102,1,0.01
Environment,isolation_source,china panda 108,1,0.01
Environment,isolation_source,china panda 181,1,0.01
Environment,isolation_source,china panda 89,1,0.01
Environment,isolation_source,china panda 165,1,0.01
Environment,isolation_source,china panda 92,1,0.01
Environment,isolation_source,china panda 171,1,0.01
Environment,isolation_source,china panda 33,1,0.01
Environment,isolation_source,china panda 142,1,0.01
Environment,isolation_source,inlet seawater,1,0.01
Environment,isolation_source,sha tin sewage treatment works,1,0.01
Environment,isolation_source,sha tin sewage treatment works as,1,0.01
Environment,isolation_source,dmsp producing process enriched culture of the near bottom seawater of the east china sea,1,0.01
Environment,isolation_source,natural oxic surface sediment of the east china sea,1,0.01
Environment,isolation_source,compost soil in crotonic acid-enriched culture,1,0.01
Environment,isolation_source,co2 seep,1,0.01
Environment,isolation_source,alpine paleosol,1,0.01
Environment,isolation_source,pig112,1,0.01
Environment,isolation_source,"feces, cage 5",1,0.01
Environment,isolation_source,"feces, cage 2",1,0.01
Environment,isolation_source,goat_g4,1,0.01
Environment,isolation_source,tidal freshwater marsh,1,0.01
Environment,isolation_source,decompsing corn stalks and leaves,1,0.01
Environment,isolation_source,bulk soil 0-5 cm under litter bag,1,0.01
Environment,isolation_source,backyard soil,1,0.01
Environment,isolation_source,enriched commercial compost,1,0.01
Environment,isolation_source,np swab,1,0.01
Environment,isolation_source,pacific ocean,1,0.01
Environment,isolation_source,"oxisol, poamoho agricultural research station, hi, usa",1,0.01
Environment,isolation_source,fecal viruses from subject s01,1,0.01
Environment,isolation_source,oyster homogenate enriched in apw,1,0.01
Environment,isolation_source,migros: geneva,1,0.01
Environment,isolation_source,migros:geneva,1,0.01
Environment,isolation_source,aligro: fribourg,1,0.01
Environment,isolation_source,lullier: geneva,1,0.01
Environment,isolation_source,"freshwater creek, site ma03",1,0.01
Environment,isolation_source,"reclaimed water, site ma02",1,0.01
Environment,isolation_source,"reclaimed water, site ma06",1,0.01
Environment,isolation_source,after 145 day,1,0.01
Environment,isolation_source,after 138 day,1,0.01
Environment,isolation_source,after 69 day,1,0.01
Environment,isolation_source,after 34 day,1,0.01
Environment,isolation_source,after 47 day,1,0.01
Environment,isolation_source,after 85 day,1,0.01
Environment,isolation_source,stool from donor ad at time point 0005,1,0.01
Environment,isolation_source,stool from donor am at time point 0087,1,0.01
Environment,isolation_source,stool from donor an at time point 0035,1,0.01
Environment,isolation_source,stool from donor am at time point 0066,1,0.01
Environment,isolation_source,stool from donor bs at time point 0001,1,0.01
Environment,isolation_source,stool from donor bt at time point 0039,1,0.01
Environment,isolation_source,stool from donor am at time point 0008,1,0.01
Environment,isolation_source,stool from donor am at time point 0003,1,0.01
Environment,isolation_source,stool from donor al at time point 0002,1,0.01
Environment,isolation_source,stool from donor ao at time point 0036,1,0.01
Environment,isolation_source,stool from donor ao at time point 0038,1,0.01
Environment,isolation_source,stool from donor am at time point 0221,1,0.01
Environment,isolation_source,stool from donor ae at time point 0039,1,0.01
Environment,isolation_source,stool from donor ae at time point 0053,1,0.01
Environment,isolation_source,stool from donor az at time point 0001,1,0.01
Environment,isolation_source,stool from donor ae at time point 0061,1,0.01
Environment,isolation_source,stool from donor am at time point 0074,1,0.01
Environment,isolation_source,stool from donor ao at time point 0068,1,0.01
Environment,isolation_source,stool from donor am at time point 0147,1,0.01
Environment,isolation_source,stool from donor am at time point 0228,1,0.01
Environment,isolation_source,stool from donor ao at time point 0090,1,0.01
Environment,isolation_source,stool from donor am at time point 0196,1,0.01
Environment,isolation_source,stool from donor an at time point 0046,1,0.01
Environment,isolation_source,stool from donor an at time point 0003,1,0.01
Environment,isolation_source,stool from donor an at time point 0005,1,0.01
Environment,isolation_source,stool from donor af at time point 0060,1,0.01
Environment,isolation_source,stool from donor am at time point 0039,1,0.01
Environment,isolation_source,stool from donor am at time point 0128,1,0.01
Environment,isolation_source,stool from donor am at time point 0132,1,0.01
Environment,isolation_source,stool from donor ao at time point 0085,1,0.01
Environment,isolation_source,stool from donor bm at time point 0002,1,0.01
Environment,isolation_source,puffer fish gut microbiome,1,0.01
Environment,isolation_source,combined rumen fluid and solid sample,1,0.01
Environment,isolation_source,cro9d12,1,0.01
Environment,isolation_source,nacl5d4,1,0.01
Environment,isolation_source,nacl5d12,1,0.01
Environment,isolation_source,cro6d1,1,0.01
Environment,isolation_source,cro4d4,1,0.01
Environment,isolation_source,nacl8d4,1,0.01
Environment,isolation_source,human gut/marine sponge,1,0.01
Environment,isolation_source,leaf sample,1,0.01
Environment,isolation_source,anterior hindgut from beetle 1,1,0.01
Environment,isolation_source,"sediment, site nb8, incubated subsample bs1",1,0.01
Environment,isolation_source,filtered water from permanent stratified lake,1,0.01
Environment,isolation_source,landfill leachate from composite cistern,1,0.01
Environment,isolation_source,beach sand,1,0.01
Environment,isolation_source,"marine sediment core gs10_pc15, 103 cmbsf",1,0.01
Environment,isolation_source,drinking water rapid filter,1,0.01
Environment,isolation_source,soil from uranium-contaminated site,1,0.01
Environment,isolation_source,ectomycorrhizal soil,1,0.01
Environment,isolation_source,microbial dna,1,0.01
Environment,isolation_source,"wastewater treatment plant digested sludge, goettingen",1,0.01
Environment,isolation_source,lacustrine sediment,1,0.01
Environment,isolation_source,activated sludge of kraft-pulp mill effluents,1,0.01
Environment,isolation_source,fjord sediment,1,0.01
Environment,isolation_source,waste contaminated soil,1,0.01
Environment,isolation_source,crystallizer pond,1,0.01
Environment,isolation_source,"groundwater aquifer, well1, replicate 2",1,0.01
Environment,isolation_source,"groundwater aquifer, well1, replicate 4",1,0.01
Environment,isolation_source,pooled pig caecal material,1,0.01
Environment,isolation_source,filtered water,1,0.01
Environment,isolation_source,oceanic water not far from the shore,1,0.01
Environment,isolation_source,ground water,1,0.01
Environment,isolation_source,"soil with large amounts of vegetation and leaf litter, shaded wet soil, at water level",1,0.01
Environment,isolation_source,patient 11,1,0.01
Environment,isolation_source,healthy control 3,1,0.01
Environment,isolation_source,mgx_chemostata_treat_oea_time_4_hr_rep_2,1,0.01
Environment,isolation_source,mgx_chemostata_treat_oa_time_12_hr_rep_2,1,0.01
Environment,isolation_source,mgx_chemostatb_treat_pea_time_4_hr_rep_2,1,0.01
Environment,isolation_source,mgx_chemostatb_treat_aea_time_12_hr_rep_2,1,0.01
Environment,isolation_source,29900,1,0.01
Environment,isolation_source,210080,1,0.01
Environment,isolation_source,314531,1,0.01
Environment,isolation_source,29913,1,0.01
Environment,isolation_source,14195,1,0.01
Environment,isolation_source,14174,1,0.01
Environment,isolation_source,29875,1,0.01
Environment,isolation_source,14284,1,0.01
Environment,isolation_source,14287,1,0.01
Environment,isolation_source,gc6,1,0.01
Environment,isolation_source,gc17,1,0.01
Environment,isolation_source,gc32,1,0.01
Environment,isolation_source,lpz18,1,0.01
Environment,isolation_source,lpz6,1,0.01
Environment,isolation_source,lpz8,1,0.01
Environment,isolation_source,21,1,0.01
Environment,isolation_source,4,1,0.01
Environment,isolation_source,9,1,0.01
Environment,isolation_source,73,1,0.01
Environment,isolation_source,"usa: california, san gabriel",1,0.01
Environment,isolation_source,"usa: california, lahabra",1,0.01
Environment,isolation_source,whole rumen contents,1,0.01
Environment,isolation_source,urban wastewater,1,0.01
Environment,isolation_source,rhizosphere of the salt marsh grasses,1,0.01
Environment,isolation_source,iron sulfide rich bioturbated marine sediment,1,0.01
Environment,isolation_source,fecal contents were scraped from the mouse colons,1,0.01
Environment,isolation_source,landfill soil,1,0.01
Environment,isolation_source,blood culture bottle,1,0.01
Environment,isolation_source,jiricka pond,1,0.01
Environment,isolation_source,feces pig21 day 21 after weanning,1,0.01
Environment,isolation_source,feces pig37 day 21 after weanning,1,0.01
Environment,isolation_source,hyperalkaline sediment,1,0.01
Environment,isolation_source,replicate 2 from balatoc abandoned mine,1,0.01
Environment,isolation_source,tree bark,1,0.01
Environment,isolation_source,lake sediments,1,0.01
Environment,isolation_source,marine metagenomes from <0.6 um incubation experiment,1,0.01
Environment,isolation_source,arbuscular mycorrhizal soil,1,0.01
Environment,isolation_source,marine water column,1,0.01
Environment,isolation_source,208,1,0.01
Environment,isolation_source,162,1,0.01
Environment,isolation_source,173,1,0.01
Environment,isolation_source,25,1,0.01
Environment,isolation_source,130,1,0.01
Environment,isolation_source,285,1,0.01
Environment,isolation_source,272,1,0.01
Environment,isolation_source,215,1,0.01
Environment,isolation_source,249,1,0.01
Environment,isolation_source,65,1,0.01
Environment,isolation_source,190,1,0.01
Environment,isolation_source,47,1,0.01
Environment,isolation_source,plant nodule,1,0.01
Environment,isolation_source,alligator nest2 egg chamber,1,0.01
Environment,isolation_source,"infected diabetic foot ulcer, patient 2, time point 6",1,0.01
Environment,isolation_source,ombrotrophic bog,1,0.01
Environment,isolation_source,activated sludge from nitrification reactor of wastewater treatment plant location 2,1,0.01
Environment,isolation_source,activated sludge from nitrification reactor of wastewater treatment plant location 1,1,0.01
Environment,isolation_source,"sediment, 5-6cm",1,0.01
Environment,isolation_source,"sediment, 8.5-10cm",1,0.01
Environment,isolation_source,human88,1,0.01
Environment,isolation_source,human37,1,0.01
Environment,isolation_source,human28,1,0.01
Environment,isolation_source,laboratory culture 50th cycle position d replicate 3,1,0.01
Environment,isolation_source,r_index,1,0.01
Environment,isolation_source,r_nares,1,0.01
Environment,isolation_source,l_index,1,0.01
Environment,isolation_source,p3 gut compartment,1,0.01
Environment,env_biome,human gut,2446,12.34
Environment,env_biome,urban biome,1968,9.93
Environment,env_biome,anthropogenic terrestrial biome,1344,6.78
Environment,env_biome,feces,1259,6.35
Environment,env_biome,human-associated habitat,1137,5.74
Environment,env_biome,human,627,3.16
Environment,env_biome,human skin,597,3.01
Environment,env_biome,terrestrial biome,404,2.04
Environment,env_biome,dense settlement biome,388,1.96
Environment,env_biome,marine biome,238,1.2
Environment,env_biome,digestive tract enviroment,233,1.18
Environment,env_biome,host- gut,208,1.05
Environment,env_biome,sandbar,205,1.03
Environment,env_biome,animal-associated environment,202,1.02
Environment,env_biome,homo sapiens,192,0.97
Environment,env_biome,flooded grassland biome,181,0.91
Environment,env_biome,digestive tract environment,178,0.9
Environment,env_biome,sediment,148,0.75
Environment,env_biome,severely preterm infant,143,0.72
Environment,env_biome,human microbiome,130,0.66
Environment,env_biome,laboratory facility,128,0.65
Environment,env_biome,not applicable,118,0.6
Environment,env_biome,host-associated,116,0.59
Environment,env_biome,human vagina,109,0.55
Environment,env_biome,soil,105,0.53
Environment,env_biome,gut,103,0.52
Environment,env_biome,infant,103,0.52
Environment,env_biome,gut metagenome human-associated habitat,102,0.51
Environment,env_biome,mouse gut,96,0.48
Environment,env_biome,freshwater river biome,94,0.47
Environment,env_biome,ocean biome,91,0.46
Environment,env_biome,human microbiome [ohmi:0000002],90,0.45
Environment,env_biome,gut microbiome,70,0.35
Environment,env_biome,intestine environment,67,0.34
Environment,env_biome,envo:mammalia-associated habitat,65,0.33
Environment,env_biome,terrestrial,65,0.33
Environment,env_biome,human gut biome,64,0.32
Environment,env_biome,tropical,64,0.32
Environment,env_biome,microbiome,63,0.32
Environment,env_biome,mammalian gastrointestinal tract,61,0.31
Environment,env_biome,freshwater lake biome,60,0.3
Environment,env_biome,marine,59,0.3
Environment,env_biome,freshwater biome,58,0.29
Environment,env_biome,material anatomical entity,55,0.28
Environment,env_biome,human oral,54,0.27
Environment,env_biome,homo sapiens [ncbitaxon:9606],54,0.27
Environment,env_biome,aquatic biome,53,0.27
Environment,env_biome,laboratory environment,53,0.27
Environment,env_biome,retail food; foodon_00001002:food product,53,0.27
Environment,env_biome,marine benthic biome,52,0.26
Environment,env_biome,human biome,52,0.26
Environment,env_biome,intestinal tract,49,0.25
Environment,env_biome,fecal microbiome,49,0.25
Environment,env_biome,human-associated biome,48,0.24
Environment,env_biome,lower digestive tract,47,0.24
Environment,env_biome,pig gut,46,0.23
Environment,env_biome,human associated,44,0.22
Environment,env_biome,lentic water body,44,0.22
Environment,env_biome,city,44,0.22
Environment,env_biome,anatomical entity environment,44,0.22
Environment,env_biome,temperate biome,42,0.21
Environment,env_biome,coral reef,42,0.21
Environment,env_biome,human-associated metagenome,40,0.2
Environment,env_biome,fecal environmentê,40,0.2
Environment,env_biome,hospital,38,0.19
Environment,env_biome,human settlement,37,0.19
Environment,env_biome,host associated,36,0.18
Environment,env_biome,fecal environment,34,0.17
Environment,env_biome,mouth,34,0.17
Environment,env_biome,human oral cavity,33,0.17
Environment,env_biome,bodily fluid material biome,33,0.17
Environment,env_biome,urban environment,32,0.16
Environment,env_biome,vagina,31,0.16
Environment,env_biome,human gut stool,31,0.16
Environment,env_biome,human feces,30,0.15
Environment,env_biome,pig,30,0.15
Environment,env_biome,ohmi_0000002,30,0.15
Environment,env_biome,fermented beverage [foodon_00001094],30,0.15
Environment,env_biome,human-associated,29,0.15
Environment,env_biome,rural village,29,0.15
Environment,env_biome,mammalian host,27,0.14
Environment,env_biome,human-oral,27,0.14
Environment,env_biome,mims.me.human-gut,27,0.14
Environment,env_biome,mouse,26,0.13
Environment,env_biome,wastewater,26,0.13
Environment,env_biome,continental subsurface,26,0.13
Environment,env_biome,human gut metagenome,26,0.13
Environment,env_biome,freshwater,25,0.13
Environment,env_biome,marine salt marsh biome,25,0.13
Environment,env_biome,small river biome,25,0.13
Environment,env_biome,organ,25,0.13
Environment,env_biome,wastewater treatment plant,24,0.12
Environment,env_biome,human-associated-biome,24,0.12
Environment,env_biome,estuarine biome,24,0.12
Environment,env_biome,extraterrestrial environment,24,0.12
Environment,env_biome,human body,24,0.12
Environment,env_biome,experimental_farm,23,0.12
Environment,env_biome,dairy farm,22,0.11
Environment,env_biome,dental calculus,22,0.11
Environment,env_biome,rumen,21,0.11
Environment,env_biome,biome,21,0.11
Environment,env_biome,chicken,21,0.11
Environment,env_biome,forest soil,21,0.11
Environment,env_biome,freshwater lake,21,0.11
Environment,env_biome,lab,21,0.11
Environment,env_biome,organic material,21,0.11
Environment,env_biome,host-associated environment,21,0.11
Environment,env_biome,watershed,21,0.11
Environment,env_biome,rumen microbiome,20,0.1
Environment,env_biome,surface seawater,20,0.1
Environment,env_biome,urban,20,0.1
Environment,env_biome,polar biome,20,0.1
Environment,env_biome,temperate mixed forest biome,20,0.1
Environment,env_biome,envo:human-associated habitat,20,0.1
Environment,env_biome,permafrost,20,0.1
Environment,env_biome,glacier streams,20,0.1
Environment,env_biome,human ascites,20,0.1
Environment,env_biome,ocean_biome,20,0.1
Environment,env_biome,agricultural ecosystem,19,0.1
Environment,env_biome,forest,19,0.1
Environment,env_biome,human_gut,19,0.1
Environment,env_biome,agricultural soil,19,0.1
Environment,env_biome,intestinal,19,0.1
Environment,env_biome,host-associated biome,19,0.1
Environment,env_biome,host-associated habitat,18,0.09
Environment,env_biome,marine pelagic biome,18,0.09
Environment,env_biome,secondary meat processing factory. :meat processing plant,18,0.09
Environment,env_biome,animal-associated habitat,18,0.09
Environment,env_biome,canine gut,18,0.09
Environment,env_biome,grassland,18,0.09
Environment,env_biome,tropical biome,18,0.09
Environment,env_biome,air filter,18,0.09
Environment,env_biome,marine hydrothermal vent biome,17,0.09
Environment,env_biome,1000221 - temperate woodland,17,0.09
Environment,env_biome,mangrove biome,17,0.09
Environment,env_biome,rattus norvegicus gut,17,0.09
Environment,env_biome,terrestial,17,0.09
Environment,env_biome,forest biome,17,0.09
Environment,env_biome,fresh water,17,0.09
Environment,env_biome,seawater,16,0.08
Environment,env_biome,rain forest,16,0.08
Environment,env_biome,cultivated environment,16,0.08
Environment,env_biome,human construction,16,0.08
Environment,env_biome,gut microbiote,16,0.08
Environment,env_biome,cropland biome,15,0.08
Environment,env_biome,temperate grassland biome,15,0.08
Environment,env_biome,anaerobic bioreactor,15,0.08
Environment,env_biome,grassland biome,15,0.08
Environment,env_biome,arctic steppe/tundra,15,0.08
Environment,env_biome,envo:feces,15,0.08
Environment,env_biome,bovine gut,15,0.08
Environment,env_biome,human-associated environment,15,0.08
Environment,env_biome,farm,14,0.07
Environment,env_biome,aquatic,14,0.07
Environment,env_biome,lake,14,0.07
Environment,env_biome,arid biome,14,0.07
Environment,env_biome,respiratory microbiota,14,0.07
Environment,env_biome,human blood,14,0.07
Environment,env_biome,watershed biome,14,0.07
Environment,env_biome,agricultural land,14,0.07
Environment,env_biome,skin environment,14,0.07
Environment,env_biome,periurban shantytown,14,0.07
Environment,env_biome,plant-associated environment,14,0.07
Environment,env_biome,laboratory,13,0.07
Environment,env_biome,estuarine,13,0.07
Environment,env_biome,desert,13,0.07
Environment,env_biome,subpolar coniferous forest biome,13,0.07
Environment,env_biome,rectum,13,0.07
Environment,env_biome,rangeland biome,13,0.07
Environment,env_biome,marine coral reef biome,13,0.07
Environment,env_biome,agricultural,13,0.07
Environment,env_biome,distal human gut,13,0.07
Environment,env_biome,human balf,13,0.07
Environment,env_biome,bioreactor,12,0.06
Environment,env_biome,organism substance,12,0.06
Environment,env_biome,polar desert biome,12,0.06
Environment,env_biome,greenhouse,12,0.06
Environment,env_biome,poultry,12,0.06
Environment,env_biome,indoor biome,12,0.06
Environment,env_biome,human feces microbiome,12,0.06
Environment,env_biome,metagenome of human microbiome,12,0.06
Environment,env_biome,the university of chicago,12,0.06
Environment,env_biome,7 other,12,0.06
Environment,env_biome,tundra,11,0.06
Environment,env_biome,marine sediment,11,0.06
Environment,env_biome,mouse-gut,11,0.06
Environment,env_biome,mock community,11,0.06
Environment,env_biome,anthropogenic environment,11,0.06
Environment,env_biome,human house,11,0.06
Environment,env_biome,marine environment,11,0.06
Environment,env_biome,tundra biome,11,0.06
Environment,env_biome,environment associated with an animal part or small animal,11,0.06
Environment,env_biome,anthropogenic environmental material,11,0.06
Environment,env_biome,indian river lagoon,11,0.06
Environment,env_biome,mixed forest biome,11,0.06
Environment,env_biome,orchard environment,11,0.06
Environment,env_biome,"liziping national nature reserve, china",11,0.06
Environment,env_biome,research facility,11,0.06
Environment,env_biome,water body,10,0.05
Environment,env_biome,trades biome,10,0.05
Environment,env_biome,peatland,10,0.05
Environment,env_biome,water,10,0.05
Environment,env_biome,human gastrointestinal tract,10,0.05
Environment,env_biome,fecal biome,10,0.05
Environment,env_biome,bos taurus,10,0.05
Environment,env_biome,lower digestive track,10,0.05
Environment,env_biome,food (fermented) [foodon:00001258],10,0.05
Environment,env_biome,terristrial biome,10,0.05
Environment,env_biome,red meat (eurofir) [foodon:03400794] | beef [ncit:c71932] | piece of beef [foodon:02000403],10,0.05
Environment,env_biome,abattoir,10,0.05
Environment,env_biome,waste material,10,0.05
Environment,env_biome,large freshwater lake biome,9,0.05
Environment,env_biome,oceanic pelagic zone biome,9,0.05
Environment,env_biome,boreal,9,0.05
Environment,env_biome,human-microbiome,9,0.05
Environment,env_biome,animal,9,0.05
Environment,env_biome,river,9,0.05
Environment,env_biome,saliva,9,0.05
Environment,env_biome,hive,9,0.05
Environment,env_biome,daya bay,9,0.05
Environment,env_biome,farmland soil,9,0.05
Environment,env_biome,forest region,9,0.05
Environment,env_biome,"food mincing [foodon:00004534] | red meat (eurofir) [foodon:03400794] | beef [ncit:c71932] | piece of beef [foodon:02000403], poultry, or fish cutter or trimmer [occo:51302200]",9,0.05
Environment,env_biome,temperate biome |temperate grassland biome,9,0.05
Environment,env_biome,human lung,9,0.05
Environment,env_biome,coastal biome,8,0.04
Environment,env_biome,temperate grassland,8,0.04
Environment,env_biome,village biome,8,0.04
Environment,env_biome,littoral zone,8,0.04
Environment,env_biome,http://purl.obolibrary.org/obo/,8,0.04
Environment,env_biome,mixture of bacterial genomic dna,8,0.04
Environment,env_biome,temperate shrubland,8,0.04
Environment,env_biome,juvenile nasal microbiota,8,0.04
Environment,env_biome,africa,8,0.04
Environment,env_biome,broiler chicken,8,0.04
Environment,env_biome,rhesus macaque microbiome,8,0.04
Environment,env_biome,subpolar biome |peatland,8,0.04
Environment,env_biome,digestive system,8,0.04
Environment,env_biome,woodland biome,8,0.04
Environment,env_biome,animal environment,8,0.04
Environment,env_biome,transgenic agricultural field,8,0.04
Environment,env_biome,host-assocaited,8,0.04
Environment,env_biome,human cervix,8,0.04
Environment,env_biome,research faciliy,8,0.04
Environment,env_biome,continental shelf,7,0.04
Environment,env_biome,intestine,7,0.04
Environment,env_biome,sea water,7,0.04
Environment,env_biome,building,7,0.04
Environment,env_biome,mouse intestine,7,0.04
Environment,env_biome,juvenile microbiota,7,0.04
Environment,env_biome,facial cheek,7,0.04
Environment,env_biome,sahel | agricultural soil,7,0.04
Environment,env_biome,experimental animal,7,0.04
Environment,env_biome,macroalgae biome,7,0.04
Environment,env_biome,lake biome,7,0.04
Environment,env_biome,fermented food,7,0.04
Environment,env_biome,westerlies biome,6,0.03
Environment,env_biome,none,6,0.03
Environment,env_biome,freshwater ecosystem,6,0.03
Environment,env_biome,deep underwater confined environment,6,0.03
Environment,env_biome,steppe,6,0.03
Environment,env_biome,wetland ecosystem,6,0.03
Environment,env_biome,built environment,6,0.03
Environment,env_biome,brackish water,6,0.03
Environment,env_biome,savana,6,0.03
Environment,env_biome,vaginal microbiome,6,0.03
Environment,env_biome,potato-processing wastewater,6,0.03
Environment,env_biome,host associated biome,6,0.03
Environment,env_biome,anaerobic membrane reactors treating domestic wastewater at 4c and 15c inoculated by soils and sediments from lake geneva and svalbard,6,0.03
Environment,env_biome,skin biome,6,0.03
Environment,env_biome,groundwater planktonic microbiome,6,0.03
Environment,env_biome,apis mellifera gut biome,6,0.03
Environment,env_biome,soil biome,6,0.03
Environment,env_biome,sediment biome,6,0.03
Environment,env_biome,mouse gut microbiome,6,0.03
Environment,env_biome,american,6,0.03
Environment,env_biome,chemostat culture,6,0.03
Environment,env_biome,gut(),6,0.03
Environment,env_biome,area of cropland,6,0.03
Environment,env_biome,human subgingival microbiome,6,0.03
Environment,env_biome,mising,6,0.03
Environment,env_biome,reference materials,6,0.03
Environment,env_biome,cloth,6,0.03
Environment,env_biome,body_product,6,0.03
Environment,env_biome,subsurface,6,0.03
Environment,env_biome,human oral metagenome,6,0.03
Environment,env_biome,multicellular organism,6,0.03
Environment,env_biome,freshwater stream biome,6,0.03
Environment,env_biome,polar biome |tundra biome,6,0.03
Environment,env_biome,river basin,5,0.03
Environment,env_biome,neritic epipelagic zone biome,5,0.03
Environment,env_biome,environmental system determined by an organism,5,0.03
Environment,env_biome,poultry slaughterhouse,5,0.03
Environment,env_biome,castrated males faeces collected at 180 days or at slaughter,5,0.03
Environment,env_biome,1000215 - temperate shrubland,5,0.03
Environment,env_biome,groundwater,5,0.03
Environment,env_biome,food,5,0.03
Environment,env_biome,culturing environment,5,0.03
Environment,env_biome,boreal_shield,5,0.03
Environment,env_biome,temperate,5,0.03
Environment,env_biome,anaerobic digester,5,0.03
Environment,env_biome,mouse microbiome,5,0.03
Environment,env_biome,temperate coniferous forest biome,5,0.03
Environment,env_biome,tropical broadleaf forest biome,5,0.03
Environment,env_biome,waste treatment plant,5,0.03
Environment,env_biome,blood,5,0.03
Environment,env_biome,envo:urban biome,5,0.03
Environment,env_biome,mixed layer surface ocean,5,0.03
Environment,env_biome,cold seep,5,0.03
Environment,env_biome,wastewater biome,5,0.03
Environment,env_biome,conjunctiva,5,0.03
Environment,env_biome,mus musculus domesticus,5,0.03
Environment,env_biome,human intestine,5,0.03
Environment,env_biome,zebrafish gut microbiome,5,0.03
Environment,env_biome,agriculture,5,0.03
Environment,env_biome,metagenomes,5,0.03
Environment,env_biome,human oral microbiome,5,0.03
Environment,env_biome,"metagenome/environmental, human-associated",5,0.03
Environment,env_biome,human bloodstream,5,0.03
Environment,env_biome,wetland biome,5,0.03
Environment,env_biome,infant feces,5,0.03
Environment,env_biome,tropical forests,5,0.03
Environment,env_biome,environmental samples,5,0.03
Environment,env_biome,human urine,5,0.03
Environment,env_biome,ncit:c160991,5,0.03
Environment,env_biome,pig intestine,5,0.03
Environment,env_biome,jejunum,5,0.03
Environment,env_biome,eutrophic lake,5,0.03
Environment,env_biome,children's hospital of fudan university,5,0.03
Environment,env_biome,mediterranean sea,5,0.03
Environment,env_biome,marine ranching,5,0.03
Environment,env_biome,swine intestinal tract,5,0.03
Environment,env_biome,digestive tract,5,0.03
Environment,env_biome,oceanic epipelagic zone biome,4,0.02
Environment,env_biome,alimentary part of gastrointestinal system,4,0.02
Environment,env_biome,environmental system,4,0.02
Environment,env_biome,polar environment,4,0.02
Environment,env_biome,cell culturing,4,0.02
Environment,env_biome,builtin,4,0.02
Environment,env_biome,1001625 - polar tundra,4,0.02
Environment,env_biome,1000194 - montane grassland,4,0.02
Environment,env_biome,marine biome ;marine pelagic biome,4,0.02
Environment,env_biome,parkland,4,0.02
Environment,env_biome,urban area,4,0.02
Environment,env_biome,subarctic boreal,4,0.02
Environment,env_biome,moist_tropical_forests,4,0.02
Environment,env_biome,gaint panda,4,0.02
Environment,env_biome,hypersaline environment,4,0.02
Environment,env_biome,plant,4,0.02
Environment,env_biome,montane grasslands and shrubland biome,4,0.02
Environment,env_biome,small lake biome,4,0.02
Environment,env_biome,marine reef biome,4,0.02
Environment,env_biome,alpine tundra,4,0.02
Environment,env_biome,montane cordillera,4,0.02
Environment,env_biome,mediterranean sea biome,4,0.02
Environment,env_biome,microbiota,4,0.02
Environment,env_biome,vaginal sample,4,0.02
Environment,env_biome,brain tissue,4,0.02
Environment,env_biome,seagrass,4,0.02
Environment,env_biome,host_body_product,4,0.02
Environment,env_biome,biomaterial containment unit,4,0.02
Environment,env_biome,rectal sample|gut microbiome,4,0.02
Environment,env_biome,human digestive tract,4,0.02
Environment,env_biome,mammalia-associated habitat,4,0.02
Environment,env_biome,wildlife park biome,4,0.02
Environment,env_biome,water biome,4,0.02
Environment,env_biome,ocean,4,0.02
Environment,env_biome,soft-ripened cheese [foodon:033010039],4,0.02
Environment,env_biome,seawater column,4,0.02
Environment,env_biome,beagle gut,4,0.02
Environment,env_biome,polar biome |marine biome,4,0.02
Environment,env_biome,homo sapiens [vto:0011993] | intestinal [ncit:c25266],4,0.02
Environment,env_biome,canine microbiome,4,0.02
Environment,env_biome,coal mine,4,0.02
Environment,env_biome,human-associated microbiome,4,0.02
Environment,env_biome,cervical sample | vaginal microbiome,4,0.02
Environment,env_biome,marine_reef,4,0.02
Environment,env_biome,active layer permafrost soil,4,0.02
Environment,env_biome,area of developed open space,4,0.02
Environment,env_biome,animal house,4,0.02
Environment,env_biome,'not provided',4,0.02
Environment,env_biome,room temperature,4,0.02
Environment,env_biome,scale intensive pig farm,4,0.02
Environment,env_biome,built-environment,4,0.02
Environment,env_biome,initial soil,4,0.02
Environment,env_biome,agriculture field,4,0.02
Environment,env_biome,chemostat evolution experiment,4,0.02
Environment,env_biome,epeiric sea biome,3,0.02
Environment,env_biome,sludge  ],3,0.02
Environment,env_biome,hot spring,3,0.02
Environment,env_biome,"waste water, drainage ditch",3,0.02
Environment,env_biome,root endosphere,3,0.02
Environment,env_biome,rural settlement biome,3,0.02
Environment,env_biome,home,3,0.02
Environment,env_biome,1000252 - lake or pond,3,0.02
Environment,env_biome,1001803 - tropical forest,3,0.02
Environment,env_biome,tundra/polar dessert,3,0.02
Environment,env_biome,temperate_coniferous_forests,3,0.02
Environment,env_biome,agricultural field,3,0.02
Environment,env_biome,marine neritic benthic zone biome,3,0.02
Environment,env_biome,tropical rainforest,3,0.02
Environment,env_biome,industrial cooling water,3,0.02
Environment,env_biome,deep sea,3,0.02
Environment,env_biome,water based drill cutting,3,0.02
Environment,env_biome,mixed conifer forest,3,0.02
Environment,env_biome,zone of skin,3,0.02
Environment,env_biome,boreal_plains,3,0.02
Environment,env_biome,boreal forest,3,0.02
Environment,env_biome,human gut-associated,3,0.02
Environment,env_biome,pacific maritime,3,0.02
Environment,env_biome,boreal cordillera,3,0.02
Environment,env_biome,semiarid,3,0.02
Environment,env_biome,baboon gut,3,0.02
Environment,env_biome,murine gut microbiome,3,0.02
Environment,env_biome,deep-sea coral community,3,0.02
Environment,env_biome,female vagina,3,0.02
Environment,env_biome,waste water,3,0.02
Environment,env_biome,buffalo rumen,3,0.02
Environment,env_biome,pine forest,3,0.02
Environment,env_biome,temperate decidious forest,3,0.02
Environment,env_biome,microbial community [pco:1000004],3,0.02
Environment,env_biome,camel rumen,3,0.02
Environment,env_biome,rhizosphere environment,3,0.02
Environment,env_biome,oral microbiome | oral health,3,0.02
Environment,env_biome,faeces biome,3,0.02
Environment,env_biome,human vaginal,3,0.02
Environment,env_biome,infant microbiome,3,0.02
Environment,env_biome,macaca mulatta,3,0.02
Environment,env_biome,terrestrial microbiome,3,0.02
Environment,env_biome,temperate woodland biome,3,0.02
Environment,env_biome,shenzhen second people's hospital,3,0.02
Environment,env_biome,botanical garden,3,0.02
Environment,env_biome,human-gut virome,3,0.02
Environment,env_biome,lower respiratory tract biome,3,0.02
Environment,env_biome,terrestrial biome |desert biome,3,0.02
Environment,env_biome,desert biome,3,0.02
Environment,env_biome,reproductive structure,3,0.02
Environment,env_biome,terrestial biome,3,0.02
Environment,env_biome,human peritoneal,3,0.02
Environment,env_biome,oral microbiome,3,0.02
Environment,env_biome,human placenta,3,0.02
Environment,env_biome,anthropogenic biome,3,0.02
Environment,env_biome,medical,3,0.02
Environment,env_biome,mouse digestive tract,3,0.02
Environment,env_biome,lagoon biome,3,0.02
Environment,env_biome,temperate mixed broadleaf forest,3,0.02
Environment,env_biome,rural area,3,0.02
Environment,env_biome,skin,3,0.02
Environment,env_biome,wetland,3,0.02
Environment,env_biome,monkey feces,3,0.02
Environment,env_biome,nih clinical center,3,0.02
Environment,env_biome,chemostat,3,0.02
Environment,env_biome,human host,3,0.02
Environment,env_biome,riverbank zone and river-sediment biome,3,0.02
Environment,env_biome,vaginal swab,3,0.02
Environment,env_biome,negative extraction control,3,0.02
Environment,env_biome,temperate steppe,3,0.02
Environment,env_biome,heath,3,0.02
Environment,env_biome,sweat|urine|carcass|biotic mesoscopic physical object,3,0.02
Environment,env_biome,insect biome,3,0.02
Environment,env_biome,geothermally active field,3,0.02
Environment,env_biome,murine,3,0.02
Environment,env_biome,sewage system,3,0.02
Environment,env_biome,rice paddies on saline-alkali soil,3,0.02
Environment,env_biome,6 water,3,0.02
Environment,env_biome,intestinal content microbiome|duodenum,3,0.02
Environment,env_biome,faecal microbiome,3,0.02
Environment,env_biome,foodon_03411443,3,0.02
Environment,env_biome,chicken gut metagenome,3,0.02
Environment,env_biome,raw wastewater,3,0.02
Environment,env_biome,freshwater_biome,3,0.02
Environment,env_biome,marine environment |fecal environment |anthropogenic environment [01000313],3,0.02
Environment,env_biome,slaughterer or red meat (eurofir) [foodon:03400794] | beef [ncit:c71932] | piece of beef [foodon:02000403] packer [occo:51302300] | food cutting process [foodon:00000071],3,0.02
Environment,env_biome,cold room,3,0.02
Environment,env_biome,intestinal microbiome,3,0.02
Environment,env_biome,gut microbiota,3,0.02
Environment,env_biome,urogenital tract,3,0.02
Environment,env_biome,artificial environment,3,0.02
Environment,env_biome,uga,3,0.02
Environment,env_biome,rural,3,0.02
Environment,env_biome,marsh,3,0.02
Environment,env_biome,dentin,3,0.02
Environment,env_biome,respiratory tract,3,0.02
Environment,env_biome,human fresh fecal sample,3,0.02
Environment,env_biome,clinical environment,3,0.02
Environment,env_biome,reclaimed water facility,3,0.02
Environment,env_biome,plant structure,2,0.01
Environment,env_biome,mouth environment,2,0.01
Environment,env_biome,oceanic bathypelagic zone biome,2,0.01
Environment,env_biome,compost,2,0.01
Environment,env_biome,activated sludge,2,0.01
Environment,env_biome,substrates,2,0.01
Environment,env_biome,phyllosphere,2,0.01
Environment,env_biome,kap koebenhagen formation,2,0.01
Environment,env_biome,cheese,2,0.01
Environment,env_biome,lake in whan,2,0.01
Environment,env_biome,1000218 - xeric shrubland,2,0.01
Environment,env_biome,hospital operating room,2,0.01
Environment,env_biome,microcosm,2,0.01
Environment,env_biome,organic feature,2,0.01
Environment,env_biome,environmental material,2,0.01
Environment,env_biome,clinical screening sample,2,0.01
Environment,env_biome,mammoth steppe,2,0.01
Environment,env_biome,material entity,2,0.01
Environment,env_biome,estuary biome,2,0.01
Environment,env_biome,garden,2,0.01
Environment,env_biome,anaerobic bioreactor biome,2,0.01
Environment,env_biome,biogas reactor,2,0.01
Environment,env_biome,tropical_montane_forests,2,0.01
Environment,env_biome,boreal_forests,2,0.01
Environment,env_biome,temperate_deciduous_forests,2,0.01
Environment,env_biome,1000743,2,0.01
Environment,env_biome,marine habitat,2,0.01
Environment,env_biome,giant panda,2,0.01
Environment,env_biome,air,2,0.01
Environment,env_biome,biogas production plant,2,0.01
Environment,env_biome,15,2,0.01
Environment,env_biome,atlantic_maritime,2,0.01
Environment,env_biome,atlantic_highlands,2,0.01
Environment,env_biome,hydrothermal vent biome |marine bathyal zone biome,2,0.01
Environment,env_biome,industrial sugarcane fermenter,2,0.01
Environment,env_biome,rhizosphere,2,0.01
Environment,env_biome,mangrove,2,0.01
Environment,env_biome,praires,2,0.01
Environment,env_biome,temperate desert biome,2,0.01
Environment,env_biome,active permafrost layer,2,0.01
Environment,env_biome,sub-arctic tundra,2,0.01
Environment,env_biome,digestive track,2,0.01
Environment,env_biome,arid,2,0.01
Environment,env_biome,deserts,2,0.01
Environment,env_biome,deep subsurface,2,0.01
Environment,env_biome,grassland soil,2,0.01
Environment,env_biome,column experiments,2,0.01
Environment,env_biome,deep biosphere,2,0.01
Environment,env_biome,estuarine biome |environment associated with an aquatic invertebrate,2,0.01
Environment,env_biome,stool microbiota,2,0.01
Environment,env_biome,air biome,2,0.01
Environment,env_biome,hopsital,2,0.01
Environment,env_biome,homo sapiens[ncbitaxon:9606],2,0.01
Environment,env_biome,warm marine water biome,2,0.01
Environment,env_biome,warm freshwater biome,2,0.01
Environment,env_biome,deep sea sediment biome,2,0.01
Environment,env_biome,oligotrophic ocean,2,0.01
Environment,env_biome,marine sediment biome,2,0.01
Environment,env_biome,soil virome,2,0.01
Environment,env_biome,anaerobic biome,2,0.01
Environment,env_biome,bay,2,0.01
Environment,env_biome,aerobic bioreactor,2,0.01
Environment,env_biome,marine ecosystem,2,0.01
Environment,env_biome,hydrothermal vent field,2,0.01
Environment,env_biome,deep biosphere and ancient dna,2,0.01
Environment,env_biome,oral microbiome | periodontitis,2,0.01
Environment,env_biome,municipal wastewater treatment plant,2,0.01
Environment,env_biome,subtropical division - mountain provinces (m230),2,0.01
Environment,env_biome,house,2,0.01
Environment,env_biome,laboratory reared,2,0.01
Environment,env_biome,wastewater reactor,2,0.01
Environment,env_biome,the kurungnakh exposure,2,0.01
Environment,env_biome,human respiratory metagenome,2,0.01
Environment,env_biome,freshwater river,2,0.01
Environment,env_biome,sewage,2,0.01
Environment,env_biome,city distribution system,2,0.01
Environment,env_biome,mountain soil biome,2,0.01
Environment,env_biome,human vagina microfluidic device,2,0.01
Environment,env_biome,saliva material,2,0.01
Environment,env_biome,thermokarst lake,2,0.01
Environment,env_biome,intestinal flora,2,0.01
Environment,env_biome,fermented dairy product [foodon:00001053],2,0.01
Environment,env_biome,"mediterranean forests, woodlands, and shrub biome",2,0.01
Environment,env_biome,laboratory biome,2,0.01
Environment,env_biome,subsurface coal seam,2,0.01
Environment,env_biome,ocean floor,2,0.01
Environment,env_biome,ocular surface,2,0.01
Environment,env_biome,continental hydrothermal system,2,0.01
Environment,env_biome,cecum,2,0.01
Environment,env_biome,digestive tract enviroment 35,2,0.01
Environment,env_biome,sea water |coral reef,2,0.01
Environment,env_biome,temperate shrubland biome,2,0.01
Environment,env_biome,microcosmic sediment,2,0.01
Environment,env_biome,freshwater lake |drinking water,2,0.01
Environment,env_biome,human scalp hair follicles infundibulum mesenchyme,2,0.01
Environment,env_biome,sludge,2,0.01
Environment,env_biome,pleural effusion,2,0.01
Environment,env_biome,microbial community [pco:1000004] |derives from [ro:0001000]| soil biocrust,2,0.01
Environment,env_biome,riverine biome,2,0.01
Environment,env_biome,rumen biome,2,0.01
Environment,env_biome,respiratory tract environment,2,0.01
Environment,env_biome,subtropical biome,2,0.01
Environment,env_biome,oral metagenome,2,0.01
Environment,env_biome,terrestrial subsurface,2,0.01
Environment,env_biome,cell culture,2,0.01
Environment,env_biome,freshwater biome|small river biome,2,0.01
Environment,env_biome,woodland area,2,0.01
Environment,env_biome,rhizosphere metagenome,2,0.01
Environment,env_biome,oil tank,2,0.01
Environment,env_biome,south china sea,2,0.01
Environment,env_biome,xeric shrubland biome,2,0.01
Environment,env_biome,volcanic cave,2,0.01
Environment,env_biome,limestone cave,2,0.01
Environment,env_biome,agricultural soil  | cultivated environment  | farmland soil,2,0.01
Environment,env_biome,human induced sputum,2,0.01
Environment,env_biome,experimental animal room,2,0.01
Environment,env_biome,microbial communities of fermented bean,2,0.01
Environment,env_biome,ruminal fluid,2,0.01
Environment,env_biome,moving bed biofilm reactor,2,0.01
Environment,env_biome,sterile water,2,0.01
Environment,env_biome,freshwater terrestrial wetland,2,0.01
Environment,env_biome,campos rupestres: grassland,2,0.01
Environment,env_biome,dwds_f,2,0.01
Environment,env_biome,ghaila dump site,2,0.01
Environment,env_biome,3 production from dryland agriculture and plantations,2,0.01
Environment,env_biome,doid:0040085,2,0.01
Environment,env_biome,indoor air virome,2,0.01
Environment,env_biome,intestinal content microbiome|ileum,2,0.01
Environment,env_biome,intestinal content microbiome|caecum,2,0.01
Environment,env_biome,shallow marine sediment,2,0.01
Environment,env_biome,pig farm wastewater,2,0.01
Environment,env_biome,mouse feces,2,0.01
Environment,env_biome,foodon_03412069,2,0.01
Environment,env_biome,bovine ocular surface,2,0.01
Environment,env_biome,free-living animal,2,0.01
Environment,env_biome,animal-associated biome,2,0.01
Environment,env_biome,cygnus cygnus gut metagenome,2,0.01
Environment,env_biome,kafue national park,2,0.01
Environment,env_biome,sargasso sea,2,0.01
Environment,env_biome,glacier biome,2,0.01
Environment,env_biome,isu,2,0.01
Environment,env_biome,plant biome,2,0.01
Environment,env_biome,fintas marina,2,0.01
Environment,env_biome,coal bed,2,0.01
Environment,env_biome,fen,2,0.01
Environment,env_biome,small river,2,0.01
Environment,env_biome,temperate eutrophic lake,2,0.01
Environment,env_biome,marine abyssal zone biome,2,0.01
Environment,env_biome,sheep rumen,2,0.01
Environment,env_biome,metagenome,2,0.01
Environment,env_biome,activated sludge suspended growth,2,0.01
Environment,env_biome,tick,1,0.01
Environment,env_biome,field,1,0.01
Environment,env_biome,marine bathyal zone biome,1,0.01
Environment,env_biome,oceanic mesopelagic zone biome,1,0.01
Environment,env_biome,marine mesopelagic zone biome,1,0.01
Environment,env_biome,paddy field soil,1,0.01
Environment,env_biome,famr,1,0.01
Environment,env_biome,fecal environment |digestive tract environment,1,0.01
Environment,env_biome,sludge biome,1,0.01
Environment,env_biome,human lower respiratory tract,1,0.01
Environment,env_biome,large river biome,1,0.01
Environment,env_biome,fruit,1,0.01
Environment,env_biome,rat,1,0.01
Environment,env_biome,monkey,1,0.01
Environment,env_biome,cropping,1,0.01
Environment,env_biome,control,1,0.01
Environment,env_biome,natural_environment,1,0.01
Environment,env_biome,open_system_pingo_on_svalbard,1,0.01
Environment,env_biome,"the soil was collected from an experimental area during soybean cultivation, at the r5 stage of the crop, after inoculation of pseudomonas fluorescens",1,0.01
Environment,env_biome,"the soil was collected from an experimental area during soybean cultivation, at the v2 stage of the crop. control",1,0.01
Environment,env_biome,temperate forests,1,0.01
Environment,env_biome,glacier,1,0.01
Environment,env_biome,neritic pelagic zone biome,1,0.01
Environment,env_biome,aquatic biome |marine biome |coastal sea water,1,0.01
Environment,env_biome,washing machines,1,0.01
Environment,env_biome,rural stormwater,1,0.01
Environment,env_biome,polluted_site,1,0.01
Environment,env_biome,mine,1,0.01
Environment,env_biome,mine tailing pool,1,0.01
Environment,env_biome,"the soil was collected from an experimental area during soil cultivation, with the biological treatment called controle",1,0.01
Environment,env_biome,synthetic,1,0.01
Environment,env_biome,terrestrial environmental zone,1,0.01
Environment,env_biome,aquatic ecosystem,1,0.01
Environment,env_biome,poland forest,1,0.01
Environment,env_biome,1000250 - boreal forests or taiga,1,0.01
Environment,env_biome,cardiovascular system,1,0.01
Environment,env_biome,marine biome ;marine benthic biome,1,0.01
Environment,env_biome,neritic sublittoral zone,1,0.01
Environment,env_biome,marine water body,1,0.01
Environment,env_biome,river biome,1,0.01
Environment,env_biome,cropland,1,0.01
Environment,env_biome,host-associated intestine environment,1,0.01
Environment,env_biome,alpine ecosystem,1,0.01
Environment,env_biome,pig feces,1,0.01
Environment,env_biome,marine basaltic hydrothermal vent biome,1,0.01
Environment,env_biome,hypersaline water,1,0.01
Environment,env_biome,cool tempreate,1,0.01
Environment,env_biome,southern_temperate_forests,1,0.01
Environment,env_biome,savannas,1,0.01
Environment,env_biome,grasslands_and_shrublands,1,0.01
Environment,env_biome,microbe,1,0.01
Environment,env_biome,monkey gut,1,0.01
Environment,env_biome,tropical humid forests,1,0.01
Environment,env_biome,bos taurus x bison bison,1,0.01
Environment,env_biome,00002259,1,0.01
Environment,env_biome,00002150,1,0.01
Environment,env_biome,ephemeral spring,1,0.01
Environment,env_biome,dog,1,0.01
Environment,env_biome,phyllome,1,0.01
Environment,env_biome,microbial function,1,0.01
Environment,env_biome,drinking water,1,0.01
Environment,env_biome,mixedwood_plains,1,0.01
Environment,env_biome,evergreen rainforest,1,0.01
Environment,env_biome,puna,1,0.01
Environment,env_biome,temperate deciduous broadleaf forest,1,0.01
Environment,env_biome,gi,1,0.01
Environment,env_biome,lung,1,0.01
Environment,env_biome,arctic tundra,1,0.01
Environment,env_biome,specimen collection process,1,0.01
Environment,env_biome,boreal peatlands,1,0.01
Environment,env_biome,marine ultramafic hydrothermal vent biome,1,0.01
Environment,env_biome,tropical and subtropical regions,1,0.01
Environment,env_biome,control pond,1,0.01
Environment,env_biome,anaerobe digester,1,0.01
Environment,env_biome,marine subtidal rocky reef biome,1,0.01
Environment,env_biome,csf,1,0.01
Environment,env_biome,mineral processing plant,1,0.01
Environment,env_biome,gardern,1,0.01
Environment,env_biome,seagrass meadow,1,0.01
Environment,env_biome,hypersaline envrionment,1,0.01
Environment,env_biome,marine biom,1,0.01
Environment,env_biome,antarctic,1,0.01
Environment,env_biome,taiga plains,1,0.01
Environment,env_biome,boreal plains,1,0.01
Environment,env_biome,synthetic gut microbial community,1,0.01
Environment,env_biome,human-stool,1,0.01
Environment,env_biome,oceanic abissopelagic zone biome,1,0.01
Environment,env_biome,01000035,1,0.01
Environment,env_biome,marine biome 00000447,1,0.01
Environment,env_biome,aerobic granular sludge,1,0.01
Environment,env_biome,taiga,1,0.01
Environment,env_biome,water well,1,0.01
Environment,env_biome,cornell university orchards,1,0.01
Environment,env_biome,yunnan plateau,1,0.01
Environment,env_biome,pepper leaf biome,1,0.01
Environment,env_biome,produced water sample,1,0.01
Environment,env_biome,gut_199sd,1,0.01
Environment,env_biome,bacteria,1,0.01
Environment,env_biome,permafrost landscape,1,0.01
Environment,env_biome,dna extraction kit,1,0.01
Environment,env_biome,milk production system,1,0.01
Environment,env_biome,glr anammox reactor biome,1,0.01
Environment,env_biome,"temperate ""mediterranean"" desert biome",1,0.01
Environment,env_biome,hrsd york river wastewater treatment plant,1,0.01
Environment,env_biome,wards island wastewater treatment plant,1,0.01
Environment,env_biome,anaerobic digested sludge,1,0.01
Environment,env_biome,insect,1,0.01
Environment,env_biome,laboratory mouse,1,0.01
Environment,env_biome,cold marine sediment biome,1,0.01
Environment,env_biome,cold marine water biome,1,0.01
Environment,env_biome,warm freshwater sediment biome,1,0.01
Environment,env_biome,oil-storage structure biome,1,0.01
Environment,env_biome,synthetic mixture of yeast species,1,0.01
Environment,env_biome,freshwater pond,1,0.01
Environment,env_biome,microrganisms associated to corals,1,0.01
Environment,env_biome,banana plantation biome,1,0.01
Environment,env_biome,environment biome,1,0.01
Environment,env_biome,oceanic mesopelagic zone,1,0.01
Environment,env_biome,vole stool,1,0.01
Environment,env_biome,human upper respiratory tract,1,0.01
Environment,env_biome,wastewater sludge,1,0.01
Environment,env_biome,river sediment,1,0.01
Environment,env_biome,reclaimed water distribution system,1,0.01
Environment,env_biome,placenta,1,0.01
Environment,env_biome,faecal virome,1,0.01
Environment,env_biome,plant soil,1,0.01
Environment,env_biome,biological sulfate-reducing reactor system organism 87,1,0.01
Environment,env_biome,biological sulfate-reducing reactor system organism 58,1,0.01
Environment,env_biome,reactor,1,0.01
Environment,env_biome,human_saliva,1,0.01
Environment,env_biome,hypersaline lake,1,0.01
Environment,env_biome,ebpr sludge,1,0.01
Environment,env_biome,freshwater habitats,1,0.01
Environment,env_biome,large intestine,1,0.01
Environment,env_biome,microbial mat,1,0.01
Environment,env_biome,freshwater wetland soil,1,0.01
Environment,env_biome,sea floor,1,0.01
Environment,env_biome,saline pan,1,0.01
Environment,env_biome,beach,1,0.01
Environment,env_biome,drinking water reservoir,1,0.01
Environment,env_biome,colon contents,1,0.01
Environment,env_biome,negative control,1,0.01
Environment,env_biome,clinical,1,0.01
Environment,env_biome,foodon:00001071,1,0.01
Environment,env_biome,wwts,1,0.01
Environment,env_biome,common effluent treatment plant,1,0.01
Environment,env_biome,acid mine drainage,1,0.01
Environment,env_biome,aldabra island xeric scrub ecoregion,1,0.01
Environment,env_biome,seawater biome,1,0.01
Environment,env_biome,geothermal spring,1,0.01
Environment,env_biome,terrestrial geothermal area,1,0.01
Environment,env_biome,glacial lake |epishelf lake,1,0.01
Environment,env_biome,buffalo,1,0.01
Environment,env_biome,volcanic arc,1,0.01
Environment,env_biome,activated sludge microbiome,1,0.01
Environment,env_biome,grassland biome |mediterranean grassland,1,0.01
Environment,env_biome,phycosphere microbiota,1,0.01
Environment,env_biome,colorado plateau,1,0.01
Environment,env_biome,wastewatertreatmentplant wastewater,1,0.01
Environment,env_biome,human burial site,1,0.01
Environment,env_biome,"human faecal microbiome, subject 514",1,0.01
Environment,env_biome,"human faecal microbiome, subject 511",1,0.01
Environment,env_biome,"human faecal microbiome, subject 944",1,0.01
Environment,env_biome,"human faecal microbiome, subject 941",1,0.01
Environment,env_biome,"human faecal microbiome, subject 936",1,0.01
Environment,env_biome,"human faecal microbiome, subject 928",1,0.01
Environment,env_biome,"human faecal microbiome, subject 382",1,0.01
Environment,env_biome,"human faecal microbiome, subject 921",1,0.01
Environment,env_biome,"human faecal microbiome, subject 379",1,0.01
Environment,env_biome,"human faecal microbiome, subject 378",1,0.01
Environment,env_biome,"human faecal microbiome, subject 370",1,0.01
Environment,env_biome,"human faecal microbiome, subject 946",1,0.01
Environment,env_biome,"human faecal microbiome, subject 917",1,0.01
Environment,env_biome,"human faecal microbiome, subject 520",1,0.01
Environment,env_biome,drinking water rapid sand filter,1,0.01
Environment,env_biome,infant gut microbiome exposed to moxclav antibiotic,1,0.01
Environment,env_biome,mabr biofilm,1,0.01
Environment,env_biome,anaerobic digester and bioelectrochemcial systems,1,0.01
Environment,env_biome,kok river [eh9101],1,0.01
Environment,env_biome,(grassland biome),1,0.01
Environment,env_biome,microalgal biofuel cultivation,1,0.01
Environment,env_biome,human drainage fluid,1,0.01
Environment,env_biome,natural cheese (us cfr) [foodon:03400187],1,0.01
Environment,env_biome,community birth cohort study,1,0.01
Environment,env_biome,pelagic ocean biome,1,0.01
Environment,env_biome,caecal contents,1,0.01
Environment,env_biome,human joint fluid,1,0.01
Environment,env_biome,human pleural,1,0.01
Environment,env_biome,host gut,1,0.01
Environment,env_biome,lake sediment microbiome,1,0.01
Environment,env_biome,beech forest soil,1,0.01
Environment,env_biome,soil16,1,0.01
Environment,env_biome,reagent-only control,1,0.01
Environment,env_biome,gut biome,1,0.01
Environment,env_biome,rhizosphere enviroment 4 of wild soybean (100 mm nacl treated),1,0.01
Environment,env_biome,rhizosphere enviroment 4 of wild soybean (0 mm nacl treated),1,0.01
Environment,env_biome,rhizosphere enviroment 3 of wild soybean (200 mm nacl treated),1,0.01
Environment,env_biome,rhizosphere enviroment 2 of wild soybean (0 mm nacl treated),1,0.01
Environment,env_biome,deep marine sediment,1,0.01
Environment,env_biome,alga,1,0.01
Environment,env_biome,collection of organisms,1,0.01
Environment,env_biome,digestive tract enviroment 18,1,0.01
Environment,env_biome,digestive tract enviroment 14,1,0.01
Environment,env_biome,digestive tract enviroment 93,1,0.01
Environment,env_biome,digestive tract enviroment 68,1,0.01
Environment,env_biome,digestive tract enviroment 26,1,0.01
Environment,env_biome,digestive tract enviroment 24,1,0.01
Environment,env_biome,oil reservoir biome,1,0.01
Environment,env_biome,mouse caecum,1,0.01
Environment,env_biome,bacteriome,1,0.01
Environment,env_biome,mediterranean savanna biome,1,0.01
Environment,env_biome,sbr reactor,1,0.01
Environment,env_biome,rhizsophere,1,0.01
Environment,env_biome,human scalp hair follicles bulb epithelium,1,0.01
Environment,env_biome,human scalp hair follicles suprabulbar mesenchyme,1,0.01
Environment,env_biome,human scalp hair follicles isthmus mesenchyme,1,0.01
Environment,env_biome,squama,1,0.01
Environment,env_biome,hot spring biome,1,0.01
Environment,env_biome,water treatment plant,1,0.01
Environment,env_biome,aquaculture,1,0.01
Environment,env_biome,lake water,1,0.01
Environment,env_biome,rat biome,1,0.01
Environment,env_biome,sponge microbiome,1,0.01
Environment,env_biome,anaerobic digester biome,1,0.01
Environment,env_biome,apiary-biome,1,0.01
Environment,env_biome,sheepfold,1,0.01
Environment,env_biome,wetlad|tropical forest,1,0.01
Environment,env_biome,hydrothermal vents,1,0.01
Environment,env_biome,"dairy farm in manhattan, ks",1,0.01
Environment,env_biome,uzon volcanic caldera,1,0.01
Environment,env_biome,hypersaline pond,1,0.01
Environment,env_biome,laboratory metagenome,1,0.01
Environment,env_biome,biom,1,0.01
Environment,env_biome,rumen-10,1,0.01
Environment,env_biome,rumen-11,1,0.01
Environment,env_biome,anaerobic digestor,1,0.01
Environment,env_biome,cow 143,1,0.01
Environment,env_biome,ced46st_s67_human microbiome,1,0.01
Environment,env_biome,ucr7_cp04727_s7_human microbiome,1,0.01
Environment,env_biome,ced104st_s81_human microbiome,1,0.01
Environment,env_biome,ced96st_s79_human microbiome,1,0.01
Environment,env_biome,mouse intestinal contents,1,0.01
Environment,env_biome,deep brine pool subseafloor sediment,1,0.01
Environment,env_biome,site m,1,0.01
Environment,env_biome,bovine milk fermentation,1,0.01
Environment,env_biome,rocky shore biome,1,0.01
Environment,env_biome,semi-arid forest,1,0.01
Environment,env_biome,northern south china sea,1,0.01
Environment,env_biome,coast9,1,0.01
Environment,env_biome,coast43,1,0.01
Environment,env_biome,env008,1,0.01
Environment,env_biome,env016,1,0.01
Environment,env_biome,env002,1,0.01
Environment,env_biome,morteratsch glacier,1,0.01
Environment,env_biome,home 60,1,0.01
Environment,env_biome,home 6,1,0.01
Environment,env_biome,home 1,1,0.01
Environment,env_biome,oncom merah from girimulya (producer a),1,0.01
Environment,env_biome,drinking water treatment plant,1,0.01
Environment,env_biome,unfertilised soil for rice cultivation,1,0.01
Environment,env_biome,manure applied soil for rice cultivation,1,0.01
Environment,env_biome,"atlantic forest ""tabuleiro""",1,0.01
Environment,env_biome,saline-alkali soil,1,0.01
Environment,env_biome,: wastewater treatment plant,1,0.01
Environment,env_biome,extraction blank control sed19ext6_15,1,0.01
Environment,env_biome,envo：00002255,1,0.01
Environment,env_biome,tomato microbiome,1,0.01
Environment,env_biome,unkwnon,1,0.01
Environment,env_biome,gomti river,1,0.01
Environment,env_biome,temperate forest,1,0.01
Environment,env_biome,bacterial metagenome,1,0.01
Environment,env_biome,1 conservation and natural environments,1,0.01
Environment,env_biome,chaparral area,1,0.01
Environment,env_biome,montane biome,1,0.01
Environment,env_biome,internal zone,1,0.01
Environment,env_biome,freshwater temperate lake,1,0.01
Environment,env_biome,intestinal content microbiome|jejunum,1,0.01
Environment,env_biome,intestinal content microbiome|distal colon,1,0.01
Environment,env_biome,human fecal,1,0.01
Environment,env_biome,bodily fluid material,1,0.01
Environment,env_biome,small freshwater lake biome,1,0.01
Environment,env_biome,freshwater environment,1,0.01
Environment,env_biome,peat bog,1,0.01
Environment,env_biome,shallow water biome,1,0.01
Environment,env_biome,biofilm microbiome,1,0.01
Environment,env_biome,foodon_03412072,1,0.01
Environment,env_biome,distal_colon,1,0.01
Environment,env_biome,digestive tract enviroment 28,1,0.01
Environment,env_biome,digestive tract enviroment 171,1,0.01
Environment,env_biome,digestive tract enviroment 168,1,0.01
Environment,env_biome,digestive tract enviroment 112,1,0.01
Environment,env_biome,digestive tract enviroment 111,1,0.01
Environment,env_biome,marine cold seep biome,1,0.01
Environment,env_biome,soil core,1,0.01
Environment,env_biome,marine hydrothermal vent,1,0.01
Environment,env_biome,river_sediment,1,0.01
Environment,env_biome,paddy field,1,0.01
Environment,env_biome,envo：02000059,1,0.01
Environment,env_biome,montane grassland biome,1,0.01
Environment,env_biome,anser indicus gut metagenome,1,0.01
Environment,env_biome,anser fabalis gut metagenome,1,0.01
Environment,env_biome,field (cover crop oat),1,0.01
Environment,env_biome,field (cover crop onion),1,0.01
Environment,env_biome,field (cover crop hairy vetch),1,0.01
Environment,env_biome,ef_sheep_rumen_12,1,0.01
Environment,env_biome,dermatological-muscosal system,1,0.01
Environment,env_biome,rumen biome for s020.metag,1,0.01
Environment,env_biome,rumen biome for s056.metag,1,0.01
Environment,env_biome,rumen biome for s046.metag,1,0.01
Environment,env_biome,soil in the rhizosphere of kiwifruit roots,1,0.01
Environment,env_biome,anaerobic membrane reactor,1,0.01
Environment,env_biome,norwegian recirculating aquaculture systems land-based fish farm,1,0.01
Environment,env_biome,beach-coastal biome,1,0.01
Environment,env_biome,mediterranean grassland,1,0.01
Environment,env_biome,sub-temperate,1,0.01
Environment,env_biome,tailing soil,1,0.01
Environment,env_biome,upland soil,1,0.01
Environment,env_biome,the stone in river,1,0.01
Environment,env_biome,forest biome  | grassland,1,0.01
Environment,env_biome,soil environment,1,0.01
Environment,env_biome,permafrost wetland soil,1,0.01
Environment,env_biome,deep-sea coral biome,1,0.01
Environment,env_biome,asian elephant fecal archaeal_06,1,0.01
Environment,env_biome,asian elephant fecal_535,1,0.01
Environment,env_biome,asian elephant fecal_170,1,0.01
Environment,env_biome,asian elephant fecal_140,1,0.01
Environment,env_biome,asian elephant fecal_633,1,0.01
Environment,env_biome,asian elephant fecal_624,1,0.01
Environment,env_biome,asian elephant fecal_132,1,0.01
Environment,env_biome,asian elephant fecal_891,1,0.01
Environment,env_biome,asian elephant fecal_866,1,0.01
Environment,env_biome,asian elephant fecal_580,1,0.01
Environment,env_biome,asian elephant fecal_964,1,0.01
Environment,env_biome,asian elephant fecal_822,1,0.01
Environment,env_biome,asian elephant fecal_692,1,0.01
Environment,env_biome,asian elephant fecal_937,1,0.01
Environment,env_biome,asian elephant fecal_790,1,0.01
Environment,env_biome,asian elephant fecal_522,1,0.01
Environment,env_biome,asian elephant fecal_397,1,0.01
Environment,env_biome,conjunctival sac,1,0.01
Environment,env_biome,rhizosphere biome_oc1,1,0.01
Environment,env_biome,extraction blank,1,0.01
Environment,env_biome,alpine grassland,1,0.01
Environment,env_biome,iron mine soil biome_1,1,0.01
Environment,env_biome,oil contaminated soil,1,0.01
Environment,env_biome,lab anaerobic biorector,1,0.01
Environment,env_biome,krenal rock glacier _lazaun_june 01,1,0.01
Environment,env_biome,intact rock glacier _lazaun_september 01,1,0.01
Environment,env_biome,temperate broad-leaf forests or woodlands and subpolar deciduous thickets,1,0.01
Environment,env_biome,deciduous woodland,1,0.01
Environment,env_biome,etnp_36,1,0.01
Environment,env_biome,etnp_30,1,0.01
Environment,env_biome,etnp_21,1,0.01
Environment,env_biome,etnp_20,1,0.01
Environment,env_biome,gut mirobiome,1,0.01
Environment,env_biome,bacterial and fungal communities,1,0.01
Environment,env_biome,waste activated sludge from urban sewage treatment plants,1,0.01
Environment,env_biome,cow rumen,1,0.01
Environment,env_biome,cultured habitat,1,0.01
Environment,env_biome,hot spring water,1,0.01
Environment,env_biome,tide water,1,0.01
Environment,env_biome,human milk,1,0.01
Environment,env_biome,sewage sludge,1,0.01
Environment,env_biome,crop vegetable,1,0.01
Environment,env_biome,freshwater algal bloom,1,0.01
Environment,env_biome,human urinary microbiome,1,0.01
Environment,env_biome,subtidal zone,1,0.01
Environment,env_biome,ocean biom,1,0.01
Environment,env_biome,infectedstool3,1,0.01
Environment,env_biome,infectedstool2,1,0.01
Environment,env_biome,produced water,1,0.01
Environment,env_biome,alkaline hot spring,1,0.01
Environment,env_biome,terrestrial geothermal fumarole,1,0.01
Environment,env_biome,microbial consortiom from the anode,1,0.01
Environment,env_biome,wine,1,0.01
Environment,env_biome,permafrost: active layer: peatland,1,0.01
Environment,env_biome,dense settlement,1,0.01
Environment,env_biome,sandy beach,1,0.01
Environment,env_biome,river bed,1,0.01
Environment,env_biome,human_microbiome,1,0.01
Environment,env_biome,red pepper fermentation,1,0.01
Environment,env_biome,biological sample generated in vitro in our laboratory,1,0.01
Environment,env_biome,soy sauce,1,0.01
Environment,env_biome,bone element environment,1,0.01
Environment,env_biome,gac,1,0.01
Environment,env_biome,rat microbiome,1,0.01
Environment,env_biome,mariculture biome,1,0.01
Environment,env_biome,brackish sediment,1,0.01
Environment,env_biome,wastewater concentration 33%,1,0.01
Environment,env_biome,dryland,1,0.01
Environment,env_biome,external naris,1,0.01
Environment,env_feature,human-associated habitat,2335,11.45
Environment,env_feature,feces,2064,10.12
Environment,env_feature,anthropogenic terrestrial biome,1314,6.44
Environment,env_feature,human gut,911,4.47
Environment,env_feature,intestine environment,827,4.05
Environment,env_feature,gut,766,3.76
Environment,env_feature,animal-associated habitat,470,2.3
Environment,env_feature,research facility,424,2.08
Environment,env_feature,experimental farm,396,1.94
Environment,env_feature,intestinal,267,1.31
Environment,env_feature,animal-associated environment,258,1.26
Environment,env_feature,anaerobic_workstation,251,1.23
Environment,env_feature,fecal environment,230,1.13
Environment,env_feature,gastrointestinal tract,230,1.13
Environment,env_feature,host-associated environment,205,1.01
Environment,env_feature,hospital,188,0.92
Environment,env_feature,mesocosm,184,0.9
Environment,env_feature,sediment,167,0.82
Environment,env_feature,gut microbiome,163,0.8
Environment,env_feature,not applicable,118,0.58
Environment,env_feature,animal cage,117,0.57
Environment,env_feature,viral particles,103,0.5
Environment,env_feature,mid vagina,103,0.5
Environment,env_feature,lake,100,0.49
Environment,env_feature,intestine,97,0.48
Environment,env_feature,mouth environment,94,0.46
Environment,env_feature,human gut microbiome [ohmi:0000020],90,0.44
Environment,env_feature,human,85,0.42
Environment,env_feature,microbial feature,83,0.41
Environment,env_feature,nicu,82,0.4
Environment,env_feature,mammalia-associated habitat,75,0.37
Environment,env_feature,infant gut microbiome,70,0.34
Environment,env_feature,oral cavity,66,0.32
Environment,env_feature,envo:mammalia-associated habitat,65,0.32
Environment,env_feature,host-associated habitat,61,0.3
Environment,env_feature,pig-associated habitat,61,0.3
Environment,env_feature,mouse cecum,61,0.3
Environment,env_feature,ocean,57,0.28
Environment,env_feature,digestive system,56,0.27
Environment,env_feature,organism substance,55,0.27
Environment,env_feature,university campus,55,0.27
Environment,env_feature,coastal water body,54,0.26
Environment,env_feature,mammalian-associated habitat,51,0.25
Environment,env_feature,sewer,50,0.25
Environment,env_feature,earth [q2],47,0.23
Environment,env_feature,excreta material,47,0.23
Environment,env_feature,ac,46,0.23
Environment,env_feature,forest,45,0.22
Environment,env_feature,organic feature,45,0.22
Environment,env_feature,home,45,0.22
Environment,env_feature,river,44,0.22
Environment,env_feature,lung,44,0.22
Environment,env_feature,soil environment,43,0.21
Environment,env_feature,mammalia-associateed habitat,42,0.21
Environment,env_feature,bone element environment,40,0.2
Environment,env_feature,mouth,40,0.2
Environment,env_feature,anaerobic liquid culture,40,0.2
Environment,env_feature,surface water layer,39,0.19
Environment,env_feature,skin of body,38,0.19
Environment,env_feature,mouse-associated habitat,38,0.19
Environment,env_feature,lower digestive tract,37,0.18
Environment,env_feature,infant gut,37,0.18
Environment,env_feature,freshwater river,37,0.18
Environment,env_feature,biological sample,36,0.18
Environment,env_feature,marine water body,35,0.17
Environment,env_feature,organic,35,0.17
Environment,env_feature,human associated habitat,34,0.17
Environment,env_feature,rectum,34,0.17
Environment,env_feature,ac-r,34,0.17
Environment,env_feature,aquifer,32,0.16
Environment,env_feature,human-oral,32,0.16
Environment,env_feature,gi tract,32,0.16
Environment,env_feature,wastewater treatment plant,31,0.15
Environment,env_feature,human gut stool,31,0.15
Environment,env_feature,soil,30,0.15
Environment,env_feature,cecum,30,0.15
Environment,env_feature,oral opening,30,0.15
Environment,env_feature,blood,30,0.15
Environment,env_feature,large intestine microbiome,30,0.15
Environment,env_feature,farm,29,0.14
Environment,env_feature,human dwelling,29,0.14
Environment,env_feature,vf-r,29,0.14
Environment,env_feature,agricultural soil,28,0.14
Environment,env_feature,ch,28,0.14
Environment,env_feature,ra-r,27,0.13
Environment,env_feature,mims.me.human-gut,27,0.13
Environment,env_feature,surface soil,25,0.12
Environment,env_feature,envo:human-associated habitat,25,0.12
Environment,env_feature,vagina,25,0.12
Environment,env_feature,school lodging,25,0.12
Environment,env_feature,clinical,25,0.12
Environment,env_feature,ohmi_0000020,25,0.12
Environment,env_feature,anthropogenic habitat,24,0.12
Environment,env_feature,freshwater lake,24,0.12
Environment,env_feature,marine benthic feature,24,0.12
Environment,env_feature,epilimnion,24,0.12
Environment,env_feature,nursery,24,0.12
Environment,env_feature,shoreline,23,0.11
Environment,env_feature,anaerobic digester,23,0.11
Environment,env_feature,human-associated environment,23,0.11
Environment,env_feature,vf,23,0.11
Environment,env_feature,seawater,22,0.11
Environment,env_feature,human airways (healthy control),22,0.11
Environment,env_feature,open ocean,22,0.11
Environment,env_feature,bodily secretion,22,0.11
Environment,env_feature,st. louis,22,0.11
Environment,env_feature,water kefir liquid,22,0.11
Environment,env_feature,"nasopharynx, nasal",22,0.11
Environment,env_feature,pregnant,22,0.11
Environment,env_feature,human feces,21,0.1
Environment,env_feature,microbiome,21,0.1
Environment,env_feature,colon,21,0.1
Environment,env_feature,pc-r,21,0.1
Environment,env_feature,ankylosing spondylitis patient,21,0.1
Environment,env_feature,grassland soil,20,0.1
Environment,env_feature,digestive tract (); intestine (),20,0.1
Environment,env_feature,boulders,20,0.1
Environment,env_feature,grassland,19,0.09
Environment,env_feature,anaerobic bacteria,19,0.09
Environment,env_feature,permafrost,19,0.09
Environment,env_feature,healthy_adults,19,0.09
Environment,env_feature,mouse gut,19,0.09
Environment,env_feature,infant feces,19,0.09
Environment,env_feature,clinic,19,0.09
Environment,env_feature,cemetry,19,0.09
Environment,env_feature,cecal content,19,0.09
Environment,env_feature,rumen,18,0.09
Environment,env_feature,sea grass bed,18,0.09
Environment,env_feature,sea coast,18,0.09
Environment,env_feature,endotracheal aspirate,18,0.09
Environment,env_feature,microbial community,18,0.09
Environment,env_feature,host family,18,0.09
Environment,env_feature,distal canine gut,18,0.09
Environment,env_feature,microbial community [pco:1000004]|biofilm,18,0.09
Environment,env_feature,upper water column,18,0.09
Environment,env_feature,human gut microbiota,18,0.09
Environment,env_feature,air filter,18,0.09
Environment,env_feature,forest soil,17,0.08
Environment,env_feature,dense settlement biome,17,0.08
Environment,env_feature,inland,17,0.08
Environment,env_feature,deep chlorophyll maximum layer (envo:xxxxxxxx),17,0.08
Environment,env_feature,rattus norvegicus-associated habitat,17,0.08
Environment,env_feature,grassland biome,17,0.08
Environment,env_feature,hospital icu,17,0.08
Environment,env_feature,stream,17,0.08
Environment,env_feature,pc,17,0.08
Environment,env_feature,riffle,17,0.08
Environment,env_feature,active layer,17,0.08
Environment,env_feature,sea surface layer,16,0.08
Environment,env_feature,surface water,16,0.08
Environment,env_feature,field,16,0.08
Environment,env_feature,marine hadal zone,16,0.08
Environment,env_feature,freshwater lake biome,16,0.08
Environment,env_feature,laboratory,16,0.08
Environment,env_feature,marine pelagic biome,16,0.08
Environment,env_feature,excreta,16,0.08
Environment,env_feature,saliva,16,0.08
Environment,env_feature,ileum,16,0.08
Environment,env_feature,ic-r,16,0.08
Environment,env_feature,freed-dry,15,0.07
Environment,env_feature,agricultural,15,0.07
Environment,env_feature,mouse-gut,15,0.07
Environment,env_feature,vineyard,15,0.07
Environment,env_feature,human gut metagenome (ncbitaxon_408170),15,0.07
Environment,env_feature,envo:feces,15,0.07
Environment,env_feature,coastal,14,0.07
Environment,env_feature,sewage,14,0.07
Environment,env_feature,building,14,0.07
Environment,env_feature,bioreactor,14,0.07
Environment,env_feature,foodon_03307458:cow milk (semi-skimmed),14,0.07
Environment,env_feature,ph-r,14,0.07
Environment,env_feature,human vagina,14,0.07
Environment,env_feature,human gut metagenome,14,0.07
Environment,env_feature,subgingival crevice,14,0.07
Environment,env_feature,toe web (tw),14,0.07
Environment,env_feature,anterior nares (n),14,0.07
Environment,env_feature,cystic fibrosis patient airways,13,0.06
Environment,env_feature,oropharynx,13,0.06
Environment,env_feature,estuary,13,0.06
Environment,env_feature,epithelium of rectum,13,0.06
Environment,env_feature,anaerobic,13,0.06
Environment,env_feature,tw-r,13,0.06
Environment,env_feature,urban,13,0.06
Environment,env_feature,"oral, saliva",13,0.06
Environment,env_feature,creek,13,0.06
Environment,env_feature,laboratory environment,12,0.06
Environment,env_feature,plant-associated habitat,12,0.06
Environment,env_feature,water,12,0.06
Environment,env_feature,human respiratory tract,12,0.06
Environment,env_feature,human feces sample,12,0.06
Environment,env_feature,hp-r,12,0.06
Environment,env_feature,gut metagenome,12,0.06
Environment,env_feature,wastewater,12,0.06
Environment,env_feature,homo sapiens,12,0.06
Environment,env_feature,ra,12,0.06
Environment,env_feature,axilla skin environment|tropical woodland biome,12,0.06
Environment,env_feature,balf_pi,12,0.06
Environment,env_feature,peri-anal skin (an),12,0.06
Environment,env_feature,7.2.1 open ocean water-conservation,12,0.06
Environment,env_feature,rhizosplane and endosphere,12,0.06
Environment,env_feature,sink fixture,12,0.06
Environment,env_feature,stream run,12,0.06
Environment,env_feature,benthos,12,0.06
Environment,env_feature,human body,12,0.06
Environment,env_feature,hot spring,11,0.05
Environment,env_feature,cubital fossa,11,0.05
Environment,env_feature,mock community,11,0.05
Environment,env_feature,indoor toilet,11,0.05
Environment,env_feature,digestive tract environment,11,0.05
Environment,env_feature,agricultural field,11,0.05
Environment,env_feature,lumen of vagina,11,0.05
Environment,env_feature,palm/fingertips (fg),11,0.05
Environment,env_feature,hills,11,0.05
Environment,env_feature,rural environment,11,0.05
Environment,env_feature,neritic pelagic zone biome,10,0.05
Environment,env_feature,freshwater environment,10,0.05
Environment,env_feature,fecal sample from healthy human study participant,10,0.05
Environment,env_feature,garden,10,0.05
Environment,env_feature,stomach,10,0.05
Environment,env_feature,caecum,10,0.05
Environment,env_feature,mediterranean-based diet,10,0.05
Environment,env_feature,cloacal swab,10,0.05
Environment,env_feature,mesocosm pond,10,0.05
Environment,env_feature,supragingival biofilm,10,0.05
Environment,env_feature,small river biome,10,0.05
Environment,env_feature,animal facility,10,0.05
Environment,env_feature,drainage ditch,10,0.05
Environment,env_feature,food (fermented) [foodon:00001258],10,0.05
Environment,env_feature,inguinal (ic),10,0.05
Environment,env_feature,captive-bred nhp,10,0.05
Environment,env_feature,prosthetic knee joint,10,0.05
Environment,env_feature,river bed,9,0.04
Environment,env_feature,rhizospheric,9,0.04
Environment,env_feature,urban biome,9,0.04
Environment,env_feature,sand,9,0.04
Environment,env_feature,oceanic gyre,9,0.04
Environment,env_feature,parklike habitat,9,0.04
Environment,env_feature,bulk soil,9,0.04
Environment,env_feature,marine hydrothermal vent,9,0.04
Environment,env_feature,sludge,9,0.04
Environment,env_feature,kelp forest,9,0.04
Environment,env_feature,human-gut-microbiome,9,0.04
Environment,env_feature,floor,9,0.04
Environment,env_feature,pc-l,9,0.04
Environment,env_feature,id-r,9,0.04
Environment,env_feature,intertidal zone,9,0.04
Environment,env_feature,hp,9,0.04
Environment,env_feature,oc,9,0.04
Environment,env_feature,barcelona,9,0.04
Environment,env_feature,daya bay,9,0.04
Environment,env_feature,bu-r,9,0.04
Environment,env_feature,oral | gut | vaginal,9,0.04
Environment,env_feature,offshore,9,0.04
Environment,env_feature,farmland soil,9,0.04
Environment,env_feature,gut content,9,0.04
Environment,env_feature,fh-r,9,0.04
Environment,env_feature,mb-r,9,0.04
Environment,env_feature,oc-r,9,0.04
Environment,env_feature,antiseptic drug[chebi:48218],9,0.04
Environment,env_feature,guinean savannah,9,0.04
Environment,env_feature,peatland,9,0.04
Environment,env_feature,agricultural experimental station,9,0.04
Environment,env_feature,feature,9,0.04
Environment,env_feature,glacier,8,0.04
Environment,env_feature,discrete depth within the [epi] epipelagic zone,8,0.04
Environment,env_feature,oral,8,0.04
Environment,env_feature,marine neritic benthic zone biome,8,0.04
Environment,env_feature,animal house,8,0.04
Environment,env_feature,bacterial mock community,8,0.04
Environment,env_feature,epithelium of vagina,8,0.04
Environment,env_feature,insecta-associated habitat,8,0.04
Environment,env_feature,anaerobic bioreactor,8,0.04
Environment,env_feature,foodon_03306581:cow whole milk (pasteurized),8,0.04
Environment,env_feature,plain,8,0.04
Environment,env_feature,proximal colon,8,0.04
Environment,env_feature,n,8,0.04
Environment,env_feature,tn-r,8,0.04
Environment,env_feature,mock community culture,8,0.04
Environment,env_feature,water kefir grains,8,0.04
Environment,env_feature,ectocervix,8,0.04
Environment,env_feature,ac/pc/ic,8,0.04
Environment,env_feature,rhizosphere environment,7,0.03
Environment,env_feature,biofilm,7,0.03
Environment,env_feature,marine,7,0.03
Environment,env_feature,scalp,7,0.03
Environment,env_feature,http://purl.obolibrary.org/obo/,7,0.03
Environment,env_feature,environmental material,7,0.03
Environment,env_feature,vegetation layer,7,0.03
Environment,env_feature,city,7,0.03
Environment,env_feature,oceanic epipelagic zone biome,7,0.03
Environment,env_feature,harbor,7,0.03
Environment,env_feature,crop content,7,0.03
Environment,env_feature,pond,7,0.03
Environment,env_feature,agricultural fields,7,0.03
Environment,env_feature,coastal sea water,7,0.03
Environment,env_feature,skin,7,0.03
Environment,env_feature,rumen (),7,0.03
Environment,env_feature,drinking water reservoir,7,0.03
Environment,env_feature,resident macrofauna,7,0.03
Environment,env_feature,conjunctiva,7,0.03
Environment,env_feature,distal colon,7,0.03
Environment,env_feature,intensive care unit,7,0.03
Environment,env_feature,gb-c,7,0.03
Environment,env_feature,ea-r,7,0.03
Environment,env_feature,mouse intestine,7,0.03
Environment,env_feature,pilosebacous follicle casts,7,0.03
Environment,env_feature,agricultural land,7,0.03
Environment,env_feature,experimental beagle,7,0.03
Environment,env_feature,biom,7,0.03
Environment,env_feature,activated sludge,7,0.03
Environment,env_feature,v3 region of 16s rrna genes,7,0.03
Environment,env_feature,stream pool,7,0.03
Environment,env_feature,tw,7,0.03
Environment,env_feature,human gastrointestinal tract,7,0.03
Environment,env_feature,canal,7,0.03
Environment,env_feature,head,7,0.03
Environment,env_feature,bay,6,0.03
Environment,env_feature,freshwater,6,0.03
Environment,env_feature,discrete depth within the [bathy] bathypelagic zone,6,0.03
Environment,env_feature,none,6,0.03
Environment,env_feature,control,6,0.03
Environment,env_feature,secretion,6,0.03
Environment,env_feature,skin environment,6,0.03
Environment,env_feature,mediterranean sea biome,6,0.03
Environment,env_feature,undersea feature,6,0.03
Environment,env_feature,a sampler worn on the chest,6,0.03
Environment,env_feature,waste water,6,0.03
Environment,env_feature,plant-associated environment,6,0.03
Environment,env_feature,vaginal environment,6,0.03
Environment,env_feature,active-layer soils,6,0.03
Environment,env_feature,air,6,0.03
Environment,env_feature,mesopelagic zone,6,0.03
Environment,env_feature,[srf] surface water layer,6,0.03
Environment,env_feature,vaginal swab,6,0.03
Environment,env_feature,upflow anaerobic sludge bed,6,0.03
Environment,env_feature,fermented food product,6,0.03
Environment,env_feature,wetland,6,0.03
Environment,env_feature,ocean water,6,0.03
Environment,env_feature,coral reef,6,0.03
Environment,env_feature,"bathymodiolus-dominated oceanic mussel reef , bathymodiolus-dominated oceanic mussel bed , marine hydrothermal vent",6,0.03
Environment,env_feature,host associated habitat,6,0.03
Environment,env_feature,fresh water,6,0.03
Environment,env_feature,anaerobic membrane reactors treating domestic wastewater at 4c and 15c inoculated by soils and sediments from lake geneva and svalbard,6,0.03
Environment,env_feature,dairy product,6,0.03
Environment,env_feature,shoreline |intertidal zone,6,0.03
Environment,env_feature,negative control,6,0.03
Environment,env_feature,milk,6,0.03
Environment,env_feature,environment determined by a biofilm on an animal surface |mouth environment,6,0.03
Environment,env_feature,pre-radiation,6,0.03
Environment,env_feature,marine sediment,6,0.03
Environment,env_feature,fecal pellets,6,0.03
Environment,env_feature,chemostat culture,6,0.03
Environment,env_feature,ch-r,6,0.03
Environment,env_feature,colon(),6,0.03
Environment,env_feature,millet rhizosphere soil,6,0.03
Environment,env_feature,throat,6,0.03
Environment,env_feature,subgingival,6,0.03
Environment,env_feature,no collected,6,0.03
Environment,env_feature,ba-r,6,0.03
Environment,env_feature,blanket bog,6,0.03
Environment,env_feature,deep plowing field,6,0.03
Environment,env_feature,freshwater stream,6,0.03
Environment,env_feature,ranch,6,0.03
Environment,env_feature,flood plain,6,0.03
Environment,env_feature,uid1212,6,0.03
Environment,env_feature,warm season,6,0.03
Environment,env_feature,semi-arid savanna,6,0.03
Environment,env_feature,fh-l,6,0.03
Environment,env_feature,marine pelagic zone,5,0.02
Environment,env_feature,marine oligotrophic desert,5,0.02
Environment,env_feature,rice field,5,0.02
Environment,env_feature,production forest,5,0.02
Environment,env_feature,microcosm,5,0.02
Environment,env_feature,ocular,5,0.02
Environment,env_feature,chicken cecum,5,0.02
Environment,env_feature,pig's faeces metagenome sample,5,0.02
Environment,env_feature,palsa,5,0.02
Environment,env_feature,antarctic soil,5,0.02
Environment,env_feature,digestive tract,5,0.02
Environment,env_feature,ceca content,5,0.02
Environment,env_feature,pelagic,5,0.02
Environment,env_feature,anaerobic sludge,5,0.02
Environment,env_feature,brines,5,0.02
Environment,env_feature,mesoscopic physical object,5,0.02
Environment,env_feature,valley,5,0.02
Environment,env_feature,reactor,5,0.02
Environment,env_feature,rhizosphere,5,0.02
Environment,env_feature,farmland,5,0.02
Environment,env_feature,tributary,5,0.02
Environment,env_feature,foodon_03315506:banana flesh; foodon_00002655:food (peeled),5,0.02
Environment,env_feature,mountain,5,0.02
Environment,env_feature,reagent,5,0.02
Environment,env_feature,intestinal flora,5,0.02
Environment,env_feature,indoor kitchen,5,0.02
Environment,env_feature,preterm airways,5,0.02
Environment,env_feature,shipboard experiment conducted with seawater collected at 75m,5,0.02
Environment,env_feature,healthy,5,0.02
Environment,env_feature,apis cerana gut,5,0.02
Environment,env_feature,pancreatic tissue,5,0.02
Environment,env_feature,mouse gut microbiome,5,0.02
Environment,env_feature,wound microbiome,5,0.02
Environment,env_feature,coastal plain,5,0.02
Environment,env_feature,vf-l,5,0.02
Environment,env_feature,ba-c,5,0.02
Environment,env_feature,mb-c,5,0.02
Environment,env_feature,al-r,5,0.02
Environment,env_feature,oc-c,5,0.02
Environment,env_feature,infant intestine,5,0.02
Environment,env_feature,aquatic,5,0.02
Environment,env_feature,rural,5,0.02
Environment,env_feature,human mouth,5,0.02
Environment,env_feature,lower respiratory tract,5,0.02
Environment,env_feature,tongue dorsum,5,0.02
Environment,env_feature,human mouth microbiome,5,0.02
Environment,env_feature,ic,5,0.02
Environment,env_feature,ohmi_0000017,5,0.02
Environment,env_feature,serum,5,0.02
Environment,env_feature,pig,5,0.02
Environment,env_feature,field soil,5,0.02
Environment,env_feature,low latitude,5,0.02
Environment,env_feature,mesocosm |wetland area,5,0.02
Environment,env_feature,preterm neonate stool,5,0.02
Environment,env_feature,envo：00001998,5,0.02
Environment,env_feature,urinary tract,5,0.02
Environment,env_feature,ncit:c34082,5,0.02
Environment,env_feature,moraine landscape with relatively little precipitation in northern germany,5,0.02
Environment,env_feature,neonatal intensive care unit,5,0.02
Environment,env_feature,minimal media enrichment,5,0.02
Environment,env_feature,watershed,5,0.02
Environment,env_feature,lamb_m_wk8,5,0.02
Environment,env_feature,deep nasopharynx,5,0.02
Environment,env_feature,marine coral reef biome,5,0.02
Environment,env_feature,cemetery,5,0.02
Environment,env_feature,foot,5,0.02
Environment,env_feature,tropical woodland biome,5,0.02
Environment,env_feature,hospital sewage tank,4,0.02
Environment,env_feature,microbial mat,4,0.02
Environment,env_feature,desert soil,4,0.02
Environment,env_feature,large river biome,4,0.02
Environment,env_feature,human-associated,4,0.02
Environment,env_feature,polar biome,4,0.02
Environment,env_feature,belowground environment,4,0.02
Environment,env_feature,marine photic zone,4,0.02
Environment,env_feature,adult mouth,4,0.02
Environment,env_feature,freshwater biome,4,0.02
Environment,env_feature,water surface,4,0.02
Environment,env_feature,pasture,4,0.02
Environment,env_feature,environmental zone,4,0.02
Environment,env_feature,shore line,4,0.02
Environment,env_feature,permafrost peatland themokarst lake,4,0.02
Environment,env_feature,controlled glasshouse,4,0.02
Environment,env_feature,area of cropland,4,0.02
Environment,env_feature,area of evergreen forest,4,0.02
Environment,env_feature,urban bioretention column,4,0.02
Environment,env_feature,agricultural feature,4,0.02
Environment,env_feature,sites,4,0.02
Environment,env_feature,"bathymodiolus-dominated oceanic mussel reef , bathymodiolus-dominated oceanic mussel bed",4,0.02
Environment,env_feature,steppe soil,4,0.02
Environment,env_feature,saline marsh,4,0.02
Environment,env_feature,pond bed,4,0.02
Environment,env_feature,temperate coniferous forest,4,0.02
Environment,env_feature,enrichment,4,0.02
Environment,env_feature,vegetable,4,0.02
Environment,env_feature,hydrothermal vent,4,0.02
Environment,env_feature,farm | plant-associated environment,4,0.02
Environment,env_feature,groundwater,4,0.02
Environment,env_feature,organic dairy farm,4,0.02
Environment,env_feature,brain tissue,4,0.02
Environment,env_feature,desert,4,0.02
Environment,env_feature,in vitro anaerobic culture,4,0.02
Environment,env_feature,host_body_product,4,0.02
Environment,env_feature,other,4,0.02
Environment,env_feature,short-term laboratory experiment,4,0.02
Environment,env_feature,woodland biome,4,0.02
Environment,env_feature,urban waterways,4,0.02
Environment,env_feature,fecal fermentations,4,0.02
Environment,env_feature,shoreline |temperature of water,4,0.02
Environment,env_feature,indian river [19186],4,0.02
Environment,env_feature,saint lucie estuary [63407],4,0.02
Environment,env_feature,lake shore,4,0.02
Environment,env_feature,gulf,4,0.02
Environment,env_feature,hydroelectric reservoir |lake with an anoxic hypolimnion |freshwater lake,4,0.02
Environment,env_feature,gb,4,0.02
Environment,env_feature,oak woodland,4,0.02
Environment,env_feature,feces formula fed,4,0.02
Environment,env_feature,age [pato:0000011] | health [ncit:c25178] | diet [ncit:c15222],4,0.02
Environment,env_feature,balf_ps,4,0.02
Environment,env_feature,spinal,4,0.02
Environment,env_feature,"facial skin, cheek adjacent to earlobe area",4,0.02
Environment,env_feature,oc-l,4,0.02
Environment,env_feature,animal feces,4,0.02
Environment,env_feature,household washing place,4,0.02
Environment,env_feature,lumen,4,0.02
Environment,env_feature,'not provided',4,0.02
Environment,env_feature,adult,4,0.02
Environment,env_feature,ac-l,4,0.02
Environment,env_feature,ph,4,0.02
Environment,env_feature,semi-arid tropical savanna,4,0.02
Environment,env_feature,anthropised terrestrial environmental zone,4,0.02
Environment,env_feature,fh,4,0.02
Environment,env_feature,mouth mucosa,4,0.02
Environment,env_feature,pots,4,0.02
Environment,env_feature,south lobe within of kaneohe bay,4,0.02
Environment,env_feature,botswana princess marina hospital,4,0.02
Environment,env_feature,lamb_f_wk8,4,0.02
Environment,env_feature,skin surface,4,0.02
Environment,env_feature,ic-l,4,0.02
Environment,env_feature,waste treatment plant,4,0.02
Environment,env_feature,saltmarsh,4,0.02
Environment,env_feature,distal gut,4,0.02
Environment,env_feature,marine sub-littoral zone,4,0.02
Environment,env_feature,normal,4,0.02
Environment,env_feature,marine coral reef buttress zone,4,0.02
Environment,env_feature,host-virus coevolution,4,0.02
Environment,env_feature,plant,3,0.01
Environment,env_feature,marine sponge reef biome,3,0.01
Environment,env_feature,tidal pool,3,0.01
Environment,env_feature,large intestine,3,0.01
Environment,env_feature,waste water  ],3,0.01
Environment,env_feature,marine bulk water,3,0.01
Environment,env_feature,aquarium,3,0.01
Environment,env_feature,microbial community [pco:1000004],3,0.01
Environment,env_feature,szeged,3,0.01
Environment,env_feature,organic material,3,0.01
Environment,env_feature,cell culture,3,0.01
Environment,env_feature,brackish water body,3,0.01
Environment,env_feature,islet,3,0.01
Environment,env_feature,human oral,3,0.01
Environment,env_feature,lagoon,3,0.01
Environment,env_feature,small freshwater lake biome,3,0.01
Environment,env_feature,wheat cropping system,3,0.01
Environment,env_feature,water column,3,0.01
Environment,env_feature,midden deposit,3,0.01
Environment,env_feature,research station,3,0.01
Environment,env_feature,area of gramanoid or herbaceous vegetation,3,0.01
Environment,env_feature,area of deciduous forest,3,0.01
Environment,env_feature,marine habitat,3,0.01
Environment,env_feature,broiler carcass,3,0.01
Environment,env_feature,paediatric acute lymphoblastic leukemia,3,0.01
Environment,env_feature,water cooling tower basin,3,0.01
Environment,env_feature,water based drill cutting,3,0.01
Environment,env_feature,forest floor,3,0.01
Environment,env_feature,cheese,3,0.01
Environment,env_feature,zone of skin,3,0.01
Environment,env_feature,stratum,3,0.01
Environment,env_feature,cropland,3,0.01
Environment,env_feature,volcanic feature,3,0.01
Environment,env_feature,seasonal snow patch,3,0.01
Environment,env_feature,cnidarian associated environment,3,0.01
Environment,env_feature,quarry,3,0.01
Environment,env_feature,baboon gut,3,0.01
Environment,env_feature,food processing building,3,0.01
Environment,env_feature,deep-sea coral community,3,0.01
Environment,env_feature,vaginal microbiome,3,0.01
Environment,env_feature,probiotic coliguard,3,0.01
Environment,env_feature,cold seep,3,0.01
Environment,env_feature,influent,3,0.01
Environment,env_feature,murine distal gut,3,0.01
Environment,env_feature,atlantic ocean,3,0.01
Environment,env_feature,bioreactor biome,3,0.01
Environment,env_feature,colonoscopy suite,3,0.01
Environment,env_feature,salivary microbiome | oral health,3,0.01
Environment,env_feature,estuarine water,3,0.01
Environment,env_feature,hydrothermal field,3,0.01
Environment,env_feature,sterile swabs,3,0.01
Environment,env_feature,wastewater treatment plant influent,3,0.01
Environment,env_feature,technosol,3,0.01
Environment,env_feature,alimentary part of gastrointestinal system,3,0.01
Environment,env_feature,permafrost thawing process,3,0.01
Environment,env_feature,envo:,3,0.01
Environment,env_feature,adolescent female,3,0.01
Environment,env_feature,refrigerator,3,0.01
Environment,env_feature,salmonella infection,3,0.01
Environment,env_feature,protected,3,0.01
Environment,env_feature,digestive tract enviroment,3,0.01
Environment,env_feature,mb,3,0.01
Environment,env_feature,marine supralittoral zone |shoreline |lagoon |shingle beach |raised beach,3,0.01
Environment,env_feature,dlbcl,3,0.01
Environment,env_feature,sphagnum bog,3,0.01
Environment,env_feature,fen,3,0.01
Environment,env_feature,fetal membranes,3,0.01
Environment,env_feature,roadside,3,0.01
Environment,env_feature,agriculture,3,0.01
Environment,env_feature,balf_bi,3,0.01
Environment,env_feature,subgingival plaque,3,0.01
Environment,env_feature,riverbank zone and river-sediment,3,0.01
Environment,env_feature,bee hive,3,0.01
Environment,env_feature,long-term experimental site,3,0.01
Environment,env_feature,external auditory canal (ea),3,0.01
Environment,env_feature,pato:0000011,3,0.01
Environment,env_feature,negative extraction control,3,0.01
Environment,env_feature,euro-can,3,0.01
Environment,env_feature,indian,3,0.01
Environment,env_feature,heath,3,0.01
Environment,env_feature,arable soil,3,0.01
Environment,env_feature,pasture soil,3,0.01
Environment,env_feature,"facial skin, crow’s feet/under eye area",3,0.01
Environment,env_feature,human-associated habitat|building,3,0.01
Environment,env_feature,snow covered frozen active layer permafrost affected soils near the awipev bayelva long term monitoring station,3,0.01
Environment,env_feature,cockroach gut,3,0.01
Environment,env_feature,geothermally active field,3,0.01
Environment,env_feature,shallow marine sediment,3,0.01
Environment,env_feature,experimental mesocosm,3,0.01
Environment,env_feature,grassland ecosystem  | urban biome,3,0.01
Environment,env_feature,hilly landscape dominated by calcareous fertile soils in central germany,3,0.01
Environment,env_feature,nearshore,3,0.01
Environment,env_feature,antarctica,3,0.01
Environment,env_feature,underground_water_body,3,0.01
Environment,env_feature,soybean,3,0.01
Environment,env_feature,marine environment |fecal environment |anthropogenic environment [01000313],3,0.01
Environment,env_feature,fecal microbiome,3,0.01
Environment,env_feature,urine-clean catch midstream,3,0.01
Environment,env_feature,human oral cavity,3,0.01
Environment,env_feature,miss,3,0.01
Environment,env_feature,forested area,3,0.01
Environment,env_feature,duodenum,3,0.01
Environment,env_feature,ra-l,3,0.01
Environment,env_feature,oral gavage,3,0.01
Environment,env_feature,facility,3,0.01
Environment,env_feature,rectal swab,3,0.01
Environment,env_feature,root nodule,2,0.01
Environment,env_feature,marine mesopelagic zone,2,0.01
Environment,env_feature,marine hydrothermal vent chimney,2,0.01
Environment,env_feature,tonsil,2,0.01
Environment,env_feature,marine bathypelagic zone,2,0.01
Environment,env_feature,layer,2,0.01
Environment,env_feature,small intestine,2,0.01
Environment,env_feature,biological waste material  ],2,0.01
Environment,env_feature,coastal seawater,2,0.01
Environment,env_feature,market,2,0.01
Environment,env_feature,sewage plant,2,0.01
Environment,env_feature,garden soil,2,0.01
Environment,env_feature,swamp meadow soil,2,0.01
Environment,env_feature,mangrove sediment,2,0.01
Environment,env_feature,constructed wetland,2,0.01
Environment,env_feature,mangrove biome soil,2,0.01
Environment,env_feature,discrete depth within the [meso] mesopelagic zone,2,0.01
Environment,env_feature,surface seawater,2,0.01
Environment,env_feature,arctic dessert,2,0.01
Environment,env_feature,peat soil,2,0.01
Environment,env_feature,littoral,2,0.01
Environment,env_feature,injection tank on injector; :stainless steel,2,0.01
Environment,env_feature,estuarine biome,2,0.01
Environment,env_feature,animal-associatedhabitat,2,0.01
Environment,env_feature,"tropical soil, of clayish type. the soil was previously amended according to the nutritional requirements of the crop.",2,0.01
Environment,env_feature,lower airways bronchiectasis,2,0.01
Environment,env_feature,woodland,2,0.01
Environment,env_feature,freshwater river biome,2,0.01
Environment,env_feature,estuarine marsh,2,0.01
Environment,env_feature,prostate tissue,2,0.01
Environment,env_feature,military station,2,0.01
Environment,env_feature,rock,2,0.01
Environment,env_feature,marine pelagic feature ;marine water body ;costal water body ;fjord,2,0.01
Environment,env_feature,marine pelagic feature ;marine water body ;costal water body,2,0.01
Environment,env_feature,clinical screening sample,2,0.01
Environment,env_feature,oak-hornbeam-chestnut forest,2,0.01
Environment,env_feature,"kolyma lowlands, yakutia",2,0.01
Environment,env_feature,pollution,2,0.01
Environment,env_feature,environmental system,2,0.01
Environment,env_feature,laboratory facility,2,0.01
Environment,env_feature,coast,2,0.01
Environment,env_feature,freshwater pond,2,0.01
Environment,env_feature,anaerobic sludge blanket reactor,2,0.01
Environment,env_feature,77,2,0.01
Environment,env_feature,area of pastureland or hayfields,2,0.01
Environment,env_feature,area of mixed forest,2,0.01
Environment,env_feature,female reproductive tract,2,0.01
Environment,env_feature,korea,2,0.01
Environment,env_feature,anaerobic digestion of organic waste,2,0.01
Environment,env_feature,1000005,2,0.01
Environment,env_feature,bathymodiolus-dominated oceanic mussel reef |bathymodiolus-dominated oceanic mussel bed,2,0.01
Environment,env_feature,industrial sugarcane fermenter,2,0.01
Environment,env_feature,[dcm] deep chlorophyll maximum layer,2,0.01
Environment,env_feature,small bowel luminal content,2,0.01
Environment,env_feature,large lake,2,0.01
Environment,env_feature,reservoir,2,0.01
Environment,env_feature,deep sea,2,0.01
Environment,env_feature,drinking water distribution system,2,0.01
Environment,env_feature,upland soil,2,0.01
Environment,env_feature,desert sand,2,0.01
Environment,env_feature,mine,2,0.01
Environment,env_feature,bog,2,0.01
Environment,env_feature,active permafrost layer,2,0.01
Environment,env_feature,sea,2,0.01
Environment,env_feature,highland,2,0.01
Environment,env_feature,"foodon_03542132:21320 - corned beef, cooked (efsa foodex2)",2,0.01
Environment,env_feature,"foodon_03301724:pear (whole, raw)",2,0.01
Environment,env_feature,foodon_03543832:38320 - soya drink (efsa foodex2),2,0.01
Environment,env_feature,"foodon_03302045:blueberry (whole, raw)",2,0.01
Environment,env_feature,"foodon_03301710:apple (whole, raw)",2,0.01
Environment,env_feature,coal mine,2,0.01
Environment,env_feature,livestock-associated habitat,2,0.01
Environment,env_feature,crystalline bedrock,2,0.01
Environment,env_feature,post mine lake,2,0.01
Environment,env_feature,digestive tract environment |intestine environment,2,0.01
Environment,env_feature,water-marine,2,0.01
Environment,env_feature,bee colony,2,0.01
Environment,env_feature,stool microbiota,2,0.01
Environment,env_feature,gastrointestinal microbiota,2,0.01
Environment,env_feature,arm,2,0.01
Environment,env_feature,colon|gut model,2,0.01
Environment,env_feature,thl,2,0.01
Environment,env_feature,black sea,2,0.01
Environment,env_feature,influent wastewater,2,0.01
Environment,env_feature,anatomical cavity,2,0.01
Environment,env_feature,human chronic wound skin,2,0.01
Environment,env_feature,red sea,2,0.01
Environment,env_feature,deep see,2,0.01
Environment,env_feature,surface,2,0.01
Environment,env_feature,mixed substrate digesting anaerobic microbiome,2,0.01
Environment,env_feature,hot spring sediment,2,0.01
Environment,env_feature,bumble bee gut,2,0.01
Environment,env_feature,cultivated environment,2,0.01
Environment,env_feature,temporarily dried up saline paleolake,2,0.01
Environment,env_feature,salivary microbiome | periodontitis,2,0.01
Environment,env_feature,zoo,2,0.01
Environment,env_feature,colon contents,2,0.01
Environment,env_feature,sha tin activated sludge wastewater treatment plant,2,0.01
Environment,env_feature,cattle manure nfgnb,2,0.01
Environment,env_feature,botanical garden,2,0.01
Environment,env_feature,gut tissue,2,0.01
Environment,env_feature,sea water,2,0.01
Environment,env_feature,"instituto ren rachou, fiocruz, belo horizonte, brazil",2,0.01
Environment,env_feature,marine biome,2,0.01
Environment,env_feature,obesity,2,0.01
Environment,env_feature,intraoceanic izu-bonin-mariana (ibm) arc,2,0.01
Environment,env_feature,close to the shoreline of kurungnakh island in the lena river delta,2,0.01
Environment,env_feature,cheese product,2,0.01
Environment,env_feature,apis mellifera gut,2,0.01
Environment,env_feature,cider making,2,0.01
Environment,env_feature,compost,2,0.01
Environment,env_feature,elevation gradient,2,0.01
Environment,env_feature,human vagina microfluidic device,2,0.01
Environment,env_feature,kombucha,2,0.01
Environment,env_feature,ba river lagoon [63404],2,0.01
Environment,env_feature,laboratory animal services center,2,0.01
Environment,env_feature,neritic sea surface microlayer,2,0.01
Environment,env_feature,right olecranon skin area,2,0.01
Environment,env_feature,alkaline habitat,2,0.01
Environment,env_feature,salmonella recovered,2,0.01
Environment,env_feature,campylobacter recovered,2,0.01
Environment,env_feature,colon colorectal cancer,2,0.01
Environment,env_feature,coal seam water,2,0.01
Environment,env_feature,no applicable,2,0.01
Environment,env_feature,human skin microbiome,2,0.01
Environment,env_feature,wwtp,2,0.01
Environment,env_feature,al,2,0.01
Environment,env_feature,barn,2,0.01
Environment,env_feature,intestinal 35,2,0.01
Environment,env_feature,coral reef |land-tied island |archipelago,2,0.01
Environment,env_feature,chaparral,2,0.01
Environment,env_feature,permanent molars,2,0.01
Environment,env_feature,microcosmic sediments,2,0.01
Environment,env_feature,tropical biome,2,0.01
Environment,env_feature,freshwater lake |drinking water,2,0.01
Environment,env_feature,[pco:1000004],2,0.01
Environment,env_feature,rhizosphere soils | millet | gueira_senegalensis,2,0.01
Environment,env_feature,raw wastewater,2,0.01
Environment,env_feature,nasal,2,0.01
Environment,env_feature,pleural effusion material,2,0.01
Environment,env_feature,multi-species collection of organisms [pco:0000029],2,0.01
Environment,env_feature,freshwater biome|brackish water biome,2,0.01
Environment,env_feature,anaerobic digester enrichment,2,0.01
Environment,env_feature,supermarket,2,0.01
Environment,env_feature,oil contaminated soil  | oil spill  | soil pollution,2,0.01
Environment,env_feature,po:0009005,2,0.01
Environment,env_feature,oral saliva,2,0.01
Environment,env_feature,brackish,2,0.01
Environment,env_feature,temperature [pato:0000146]|precipitation process |suspended sediment,2,0.01
Environment,env_feature,terrestrial environmental zone,2,0.01
Environment,env_feature,oral/gut,2,0.01
Environment,env_feature,epiphytic,2,0.01
Environment,env_feature,stone,2,0.01
Environment,env_feature,tillage implemented [agro:00000223],2,0.01
Environment,env_feature,human induced sputum,2,0.01
Environment,env_feature,tce contained soil,2,0.01
Environment,env_feature,forest fire,2,0.01
Environment,env_feature,indo-immigr,2,0.01
Environment,env_feature,sterile water,2,0.01
Environment,env_feature,"facial skin, within crow's feet wrinkle",2,0.01
Environment,env_feature,iron microbial mat,2,0.01
Environment,env_feature,rupestrian grassland,2,0.01
Environment,env_feature,shallow seawater,2,0.01
Environment,env_feature,street-access sewage,2,0.01
Environment,env_feature,shop | market,2,0.01
Environment,env_feature,tropical broadleaf forest biome,2,0.01
Environment,env_feature,3.3.5 sugar,2,0.01
Environment,env_feature,7.2 open ocean water,2,0.01
Environment,env_feature,forest ecosystem  | forest canopy,2,0.01
Environment,env_feature,changing room of a daycare center,2,0.01
Environment,env_feature,captive-bred nhp|hand-reared,2,0.01
Environment,env_feature,marine sediment|gravity cores,2,0.01
Environment,env_feature,fish tank biofilter,2,0.01
Environment,env_feature,agricultural ecosystem,2,0.01
Environment,env_feature,mouse cage,2,0.01
Environment,env_feature,straw mulching field,2,0.01
Environment,env_feature,hospital watewater treatment plant,2,0.01
Environment,env_feature,aircraft cabin air,2,0.01
Environment,env_feature,human face mask,2,0.01
Environment,env_feature,feces; collected 8 days post mock infection,2,0.01
Environment,env_feature,pond interior,2,0.01
Environment,env_feature,tropical rainforest biome,2,0.01
Environment,env_feature,mangrove biome sediment,2,0.01
Environment,env_feature,area of scrub,2,0.01
Environment,env_feature,cave,2,0.01
Environment,env_feature,vaginal tract,2,0.01
Environment,env_feature,open-ocean,2,0.01
Environment,env_feature,newborn cold seep n10m,2,0.01
Environment,env_feature,uid2982,2,0.01
Environment,env_feature,iucn national park,2,0.01
Environment,env_feature,prairie,2,0.01
Environment,env_feature,feces_sow,2,0.01
Environment,env_feature,root matter,2,0.01
Environment,env_feature,salt marsh cordgrass,2,0.01
Environment,env_feature,treated wastewater,2,0.01
Environment,env_feature,marina,2,0.01
Environment,env_feature,odz,2,0.01
Environment,env_feature,marine wind mixed layer,2,0.01
Environment,env_feature,mouse stool,2,0.01
Environment,env_feature,oceanic pelagic zone,2,0.01
Environment,env_feature,meadow soil,2,0.01
Environment,env_feature,marine abyssalpelagic zone,2,0.01
Environment,env_feature,lungs,2,0.01
Environment,env_feature,fish pond,2,0.01
Environment,env_feature,anthropogenic abiotic mesoscopic feature,2,0.01
Environment,env_feature,tropical coral biome,2,0.01
Environment,env_feature,sink hole,2,0.01
Environment,env_feature,marine oxygen minimum zone,2,0.01
Environment,env_feature,nitrification reactor,2,0.01
Environment,env_feature,fossil,1,0.0
Environment,env_feature,sedimentary stratum,1,0.0
Environment,env_feature,holomictic lake,1,0.0
Environment,env_feature,neutral hot spring,1,0.0
Environment,env_feature,nonsymptomatic cattle,1,0.0
Environment,env_feature,reticulum,1,0.0
Environment,env_feature,mesotrophic lake,1,0.0
Environment,env_feature,waste water (substance) [snomed:264327008],1,0.0
Environment,env_feature,sewage [envo00002018],1,0.0
Environment,env_feature,aerobic,1,0.0
Environment,env_feature,aquaculture farm,1,0.0
Environment,env_feature,bronchials,1,0.0
Environment,env_feature,wetland soil,1,0.0
Environment,env_feature,saline lake sediment,1,0.0
Environment,env_feature,river water,1,0.0
Environment,env_feature,"discrete depth within the [bathy] bathypelagic zone, coinciding with a [deep] deepest water sampled",1,0.0
Environment,env_feature,"discrete depth within the [bathy] bathypelagic zone, coinciding with a [smaxz] salinity maximum layer",1,0.0
Environment,env_feature,abyssal plain,1,0.0
Environment,env_feature,sediment samples,1,0.0
Environment,env_feature,cheese rind,1,0.0
Environment,env_feature,"knife, stainless steel + plastic handle; :stainless steel; :plastic",1,0.0
Environment,env_feature,coex pipe; :stainless steel; :plastic,1,0.0
Environment,env_feature,robobatcher packaging belt (breast processing); material unspecified; :conveyor belt,1,0.0
Environment,env_feature,tote bin - bottom; :tote bin; :stainless steel,1,0.0
Environment,env_feature,large mincer - infeed; :stainless steel,1,0.0
Environment,env_feature,hose pipe on wiltshire brine tank platform; :plastic,1,0.0
Environment,env_feature,pipe on wiltshire brine tank; :stainless steel,1,0.0
Environment,env_feature,paperwork desk; :desk; :stainless steel,1,0.0
Environment,env_feature,burger-former product entrance; :stainless steel,1,0.0
Environment,env_feature,burger-former belt; :plastic,1,0.0
Environment,env_feature,:table; :stainless steel,1,0.0
Environment,env_feature,multi-head weigher chute; :stainless steel,1,0.0
Environment,env_feature,tote bin - side wall; :tote bin; :stainless steel,1,0.0
Environment,env_feature,"bowl chopper location - floor, resin; :building floor; :resin",1,0.0
Environment,env_feature,chainmail gloves; :stainless steel,1,0.0
Environment,env_feature,pipe on boot wash in tray wash room; :plastic,1,0.0
Environment,env_feature,brackish lake,1,0.0
Environment,env_feature,fecal_microbiota,1,0.0
Environment,env_feature,mineral soil,1,0.0
Environment,env_feature,forstehytte_pingo,1,0.0
Environment,env_feature,"tropical soil, of sandy type. the soil was previously amended according to the nutritional requirements of the crop.",1,0.0
Environment,env_feature,beech forests asperulo-fagetum,1,0.0
Environment,env_feature,alpine glacier,1,0.0
Environment,env_feature,lower airways healthy smoker,1,0.0
Environment,env_feature,"polar epipelagic, near sheldon glacier",1,0.0
Environment,env_feature,apiary,1,0.0
Environment,env_feature,occupational environment,1,0.0
Environment,env_feature,1000218 - xeric shrubland,1,0.0
Environment,env_feature,contaminated soil,1,0.0
Environment,env_feature,temperate marginal sea biome |neritic epipelagic zone biome  ]|coastal water body,1,0.0
Environment,env_feature,washing machines,1,0.0
Environment,env_feature,montane grassland biome,1,0.0
Environment,env_feature,batch-csqs,1,0.0
Environment,env_feature,site-b826,1,0.0
Environment,env_feature,mine tailing pool,1,0.0
Environment,env_feature,shaft,1,0.0
Environment,env_feature,landfill,1,0.0
Environment,env_feature,synthetic,1,0.0
Environment,env_feature,river/lake/stream,1,0.0
Environment,env_feature,anthropogenic environment,1,0.0
Environment,env_feature,soil polluted by leachate from alkaline chromate containing waste,1,0.0
Environment,env_feature,alpine,1,0.0
Environment,env_feature,in ski resort,1,0.0
Environment,env_feature,oak-hornbeam forest,1,0.0
Environment,env_feature,riparian woodland,1,0.0
Environment,env_feature,boulders and stone-walls,1,0.0
Environment,env_feature,boulders and rocky slopes,1,0.0
Environment,env_feature,freshwater ecosystem,1,0.0
Environment,env_feature,białowieża forest,1,0.0
Environment,env_feature,brackish estuary ; coastal sea water ; lagoon,1,0.0
Environment,env_feature,normal infant,1,0.0
Environment,env_feature,town,1,0.0
Environment,env_feature,heart,1,0.0
Environment,env_feature,surface water |river water,1,0.0
Environment,env_feature,bottom,1,0.0
Environment,env_feature,shallow_marine_sediment,1,0.0
Environment,env_feature,high-altiude desert,1,0.0
Environment,env_feature,sandy beach,1,0.0
Environment,env_feature,fjord lake,1,0.0
Environment,env_feature,"river water collected in tidal riverine environment, near a city (truro), slightly upstream of the wwtp that receives wastewater from hospital and domestic sources.",1,0.0
Environment,env_feature,"polyethylene bio-bead surface, attached to incubation structure in tidal estuarine environment, near an aquaculture facility, downstream of the wwtp that receives wastewater from hospital and domestic sources.",1,0.0
Environment,env_feature,"water collected from tidal estuarine environment, near an aquaculture facility, downstream of the wwtp that receives wastewater from hospital and domestic sources.",1,0.0
Environment,env_feature,"uncovered shore, 0-2cm sediment depth",1,0.0
Environment,env_feature,"bay of biscay (atlantic ocean), nervion estuary, uncovered shore, 0-2cm sediment depth",1,0.0
Environment,env_feature,residential indoor ai,1,0.0
Environment,env_feature,gastrointestinal tract (sctid: 122865005),1,0.0
Environment,env_feature,soil organic layer,1,0.0
Environment,env_feature,university,1,0.0
Environment,env_feature,subway,1,0.0
Environment,env_feature,street,1,0.0
Environment,env_feature,floodplain,1,0.0
Environment,env_feature,deep water layer,1,0.0
Environment,env_feature,pig feces,1,0.0
Environment,env_feature,hypersaline lake,1,0.0
Environment,env_feature,steppe,1,0.0
Environment,env_feature,sea shore,1,0.0
Environment,env_feature,"subtropical, hypersaline lagoon",1,0.0
Environment,env_feature,hyper arid,1,0.0
Environment,env_feature,respiratory tract,1,0.0
Environment,env_feature,[srf] surface water layer  within the epipelagic zone  at the top of the photic zone,1,0.0
Environment,env_feature,shower hose,1,0.0
Environment,env_feature,monkey-associated habitat,1,0.0
Environment,env_feature,mangrove,1,0.0
Environment,env_feature,chemocline,1,0.0
Environment,env_feature,china,1,0.0
Environment,env_feature,pelagic sediment cores,1,0.0
Environment,env_feature,00002150,1,0.0
Environment,env_feature,ephemeral spring,1,0.0
Environment,env_feature,urban park,1,0.0
Environment,env_feature,high-petroleum hydrocarbon,1,0.0
Environment,env_feature,premise plumbing,1,0.0
Environment,env_feature,boreal,1,0.0
Environment,env_feature,anaerobic bioractor,1,0.0
Environment,env_feature,"coffee waste (pulp, husk, and manufacturing wastewater)",1,0.0
Environment,env_feature,oil,1,0.0
Environment,env_feature,ridge,1,0.0
Environment,env_feature,polygonal ground,1,0.0
Environment,env_feature,specimen collection process,1,0.0
Environment,env_feature,shelf,1,0.0
Environment,env_feature,pig farm,1,0.0
Environment,env_feature,blue hole,1,0.0
Environment,env_feature,artificial,1,0.0
Environment,env_feature,[zzz] marine water layer,1,0.0
Environment,env_feature,deep chlorophyll maximum,1,0.0
Environment,env_feature,enrichment culture,1,0.0
Environment,env_feature,marine reef,1,0.0
Environment,env_feature,oil palm plantation,1,0.0
Environment,env_feature,intermittent pond,1,0.0
Environment,env_feature,anthropogenic contamination feature,1,0.0
Environment,env_feature,stromatolite mat,1,0.0
Environment,env_feature,seafloor,1,0.0
Environment,env_feature,csf,1,0.0
Environment,env_feature,zn plant,1,0.0
Environment,env_feature,hill land,1,0.0
Environment,env_feature,surface water  layer,1,0.0
Environment,env_feature,winter snow cover,1,0.0
Environment,env_feature,"foodon_03316243:spread, low fat",1,0.0
Environment,env_feature,"foodon_03311800:miniature tomato (whole, raw)",1,0.0
Environment,env_feature,"foodon_00002578:white grape (whole, raw)",1,0.0
Environment,env_feature,foodon_03311067:orange juice (freshly squeezed),1,0.0
Environment,env_feature,foodon_03305663:orange juice (pasteurized),1,0.0
Environment,env_feature,"foodon_03309927:tomato (whole, raw)",1,0.0
Environment,env_feature,"foodon_03301719:peach (whole, raw)",1,0.0
Environment,env_feature,foodon_03301502:yogurt (plain),1,0.0
Environment,env_feature,foodon_03312046:ham (cooked),1,0.0
Environment,env_feature,foodon_03541508:15080 - nectarines (efsa foodex2),1,0.0
Environment,env_feature,foodon_03420161:mammalian heavy cream (36%+),1,0.0
Environment,env_feature,"foodon_00003349:white onion (whole, raw); foodon_03316887:vegetable (peeled)",1,0.0
Environment,env_feature,foodon_03305800:vanilla ice cream,1,0.0
Environment,env_feature,"foodon_03542657:26570 - cow milk, skimmed (low fat) (efsa foodex2)",1,0.0
Environment,env_feature,"foodon_03309832:orange (whole, raw); foodon_00002655:food (peeled)",1,0.0
Environment,env_feature,"foodon_03301593:melon (whole, raw); foodon_00002655:food (peeled)",1,0.0
Environment,env_feature,marine epipelagic mixed layer (envo:xxxxxxxxx),1,0.0
Environment,env_feature,mesopelagic zone  & marine oxygen minimum zone,1,0.0
Environment,env_feature,aged manure,1,0.0
Environment,env_feature,synthetic gut microbial community,1,0.0
Environment,env_feature,coastal sea,1,0.0
Environment,env_feature,human-stool,1,0.0
Environment,env_feature,yedoma,1,0.0
Environment,env_feature,hydrothermal plume,1,0.0
Environment,env_feature,00002223,1,0.0
Environment,env_feature,surface water 00002042_ 00000569,1,0.0
Environment,env_feature,shore,1,0.0
Environment,env_feature,coastal ocean,1,0.0
Environment,env_feature,pig gut,1,0.0
Environment,env_feature,hypertrophic fishpond,1,0.0
Environment,env_feature,cliff,1,0.0
Environment,env_feature,water well,1,0.0
Environment,env_feature,temperate forest,1,0.0
Environment,env_feature,phycosphere,1,0.0
Environment,env_feature,column 2,1,0.0
Environment,env_feature,column 3,1,0.0
Environment,env_feature,dumpster,1,0.0
Environment,env_feature,dianchi lake,1,0.0
Environment,env_feature,community garden,1,0.0
Environment,env_feature,room,1,0.0
Environment,env_feature,h227-a140,1,0.0
Environment,env_feature,shoreline |intertidal zone |oyster farm,1,0.0
Environment,env_feature,suspended sediment |ice,1,0.0
Environment,env_feature,suspended sediment,1,0.0
Environment,env_feature,gut microbiome_199sd,1,0.0
Environment,env_feature,cage-reared worker,1,0.0
Environment,env_feature,activated sludge of zhengzhou wastewater treatment plant,1,0.0
Environment,env_feature,probiotic protexin,1,0.0
Environment,env_feature,cheek,1,0.0
Environment,env_feature,diffuse zone,1,0.0
Environment,env_feature,full-scale wastewater treatment plant,1,0.0
Environment,env_feature,surfacewater,1,0.0
Environment,env_feature,thermokarst lake,1,0.0
Environment,env_feature,batch reactor,1,0.0
Environment,env_feature,fastdna spin kit for soil,1,0.0
Environment,env_feature,ambient air,1,0.0
Environment,env_feature,argon gas sparging|low do,1,0.0
Environment,env_feature,dna from roots of tree 14_15,1,0.0
Environment,env_feature,dna from roots of tree 18_7,1,0.0
Environment,env_feature,dna from roots of tree 20_2,1,0.0
Environment,env_feature,thr,1,0.0
Environment,env_feature,diseased sunflower stem and root,1,0.0
Environment,env_feature,combined sewer,1,0.0
Environment,env_feature,wooded savannah,1,0.0
Environment,env_feature,respiratorytract-8,1,0.0
Environment,env_feature,respiratorytract-12,1,0.0
Environment,env_feature,campylobacter infection,1,0.0
Environment,env_feature,halfway the aqueous phase,1,0.0
Environment,env_feature,synthetic mixture of yeast species,1,0.0
Environment,env_feature,surface freshwater,1,0.0
Environment,env_feature,arsenic and antimony co-contaminated,1,0.0
Environment,env_feature,short-term experimental site,1,0.0
Environment,env_feature,pocillopora damicornis (tf-control a),1,0.0
Environment,env_feature,manuredepth6in_02,1,0.0
Environment,env_feature,manuredepth24in_069,1,0.0
Environment,env_feature,soildepth12in_09,1,0.0
Environment,env_feature,soildepth12in_021,1,0.0
Environment,env_feature,soildepth6in_022,1,0.0
Environment,env_feature,soildepth6in_036,1,0.0
Environment,env_feature,manuredepth6in_030,1,0.0
Environment,env_feature,manuredepth6in_023,1,0.0
Environment,env_feature,controlsoil_02,1,0.0
Environment,env_feature,manuredepth6in_018,1,0.0
Environment,env_feature,manuredepth6in_028,1,0.0
Environment,env_feature,freshmanure_028,1,0.0
Environment,env_feature,freshmanure_036,1,0.0
Environment,env_feature,manuredepth6in_037,1,0.0
Environment,env_feature,freshmanure_026,1,0.0
Environment,env_feature,manuredepth12in_029,1,0.0
Environment,env_feature,manuredepth6in_05,1,0.0
Environment,env_feature,freshmanure_05,1,0.0
Environment,env_feature,volcanic soil 1751-mag1,1,0.0
Environment,env_feature,environment positive control,1,0.0
Environment,env_feature,stools,1,0.0
Environment,env_feature,mesopelagic,1,0.0
Environment,env_feature,fresh water body,1,0.0
Environment,env_feature,collected after treatment march-2017,1,0.0
Environment,env_feature,sediments below the white mat,1,0.0
Environment,env_feature,contaminated air,1,0.0
Environment,env_feature,wwtp|sludge storage tank,1,0.0
Environment,env_feature,seabed,1,0.0
Environment,env_feature,borehole,1,0.0
Environment,env_feature,alberta groundwater,1,0.0
Environment,env_feature,tongue dorsum scraping,1,0.0
Environment,env_feature,acidic and metal-rich soils,1,0.0
Environment,env_feature,national forest,1,0.0
Environment,env_feature,phosphite (dpo) enrichment,1,0.0
Environment,env_feature,intestines,1,0.0
Environment,env_feature,salix fragilis leaves,1,0.0
Environment,env_feature,vaginal_environment,1,0.0
Environment,env_feature,coastal seawater [evo:000002150],1,0.0
Environment,env_feature,waste water treatment plant,1,0.0
Environment,env_feature,outer harbor,1,0.0
Environment,env_feature,bac-filtration without residual disinfectant,1,0.0
Environment,env_feature,canalisation,1,0.0
Environment,env_feature,anammox reactor,1,0.0
Environment,env_feature,cultured sample,1,0.0
Environment,env_feature,forest |caves,1,0.0
Environment,env_feature,soil nfgnb,1,0.0
Environment,env_feature,ebpr bioreactor,1,0.0
Environment,env_feature,lavage,1,0.0
Environment,env_feature,tissue-associated,1,0.0
Environment,env_feature,kitchen counter,1,0.0
Environment,env_feature,front door knob,1,0.0
Environment,env_feature,environment associated with a plant part or small plant,1,0.0
Environment,env_feature,water covered soil -estuary channel,1,0.0
Environment,env_feature,hydrothermal impacted sediments,1,0.0
Environment,env_feature,area of woody wetland,1,0.0
Environment,env_feature,sea beach,1,0.0
Environment,env_feature,human elbow,1,0.0
Environment,env_feature,drinking water,1,0.0
Environment,env_feature,anammox reactor suspended cells,1,0.0
Environment,env_feature,anammox reactor flocs,1,0.0
Environment,env_feature,human lung opl:0000221,1,0.0
Environment,env_feature,human lung opl:0000203,1,0.0
Environment,env_feature,human lung opl:0000200,1,0.0
Environment,env_feature,human lung opl:0000189,1,0.0
Environment,env_feature,human lung opl:0000183,1,0.0
Environment,env_feature,human lung opl:0000173,1,0.0
Environment,env_feature,human lung opl:0000167,1,0.0
Environment,env_feature,human lung opl:0000155,1,0.0
Environment,env_feature,human blood opl:0000169,1,0.0
Environment,env_feature,human lung opl:0000245,1,0.0
Environment,env_feature,human lung opl:0000241,1,0.0
Environment,env_feature,human gut microbiome 92,1,0.0
Environment,env_feature,human gut microbiome 45,1,0.0
Environment,env_feature,human gut microbiome 44,1,0.0
Environment,env_feature,human gut microbiome 38,1,0.0
Environment,env_feature,human gut microbiome 23,1,0.0
Environment,env_feature,terminal ileum,1,0.0
Environment,env_feature,sewer_1,1,0.0
Environment,env_feature,aerobic tank,1,0.0
Environment,env_feature,raw sewage,1,0.0
Environment,env_feature,tw-l,1,0.0
Environment,env_feature,n-r,1,0.0
Environment,env_feature,ax-r,1,0.0
Environment,env_feature,bmcv13,1,0.0
Environment,env_feature,short-term experiment,1,0.0
Environment,env_feature,foodon:00001071,1,0.0
Environment,env_feature,methanogenic,1,0.0
Environment,env_feature,sea ice,1,0.0
Environment,env_feature,deep-sea,1,0.0
Environment,env_feature,amd passive treatment,1,0.0
Environment,env_feature,atoll |pond  ],1,0.0
Environment,env_feature,lake sediment,1,0.0
Environment,env_feature,active sludge from wastewater,1,0.0
Environment,env_feature,manufactured product,1,0.0
Environment,env_feature,soil associated to archaeological human remains,1,0.0
Environment,env_feature,spring,1,0.0
Environment,env_feature,neritic sea surface microlayer biome,1,0.0
Environment,env_feature,hotspring,1,0.0
Environment,env_feature,a sample from a patient with with chronic periodontitis s04-04-d,1,0.0
Environment,env_feature,a sample from a patient with with chronic periodontitis s04-08-r,1,0.0
Environment,env_feature,a sample from a patient with with chronic periodontitis s01-01-d,1,0.0
Environment,env_feature,"co2 treatment(aco2,soe)",1,0.0
Environment,env_feature,"co2 treatment(eco2,sop)",1,0.0
Environment,env_feature,a sample from a patient with with chronic periodontitis s13-02-d,1,0.0
Environment,env_feature,a sample from a patient with with chronic periodontitis s13-04-r,1,0.0
Environment,env_feature,a sample from a patient with with chronic periodontitis s20-02-d,1,0.0
Environment,env_feature,thermal spring,1,0.0
Environment,env_feature,amazon river,1,0.0
Environment,env_feature,seawater layer,1,0.0
Environment,env_feature,buffalo milk associated habitat,1,0.0
Environment,env_feature,crater-lake active volcano,1,0.0
Environment,env_feature,intermittent estuary,1,0.0
Environment,env_feature,case80,1,0.0
Environment,env_feature,case64,1,0.0
Environment,env_feature,case47,1,0.0
Environment,env_feature,case98,1,0.0
Environment,env_feature,case91,1,0.0
Environment,env_feature,case106,1,0.0
Environment,env_feature,karst forest,1,0.0
Environment,env_feature,sea weater,1,0.0
Environment,env_feature,alpine sky island,1,0.0
Environment,env_feature,pelagic water,1,0.0
Environment,env_feature,worman memorial park,1,0.0
Environment,env_feature,"human faecal microbiome, subject 514 time point t3",1,0.0
Environment,env_feature,"human faecal microbiome, subject 511 time point t2",1,0.0
Environment,env_feature,"human faecal microbiome, subject 944 time point t3",1,0.0
Environment,env_feature,"human faecal microbiome, subject 941 time point t1",1,0.0
Environment,env_feature,"human faecal microbiome, subject 936 time point t1",1,0.0
Environment,env_feature,"human faecal microbiome, subject 928 time point t2",1,0.0
Environment,env_feature,"human faecal microbiome, subject 382 time point t3",1,0.0
Environment,env_feature,"human faecal microbiome, subject 921 time point t3",1,0.0
Environment,env_feature,"human faecal microbiome, subject 379 time point t3",1,0.0
Environment,env_feature,"human faecal microbiome, subject 378 time point t2",1,0.0
Environment,env_feature,"human faecal microbiome, subject 370 time point t3",1,0.0
Environment,env_feature,"human faecal microbiome, subject 946 time point t2",1,0.0
Environment,env_feature,"human faecal microbiome, subject 917 time point t1",1,0.0
Environment,env_feature,"human faecal microbiome, subject 520 time point t1",1,0.0
Environment,env_feature,bottom 25 cm of the filter bed,1,0.0
Environment,env_feature,mosquito lagoon [63403],1,0.0
Environment,env_feature,jxm2,1,0.0
Environment,env_feature,human common bile duct,1,0.0
Environment,env_feature,biofilm microbiome in me-ad at -0.1 v(ag/agcl),1,0.0
Environment,env_feature,(grassland soil),1,0.0
Environment,env_feature,microalgal pond,1,0.0
Environment,env_feature,mud volcano,1,0.0
Environment,env_feature,shallow ocean water column,1,0.0
Environment,env_feature,caecal contents,1,0.0
Environment,env_feature,left olecranon skin area,1,0.0
Environment,env_feature,right retroauricular crease,1,0.0
Environment,env_feature,large river,1,0.0
Environment,env_feature,host gut,1,0.0
Environment,env_feature,freshwater wetland ecosystem |river channel,1,0.0
Environment,env_feature,mbari station 0,1,0.0
Environment,env_feature,damp edge of the creek,1,0.0
Environment,env_feature,soil16,1,0.0
Environment,env_feature,eutrophic lake |lake with an anoxic hypolimnion |freshwater lake,1,0.0
Environment,env_feature,ekofisk platform,1,0.0
Environment,env_feature,reagent-only control,1,0.0
Environment,env_feature,st,1,0.0
Environment,env_feature,subject_365,1,0.0
Environment,env_feature,subject_377,1,0.0
Environment,env_feature,subject_gd,1,0.0
Environment,env_feature,subject_926,1,0.0
Environment,env_feature,subject_394,1,0.0
Environment,env_feature,human gut environment,1,0.0
Environment,env_feature,host,1,0.0
Environment,env_feature,thermophilic sediment  | hyperthermophilic sediment  | hydrothermal field,1,0.0
Environment,env_feature,ax,1,0.0
Environment,env_feature,ea,1,0.0
Environment,env_feature,fumarolic emissions,1,0.0
Environment,env_feature,mud pool,1,0.0
Environment,env_feature,mice cecum,1,0.0
Environment,env_feature,human fecal slurry,1,0.0
Environment,env_feature,beach,1,0.0
Environment,env_feature,paddy,1,0.0
Environment,env_feature,marine supralittoral zone |shoreline |sandy beach,1,0.0
Environment,env_feature,intestinal 18,1,0.0
Environment,env_feature,intestinal 14,1,0.0
Environment,env_feature,intestinal 93,1,0.0
Environment,env_feature,intestinal 68,1,0.0
Environment,env_feature,intestinal 26,1,0.0
Environment,env_feature,intestinal 24,1,0.0
Environment,env_feature,production well,1,0.0
Environment,env_feature,ncbitaxon_9913,1,0.0
Environment,env_feature,sheltered,1,0.0
Environment,env_feature,deciduous molars,1,0.0
Environment,env_feature,py4,1,0.0
Environment,env_feature,py12,1,0.0
Environment,env_feature,mouse caecum,1,0.0
Environment,env_feature,bacteriome,1,0.0
Environment,env_feature,desert area,1,0.0
Environment,env_feature,near-shore sediment,1,0.0
Environment,env_feature,supragingival,1,0.0
Environment,env_feature,forest soil sample,1,0.0
Environment,env_feature,agronomic process,1,0.0
Environment,env_feature,ntu30,1,0.0
Environment,env_feature,antibiotic pollution,1,0.0
Environment,env_feature,control1,1,0.0
Environment,env_feature,squama,1,0.0
Environment,env_feature,reactors,1,0.0
Environment,env_feature,filter,1,0.0
Environment,env_feature,meconium,1,0.0
Environment,env_feature,feces breast fed,1,0.0
Environment,env_feature,growth chamber | drought,1,0.0
Environment,env_feature,biofloc,1,0.0
Environment,env_feature,"lake water, p+n+c amendment",1,0.0
Environment,env_feature,rat intestine,1,0.0
Environment,env_feature,estuarine,1,0.0
Environment,env_feature,vaginal,1,0.0
Environment,env_feature,shoreline |brackish water body,1,0.0
Environment,env_feature,thermophilic anaerobic digester,1,0.0
Environment,env_feature,pain-cages,1,0.0
Environment,env_feature,oil spill,1,0.0
Environment,env_feature,hlj-npk3,1,0.0
Environment,env_feature,cultivated environmentbuilding,1,0.0
Environment,env_feature,urban pollution,1,0.0
Environment,env_feature,outflow,1,0.0
Environment,env_feature,anterior forearm control p33,1,0.0
Environment,env_feature,anterior forearm nonlesional p20,1,0.0
Environment,env_feature,anterior forearm lesional p14,1,0.0
Environment,env_feature,st_bi,1,0.0
Environment,env_feature,st_pi,1,0.0
Environment,env_feature,human_stool_sample_6,1,0.0
Environment,env_feature,human_stool_sample_5,1,0.0
Environment,env_feature,human_stool_sample_16,1,0.0
Environment,env_feature,human_stool_sample_32,1,0.0
Environment,env_feature,sweep netting off cows,1,0.0
Environment,env_feature,cold-water geyser; high co7,1,0.0
Environment,env_feature,cold-water geyser; high co35,1,0.0
Environment,env_feature,guman gut,1,0.0
Environment,env_feature,time,1,0.0
Environment,env_feature,microplastic particle,1,0.0
Environment,env_feature,hypersaline pond,1,0.0
Environment,env_feature,area of sedge- and forb-dominated herbaceous vegetation,1,0.0
Environment,env_feature,ningxia-10,1,0.0
Environment,env_feature,ningxia-11,1,0.0
Environment,env_feature,previously a small grain crop field with known homogenous cropping history and no residual herbicide,1,0.0
Environment,env_feature,culture 2012_10.2,1,0.0
Environment,env_feature,culture 2012_25.2,1,0.0
Environment,env_feature,culture 2012_25.3,1,0.0
Environment,env_feature,membrane bioreactor (c),1,0.0
Environment,env_feature,lake bed,1,0.0
Environment,env_feature,cereal grains substrate,1,0.0
Environment,env_feature,abdomen,1,0.0
Environment,env_feature,drift,1,0.0
Environment,env_feature,plastic,1,0.0
Environment,env_feature,concrete,1,0.0
Environment,env_feature,ced46st_s67_human gut,1,0.0
Environment,env_feature,ucr7_cp04727_s7_human gut,1,0.0
Environment,env_feature,ced104st_s81_human gut,1,0.0
Environment,env_feature,ced96st_s79_human gut,1,0.0
Environment,env_feature,spring water | sediment,1,0.0
Environment,env_feature,"tunnel cave, transition, white biofilm",1,0.0
Environment,env_feature,"tunnel cave, entrance, green wall & brown/green slime",1,0.0
Environment,env_feature,"scrubby creek, transition, sediment a",1,0.0
Environment,env_feature,"scrubby creek, twilight, sediment a",1,0.0
Environment,env_feature,anthropogenic environme nt,1,0.0
Environment,env_feature,deep brine pool marine sediment,1,0.0
Environment,env_feature,bulk and rhizospheric,1,0.0
Environment,env_feature,baseline,1,0.0
Environment,env_feature,week 1,1,0.0
Environment,env_feature,metamorphic rock aquifer,1,0.0
Environment,env_feature,uberlandia city,1,0.0
Environment,env_feature,preserve,1,0.0
Environment,env_feature,estuary and the adjacent shelf,1,0.0
Environment,env_feature,soya beans,1,0.0
Environment,env_feature,black beans,1,0.0
Environment,env_feature,granite,1,0.0
Environment,env_feature,mesocosm |shingle beach,1,0.0
Environment,env_feature,subtidal,1,0.0
Environment,env_feature,thermal vent,1,0.0
Environment,env_feature,coast9,1,0.0
Environment,env_feature,coast43,1,0.0
Environment,env_feature,euro-immigr,1,0.0
Environment,env_feature,indo-can,1,0.0
Environment,env_feature,marine coastal environments,1,0.0
Environment,env_feature,dairy,1,0.0
Environment,env_feature,soy,1,0.0
Environment,env_feature,tofu,1,0.0
Environment,env_feature,fruit,1,0.0
Environment,env_feature,env008,1,0.0
Environment,env_feature,env016,1,0.0
Environment,env_feature,env002,1,0.0
Environment,env_feature,surface ice,1,0.0
Environment,env_feature,exposed and thawed active layer permafrost affected soils near the awi bayelva permafrost monitoring center,1,0.0
Environment,env_feature,biofilter,1,0.0
Environment,env_feature,integumental system environment,1,0.0
Environment,env_feature,rhizosphere soil 3,1,0.0
Environment,env_feature,non-rhizosphere soil 3,1,0.0
Environment,env_feature,outcrop,1,0.0
Environment,env_feature,marine subtidal rocky reef,1,0.0
Environment,env_feature,agroforestry system green fertilization,1,0.0
Environment,env_feature,agricultural plot,1,0.0
Environment,env_feature,site_328,1,0.0
Environment,env_feature,site_282,1,0.0
Environment,env_feature,: biosolids| : wastewater treatment plant,1,0.0
Environment,env_feature,continental shelf,1,0.0
Environment,env_feature,wastewater/ food waste/ sludge,1,0.0
Environment,env_feature,coastal surface seawater,1,0.0
Environment,env_feature,phyllosphere,1,0.0
Environment,env_feature,unkwnon,1,0.0
Environment,env_feature,detritus input and removal treatment (dirt) experimental site,1,0.0
Environment,env_feature,lc_7,1,0.0
Environment,env_feature,lc_20,1,0.0
Environment,env_feature,lc_2,1,0.0
Environment,env_feature,pitcher plant,1,0.0
Environment,env_feature,1.1 nature conservation,1,0.0
Environment,env_feature,marine aquaculture,1,0.0
Environment,env_feature,marine aquaculture wastewater,1,0.0
Environment,env_feature,woodland area  | plant litter  | canopy  | urban biome,1,0.0
Environment,env_feature,6.1.2 lake—production,1,0.0
Environment,env_feature,mucosa,1,0.0
Environment,env_feature,human fecal,1,0.0
Environment,env_feature,microbiology laboratory,1,0.0
Environment,env_feature,bog water|moss hummock,1,0.0
Environment,env_feature,shallow water sediment,1,0.0
Environment,env_feature,wwtp_effluent,1,0.0
Environment,env_feature,mouse feces,1,0.0
Environment,env_feature,winter,1,0.0
Environment,env_feature,intestinal 28,1,0.0
Environment,env_feature,intestinal 171,1,0.0
Environment,env_feature,intestinal 168,1,0.0
Environment,env_feature,intestinal 112,1,0.0
Environment,env_feature,intestinal 111,1,0.0
Environment,env_feature,seep carbonate rock,1,0.0
Environment,env_feature,submountaineous to mountaineous region and soils strongly influenced by relief in southern germany,1,0.0
Environment,env_feature,soil core,1,0.0
Environment,env_feature,id-l,1,0.0
Environment,env_feature,community watewater treatment plant,1,0.0
Environment,env_feature,transwell 1,1,0.0
Environment,env_feature,coast |highly stratified estuary,1,0.0
Environment,env_feature,river_sediment_upstream,1,0.0
Environment,env_feature,paddy field soil,1,0.0
Environment,env_feature,composition of soil,1,0.0
Environment,env_feature,cold seep sediment,1,0.0
Environment,env_feature,thermocline,1,0.0
Environment,env_feature,freshwater littoral zone,1,0.0
Environment,env_feature,step pool,1,0.0
Environment,env_feature,ef_sheep_rumen_12,1,0.0
Environment,env_feature,skin of sole of pes,1,0.0
Environment,env_feature,feces; collected 8 days post p.berghei infection,1,0.0
Environment,env_feature,soil in the rhizosphere of kiwifruit roots,1,0.0
Environment,env_feature,fo-anmbr,1,0.0
Environment,env_feature,atlantic salmon gut,1,0.0
Environment,env_feature,pond bank,1,0.0
Environment,env_feature,dna extraction blank,1,0.0
Environment,env_feature,pacific ocean,1,0.0
Environment,env_feature,soil surface layer,1,0.0
Environment,env_feature,"=if(f80=""saliva"",""oral cavity"",""other"")",1,0.0
Environment,env_feature,brain,1,0.0
Environment,env_feature,mid hills of himachal pradesh,1,0.0
Environment,env_feature,tailing soil,1,0.0
Environment,env_feature,dry valley,1,0.0
Environment,env_feature,forehead skin,1,0.0
Environment,env_feature,lower leg skin,1,0.0
Environment,env_feature,organic horizon,1,0.0
Environment,env_feature,neritic epipelagic zone biome  ],1,0.0
Environment,env_feature,"patch heavy salt area, no vegetation",1,0.0
Environment,env_feature,sunlight exposure,1,0.0
Environment,env_feature,volcano mount broad,1,0.0
Environment,env_feature,saline oil-contaminated soil,1,0.0
Environment,env_feature,subtidal zone,1,0.0
Environment,env_feature,permafrost soil,1,0.0
Environment,env_feature,deepsea,1,0.0
Environment,env_feature,newborn cold seep s20m,1,0.0
Environment,env_feature,shoot system[po_0009006],1,0.0
Environment,env_feature,rainforest,1,0.0
Environment,env_feature,uid1286,1,0.0
Environment,env_feature,uid2716,1,0.0
Environment,env_feature,uid1120,1,0.0
Environment,env_feature,uid2495,1,0.0
Environment,env_feature,uid2535,1,0.0
Environment,env_feature,uid3,1,0.0
Environment,env_feature,uid2657,1,0.0
Environment,env_feature,uid203,1,0.0
Environment,env_feature,uid2569,1,0.0
Environment,env_feature,lamb_m_wk20,1,0.0
Environment,env_feature,lamb_f_wk20,1,0.0
Environment,env_feature,conjunctival sac,1,0.0
Environment,env_feature,wetland_oc1,1,0.0
Environment,env_feature,hypolimnion,1,0.0
Environment,env_feature,27 oc,1,0.0
Environment,env_feature,eb,1,0.0
Environment,env_feature,deep marine sediment,1,0.0
Environment,env_feature,iron mine_1,1,0.0
Environment,env_feature,car engine oil servicing,1,0.0
Environment,env_feature,gac-uasb,1,0.0
Environment,env_feature,rock glacier _lazaun_june 01,1,0.0
Environment,env_feature,glacier _lazaun_september 01,1,0.0
Environment,env_feature,plateau,1,0.0
Environment,env_feature,omz_36,1,0.0
Environment,env_feature,omz_30,1,0.0
Environment,env_feature,omz_21,1,0.0
Environment,env_feature,omz_20,1,0.0
Environment,env_feature,anaerobic digestion reactor for sludge[p2-0d-2],1,0.0
Environment,env_feature,in-vitro fermentation using pooled rumen fluid,1,0.0
Environment,env_feature,fermentation vessel |laboratory,1,0.0
Environment,env_feature,coal bed produced water,1,0.0
Environment,env_feature,marine bay,1,0.0
Environment,env_feature,ocean trench,1,0.0
Environment,env_feature,amazon river plume,1,0.0
Environment,env_feature,"lake erie, western basin",1,0.0
Environment,env_feature,prosthetic joint,1,0.0
Environment,env_feature,sphagnum peatland,1,0.0
Environment,env_feature,urine,1,0.0
Environment,env_feature,process control sample,1,0.0
Environment,env_feature,ocean biom,1,0.0
Environment,env_feature,"secreted by the parotid, submaxillary, and sublingual glands",1,0.0
Environment,env_feature,coal bed cuttings,1,0.0
Environment,env_feature,produced water sample,1,0.0
Environment,env_feature,alkaline hot spring,1,0.0
Environment,env_feature,fumarole,1,0.0
Environment,env_feature,day 4,1,0.0
Environment,env_feature,acidophilic microbial fuel cell,1,0.0
Environment,env_feature,burial,1,0.0
Environment,env_feature,wine,1,0.0
Environment,env_feature,river water column,1,0.0
Environment,env_feature,microbial,1,0.0
Environment,env_feature,center beach of non-mangrove area,1,0.0
Environment,env_feature,human_milk,1,0.0
Environment,env_feature,salt content 10_1,1,0.0
Environment,env_feature,bathroom,1,0.0
Environment,env_feature,thau lagoon,1,0.0
Environment,env_feature,deep marine,1,0.0
Environment,env_feature,water tank,1,0.0
Environment,env_feature,fermentation process,1,0.0
Environment,env_feature,bone marrow,1,0.0
Environment,env_feature,marine coral reef flat zone,1,0.0
Environment,env_feature,1,1,0.0
Environment,env_feature,dry lake bed,1,0.0
Environment,env_feature,rat feces,1,0.0
Environment,env_feature,incubation,1,0.0
Environment,env_feature,dark fermentation waste water + algae inoculate after 3 days under illumination,1,0.0
Environment,env_feature,yap trench,1,0.0
Environment,env_feature,waste contaminated,1,0.0
Environment,env_feature,pig caeca,1,0.0
Environment,env_feature,tvarminne,1,0.0
Environment,env_feature,farmyard manure,1,0.0
Environment,env_feature,the outcrop samples collected from the cliff next to the river,1,0.0
Environment,env_feature,"sediment core from a heavy oil reservoir, alberta, canada.",1,0.0
Environment,env_feature,temperate conifer forest,1,0.0
Environment,env_feature,epithelium of external nose,1,0.0
Environment,env_material,feces,11587,55.13
Environment,env_material,soil,768,3.65
Environment,env_material,human gut,448,2.13
Environment,env_material,animal,431,2.05
Environment,env_material,water,391,1.86
Environment,env_material,mipro,251,1.19
Environment,env_material,ss,251,1.19
Environment,env_material,sediment,248,1.18
Environment,env_material,cell culture,208,0.99
Environment,env_material,saliva,187,0.89
Environment,env_material,not applicable,118,0.56
Environment,env_material,sterile water,117,0.56
Environment,env_material,air,115,0.55
Environment,env_material,organic material,111,0.53
Environment,env_material,human-associated habitat,104,0.49
Environment,env_material,vaginal fluid,98,0.47
Environment,env_material,human fecal sample,97,0.46
Environment,env_material,sw,97,0.46
Environment,env_material,envo:feces,91,0.43
Environment,env_material,intestine environment,90,0.43
Environment,env_material,sea water,74,0.35
Environment,env_material,skin swab,74,0.35
Environment,env_material,seawater,73,0.35
Environment,env_material,lake water,72,0.34
Environment,env_material,intestinal content,70,0.33
Environment,env_material,river water,65,0.31
Environment,env_material,waste water,62,0.29
Environment,env_material,sputum,60,0.29
Environment,env_material,swab,57,0.27
Environment,env_material,anthropogenic environmental material,55,0.26
Environment,env_material,microbial dna,53,0.25
Environment,env_material,anatomical entity environment,53,0.25
Environment,env_material,marine sediment,49,0.23
Environment,env_material,org_particles,49,0.23
Environment,env_material,microbial mat,47,0.22
Environment,env_material,agricultural soil,45,0.21
Environment,env_material,fresh water,44,0.21
Environment,env_material,"particulate matter, including plankton (envo:xxxxxxxx)",41,0.2
Environment,env_material,wastewater,40,0.19
Environment,env_material,coastal sea water,40,0.19
Environment,env_material,groundwater,40,0.19
Environment,env_material,humangut,39,0.19
Environment,env_material,skin surface,38,0.18
Environment,env_material,grassland soil,35,0.17
Environment,env_material,peat soil,34,0.16
Environment,env_material,activated sludge,33,0.16
Environment,env_material,saliva material,33,0.16
Environment,env_material,human feces,33,0.16
Environment,env_material,mucus,33,0.16
Environment,env_material,milk,31,0.15
Environment,env_material,gut content,31,0.15
Environment,env_material,human faeces,31,0.15
Environment,env_material,human gut stool,31,0.15
Environment,env_material,rectal swab,31,0.15
Environment,env_material,human,31,0.15
Environment,env_material,cerebrospinal fluid,30,0.14
Environment,env_material,sebum,30,0.14
Environment,env_material,dental calculus,29,0.14
Environment,env_material,vaginal swab,29,0.14
Environment,env_material,shallow marine sediment,28,0.13
Environment,env_material,ocean water,28,0.13
Environment,env_material,bronchoalveolar lavage fluid,27,0.13
Environment,env_material,supra gingival plaque biofilm,27,0.13
Environment,env_material,mims.me.human-gut,27,0.13
Environment,env_material,nasal swab,27,0.13
Environment,env_material,forest soil,26,0.12
Environment,env_material,throat swab,26,0.12
Environment,env_material,surface soil,26,0.12
Environment,env_material,rumen,25,0.12
Environment,env_material,estuarine water,25,0.12
Environment,env_material,oral swab,25,0.12
Environment,env_material,epilithon,25,0.12
Environment,env_material,organ,25,0.12
Environment,env_material,ruminal_fluid,24,0.11
Environment,env_material,cecum,24,0.11
Environment,env_material,human gastrointestinal tract,23,0.11
Environment,env_material,aerosol,22,0.1
Environment,env_material,"saline water , including plankton (envo:xxxxxxxx)",22,0.1
Environment,env_material,fecal environment,22,0.1
Environment,env_material,infant gut,22,0.1
Environment,env_material,water kefir liquid,22,0.1
Environment,env_material,freshwater,21,0.1
Environment,env_material,"particulate matter , including planktonic material",21,0.1
Environment,env_material,human blood,21,0.1
Environment,env_material,lake sediment,20,0.1
Environment,env_material,saline water,20,0.1
Environment,env_material,feces (),20,0.1
Environment,env_material,biofilm,20,0.1
Environment,env_material,epithelium of vagina,20,0.1
Environment,env_material,mass of biological material,20,0.1
Environment,env_material,microbial solid culture,19,0.09
Environment,env_material,biofilm material,19,0.09
Environment,env_material,gut,18,0.09
Environment,env_material,:biofilm,18,0.09
Environment,env_material,host-associated habitat,18,0.09
Environment,env_material,aspirate,18,0.09
Environment,env_material,seawater |marine sediment |coastal sea water|shallow marine sediment,18,0.09
Environment,env_material,diaper,17,0.08
Environment,env_material,river biofilm,17,0.08
Environment,env_material,rhizosphere soil,16,0.08
Environment,env_material,mucus material,16,0.08
Environment,env_material,goat rumen,16,0.08
Environment,env_material,ethanol,16,0.08
Environment,env_material,surface water,15,0.07
Environment,env_material,plant surface,15,0.07
Environment,env_material,tissue,15,0.07
Environment,env_material,vagina,15,0.07
Environment,env_material,river bed,15,0.07
Environment,env_material,colonoscopy washing fluid,15,0.07
Environment,env_material,faeces material,15,0.07
Environment,env_material,human balf,15,0.07
Environment,env_material,exterior rinsate,14,0.07
Environment,env_material,envo:human-associated habitat,14,0.07
Environment,env_material,oral wash,14,0.07
Environment,env_material,serum,13,0.06
Environment,env_material,blood,13,0.06
Environment,env_material,plant matter,13,0.06
Environment,env_material,bulk soil,13,0.06
Environment,env_material,dental,13,0.06
Environment,env_material,cow manure,13,0.06
Environment,env_material,coastal water,13,0.06
Environment,env_material,body fluid|organism substance,13,0.06
Environment,env_material,obi:0100026,13,0.06
Environment,env_material,solid environmental material,13,0.06
Environment,env_material,urine,12,0.06
Environment,env_material,agricultural environmental material,12,0.06
Environment,env_material,plasma,12,0.06
Environment,env_material,estuarine mud,12,0.06
Environment,env_material,animal manure|mud|sand,12,0.06
Environment,env_material,marine pelagic biome,12,0.06
Environment,env_material,plant roots,12,0.06
Environment,env_material,faecal sample,12,0.06
Environment,env_material,murine cecal content,11,0.05
Environment,env_material,mock community,11,0.05
Environment,env_material,mesocosm,11,0.05
Environment,env_material,bodily fluid,11,0.05
Environment,env_material,meo_0000970 cecal content,11,0.05
Environment,env_material,water sample,11,0.05
Environment,env_material,digestive tract,11,0.05
Environment,env_material,mouth mucosa,11,0.05
Environment,env_material,cecal content,11,0.05
Environment,env_material,farmland soil,11,0.05
Environment,env_material,food (fermented) [foodon:00001258],11,0.05
Environment,env_material,apple substrate,11,0.05
Environment,env_material,culture medium: cmmc,11,0.05
Environment,env_material,surface,10,0.05
Environment,env_material,reagent,10,0.05
Environment,env_material,sediments,10,0.05
Environment,env_material,nasal_lavage,10,0.05
Environment,env_material,sludge,10,0.05
Environment,env_material,bathymodiolus gill tissue material,10,0.05
Environment,env_material,coastal seawater,10,0.05
Environment,env_material,human plasma,10,0.05
Environment,env_material,molar,10,0.05
Environment,env_material,tooth surface,10,0.05
Environment,env_material,cotton strips,10,0.05
Environment,env_material,bto:0002096,10,0.05
Environment,env_material,biocrust,10,0.05
Environment,env_material,synovial fluid,10,0.05
Environment,env_material,agricultural,9,0.04
Environment,env_material,sewage,9,0.04
Environment,env_material,organic matter,9,0.04
Environment,env_material,throat_swab,9,0.04
Environment,env_material,stream sediment,9,0.04
Environment,env_material,lung,9,0.04
Environment,env_material,floor surface,9,0.04
Environment,env_material,organism substance,9,0.04
Environment,env_material,food source,9,0.04
Environment,env_material,oropharyngeal (op) swabs,9,0.04
Environment,env_material,human oral swab | human rectal swab | human vaginal swab,9,0.04
Environment,env_material,collection kit,9,0.04
Environment,env_material,top soil and first millimetres of vegetation,9,0.04
Environment,env_material,granule,8,0.04
Environment,env_material,buffer,8,0.04
Environment,env_material,http://purl.obolibrary.org/obo/,8,0.04
Environment,env_material,laboratory environment,8,0.04
Environment,env_material,mock community of intestinal bacteria strains,8,0.04
Environment,env_material,microbial mat material,8,0.04
Environment,env_material,rumen fluid,8,0.04
Environment,env_material,skin,8,0.04
Environment,env_material,south korea,8,0.04
Environment,env_material,cut,8,0.04
Environment,env_material,cell culturing unit,8,0.04
Environment,env_material,sandy soil,8,0.04
Environment,env_material,water kefir grains,8,0.04
Environment,env_material,blood collection tube,8,0.04
Environment,env_material,farmland,8,0.04
Environment,env_material,pond water,8,0.04
Environment,env_material,cervical fluid,8,0.04
Environment,env_material,intestinal tract,8,0.04
Environment,env_material,coral mucus sample,8,0.04
Environment,env_material,negative control,7,0.03
Environment,env_material,nasal lavage,7,0.03
Environment,env_material,crop content,7,0.03
Environment,env_material,"water , including particulate matter  such as planktonic material",7,0.03
Environment,env_material,rhizosphere,7,0.03
Environment,env_material,cud (); gastric juice (),7,0.03
Environment,env_material,interior (peeled) rinsate,7,0.03
Environment,env_material,soil core,7,0.03
Environment,env_material,digesta,7,0.03
Environment,env_material,fluid,7,0.03
Environment,env_material,coral tissue,7,0.03
Environment,env_material,water column,7,0.03
Environment,env_material,skin environment,7,0.03
Environment,env_material,agricultural land,7,0.03
Environment,env_material,feces [ncit:c13234],7,0.03
Environment,env_material,environment determined by a biofilm on an animal surface |mouth environment,7,0.03
Environment,env_material,open ocean,7,0.03
Environment,env_material,rumen_liquid,7,0.03
Environment,env_material,silty loam,7,0.03
Environment,env_material,none,6,0.03
Environment,env_material,caecal content,6,0.03
Environment,env_material,brackish water,6,0.03
Environment,env_material,anaerobic digester sludge,6,0.03
Environment,env_material,fermented food product,6,0.03
Environment,env_material,anaerobic sludge,6,0.03
Environment,env_material,fermented dairy product,6,0.03
Environment,env_material,mucosal tissue,6,0.03
Environment,env_material,fecal pellets,6,0.03
Environment,env_material,feces(),6,0.03
Environment,env_material,human subgingival plaque,6,0.03
Environment,env_material,mising,6,0.03
Environment,env_material,hospital,6,0.03
Environment,env_material,culture medium - mega media,6,0.03
Environment,env_material,culture medium - mega media mucin supernatant,6,0.03
Environment,env_material,human_gut,6,0.03
Environment,env_material,carcass,6,0.03
Environment,env_material,subgingival,6,0.03
Environment,env_material,stream water,6,0.03
Environment,env_material,farm soil,6,0.03
Environment,env_material,deep-sea hydrothermal deposit,6,0.03
Environment,env_material,canal water,6,0.03
Environment,env_material,bacteria enriched soil,5,0.02
Environment,env_material,wetland soil,5,0.02
Environment,env_material,root,5,0.02
Environment,env_material,fecal content,5,0.02
Environment,env_material,hair,5,0.02
Environment,env_material,rhizosphere environment,5,0.02
Environment,env_material,ocular surface,5,0.02
Environment,env_material,sebum material,5,0.02
Environment,env_material,chicken cecum,5,0.02
Environment,env_material,ceca content,5,0.02
Environment,env_material,brines,5,0.02
Environment,env_material,kitchen sponge,5,0.02
Environment,env_material,endodermal part of digestive tract,5,0.02
Environment,env_material,oropharyngeal swab,5,0.02
Environment,env_material,plaque,5,0.02
Environment,env_material,caecum microbiome,5,0.02
Environment,env_material,non-stimulated saliva,5,0.02
Environment,env_material,conjunctiva,5,0.02
Environment,env_material,gingiva/buccal,5,0.02
Environment,env_material,ulcer,5,0.02
Environment,env_material,organic_material,5,0.02
Environment,env_material,incisor,5,0.02
Environment,env_material,organism,5,0.02
Environment,env_material,tongue biofilm scraping,5,0.02
Environment,env_material,culture medium - mega media mucin beads,5,0.02
Environment,env_material,infant mouth,5,0.02
Environment,env_material,ohmi_0000017,5,0.02
Environment,env_material,mammalian-associated genome,5,0.02
Environment,env_material,cecal contents,5,0.02
Environment,env_material,food material,5,0.02
Environment,env_material,paddy field soil,5,0.02
Environment,env_material,sewage wastewater,5,0.02
Environment,env_material,bodily fluid material,5,0.02
Environment,env_material,ncit:c13234,5,0.02
Environment,env_material,epipsammon,5,0.02
Environment,env_material,m9 medium,5,0.02
Environment,env_material,mucosal surface swab,5,0.02
Environment,env_material,stool; fecal sample,5,0.02
Environment,env_material,marine ranching sediment,5,0.02
Environment,env_material,grass,5,0.02
Environment,env_material,healthy_person,5,0.02
Environment,env_material,deep marine sediment,4,0.02
Environment,env_material,cryoconite,4,0.02
Environment,env_material,digestive tract contents,4,0.02
Environment,env_material,desert soil,4,0.02
Environment,env_material,mangrove sediment,4,0.02
Environment,env_material,control,4,0.02
Environment,env_material,freshwater ecosystem,4,0.02
Environment,env_material,rock,4,0.02
Environment,env_material,seawater ; coastal sea water ; surface water,4,0.02
Environment,env_material,human skin,4,0.02
Environment,env_material,estuarinemud,4,0.02
Environment,env_material,sea ice,4,0.02
Environment,env_material,leaf,4,0.02
Environment,env_material,chicken carcasses,4,0.02
Environment,env_material,biosolids,4,0.02
Environment,env_material,rectal,4,0.02
Environment,env_material,diffuse fluid,4,0.02
Environment,env_material,aerobic granular sludge,4,0.02
Environment,env_material,breast milk,4,0.02
Environment,env_material,vaginal sample,4,0.02
Environment,env_material,cdna libraries generated from cells filtered from seawater,4,0.02
Environment,env_material,brain tissue,4,0.02
Environment,env_material,roots,4,0.02
Environment,env_material,fastidious anaerobe broth,4,0.02
Environment,env_material,mouth environment,4,0.02
Environment,env_material,host_body_product,4,0.02
Environment,env_material,tropical woodland biome,4,0.02
Environment,env_material,marble,4,0.02
Environment,env_material,fecal fermentations,4,0.02
Environment,env_material,tube,4,0.02
Environment,env_material,marine water,4,0.02
Environment,env_material,reclaimed water,4,0.02
Environment,env_material,human gut microbiome [ohmi:0000020],4,0.02
Environment,env_material,forest,4,0.02
Environment,env_material,wastewater treatment plant,4,0.02
Environment,env_material,cervical swab,4,0.02
Environment,env_material,bronchial brushing,4,0.02
Environment,env_material,active layer permafrost soil core,4,0.02
Environment,env_material,culture medium: mega with polysaccharides,4,0.02
Environment,env_material,envo：00002255,4,0.02
Environment,env_material,lawn soil,4,0.02
Environment,env_material,'not provided',4,0.02
Environment,env_material,faces,4,0.02
Environment,env_material,epipelon,4,0.02
Environment,env_material,standard_potting_soil,4,0.02
Environment,env_material,blood stream infection,4,0.02
Environment,env_material,skin epidermis,4,0.02
Environment,env_material,freshly voided feces,4,0.02
Environment,env_material,bbm,4,0.02
Environment,env_material,discharge outlets water,3,0.01
Environment,env_material,ectomycorrhizosphere soil,3,0.01
Environment,env_material,intertidal sediment,3,0.01
Environment,env_material,hydrothermal vent,3,0.01
Environment,env_material,no,3,0.01
Environment,env_material,soil material,3,0.01
Environment,env_material,liquid environmental material,3,0.01
Environment,env_material,tongue biofilm,3,0.01
Environment,env_material,broiler carcass,3,0.01
Environment,env_material,posterior fornix,3,0.01
Environment,env_material,upland soil,3,0.01
Environment,env_material,plant,3,0.01
Environment,env_material,mouse-associated habitat,3,0.01
Environment,env_material,zone of skin,3,0.01
Environment,env_material,dust,3,0.01
Environment,env_material,volcanic soil,3,0.01
Environment,env_material,minimal medium supplemented with xanthan gum,3,0.01
Environment,env_material,buccal,3,0.01
Environment,env_material,experimental enviroment,3,0.01
Environment,env_material,vaginal secretion,3,0.01
Environment,env_material,hindgut,3,0.01
Environment,env_material,probiotic coliguard,3,0.01
Environment,env_material,epithelial cells,3,0.01
Environment,env_material,humus,3,0.01
Environment,env_material,saliva material|biofilm material,3,0.01
Environment,env_material,wastewater influent,3,0.01
Environment,env_material,gut biopsy,3,0.01
Environment,env_material,fecal samples,3,0.01
Environment,env_material,fresh faeces,3,0.01
Environment,env_material,meconium,3,0.01
Environment,env_material,luminal contents,3,0.01
Environment,env_material,colon,3,0.01
Environment,env_material,bicuspid,3,0.01
Environment,env_material,sterile tubes,3,0.01
Environment,env_material,effluent,3,0.01
Environment,env_material,culture medium - mega media agar beads,3,0.01
Environment,env_material,culture medium - mega media agar supernatant,3,0.01
Environment,env_material,marine,3,0.01
Environment,env_material,sandy sediment,3,0.01
Environment,env_material,tracheobronchial secretions,3,0.01
Environment,env_material,supragingival plaque,3,0.01
Environment,env_material,aquatic sediment,3,0.01
Environment,env_material,hot spring water,3,0.01
Environment,env_material,desert sand,3,0.01
Environment,env_material,lagoon water,3,0.01
Environment,env_material,grassland,3,0.01
Environment,env_material,aquaculture tank [eol:0000283],3,0.01
Environment,env_material,maternal gut,3,0.01
Environment,env_material,spinal biopsy tissue,3,0.01
Environment,env_material,riverbank zone soil andriver-sediment mud,3,0.01
Environment,env_material,bee hive comb,3,0.01
Environment,env_material,tracheal aspirate,3,0.01
Environment,env_material,liquid water,3,0.01
Environment,env_material,vegetable,3,0.01
Environment,env_material,carcass|biotic mesoscopic physical object|bone,3,0.01
Environment,env_material,hindgut contents,3,0.01
Environment,env_material,marine environment,3,0.01
Environment,env_material,citrus,3,0.01
Environment,env_material,leafy wood soil,3,0.01
Environment,env_material,laboratory,3,0.01
Environment,env_material,blood plasma,3,0.01
Environment,env_material,rhizoplane,3,0.01
Environment,env_material,marine environment |fecal environment |anthropogenic environment [01000313],3,0.01
Environment,env_material,artificial material,3,0.01
Environment,env_material,duodenum,3,0.01
Environment,env_material,human fresh fecal,3,0.01
Environment,env_material,waste material,3,0.01
Environment,env_material,m9,3,0.01
Environment,env_material,bone,2,0.01
Environment,env_material,river surface water,2,0.01
Environment,env_material,fresh market sewage,2,0.01
Environment,env_material,garden soil,2,0.01
Environment,env_material,swamp meadow soil,2,0.01
Environment,env_material,lignite and steel slag,2,0.01
Environment,env_material,mudflat,2,0.01
Environment,env_material,sandy sediments,2,0.01
Environment,env_material,cheese,2,0.01
Environment,env_material,glass,2,0.01
Environment,env_material,brine,2,0.01
Environment,env_material,prostate tissue,2,0.01
Environment,env_material,contaminated soil,2,0.01
Environment,env_material,host-associated,2,0.01
Environment,env_material,intact gut content,2,0.01
Environment,env_material,ohmi:0000003,2,0.01
Environment,env_material,tectonic lake,2,0.01
Environment,env_material,distal_small_intestine,2,0.01
Environment,env_material,cecum content,2,0.01
Environment,env_material,mgieasy stool sample collection kit,2,0.01
Environment,env_material,particulate matter  including superficial layer of sediment,2,0.01
Environment,env_material,submerged alnus glutinosa leaf litter,2,0.01
Environment,env_material,anaerobic digester sludge |food waste |waste water,2,0.01
Environment,env_material,1998,2,0.01
Environment,env_material,marine habitat,2,0.01
Environment,env_material,2225,2,0.01
Environment,env_material,gill tissue material,2,0.01
Environment,env_material,industrial sugarcane fermenter,2,0.01
Environment,env_material,illeostomy bag content,2,0.01
Environment,env_material,active permafrost layer,2,0.01
Environment,env_material,soya milk,2,0.01
Environment,env_material,fruit juice,2,0.01
Environment,env_material,cream,2,0.01
Environment,env_material,biological product,2,0.01
Environment,env_material,carbon dioxide-reducing sediment,2,0.01
Environment,env_material,anaerobic membrane reactors treating domestic wastewater at 4c and 15c inoculated by soils and sediments from lake geneva and svalbard,2,0.01
Environment,env_material,groundwater sediments,2,0.01
Environment,env_material,te buffer,2,0.01
Environment,env_material,oyster gut tissue,2,0.01
Environment,env_material,solid fraction of rumen liquor,2,0.01
Environment,env_material,stool microbiota,2,0.01
Environment,env_material,sufu,2,0.01
Environment,env_material,composite wastewater,2,0.01
Environment,env_material,bal,2,0.01
Environment,env_material,mariana trench surficial sediment,2,0.01
Environment,env_material,suspended particulate matter,2,0.01
Environment,env_material,caecal fluid,2,0.01
Environment,env_material,solid fraction of rumen,2,0.01
Environment,env_material,environmental material,2,0.01
Environment,env_material,beach sand \algal material,2,0.01
Environment,env_material,aerobic bioreactor,2,0.01
Environment,env_material,river sediment,2,0.01
Environment,env_material,rectum,2,0.01
Environment,env_material,gut_microbiota,2,0.01
Environment,env_material,effluent water,2,0.01
Environment,env_material,cattle manure,2,0.01
Environment,env_material,intestine/posterior midgut,2,0.01
Environment,env_material,violet_sandstone,2,0.01
Environment,env_material,pink_sandstone,2,0.01
Environment,env_material,beach sand,2,0.01
Environment,env_material,side stream wastewater,2,0.01
Environment,env_material,milli-q water,2,0.01
Environment,env_material,cheese rind biofilm,2,0.01
Environment,env_material,cider,2,0.01
Environment,env_material,microbial from soy sauce mash,2,0.01
Environment,env_material,mountain soil,2,0.01
Environment,env_material,peat,2,0.01
Environment,env_material,human vagina microfluidic device fluid,2,0.01
Environment,env_material,food,2,0.01
Environment,env_material,human lung aspirate,2,0.01
Environment,env_material,travertine,2,0.01
Environment,env_material,balf,2,0.01
Environment,env_material,produced water,2,0.01
Environment,env_material,no applicable,2,0.01
Environment,env_material,sterile cotton swab,2,0.01
Environment,env_material,infant skin,2,0.01
Environment,env_material,active sludge,2,0.01
Environment,env_material,fecal material 35,2,0.01
Environment,env_material,microcosmic sediments,2,0.01
Environment,env_material,raw wastewater,2,0.01
Environment,env_material,plant leaf,2,0.01
Environment,env_material,canine nasal cavity,2,0.01
Environment,env_material,canine oral cavity,2,0.01
Environment,env_material,pleural fluid,2,0.01
Environment,env_material,slurry,2,0.01
Environment,env_material,freshwater|brackish water,2,0.01
Environment,env_material,acetate,2,0.01
Environment,env_material,pbs,2,0.01
Environment,env_material,food material [foodon:00002403],2,0.01
Environment,env_material,wetland,2,0.01
Environment,env_material,soil  | contaminated soil,2,0.01
Environment,env_material,ncgs_stool,2,0.01
Environment,env_material,rich medium [mco:0000882],2,0.01
Environment,env_material,oceanic zone,2,0.01
Environment,env_material,solid surface layer,2,0.01
Environment,env_material,stream[freshwater biome,2,0.01
Environment,env_material,oil |oil field production water,2,0.01
Environment,env_material,water surface,2,0.01
Environment,env_material,saliva/feces,2,0.01
Environment,env_material,atmosphere,2,0.01
Environment,env_material,human induced sputum,2,0.01
Environment,env_material,late time series of decomposition,2,0.01
Environment,env_material,middle time series of decomposition,2,0.01
Environment,env_material,human csf,2,0.01
Environment,env_material,fermented bean,2,0.01
Environment,env_material,plastic carrier,2,0.01
Environment,env_material,bioreactor,2,0.01
Environment,env_material,polluted,2,0.01
Environment,env_material,iron microbial mat,2,0.01
Environment,env_material,bulkwater,2,0.01
Environment,env_material,tree bark,2,0.01
Environment,env_material,environmental materials,2,0.01
Environment,env_material,indoor air,2,0.01
Environment,env_material,biofilter biomass,2,0.01
Environment,env_material,root [po:0009005],2,0.01
Environment,env_material,air filter,2,0.01
Environment,env_material,face mask fabric,2,0.01
Environment,env_material,epixylon,2,0.01
Environment,env_material,human blood cells,2,0.01
Environment,env_material,intestine,2,0.01
Environment,env_material,human milk,2,0.01
Environment,env_material,tropical rainforest biome,2,0.01
Environment,env_material,pco_1000004,2,0.01
Environment,env_material,vaginal mucus,2,0.01
Environment,env_material,rectalal mucosa & stool,2,0.01
Environment,env_material,feces_sow,2,0.01
Environment,env_material,"sub-gingival plaque, saliva, tongue",2,0.01
Environment,env_material,root microbiome,2,0.01
Environment,env_material,silty clay loam,2,0.01
Environment,env_material,miss,2,0.01
Environment,env_material,mouse stool,2,0.01
Environment,env_material,fresh feces,2,0.01
Environment,env_material,medical instrument,2,0.01
Environment,env_material,oral,2,0.01
Environment,env_material,thermophilic sediment,1,0.0
Environment,env_material,faecal content,1,0.0
Environment,env_material,mesotrophic water,1,0.0
Environment,env_material,waste water (substance) [snomed:264327008],1,0.0
Environment,env_material,sewage [envo00002018],1,0.0
Environment,env_material,root matter,1,0.0
Environment,env_material,sediment/microbial mat on well,1,0.0
Environment,env_material,finfish farming process,1,0.0
Environment,env_material,algal material,1,0.0
Environment,env_material,fecal_microbiota,1,0.0
Environment,env_material,pingo_water,1,0.0
Environment,env_material,"it was summer, during the r5 stage of the crop.",1,0.0
Environment,env_material,"it was summer, during the v2 stage of the crop.",1,0.0
Environment,env_material,100 ml of soil,1,0.0
Environment,env_material,nesting material|honey,1,0.0
Environment,env_material,nesting material,1,0.0
Environment,env_material,host,1,0.0
Environment,env_material,coastal sea water |ocean water |sea water,1,0.0
Environment,env_material,water of meat washing,1,0.0
Environment,env_material,filters,1,0.0
Environment,env_material,mineral_medium,1,0.0
Environment,env_material,bacteria culture,1,0.0
Environment,env_material,it was summer,1,0.0
Environment,env_material,m1,1,0.0
Environment,env_material,synthetic,1,0.0
Environment,env_material,alluvium,1,0.0
Environment,env_material,mock community culture,1,0.0
Environment,env_material,chromium contaminated soil,1,0.0
Environment,env_material,"abomasum, reticulum, omasum, rumen",1,0.0
Environment,env_material,microcosm,1,0.0
Environment,env_material,ee-28,1,0.0
Environment,env_material,ee-39,1,0.0
Environment,env_material,er-24,1,0.0
Environment,env_material,re-22,1,0.0
Environment,env_material,re-24,1,0.0
Environment,env_material,cardiac valve,1,0.0
Environment,env_material,biofilm material |periphytic biofilm,1,0.0
Environment,env_material,inorganically contaminated sediment,1,0.0
Environment,env_material,mollusca,1,0.0
Environment,env_material,riverine water,1,0.0
Environment,env_material,feces (sctid: 39477002),1,0.0
Environment,env_material,freshwater environment,1,0.0
Environment,env_material,pig feces,1,0.0
Environment,env_material,pha-associted biofilm,1,0.0
Environment,env_material,sand soil,1,0.0
Environment,env_material,tba lavage,1,0.0
Environment,env_material,flexible plastics,1,0.0
Environment,env_material,cervical mucus,1,0.0
Environment,env_material,aqueous humour,1,0.0
Environment,env_material,00002150,1,0.0
Environment,env_material,petroleum hydrocarbon,1,0.0
Environment,env_material,anaerobic bioreactor sludge,1,0.0
Environment,env_material,coffee waste,1,0.0
Environment,env_material,plant litter,1,0.0
Environment,env_material,charcoal,1,0.0
Environment,env_material,specimen collection process,1,0.0
Environment,env_material,metallic material,1,0.0
Environment,env_material,tissue and fecal content,1,0.0
Environment,env_material,inoculated milk,1,0.0
Environment,env_material,sternum,1,0.0
Environment,env_material,semi-soft blue cheese with unpasteurized milk from auvergne-rhône-alpes region,1,0.0
Environment,env_material,blue ewe's milk cheese rind from midi-pyrénées region,1,0.0
Environment,env_material,pitcher plant fluid,1,0.0
Environment,env_material,csf,1,0.0
Environment,env_material,coarse andosol,1,0.0
Environment,env_material,spread,1,0.0
Environment,env_material,yogurt,1,0.0
Environment,env_material,interior flesh rinsate,1,0.0
Environment,env_material,purified virus-like particles from fresh colon resections,1,0.0
Environment,env_material,synthetic gut microbial community,1,0.0
Environment,env_material,human-stool,1,0.0
Environment,env_material,deep chlorophyll maximum,1,0.0
Environment,env_material,seawater_00002010_00002149,1,0.0
Environment,env_material,mountain,1,0.0
Environment,env_material,dna,1,0.0
Environment,env_material,genomic dna isolated from cells filtered from seawater,1,0.0
Environment,env_material,caecum,1,0.0
Environment,env_material,surface layer,1,0.0
Environment,env_material,apple orchard,1,0.0
Environment,env_material,sediment(as01 subsample-3),1,0.0
Environment,env_material,pooled leaves,1,0.0
Environment,env_material,surgical room air,1,0.0
Environment,env_material,compost,1,0.0
Environment,env_material,liquid fraction of rumen liquor,1,0.0
Environment,env_material,probiotic protexin,1,0.0
Environment,env_material,cold seep,1,0.0
Environment,env_material,feces 49,1,0.0
Environment,env_material,feces 18,1,0.0
Environment,env_material,salivag06,1,0.0
Environment,env_material,fecese04,1,0.0
Environment,env_material,fecese01,1,0.0
Environment,env_material,salivac08,1,0.0
Environment,env_material,fecesa03,1,0.0
Environment,env_material,salivab10,1,0.0
Environment,env_material,fecesb04,1,0.0
Environment,env_material,fecesa02,1,0.0
Environment,env_material,thermokarst lake sediment,1,0.0
Environment,env_material,dna extraction blank,1,0.0
Environment,env_material,air particulate,1,0.0
Environment,env_material,glr reactor biofilm biomass,1,0.0
Environment,env_material,mucosa-washing,1,0.0
Environment,env_material,ovaries of a. gambiae,1,0.0
Environment,env_material,pleural effusion material 43,1,0.0
Environment,env_material,pleural effusion material 17,1,0.0
Environment,env_material,marine sand,1,0.0
Environment,env_material,freshwater sand,1,0.0
Environment,env_material,heel,1,0.0
Environment,env_material,leg,1,0.0
Environment,env_material,aqueous phase of oil storage structure,1,0.0
Environment,env_material,synthetic mixture of yeast species,1,0.0
Environment,env_material,soil plantation,1,0.0
Environment,env_material,volcanic soil 1751-mag1,1,0.0
Environment,env_material,environment positive control,1,0.0
Environment,env_material,melt pond,1,0.0
Environment,env_material,liquid fraction of rumen,1,0.0
Environment,env_material,urban biome,1,0.0
Environment,env_material,biomass_day4,1,0.0
Environment,env_material,media_day12,1,0.0
Environment,env_material,biomass_day2,1,0.0
Environment,env_material,wwtp pm2.5,1,0.0
Environment,env_material,seabed sediment,1,0.0
Environment,env_material,hot spring sediment,1,0.0
Environment,env_material,silava,1,0.0
Environment,env_material,leaf surface,1,0.0
Environment,env_material,coastal seawater [evo:000002150],1,0.0
Environment,env_material,distribution system water,1,0.0
Environment,env_material,placenta,1,0.0
Environment,env_material,feces_10,1,0.0
Environment,env_material,cold reef tank h21,1,0.0
Environment,env_material,granular sludge,1,0.0
Environment,env_material,freshwater river,1,0.0
Environment,env_material,artifical mono lake water,1,0.0
Environment,env_material,ileum,1,0.0
Environment,env_material,colon tissue,1,0.0
Environment,env_material,plant organ,1,0.0
Environment,env_material,medium-frequency_anoxic1,1,0.0
Environment,env_material,low-frequency_oxic2,1,0.0
Environment,env_material,high-frequency_oxic1,1,0.0
Environment,env_material,medium-frequency_oxic_phase7_3,1,0.0
Environment,env_material,medium-frequency_anoxic_phase4_3,1,0.0
Environment,env_material,high-frequency_oxic_phase19_3,1,0.0
Environment,env_material,mud,1,0.0
Environment,env_material,lake bottom mud,1,0.0
Environment,env_material,limestone,1,0.0
Environment,env_material,enrichment_broth,1,0.0
Environment,env_material,bronchoalveolar lavage mmo:0000721,1,0.0
Environment,env_material,bronchoalveolar lavage mmo:0000703,1,0.0
Environment,env_material,bronchoalveolar lavage mmo:0000700,1,0.0
Environment,env_material,bronchoalveolar lavage mmo:0000689,1,0.0
Environment,env_material,bronchoalveolar lavage mmo:0000683,1,0.0
Environment,env_material,bronchoalveolar lavage mmo:0000673,1,0.0
Environment,env_material,bronchoalveolar lavage mmo:0000667,1,0.0
Environment,env_material,bronchoalveolar lavage mmo:0000655,1,0.0
Environment,env_material,bronchoalveolar lavage mmo:0000745,1,0.0
Environment,env_material,bronchoalveolar lavage mmo:0000741,1,0.0
Environment,env_material,mucosa of rectum,1,0.0
Environment,env_material,small intestine biopsy,1,0.0
Environment,env_material,mixed culture of strain pny2013 and activated sludge,1,0.0
Environment,env_material,raw sewage,1,0.0
Environment,env_material,pool,1,0.0
Environment,env_material,mouth swab,1,0.0
Environment,env_material,estuarine sediment,1,0.0
Environment,env_material,foodon:00001071,1,0.0
Environment,env_material,granules,1,0.0
Environment,env_material,stool pellets,1,0.0
Environment,env_material,marine snow,1,0.0
Environment,env_material,saline lake sediment,1,0.0
Environment,env_material,polymer - pe (foodon: 03500017),1,0.0
Environment,env_material,ballast water,1,0.0
Environment,env_material,soil on the surface of skeletal remain,1,0.0
Environment,env_material,hotspring waters,1,0.0
Environment,env_material,water and sediment,1,0.0
Environment,env_material,drinking water,1,0.0
Environment,env_material,public drinking fountain water,1,0.0
Environment,env_material,hot-spring,1,0.0
Environment,env_material,sediment_3,1,0.0
Environment,env_material,limestone rock,1,0.0
Environment,env_material,sea weater,1,0.0
Environment,env_material,on rock,1,0.0
Environment,env_material,mangrove tissue,1,0.0
Environment,env_material,dental calculus of ancient human remains,1,0.0
Environment,env_material,filter media,1,0.0
Environment,env_material,bile,1,0.0
Environment,env_material,(soil),1,0.0
Environment,env_material,artificial seawater,1,0.0
Environment,env_material,gut contents,1,0.0
Environment,env_material,creek water,1,0.0
Environment,env_material,soil16,1,0.0
Environment,env_material,reagents,1,0.0
Environment,env_material,fe,1,0.0
Environment,env_material,anaerobic bioreactor,1,0.0
Environment,env_material,active anaerobic enrichment culturing unit  | active sulphate-reducing enrichment culturing unit,1,0.0
Environment,env_material,fumarolic deposit,1,0.0
Environment,env_material,mice cecum,1,0.0
Environment,env_material,feed,1,0.0
Environment,env_material,floor swab,1,0.0
Environment,env_material,water[chebi:15377],1,0.0
Environment,env_material,coarse beach sand |gravel |sandy sediment,1,0.0
Environment,env_material,fecal material 18,1,0.0
Environment,env_material,fecal material 14,1,0.0
Environment,env_material,fecal material 93,1,0.0
Environment,env_material,fecal material 68,1,0.0
Environment,env_material,fecal material 26,1,0.0
Environment,env_material,fecal material 24,1,0.0
Environment,env_material,production water,1,0.0
Environment,env_material,foodon_03411161,1,0.0
Environment,env_material,plant assosiated,1,0.0
Environment,env_material,yaan4,1,0.0
Environment,env_material,yaan12,1,0.0
Environment,env_material,mouse caecum,1,0.0
Environment,env_material,bacteriome,1,0.0
Environment,env_material,tissue core,1,0.0
Environment,env_material,supragingival,1,0.0
Environment,env_material,agricultural soil  ],1,0.0
Environment,env_material,soi,1,0.0
Environment,env_material,anthracite,1,0.0
Environment,env_material,sandy soil | millet rhizosphere,1,0.0
Environment,env_material,aquaculture water,1,0.0
Environment,env_material,rat 4 colonic region (anaemia),1,0.0
Environment,env_material,sewage sludge,1,0.0
Environment,env_material,intestinal contents,1,0.0
Environment,env_material,honeybee,1,0.0
Environment,env_material,sediment|freshwater,1,0.0
Environment,env_material,human dwelling,1,0.0
Environment,env_material,ibs_stool,1,0.0
Environment,env_material,ncgs_pg_stool,1,0.0
Environment,env_material,hydrothermal vent chimney,1,0.0
Environment,env_material,diptera (flies),1,0.0
Environment,env_material,spinal biopsy tissue5,1,0.0
Environment,env_material,nj_sdb cultures,1,0.0
Environment,env_material,marine seawater,1,0.0
Environment,env_material,cheek swabs,1,0.0
Environment,env_material,ventral-10,1,0.0
Environment,env_material,ventral-11,1,0.0
Environment,env_material,industrial wastewater,1,0.0
Environment,env_material,cereal grain,1,0.0
Environment,env_material,ced46st_s67_stool,1,0.0
Environment,env_material,ucr7_cp04727_s7_mucosa,1,0.0
Environment,env_material,ced104st_s81_stool,1,0.0
Environment,env_material,ced96st_s79_stool,1,0.0
Environment,env_material,spring water | sediment,1,0.0
Environment,env_material,culturing environment,1,0.0
Environment,env_material,potting mix,1,0.0
Environment,env_material,surface seawater,1,0.0
Environment,env_material,part 2 of column 1: s-i-s,1,0.0
Environment,env_material,part 4 of column 4: c-i-c,1,0.0
Environment,env_material,early time series of decomposition,1,0.0
Environment,env_material,water-colum,1,0.0
Environment,env_material,bovine milk fermentation,1,0.0
Environment,env_material,epilithic biofilm,1,0.0
Environment,env_material,surface sediment,1,0.0
Environment,env_material,hypersaline lake sediment,1,0.0
Environment,env_material,sand,1,0.0
Environment,env_material,vent fluid,1,0.0
Environment,env_material,blank swab,1,0.0
Environment,env_material,dairy,1,0.0
Environment,env_material,soy,1,0.0
Environment,env_material,tofu,1,0.0
Environment,env_material,fruit,1,0.0
Environment,env_material,surface ice,1,0.0
Environment,env_material,hydrocarbon-based environmental material,1,0.0
Environment,env_material,culture medium: ycfac,1,0.0
Environment,env_material,grassland soil 20cm from vellozia intermedia during dry season,1,0.0
Environment,env_material,grassland soil 20cm from vellozia nivea during dry season,1,0.0
Environment,env_material,combined from : secondary sludge | : primary sludge,1,0.0
Environment,env_material,wastewater/ food waste/ sludge,1,0.0
Environment,env_material,mangrove swamp,1,0.0
Environment,env_material,unkwnon,1,0.0
Environment,env_material,dump water,1,0.0
Environment,env_material,dump sludge,1,0.0
Environment,env_material,phyllosphere,1,0.0
Environment,env_material,hepatopancreas,1,0.0
Environment,env_material,soil:,1,0.0
Environment,env_material,aquatic,1,0.0
Environment,env_material,glacial ice,1,0.0
Environment,env_material,biofilters,1,0.0
Environment,env_material,hypersaline water,1,0.0
Environment,env_material,colonic chyme,1,0.0
Environment,env_material,human fecal,1,0.0
Environment,env_material,bog water|air,1,0.0
Environment,env_material,wwtp_effluent,1,0.0
Environment,env_material,bean,1,0.0
Environment,env_material,meat,1,0.0
Environment,env_material,mouse feces,1,0.0
Environment,env_material,pleural effusion,1,0.0
Environment,env_material,riverine sediment,1,0.0
Environment,env_material,fecal material 28,1,0.0
Environment,env_material,fecal material 171,1,0.0
Environment,env_material,fecal material 168,1,0.0
Environment,env_material,fecal material 112,1,0.0
Environment,env_material,fecal material 111,1,0.0
Environment,env_material,rock interior,1,0.0
Environment,env_material,synthetic produced water,1,0.0
Environment,env_material,artificial seawater medium,1,0.0
Environment,env_material,community,1,0.0
Environment,env_material,soil slurry,1,0.0
Environment,env_material,river_sediment_upstream,1,0.0
Environment,env_material,soil surface layer,1,0.0
Environment,env_material,envo：02000059,1,0.0
Environment,env_material,enrichment culture,1,0.0
Environment,env_material,envo:\00000078,1,0.0
Environment,env_material,epiphyton,1,0.0
Environment,env_material,china: hohhot,1,0.0
Environment,env_material,rumen biome for s020.metag.solid,1,0.0
Environment,env_material,rumen biome for s056.metag.solid,1,0.0
Environment,env_material,rumen biome for s046.metag.solid,1,0.0
Environment,env_material,soil in the rhizosphere of kiwifruit roots,1,0.0
Environment,env_material,distal gut content sick fish 10,1,0.0
Environment,env_material,pond sediment,1,0.0
Environment,env_material,laboratory air,1,0.0
Environment,env_material,fecal materia|pbs,1,0.0
Environment,env_material,tumor,1,0.0
Environment,env_material,crop,1,0.0
Environment,env_material,tailing soil,1,0.0
Environment,env_material,bare soil,1,0.0
Environment,env_material,digestive system content,1,0.0
Environment,env_material,coastal seawater sample,1,0.0
Environment,env_material,algal extract medium (fucoidan from fucus vesiculosus),1,0.0
Environment,env_material,saline-alkali soil,1,0.0
Environment,env_material,fresh animal manure,1,0.0
Environment,env_material,cell culture media,1,0.0
Environment,env_material,sub-gingival plaque,1,0.0
Environment,env_material,culture broth,1,0.0
Environment,env_material,southern ocean surface seawater,1,0.0
Environment,env_material,seamount,1,0.0
Environment,env_material,permafrost,1,0.0
Environment,env_material,not applicabl,1,0.0
Environment,env_material,leaf[po_0025034],1,0.0
Environment,env_material,pasture soil,1,0.0
Environment,env_material,tear,1,0.0
Environment,env_material,rhizosphere soil_oc1,1,0.0
Environment,env_material,burned soil,1,0.0
Environment,env_material,artificial sea water,1,0.0
Environment,env_material,eb,1,0.0
Environment,env_material,feces_227,1,0.0
Environment,env_material,feces_143,1,0.0
Environment,env_material,feces_627,1,0.0
Environment,env_material,feces_63,1,0.0
Environment,env_material,feces_62,1,0.0
Environment,env_material,feces_605,1,0.0
Environment,env_material,feces_574,1,0.0
Environment,env_material,feces_564,1,0.0
Environment,env_material,feces_297,1,0.0
Environment,env_material,feces_197,1,0.0
Environment,env_material,feces_182,1,0.0
Environment,env_material,feces_111,1,0.0
Environment,env_material,feces_206,1,0.0
Environment,env_material,feces_202,1,0.0
Environment,env_material,feces_65,1,0.0
Environment,env_material,feces_549,1,0.0
Environment,env_material,feces_544,1,0.0
Environment,env_material,feces_531,1,0.0
Environment,env_material,feces_38,1,0.0
Environment,env_material,feces_263,1,0.0
Environment,env_material,feces_260,1,0.0
Environment,env_material,feces_254,1,0.0
Environment,env_material,feces_163,1,0.0
Environment,env_material,feces_151,1,0.0
Environment,env_material,feces_52,1,0.0
Environment,env_material,feces_506,1,0.0
Environment,env_material,feces_441,1,0.0
Environment,env_material,feces_440,1,0.0
Environment,env_material,feces_438,1,0.0
Environment,env_material,feces_434,1,0.0
Environment,env_material,feces_431,1,0.0
Environment,env_material,feces_428,1,0.0
Environment,env_material,feces_334,1,0.0
Environment,env_material,feces_25,1,0.0
Environment,env_material,feces_600,1,0.0
Environment,env_material,feces_591,1,0.0
Environment,env_material,feces_590,1,0.0
Environment,env_material,feces_583,1,0.0
Environment,env_material,feces_491,1,0.0
Environment,env_material,feces_490,1,0.0
Environment,env_material,feces_412,1,0.0
Environment,env_material,feces_315,1,0.0
Environment,env_material,feces_224,1,0.0
Environment,env_material,seawater | microcosm,1,0.0
Environment,env_material,sediment core surface,1,0.0
Environment,env_material,iron mine soil_1,1,0.0
Environment,env_material,fecal samples a8,1,0.0
Environment,env_material,fecal samples a38,1,0.0
Environment,env_material,fecal samples a23,1,0.0
Environment,env_material,fecal samples w11,1,0.0
Environment,env_material,fecal samples w7,1,0.0
Environment,env_material,hydrocarbons,1,0.0
Environment,env_material,propionate,1,0.0
Environment,env_material,ice _lazaun_june 01,1,0.0
Environment,env_material,glacier _lazaun_september 01,1,0.0
Environment,env_material,sea_water_36,1,0.0
Environment,env_material,sea_water_30,1,0.0
Environment,env_material,sea_water_21,1,0.0
Environment,env_material,sea_water_20,1,0.0
Environment,env_material,anaerobic digestion reactor,1,0.0
Environment,env_material,rumen content,1,0.0
Environment,env_material,in-vitro fermentation medium with basal diet,1,0.0
Environment,env_material,leaves,1,0.0
Environment,env_material,bark,1,0.0
Environment,env_material,fermentation medium,1,0.0
Environment,env_material,coal bed produced water,1,0.0
Environment,env_material,human mother milk,1,0.0
Environment,env_material,carrot,1,0.0
Environment,env_material,dislodged materials from extracted joint arthroplasty,1,0.0
Environment,env_material,lab reagents,1,0.0
Environment,env_material,turbid and slightly viscous fluid,1,0.0
Environment,env_material,coal bed cutting,1,0.0
Environment,env_material,synthetic wastewater containing various inorganic sulfur compounds,1,0.0
Environment,env_material,caecum content,1,0.0
Environment,env_material,wine,1,0.0
Environment,env_material,organic,1,0.0
Environment,env_material,human_milk,1,0.0
Environment,env_material,red pepper,1,0.0
Environment,env_material,nasopharynx,1,0.0
Environment,env_material,soy sauce mash,1,0.0
Environment,env_material,media,1,0.0
Environment,env_material,sc,1,0.0
Environment,env_material,dessicated mat,1,0.0
Environment,env_material,jejunum (envo:),1,0.0
Environment,env_material,ileum (envo:),1,0.0
Environment,env_material,sediment sample,1,0.0
Environment,env_material,mariculture sediment,1,0.0
Environment,env_material,incubation medium,1,0.0
Environment,env_material,borewell soil,1,0.0
Environment,env_material,pig caecal contents,1,0.0
Environment,env_material,farmyard manure,1,0.0
Environment,env_material,contents of the cecum,1,0.0
Environment,env_material,solid waste,1,0.0
Environment,env_material,clay,1,0.0
Environment,env_material,epithelium of external nose,1,0.0
Host and clinical,host,homo sapiens,17682,66.34
Host and clinical,host,mus musculus,2020,7.58
Host and clinical,host,sus scrofa,669,2.51
Host and clinical,host,gallus gallus,516,1.94
Host and clinical,host,bos taurus,502,1.88
Host and clinical,host,canis lupus familiaris,332,1.25
Host and clinical,host,equus caballus,235,0.88
Host and clinical,host,zizania palustris,181,0.68
Host and clinical,host,meleagris gallopavo,102,0.38
Host and clinical,host,ovis aries,96,0.36
Host and clinical,host,soil,83,0.31
Host and clinical,host,rattus norvegicus,79,0.3
Host and clinical,host,feces,71,0.27
Host and clinical,host,felis catus,62,0.23
Host and clinical,host,macaca mulatta,52,0.2
Host and clinical,host,environment,52,0.2
Host and clinical,host,food processing environment,48,0.18
Host and clinical,host,salmo salar,44,0.17
Host and clinical,host,apis mellifera,42,0.16
Host and clinical,host,environmental,41,0.15
Host and clinical,host,pan troglodytes schweinfurthii,39,0.15
Host and clinical,host,pan troglodytes troglodytes,38,0.14
Host and clinical,host,cheese,37,0.14
Host and clinical,host,pan paniscus,35,0.13
Host and clinical,host,capra hircus,35,0.13
Host and clinical,host,bubalus bubalis,32,0.12
Host and clinical,host,zebrafish,32,0.12
Host and clinical,host,unclassified sequences; metagenomes; organismal metagenomes; human gut metagenome,32,0.12
Host and clinical,host,human infant,29,0.11
Host and clinical,host,water,28,0.11
Host and clinical,host,lake,26,0.1
Host and clinical,host,bacteria,25,0.09
Host and clinical,host,pan troglodytes,24,0.09
Host and clinical,host,ifremeria nautilei,24,0.09
Host and clinical,host,macaca fascicularis,23,0.09
Host and clinical,host,myodes glareolus,22,0.08
Host and clinical,host,bird,21,0.08
Host and clinical,host,vole,21,0.08
Host and clinical,host,bacteroides fragilis,20,0.08
Host and clinical,host,populus,20,0.08
Host and clinical,host,oryza sativa,18,0.07
Host and clinical,host,bos indicus,18,0.07
Host and clinical,host,zea mays,18,0.07
Host and clinical,host,citrus,18,0.07
Host and clinical,host,"5xfad (b6.cg-tg(appswfllon,psen1*m146l*l286v)6799vas/mmjax, stock number 34848-jax, mmrrc)",18,0.07
Host and clinical,host,emys orbicularis,18,0.07
Host and clinical,host,ursus arctos,17,0.06
Host and clinical,host,uncultured virus,17,0.06
Host and clinical,host,dairy cattle,17,0.06
Host and clinical,host,rattus,17,0.06
Host and clinical,host,bathymodiolus septemdierum,17,0.06
Host and clinical,host,homo_sapiens,17,0.06
Host and clinical,host,maize,15,0.06
Host and clinical,host,yak,15,0.06
Host and clinical,host,phocaeicola vulgatus,14,0.05
Host and clinical,host,ursus americanus,14,0.05
Host and clinical,host,lasioglossum albipes,14,0.05
Host and clinical,host,metagenome,13,0.05
Host and clinical,host,plant,13,0.05
Host and clinical,host,penaeus vannamei,13,0.05
Host and clinical,host,giant panda and red panda,13,0.05
Host and clinical,host,chlorocebus sabaeus,13,0.05
Host and clinical,host,synthetic,13,0.05
Host and clinical,host,lamb,13,0.05
Host and clinical,host,bos mutus,13,0.05
Host and clinical,host,pika,13,0.05
Host and clinical,host,canis lupus,12,0.05
Host and clinical,host,drosophila melanogaster,12,0.05
Host and clinical,host,sediment,12,0.05
Host and clinical,host,sow,12,0.05
Host and clinical,host,human-associated,12,0.05
Host and clinical,host,arabidopsis thaliana,12,0.05
Host and clinical,host,"""sus scrofa""",12,0.05
Host and clinical,host,panda,12,0.05
Host and clinical,host,phascolarctos cinereus,11,0.04
Host and clinical,host,crassostrea virginica,11,0.04
Host and clinical,host,alviniconcha boucheti,11,0.04
Host and clinical,host,ochotona curzoniae,11,0.04
Host and clinical,host,piglet,11,0.04
Host and clinical,host,sludge,11,0.04
Host and clinical,host,ailuropoda melanoleuca,10,0.04
Host and clinical,host,oryctolagus cuniculus,10,0.04
Host and clinical,host,rhinopithecus roxellana,10,0.04
Host and clinical,host,hoolock tianxing,10,0.04
Host and clinical,host,bombus impatiens,10,0.04
Host and clinical,host,mastomys natalensis,10,0.04
Host and clinical,host,vitis vinifera,10,0.04
Host and clinical,host,cannabis sativa,10,0.04
Host and clinical,host,tursiops truncatus,9,0.03
Host and clinical,host,control,9,0.03
Host and clinical,host,staphylococcus aureus,9,0.03
Host and clinical,host,dairy,9,0.03
Host and clinical,host,wastewater,9,0.03
Host and clinical,host,multiple,9,0.03
Host and clinical,host,lactuca sativa l,9,0.03
Host and clinical,host,alviniconcha kojimai,9,0.03
Host and clinical,host,lotus japonicus,9,0.03
Host and clinical,host,oryza sativa l.,9,0.03
Host and clinical,host,orbicella faveolata,9,0.03
Host and clinical,host,wild boar,9,0.03
Host and clinical,host,soybean,9,0.03
Host and clinical,host,theobroma cacao,9,0.03
Host and clinical,host,guinea pig,9,0.03
Host and clinical,host,thuja sutchuenensis,9,0.03
Host and clinical,host,natural / free-living,9,0.03
Host and clinical,host,anopheles gambiae,9,0.03
Host and clinical,host,palms,9,0.03
Host and clinical,host,cervus nippon,8,0.03
Host and clinical,host,sciurus vulgaris,8,0.03
Host and clinical,host,poultry,8,0.03
Host and clinical,host,not applicaboe,8,0.03
Host and clinical,host,citrus reticulata,8,0.03
Host and clinical,host,aedes aegypti,8,0.03
Host and clinical,host,culex pipiens pipiens,8,0.03
Host and clinical,host,meat,8,0.03
Host and clinical,host,surface,8,0.03
Host and clinical,host,lactuca sativa,8,0.03
Host and clinical,host,potato plant,8,0.03
Host and clinical,host,environment (built environment),8,0.03
Host and clinical,host,doline microbiome,8,0.03
Host and clinical,host,siderastrea siderea,8,0.03
Host and clinical,host,glycine max,7,0.03
Host and clinical,host,propithecus coquereli,7,0.03
Host and clinical,host,gorilla gorilla gorilla,7,0.03
Host and clinical,host,apis cerana,7,0.03
Host and clinical,host,ovine;bovine;camel;dog;gallus gallus domesticus;grassland,7,0.03
Host and clinical,host,stomach,7,0.03
Host and clinical,host,camel,7,0.03
Host and clinical,host,apple orchard soil,7,0.03
Host and clinical,host,porites lutea,7,0.03
Host and clinical,host,diarrhea piglets,7,0.03
Host and clinical,host,hommo sapiens,7,0.03
Host and clinical,host,solanum lycopersicum,7,0.03
Host and clinical,host,microbes,7,0.03
Host and clinical,host,panicum virgatum,7,0.03
Host and clinical,host,mus,6,0.02
Host and clinical,host,papio cynocephalus,6,0.02
Host and clinical,host,synthetic metagenome,6,0.02
Host and clinical,host,gasterosteus aculeatus,6,0.02
Host and clinical,host,podarcis muralis,6,0.02
Host and clinical,host,camelus dromedarius,6,0.02
Host and clinical,host,bathymodiolus,6,0.02
Host and clinical,host,marmot,6,0.02
Host and clinical,host,solanum lycopersicum x solanum pimpinellifolium,6,0.02
Host and clinical,host,brand's vole,6,0.02
Host and clinical,host,chicha beverage,6,0.02
Host and clinical,host,seawater,6,0.02
Host and clinical,host,suis scrofa,6,0.02
Host and clinical,host,manis javanica,6,0.02
Host and clinical,host,cyprinus carpio,6,0.02
Host and clinical,host,margaritifera falcata,6,0.02
Host and clinical,host,compost,6,0.02
Host and clinical,host,nicotiana tabacum,6,0.02
Host and clinical,host,eisenia fetida,6,0.02
Host and clinical,host,activated sludge,6,0.02
Host and clinical,host,sphagnum,6,0.02
Host and clinical,host,homo_sapines,6,0.02
Host and clinical,host,isopod,6,0.02
Host and clinical,host,pseudois nayaur,5,0.02
Host and clinical,host,cavia porcellus,5,0.02
Host and clinical,host,control sample,5,0.02
Host and clinical,host,triticum aestivum,5,0.02
Host and clinical,host,sciurus carolinensis,5,0.02
Host and clinical,host,phyllospora comosa,5,0.02
Host and clinical,host,stylissa flabelliformis,5,0.02
Host and clinical,host,oncorhynchus mykiss,5,0.02
Host and clinical,host,swiss_mice,5,0.02
Host and clinical,host,homo sapiens ger_snf_f147,5,0.02
Host and clinical,host,sporobolus alterniflorus,5,0.02
Host and clinical,host,homo sapiens ger_cd_s56,5,0.02
Host and clinical,host,desmodus rotundus,5,0.02
Host and clinical,host,rhizomys pruinosus,5,0.02
Host and clinical,host,phyllostachys edulis,5,0.02
Host and clinical,host,rhizosphere,5,0.02
Host and clinical,host,rice,5,0.02
Host and clinical,host,miso,5,0.02
Host and clinical,host,deadwood,5,0.02
Host and clinical,host,hordeum vulgare,5,0.02
Host and clinical,host,brown bear,5,0.02
Host and clinical,host,capra aegagrus hircus,5,0.02
Host and clinical,host,holstein cows,5,0.02
Host and clinical,host,lissachatina fulica,5,0.02
Host and clinical,host,duck,5,0.02
Host and clinical,host,setaria italica,5,0.02
Host and clinical,host,built environment,5,0.02
Host and clinical,host,callithrix jacchus,4,0.02
Host and clinical,host,apostichopus japonicus,4,0.02
Host and clinical,host,macaca mulatta brevicaudus,4,0.02
Host and clinical,host,myocastor coypus,4,0.02
Host and clinical,host,vicia faba,4,0.02
Host and clinical,host,bacteroides thetaiotaomicron,4,0.02
Host and clinical,host,equus quagga burchellii,4,0.02
Host and clinical,host,pipistrellus pipistrellus,4,0.02
Host and clinical,host,buffalo,4,0.02
Host and clinical,host,pericharax heteroaphis,4,0.02
Host and clinical,host,megaptera novaeangliae,4,0.02
Host and clinical,host,lamellodysidea herbacea,4,0.02
Host and clinical,host,capsicum annuum,4,0.02
Host and clinical,host,danio rerio,4,0.02
Host and clinical,host,free-living bacterioplankton,4,0.02
Host and clinical,host,dioscorea sansibarensis,4,0.02
Host and clinical,host,water deer,4,0.02
Host and clinical,host,tribolium castaneum,4,0.02
Host and clinical,host,homo sapiens ger_snf_f351,4,0.02
Host and clinical,host,homo sapiens ger_cd_s24,4,0.02
Host and clinical,host,homo sapiens ger_snf_f228,4,0.02
Host and clinical,host,homo sapiens ger_snf_f116,4,0.02
Host and clinical,host,homo sapiens ger_cd_s49,4,0.02
Host and clinical,host,homo sapiens ger_cd_s87,4,0.02
Host and clinical,host,homo sapiens ger_cd_s14,4,0.02
Host and clinical,host,bombus terrestris,4,0.02
Host and clinical,host,abies balsamea,4,0.02
Host and clinical,host,cd patient,4,0.02
Host and clinical,host,small intestine,4,0.02
Host and clinical,host,adult goat,4,0.02
Host and clinical,host,large intestine,4,0.02
Host and clinical,host,c57/bl6 mouse,4,0.02
Host and clinical,host,sprague-dawley rats,4,0.02
Host and clinical,host,lettuce,4,0.02
Host and clinical,host,weaning pig,4,0.02
Host and clinical,host,marine sediment,4,0.02
Host and clinical,host,apis mellifera mellifera,4,0.02
Host and clinical,host,sorghum bicolor,4,0.02
Host and clinical,host,anguilla anguilla,4,0.02
Host and clinical,host,soli,4,0.02
Host and clinical,host,laboratory,4,0.02
Host and clinical,host,gigantidas platifrons,4,0.02
Host and clinical,host,glycine soja,4,0.02
Host and clinical,host,beagle,4,0.02
Host and clinical,host,dba/1 mice,4,0.02
Host and clinical,host,marine environment,4,0.02
Host and clinical,host,fish,4,0.02
Host and clinical,host,portunus trituberculatus,4,0.02
Host and clinical,host,brine,4,0.02
Host and clinical,host,whey,4,0.02
Host and clinical,host,microbiomes,4,0.02
Host and clinical,host,dust,4,0.02
Host and clinical,host,environmental soil,4,0.02
Host and clinical,host,tropical forest soil,4,0.02
Host and clinical,host,environmental sample,4,0.02
Host and clinical,host,zea mays l.,4,0.02
Host and clinical,host,pine,4,0.02
Host and clinical,host,chinese pregnant women,4,0.02
Host and clinical,host,grape,4,0.02
Host and clinical,host,alviniconcha strummeri,4,0.02
Host and clinical,host,'not applicable',4,0.02
Host and clinical,host,bacterial metagenomes,4,0.02
Host and clinical,host,eggplant,4,0.02
Host and clinical,host,gymnogyps californianus,4,0.02
Host and clinical,host,moose,4,0.02
Host and clinical,host,ovis aries (pure grazing),4,0.02
Host and clinical,host,holstein x jersey cow,4,0.02
Host and clinical,host,drymarchon couperi,4,0.02
Host and clinical,host,coprinopsis cinerea,4,0.02
Host and clinical,host,bombus,4,0.02
Host and clinical,host,miscanthus,4,0.02
Host and clinical,host,tomato fruit,4,0.02
Host and clinical,host,patient 007,4,0.02
Host and clinical,host,healthy parturient,4,0.02
Host and clinical,host,military dog,4,0.02
Host and clinical,host,vaccinium angustifolium,4,0.02
Host and clinical,host,mikania micrantha,4,0.02
Host and clinical,host,animal,4,0.02
Host and clinical,host,physeter macrocephalus,3,0.01
Host and clinical,host,chinchilla lanigera,3,0.01
Host and clinical,host,paguma larvata,3,0.01
Host and clinical,host,vulpes lagopus,3,0.01
Host and clinical,host,neogale vison,3,0.01
Host and clinical,host,polytrichum juniperinum,3,0.01
Host and clinical,host,polytrichum piliferum,3,0.01
Host and clinical,host,lissotriton helveticus,3,0.01
Host and clinical,host,psittacula echo,3,0.01
Host and clinical,host,podarcis gaigeae,3,0.01
Host and clinical,host,cervus elaphus,3,0.01
Host and clinical,host,papio anubis,3,0.01
Host and clinical,host,gorilla beringei beringei,3,0.01
Host and clinical,host,saccharum officinarum,3,0.01
Host and clinical,host,atta colombica,3,0.01
Host and clinical,host,pocillopora damicornis,3,0.01
Host and clinical,host,coscinoderma mathewsi,3,0.01
Host and clinical,host,phyllospongia foliascens,3,0.01
Host and clinical,host,enviromental control,3,0.01
Host and clinical,host,cyanobacteria,3,0.01
Host and clinical,host,castor canadensis,3,0.01
Host and clinical,host,bulk soil,3,0.01
Host and clinical,host,coral,3,0.01
Host and clinical,host,groundwater,3,0.01
Host and clinical,host,homo sapiens ger_snf_f291,3,0.01
Host and clinical,host,homo sapiens ger_snf_f395,3,0.01
Host and clinical,host,homo sapiens ger_snf_f380,3,0.01
Host and clinical,host,homo sapiens ger_cd_s33,3,0.01
Host and clinical,host,homo sapiens ger_cd_s78,3,0.01
Host and clinical,host,homo sapiens ger_cd_s73,3,0.01
Host and clinical,host,acer rubrum,3,0.01
Host and clinical,host,acer saccharum,3,0.01
Host and clinical,host,acer pensylvanicum,3,0.01
Host and clinical,host,fagus grandifolia,3,0.01
Host and clinical,host,newborn goat,3,0.01
Host and clinical,host,yunnan goat,3,0.01
Host and clinical,host,unclassified sequences; metagenomes; organismal metagenomes; human oral metagenome,3,0.01
Host and clinical,host,hipposideros armiger,3,0.01
Host and clinical,host,rhinopithecus bieti,3,0.01
Host and clinical,host,singapore straits,3,0.01
Host and clinical,host,goniastrea edwardsi,3,0.01
Host and clinical,host,bee,3,0.01
Host and clinical,host,morchella sextelata,3,0.01
Host and clinical,host,aedes albopictus,3,0.01
Host and clinical,host,apis florea,3,0.01
Host and clinical,host,camellia sinensis,3,0.01
Host and clinical,host,culex pipiens molestus,3,0.01
Host and clinical,host,elephas maximus,3,0.01
Host and clinical,host,mushroom surface,3,0.01
Host and clinical,host,water metagenome,3,0.01
Host and clinical,host,acrossocheilus fasciatus,3,0.01
Host and clinical,host,hermetia illucens,3,0.01
Host and clinical,host,gonidea angulata,3,0.01
Host and clinical,host,"air, laboratory",3,0.01
Host and clinical,host,milk,3,0.01
Host and clinical,host,ictalurus punctatus,3,0.01
Host and clinical,host,steatonyssus sp.,3,0.01
Host and clinical,host,periglischrus iheringi,3,0.01
Host and clinical,host,plants; mammalians,3,0.01
Host and clinical,host,wwtp,3,0.01
Host and clinical,host,casuarina equisetifolia,3,0.01
Host and clinical,host,kyphosus sydneyanus,3,0.01
Host and clinical,host,yellow hair chicken,3,0.01
Host and clinical,host,partridge chicken,3,0.01
Host and clinical,host,esox lucius,3,0.01
Host and clinical,host,surface soil,3,0.01
Host and clinical,host,listrus sp. 07,3,0.01
Host and clinical,host,red deer,3,0.01
Host and clinical,host,microorganism,3,0.01
Host and clinical,host,delisea pulchra,3,0.01
Host and clinical,host,simuliidae,3,0.01
Host and clinical,host,panax ginseng,3,0.01
Host and clinical,host,negative control,3,0.01
Host and clinical,host,lathyrus oleraceus,3,0.01
Host and clinical,host,larimichthys crocea,3,0.01
Host and clinical,host,periplaneta americana,3,0.01
Host and clinical,host,not appplicable,3,0.01
Host and clinical,host,bostaurus,3,0.01
Host and clinical,host,lycodon rufozonatus,3,0.01
Host and clinical,host,donkey,3,0.01
Host and clinical,host,secale cereale,3,0.01
Host and clinical,host,nipponia nippon,3,0.01
Host and clinical,host,apis dorsata,3,0.01
Host and clinical,host,spermophilus dauricus,3,0.01
Host and clinical,host,tick,3,0.01
Host and clinical,host,medicago truncatula,3,0.01
Host and clinical,host,triticum aestivum l.,3,0.01
Host and clinical,host,eurytemora affinis,3,0.01
Host and clinical,host,junggar bactrian camel,3,0.01
Host and clinical,host,hy-ling brown laying hens,3,0.01
Host and clinical,host,tomato,3,0.01
Host and clinical,host,calf,3,0.01
Host and clinical,host,anser indicus,3,0.01
Host and clinical,host,single-cell amplified by mda; soil,3,0.01
Host and clinical,host,cropland,3,0.01
Host and clinical,host,lactuca,3,0.01
Host and clinical,host,cathaica fasciola,3,0.01
Host and clinical,host,gazella subgutturosa,3,0.01
Host and clinical,host,marine phytoplankton,3,0.01
Host and clinical,host,oreochromis niloticus,3,0.01
Host and clinical,host,vespertilio sinensis,3,0.01
Host and clinical,host,calves,3,0.01
Host and clinical,host,piglets,3,0.01
Host and clinical,host,pelophylax nigromaculatus,3,0.01
Host and clinical,host,palythoa variabilis,3,0.01
Host and clinical,host,homo sapiens (infant),3,0.01
Host and clinical,host,eidolon helvum,3,0.01
Host and clinical,host,musca domestica,3,0.01
Host and clinical,host,c57bl/6ntac,3,0.01
Host and clinical,host,black bengal goat (capra hircus),3,0.01
Host and clinical,host,vulture,3,0.01
Host and clinical,host,anaerobic digestor,3,0.01
Host and clinical,host,soil bacteria,3,0.01
Host and clinical,host,ixodes persulcatus,2,0.01
Host and clinical,host,plautia stali,2,0.01
Host and clinical,host,macaca fuscata,2,0.01
Host and clinical,host,cervus albirostris,2,0.01
Host and clinical,host,hydrochoerus hydrochaeris,2,0.01
Host and clinical,host,nyctereutes procyonoides,2,0.01
Host and clinical,host,pycnoscelus surinamensis,2,0.01
Host and clinical,host,lasiorhinus latifrons,2,0.01
Host and clinical,host,metagenomes,2,0.01
Host and clinical,host,lepus europaeus,2,0.01
Host and clinical,host,podarcis pityusensis,2,0.01
Host and clinical,host,variovorax,2,0.01
Host and clinical,host,meles meles,2,0.01
Host and clinical,host,syncerus caffer,2,0.01
Host and clinical,host,kentrophoros sp. h,2,0.01
Host and clinical,host,mussel,2,0.01
Host and clinical,host,gorilla beringei graueri,2,0.01
Host and clinical,host,rangifer tarandus,2,0.01
Host and clinical,host,c57bl/6,2,0.01
Host and clinical,host,tetragonisca angustula,2,0.01
Host and clinical,host,casuarius casuarius,2,0.01
Host and clinical,host,bankia setacea,2,0.01
Host and clinical,host,achilles tang,2,0.01
Host and clinical,host,mungos mungo,2,0.01
Host and clinical,host,sourdough,2,0.01
Host and clinical,host,wheat,2,0.01
Host and clinical,host,brassica rapa var. parachinensis,2,0.01
Host and clinical,host,cordyline fruticosa,2,0.01
Host and clinical,host,rhapis excelsa,2,0.01
Host and clinical,host,peanut,2,0.01
Host and clinical,host,uasb reactor,2,0.01
Host and clinical,host,strix varia,2,0.01
Host and clinical,host,lamellibrachia barhami,2,0.01
Host and clinical,host,bos_taurus,2,0.01
Host and clinical,host,panthera uncia,2,0.01
Host and clinical,host,olea europaea,2,0.01
Host and clinical,host,populus deltoides,2,0.01
Host and clinical,host,lupulella mesomelas,2,0.01
Host and clinical,host,dreissena polymorpha,2,0.01
Host and clinical,host,roe deer,2,0.01
Host and clinical,host,non applicable,2,0.01
Host and clinical,host,crossbred piglets (landrace x yorkshire x duroc),2,0.01
Host and clinical,host,mussismilia hispida,2,0.01
Host and clinical,host,laboratory reactor,2,0.01
Host and clinical,host,homo sapiens ger_snf_f354,2,0.01
Host and clinical,host,homo sapiens ger_snf_f190,2,0.01
Host and clinical,host,homo sapiens ger_snf_f120,2,0.01
Host and clinical,host,homo sapiens ger_cd_s81,2,0.01
Host and clinical,host,homo sapiens ger_cd_s31,2,0.01
Host and clinical,host,homo sapiens ger_cd_s25,2,0.01
Host and clinical,host,homo sapiens ger_cd_s40,2,0.01
Host and clinical,host,homo sapiens ger_snf_f344,2,0.01
Host and clinical,host,culicidae,2,0.01
Host and clinical,host,citrullus lanatus,2,0.01
Host and clinical,host,alces?alces,2,0.01
Host and clinical,host,bos grunniens,2,0.01
Host and clinical,host,lucina aurantia,2,0.01
Host and clinical,host,guangxi goat,2,0.01
Host and clinical,host,otaria flavescens,2,0.01
Host and clinical,host,switchgrass,2,0.01
Host and clinical,host,rhodnius prolixus,2,0.01
Host and clinical,host,oryzias latipes,2,0.01
Host and clinical,host,arachis hypogaea,2,0.01
Host and clinical,host,halophytic species soil,2,0.01
Host and clinical,host,residential,2,0.01
Host and clinical,host,industrial,2,0.01
Host and clinical,host,tympanuchus phasianellus,2,0.01
Host and clinical,host,rattus rattus,2,0.01
Host and clinical,host,agelas,2,0.01
Host and clinical,host,infertile women,2,0.01
Host and clinical,host,bactrocera oleae,2,0.01
Host and clinical,host,carollia perspicillata,2,0.01
Host and clinical,host,lithobates pipiens,2,0.01
Host and clinical,host,anaxyrus americanus,2,0.01
Host and clinical,host,apis cerana cerana,2,0.01
Host and clinical,host,daphnia magna,2,0.01
Host and clinical,host,galegeeska rufescens,2,0.01
Host and clinical,host,manure,2,0.01
Host and clinical,host,coturnix,2,0.01
Host and clinical,host,rhincodon typus,2,0.01
Host and clinical,host,ortmanniana ligamentina,2,0.01
Host and clinical,host,wildlife,2,0.01
Host and clinical,host,forage,2,0.01
Host and clinical,host,m.musculus,2,0.01
Host and clinical,host,chicken gut metagenome,2,0.01
Host and clinical,host,pinus,2,0.01
Host and clinical,host,monochamus alternatus,2,0.01
Host and clinical,host,herbivorous mammals,2,0.01
Host and clinical,host,rhinolophus pusillus,2,0.01
Host and clinical,host,rhinolophus sp.,2,0.01
Host and clinical,host,culex torrentium,2,0.01
Host and clinical,host,simmental cattle,2,0.01
Host and clinical,host,ctenopharyngodon idella,2,0.01
Host and clinical,host,orycteropus afer,2,0.01
Host and clinical,host,salt marsh,2,0.01
Host and clinical,host,setophaga striata,2,0.01
Host and clinical,host,porifera,2,0.01
Host and clinical,host,chelonia mydas,2,0.01
Host and clinical,host,harmonia axyridis,2,0.01
Host and clinical,host,"air, food processing environment",2,0.01
Host and clinical,host,galaxea fascicularis,2,0.01
Host and clinical,host,trachypithecus francoisi,2,0.01
Host and clinical,host,wenchang chicken,2,0.01
Host and clinical,host,honey bee,2,0.01
Host and clinical,host,megistopoda aranea,2,0.01
Host and clinical,host,trichobius dugesii complex,2,0.01
Host and clinical,host,acropora kenti,2,0.01
Host and clinical,host,the nature,2,0.01
Host and clinical,host,ovirs aries,2,0.01
Host and clinical,host,fritillaria cirrhosa,2,0.01
Host and clinical,host,unclassified,2,0.01
Host and clinical,host,blidingia minima,2,0.01
Host and clinical,host,pigmanure,2,0.01
Host and clinical,host,cynanchum auriculatum royle ex wight,2,0.01
Host and clinical,host,ctena imbricatula,2,0.01
Host and clinical,host,phacoides pectinatus,2,0.01
Host and clinical,host,ecm plants,2,0.01
Host and clinical,host,acipenser fulvescens,2,0.01
Host and clinical,host,sander vitreus,2,0.01
Host and clinical,host,salmo trutta,2,0.01
Host and clinical,host,jiuqu,2,0.01
Host and clinical,host,listrus sp. 01,2,0.01
Host and clinical,host,karenia brevis,2,0.01
Host and clinical,host,sewage,2,0.01
Host and clinical,host,tomaoto,2,0.01
Host and clinical,host,rhipicephalus praetextatus,2,0.01
Host and clinical,host,homalium hainanense gagnep.,2,0.01
Host and clinical,host,callinectes sapidus,2,0.01
Host and clinical,host,rousettus aegyptiacus,2,0.01
Host and clinical,host,rhinolophus ferrumequinum,2,0.01
Host and clinical,host,cunninghamia lanceolata,2,0.01
Host and clinical,host,mesocricetus auratus,2,0.01
Host and clinical,host,acacia confusa,2,0.01
Host and clinical,host,freshwater,2,0.01
Host and clinical,host,lampsilis pectorosa,2,0.01
Host and clinical,host,rain forest,2,0.01
Host and clinical,host,rhodotorula mucilaginosa jgta-s1,2,0.01
Host and clinical,host,catharanthus roseus,2,0.01
Host and clinical,host,perca flavescens,2,0.01
Host and clinical,host,birgus latro,2,0.01
Host and clinical,host,c57b6,2,0.01
Host and clinical,host,allium ampeloprasum,2,0.01
Host and clinical,host,camphor tree,2,0.01
Host and clinical,host,metasequoia glyptostroboides,2,0.01
Host and clinical,host,orbicella franksi,2,0.01
Host and clinical,host,orthezia urticae,2,0.01
Host and clinical,host,andropogon gerardi,2,0.01
Host and clinical,host,shelduck,2,0.01
Host and clinical,host,beverage,2,0.01
Host and clinical,host,river biofilm,2,0.01
Host and clinical,host,drain,2,0.01
Host and clinical,host,shangli park (sl),2,0.01
Host and clinical,host,chelonoidis porteri,2,0.01
Host and clinical,host,ecological metagenomes,2,0.01
Host and clinical,host,microorganisms,2,0.01
Host and clinical,host,ochleratus nigripes,2,0.01
Host and clinical,host,cygnus cygnus,2,0.01
Host and clinical,host,heterocephalus glaber,2,0.01
Host and clinical,host,anser sp.,2,0.01
Host and clinical,host,alexandromys fortis,2,0.01
Host and clinical,host,lab,2,0.01
Host and clinical,host,pantholops hodgsonii,2,0.01
Host and clinical,host,pseudotsuga,2,0.01
Host and clinical,host,raphanus sativus,2,0.01
Host and clinical,host,mergus squamatus,2,0.01
Host and clinical,host,papio kindae,2,0.01
Host and clinical,host,holstein cow,2,0.01
Host and clinical,host,aechmea nudicaulis,2,0.01
Host and clinical,host,tree,2,0.01
Host and clinical,host,tagetes patula,2,0.01
Host and clinical,host,cenchrus americanus,2,0.01
Host and clinical,host,agar plate culture,2,0.01
Host and clinical,host,anaerobic digestate,2,0.01
Host and clinical,host,earthworm,2,0.01
Host and clinical,host,snail,2,0.01
Host and clinical,host,stem,2,0.01
Host and clinical,host,a549 cell,2,0.01
Host and clinical,host,biofilter biomedia biofilm,2,0.01
Host and clinical,host,corylus avellana,2,0.01
Host and clinical,host,saccharum,2,0.01
Host and clinical,host,panicum hallii var. hallii,2,0.01
Host and clinical,host,kitchen waste composting,2,0.01
Host and clinical,host,camellia sinensis var. assamica,2,0.01
Host and clinical,host,tadorna ferruginea,2,0.01
Host and clinical,host,agriculutral soil,2,0.01
Host and clinical,host,toxispathius auriventris,2,0.01
Host and clinical,host,spinach,2,0.01
Host and clinical,host,rhipicephalus pravus,2,0.01
Host and clinical,host,hippodamia convergens,2,0.01
Host and clinical,host,xestospongia testudinaria,2,0.01
Host and clinical,host,soil_type,2,0.01
Host and clinical,host,cashmere goat,2,0.01
Host and clinical,host,apis mellifera carnica,2,0.01
Host and clinical,host,macaca sp.,2,0.01
Host and clinical,host,cervus canadensis nannodes,2,0.01
Host and clinical,host,bathymodiolus brooksi,2,0.01
Host and clinical,host,aplysina aerophoba,2,0.01
Host and clinical,host,herder,2,0.01
Host and clinical,host,citrus sinensis,2,0.01
Host and clinical,host,bengal tiger,2,0.01
Host and clinical,host,homo sapiens (individual p3),2,0.01
Host and clinical,host,homo sapiens (individual p0),2,0.01
Host and clinical,host,termes hospes,2,0.01
Host and clinical,host,mycale sp. am,1,0.0
Host and clinical,host,anas platyrhynchos,1,0.0
Host and clinical,host,naemorhedus goral,1,0.0
Host and clinical,host,tomb metagenome,1,0.0
Host and clinical,host,penaeus latisulcatus,1,0.0
Host and clinical,host,pandalus borealis,1,0.0
Host and clinical,host,atelerix albiventris,1,0.0
Host and clinical,host,osphranter rufus,1,0.0
Host and clinical,host,aonyx cinereus,1,0.0
Host and clinical,host,lynx lynx,1,0.0
Host and clinical,host,leptailurus serval,1,0.0
Host and clinical,host,procyon lotor,1,0.0
Host and clinical,host,gymnolophus obscura,1,0.0
Host and clinical,host,capra sibirica,1,0.0
Host and clinical,host,ovis ammon polii,1,0.0
Host and clinical,host,dicranum undulatum,1,0.0
Host and clinical,host,papio cynocephalus and p. anubis,1,0.0
Host and clinical,host,capra,1,0.0
Host and clinical,host,4.37,1,0.0
Host and clinical,host,6.43,1,0.0
Host and clinical,host,0.19,1,0.0
Host and clinical,host,3.28,1,0.0
Host and clinical,host,74.99,1,0.0
Host and clinical,host,perisoreus infaustus,1,0.0
Host and clinical,host,podarcis milensis,1,0.0
Host and clinical,host,macropus giganteus,1,0.0
Host and clinical,host,cuniculus paca,1,0.0
Host and clinical,host,loxodonta africana,1,0.0
Host and clinical,host,orcinus orca,1,0.0
Host and clinical,host,capreolus capreolus,1,0.0
Host and clinical,host,rupicapra rupicapra,1,0.0
Host and clinical,host,marmota marmota,1,0.0
Host and clinical,host,piliocolobus foai,1,0.0
Host and clinical,host,ceratotherium simum,1,0.0
Host and clinical,host,buffalo rumen,1,0.0
Host and clinical,host,kentrophoros sp. dk,1,0.0
Host and clinical,host,magnolia grandiflora,1,0.0
Host and clinical,host,amblyomma americanum,1,0.0
Host and clinical,host,rimicaris exoculata,1,0.0
Host and clinical,host,eubalaena glacialis,1,0.0
Host and clinical,host,echinops telfairi,1,0.0
Host and clinical,host,padina crassa,1,0.0
Host and clinical,host,sargassum vestitum,1,0.0
Host and clinical,host,sargassum linearifolium,1,0.0
Host and clinical,host,embiotoca jacksoni,1,0.0
Host and clinical,host,giraffa camelopardalis reticulata,1,0.0
Host and clinical,host,rhacodactylus leachianus,1,0.0
Host and clinical,host,trichechus manatus latirostris,1,0.0
Host and clinical,host,lyrodus pedicellatus,1,0.0
Host and clinical,host,atta cephalotes,1,0.0
Host and clinical,host,chondrilla australiensis,1,0.0
Host and clinical,host,cliona orientalis,1,0.0
Host and clinical,host,ircinia ramose,1,0.0
Host and clinical,host,acryllium vulturinum,1,0.0
Host and clinical,host,cervidae,1,0.0
Host and clinical,host,tupaia glis,1,0.0
Host and clinical,host,chlorella vulgaris,1,0.0
Host and clinical,host,callogorgia,1,0.0
Host and clinical,host,leiopathes glaberrima,1,0.0
Host and clinical,host,.presbytis femoralis,1,0.0
Host and clinical,host,canis,1,0.0
Host and clinical,host,premature infant,1,0.0
Host and clinical,host,brassica oleracea var. alboglabra,1,0.0
Host and clinical,host,plankton,1,0.0
Host and clinical,host,halocynthia roretzi,1,0.0
Host and clinical,host,poplar,1,0.0
Host and clinical,host,struthio camelus,1,0.0
Host and clinical,host,human gut,1,0.0
Host and clinical,host,mandrillus leucophaeus,1,0.0
Host and clinical,host,leghorn chicken,1,0.0
Host and clinical,host,etheostoma caeruleum,1,0.0
Host and clinical,host,chironomus incertipenis,1,0.0
Host and clinical,host,bubo virginianus,1,0.0
Host and clinical,host,osedax mucofloris,1,0.0
Host and clinical,host,manis pentadactyla,1,0.0
Host and clinical,host,wema maize,1,0.0
Host and clinical,host,laboratory control,1,0.0
Host and clinical,host,cinachyrella sp.,1,0.0
Host and clinical,host,oculina patagonica,1,0.0
Host and clinical,host,didelphis aurita,1,0.0
Host and clinical,host,macaca_fuscata,1,0.0
Host and clinical,host,prokaryotic dna,1,0.0
Host and clinical,host,gut,1,0.0
Host and clinical,host,enrichment,1,0.0
Host and clinical,host,c57bl/6 jax mice,1,0.0
Host and clinical,host,gorilla14,1,0.0
Host and clinical,host,otocyon megalotis,1,0.0
Host and clinical,host,quercus ilex l.,1,0.0
Host and clinical,host,pig c6,1,0.0
Host and clinical,host,forest musk deer,1,0.0
Host and clinical,host,helianthus annuus,1,0.0
Host and clinical,host,plant soil,1,0.0
Host and clinical,host,balb/c,1,0.0
Host and clinical,host,a. gambiae,1,0.0
Host and clinical,host,not host associated,1,0.0
Host and clinical,host,nakdong-river,1,0.0
Host and clinical,host,geum-river,1,0.0
Host and clinical,host,han-river,1,0.0
Host and clinical,host,mice34,1,0.0
Host and clinical,host,water buffalo,1,0.0
Host and clinical,host,posidonia oceanica,1,0.0
Host and clinical,host,bt cotton,1,0.0
Host and clinical,host,guinea fowl,1,0.0
Host and clinical,host,pig pa4,1,0.0
Host and clinical,host,pig pi3,1,0.0
Host and clinical,host,rice straw,1,0.0
Host and clinical,host,z.maize,1,0.0
Host and clinical,host,environment positive control,1,0.0
Host and clinical,host,abies alba,1,0.0
Host and clinical,host,homo sapiens neanderthalensis,1,0.0
Host and clinical,host,microtus ochrogaster,1,0.0
Host and clinical,host,camelus bactrianus ferus,1,0.0
Host and clinical,host,pan troglodytes verus,1,0.0
Host and clinical,host,cheese rind,1,0.0
Host and clinical,host,umbilicaria phaea,1,0.0
Host and clinical,host,baltic sea water,1,0.0
Host and clinical,host,homo sapiens ger_snf_f332,1,0.0
Host and clinical,host,homo sapiens ger_snf_f396,1,0.0
Host and clinical,host,homo sapiens ger_snf_f145,1,0.0
Host and clinical,host,hypera postica,1,0.0
Host and clinical,host,homo sapiens ger_cd_s62,1,0.0
Host and clinical,host,homo sapiens ger_snf_f199,1,0.0
Host and clinical,host,homo sapiens ger_snf_f138,1,0.0
Host and clinical,host,homo sapiens ger_cd_s36,1,0.0
Host and clinical,host,homo sapiens ger_cd_s75,1,0.0
Host and clinical,host,homo sapiens ger_cd_s94,1,0.0
Host and clinical,host,homo sapiens ger_cd_s50,1,0.0
Host and clinical,host,homo sapiens ger_snf_f130,1,0.0
Host and clinical,host,homo sapiens ger_snf_f310,1,0.0
Host and clinical,host,homo sapiens ger_snf_f177,1,0.0
Host and clinical,host,homo sapiens ger_cd_s97,1,0.0
Host and clinical,host,homo sapiens ger_cd_s53,1,0.0
Host and clinical,host,homo sapiens ger_cd_s67,1,0.0
Host and clinical,host,homo sapiens ger_cd_s46,1,0.0
Host and clinical,host,aedes cinereus,1,0.0
Host and clinical,host,cyrtotrachelus buqueti,1,0.0
Host and clinical,host,c57bl/6 j male mice-a33,1,0.0
Host and clinical,host,mirounga leonina,1,0.0
Host and clinical,host,radish,1,0.0
Host and clinical,host,microtus obscurus,1,0.0
Host and clinical,host,alexandromys oeconomus,1,0.0
Host and clinical,host,pyropia haitanensis,1,0.0
Host and clinical,host,nicotiana benthamiana,1,0.0
Host and clinical,host,ostria virginiana,1,0.0
Host and clinical,host,hainan goat,1,0.0
Host and clinical,host,sichuan goat,1,0.0
Host and clinical,host,stipagrostis,1,0.0
Host and clinical,host,crepititermes verruculosus,1,0.0
Host and clinical,host,nasutitermes ephratae,1,0.0
Host and clinical,host,cryptotermes cavifrons,1,0.0
Host and clinical,host,glyptotermes sp.,1,0.0
Host and clinical,host,c57bl/6 mouse,1,0.0
Host and clinical,host,gardnerycteris crenulata,1,0.0
Host and clinical,host,hipposideros diadema,1,0.0
Host and clinical,host,healthy people3,1,0.0
Host and clinical,host,periodontitis patient with crohn's disease3,1,0.0
Host and clinical,host,haliclona fulva,1,0.0
Host and clinical,host,gloverina cf vestifex,1,0.0
Host and clinical,host,semelilucina semeliformis,1,0.0
Host and clinical,host,"['macaca mulatta', '21236']",1,0.0
Host and clinical,host,"['macaca mulatta', '27924']",1,0.0
Host and clinical,host,"['macaca mulatta', '4439']",1,0.0
Host and clinical,host,buxus,1,0.0
Host and clinical,host,scylla olivacea,1,0.0
Host and clinical,host,giant panda,1,0.0
Host and clinical,host,lizard,1,0.0
Host and clinical,host,jinhua pig,1,0.0
Host and clinical,host,green solanova,1,0.0
Host and clinical,host,biomphalaria glabrata,1,0.0
Host and clinical,host,clathria reinwardti,1,0.0
Host and clinical,host,culture,1,0.0
Host and clinical,host,ircinia felix,1,0.0
Host and clinical,host,ovi aries,1,0.0
Host and clinical,host,diaphorina citri,1,0.0
Host and clinical,host,taraxacum kok-saghyz,1,0.0
Host and clinical,host,brachypodium distachyon,1,0.0
Host and clinical,host,nereocystis luetkeana,1,0.0
Host and clinical,host,desert soil,1,0.0
Host and clinical,host,desert shrubland soil,1,0.0
Host and clinical,host,a. cerana gut,1,0.0
Host and clinical,host,tympanuchus cupido,1,0.0
Host and clinical,host,sheep124,1,0.0
Host and clinical,host,mauremys reevesii,1,0.0
Host and clinical,host,johor straits,1,0.0
Host and clinical,host,potato,1,0.0
Host and clinical,host,nomascus annamensis,1,0.0
Host and clinical,host,apis mellifera ligustica,1,0.0
Host and clinical,host,prunus pseudocerasus,1,0.0
Host and clinical,host,stenobrachius leucopsarus,1,0.0
Host and clinical,host,acanthamunnopsis milleri,1,0.0
Host and clinical,host,homo sapiens 2,1,0.0
Host and clinical,host,triakis semifasciata,1,0.0
Host and clinical,host,zophobas morio,1,0.0
Host and clinical,host,ianthella basta,1,0.0
Host and clinical,host,myotis californicus,1,0.0
Host and clinical,host,niphates,1,0.0
Host and clinical,host,alexandrium tamarense,1,0.0
Host and clinical,host,lichen-fungi,1,0.0
Host and clinical,host,sonneratia alba,1,0.0
Host and clinical,host,sphagnum balticum,1,0.0
Host and clinical,host,wema,1,0.0
Host and clinical,host,neotoma lepida,1,0.0
Host and clinical,host,neotoma stephensi,1,0.0
Host and clinical,host,neotoma macrotis,1,0.0
Host and clinical,host,gigantidas haimaensis,1,0.0
Host and clinical,host,moschus berezovskii,1,0.0
Host and clinical,host,protobothrops mangshanensis,1,0.0
Host and clinical,host,helianthus annuus l.,1,0.0
Host and clinical,host,infant,1,0.0
Host and clinical,host,equus ferus przewalskii,1,0.0
Host and clinical,host,kyphosus vaigiensis,1,0.0
Host and clinical,host,urobatis halleri,1,0.0
Host and clinical,host,wildchimp_a03_wc17_s17,1,0.0
Host and clinical,host,wildchimp_d03_wc20_s20,1,0.0
Host and clinical,host,anser anser,1,0.0
Host and clinical,host,nrwa-nasal-sow1-time2,1,0.0
Host and clinical,host,seagull,1,0.0
Host and clinical,host,beta vulgaris,1,0.0
Host and clinical,host,microchloropsis salina,1,0.0
Host and clinical,host,vulpes vulpes,1,0.0
Host and clinical,host,acomys percivali,1,0.0
Host and clinical,host,galapagos shark,1,0.0
Host and clinical,host,yak(bos grunniens),1,0.0
Host and clinical,host,shinisaurus crocodilurus,1,0.0
Host and clinical,host,zhedong white goose,1,0.0
Host and clinical,host,lithobates clamitans tadpole gut,1,0.0
Host and clinical,host,ixodes ricinus,1,0.0
Host and clinical,host,digested sludge,1,0.0
Host and clinical,host,suspended sludge,1,0.0
Host and clinical,host,delivery room,1,0.0
Host and clinical,host,giant pandas and other relevant species,1,0.0
Host and clinical,host,nannospalax galili,1,0.0
Host and clinical,host,branta canadensis,1,0.0
Host and clinical,host,ticks,1,0.0
Host and clinical,host,natural host,1,0.0
Host and clinical,host,probiotics,1,0.0
Host and clinical,host,tobacco-planted soil,1,0.0
Host and clinical,host,miss,1,0.0
Host and clinical,host,cygnus atratus,1,0.0
Host and clinical,host,hydropsychidae,1,0.0
Host and clinical,host,mutton sausage,1,0.0
Host and clinical,host,homo_sapiens45,1,0.0
Host and clinical,host,homo_sapiens34,1,0.0
Host and clinical,host,homo_sapiens206,1,0.0
Host and clinical,host,homo_sapiens195,1,0.0
Host and clinical,host,homo_sapiens190,1,0.0
Host and clinical,host,homo_sapiens68,1,0.0
Host and clinical,host,homo_sapiens66,1,0.0
Host and clinical,host,homo_sapiens63,1,0.0
Host and clinical,host,homo_sapiens129,1,0.0
Host and clinical,host,homo_sapiens128,1,0.0
Host and clinical,host,homo_sapiens95,1,0.0
Host and clinical,host,homo_sapiens78,1,0.0
Host and clinical,host,homo_sapiens123,1,0.0
Host and clinical,host,homo_sapiens110,1,0.0
Host and clinical,host,homo_sapiens103,1,0.0
Host and clinical,host,snake,1,0.0
Host and clinical,host,glycine max l.,1,0.0
Host and clinical,host,bull,1,0.0
Host and clinical,host,gallus_gallus,1,0.0
Host and clinical,host,spatoglossum,1,0.0
Host and clinical,host,allium cepa,1,0.0
Host and clinical,host,endophyte,1,0.0
Host and clinical,host,dictyota,1,0.0
Host and clinical,host,fermented sap,1,0.0
Host and clinical,host,melocanna baccifera,1,0.0
Host and clinical,host,rhinopithecus strykeri,1,0.0
Host and clinical,host,giraffa giraffa,1,0.0
Host and clinical,host,hipposideros pomona,1,0.0
Host and clinical,host,myotis cf.,1,0.0
Host and clinical,host,caryomys eva,1,0.0
Host and clinical,host,apodemus draco,1,0.0
Host and clinical,host,rousettus leschenaultii,1,0.0
Host and clinical,host,rhinolophus affinis,1,0.0
Host and clinical,host,nomascus leucogenys,1,0.0
Host and clinical,host,murina eleryi,1,0.0
Host and clinical,host,aselliscus stoliczkanus,1,0.0
Host and clinical,host,ochotona sp.,1,0.0
Host and clinical,host,archaea,1,0.0
Host and clinical,host,macaca mulatta littoralis,1,0.0
Host and clinical,host,tettigades limbata,1,0.0
Host and clinical,host,eunapius subterraneus,1,0.0
Host and clinical,host,xanthoria steineri,1,0.0
Host and clinical,host,calycadenia pauciflora; plantago erecta; hemizonia congesta; bromus hordeaceus ; elymus caput-medusae,1,0.0
Host and clinical,host,avena fatua; elymus caput-medusae ; festuca perennis,1,0.0
Host and clinical,host,agoseris heterophylla,1,0.0
Host and clinical,host,bromus hordeaceus; avena fatua; elymus caput-medusae ; festuca perennis,1,0.0
Host and clinical,host,lasthenia californica; agoseris heterophylla; clarkia purpurea; bromus hordeaceus; avena fatua ; elymus caput-medusae,1,0.0
Host and clinical,host,lasthenia californica; agoseris heterophylla; bromus hordeaceus; avena fatua ; festuca perennis,1,0.0
Host and clinical,host,aedes japonicus,1,0.0
Host and clinical,host,chicken lung,1,0.0
Host and clinical,host,chicken gut,1,0.0
Host and clinical,host,axinella corrugata,1,0.0
Host and clinical,host,antarctic rock,1,0.0
Host and clinical,host,simmental cattle and corn straw,1,0.0
Host and clinical,host,mushroom rhizosphere,1,0.0
Host and clinical,host,cetonia aurata,1,0.0
Host and clinical,host,rabbit,1,0.0
Host and clinical,host,tilapia,1,0.0
Host and clinical,host,proteles cristata,1,0.0
Host and clinical,host,biofilm,1,0.0
Host and clinical,host,apple,1,0.0
Host and clinical,host,human98,1,0.0
Host and clinical,host,human62,1,0.0
Host and clinical,host,human50,1,0.0
Host and clinical,host,human29,1,0.0
Host and clinical,host,human103,1,0.0
Host and clinical,host,plant asymptomatic 3 of guarianthe skinneri,1,0.0
Host and clinical,host,amaranthus blitum,1,0.0
Host and clinical,host,sabethes quasicyaneus,1,0.0
Host and clinical,host,metagenome06,1,0.0
Host and clinical,host,sludge metagenome: dca-100-0h-ont,1,0.0
Host and clinical,host,sludge metagenome: cap-120c-18h-ont,1,0.0
Host and clinical,host,sludge metagenome: dca-100-20h,1,0.0
Host and clinical,host,sludge metagenome: pnb-100-24h,1,0.0
Host and clinical,host,sludge metagenome: pnb-100-0h,1,0.0
Host and clinical,host,sludge metagenome: cap-120c-48h,1,0.0
Host and clinical,host,sludge metagenome: cap-120b-25r3,1,0.0
Host and clinical,host,sludge metagenome: cap-120b-7r2,1,0.0
Host and clinical,host,sludge metagenome: cap-120b-7r1,1,0.0
Host and clinical,host,sludge metagenome: cap-120a-0d,1,0.0
Host and clinical,host,hv050_c09_0513_bdme190634708-1a_htmc3dsxx_l3,1,0.0
Host and clinical,host,hv501_i01_0964_bdme190635150-1a_htlyjdsxx_l4_1.fq.gz,1,0.0
Host and clinical,host,hv407_g06_0870_bdme190635057-1a_hmhmgdsxx_l2_1.fq.gz,1,0.0
Host and clinical,host,hv369_c04_0832_bdme190635022-1a_hmgljdsxx_l2_1.fq.gz,1,0.0
Host and clinical,host,hv363_b07_0826_bdme190635016-1a_hmgljdsxx_l2_1.fq.gz,1,0.0
Host and clinical,host,hv357_b01_0820_bdme190635011-1a_hmgljdsxx_l3_1.fq.gz,1,0.0
Host and clinical,host,hv088_h02_0551_bdme190634746-1a_htmf7dsxx_l1,1,0.0
Host and clinical,host,hv479_f06_0942_bdme190635128-1a_hmjy2dsxx_l3_1.fq.gz,1,0.0
Host and clinical,host,hv473_e09_0936_bdme190635122-1a_hmjj3dsxx_l1_1.fq.gz,1,0.0
Host and clinical,host,hv470_e06_0933_bdme190635119-1a_htlnhdsxx_l1_1.fq.gz,1,0.0
Host and clinical,host,hv468_e04_0931_bdme190635117-1a_hmgljdsxx_l3_1.fq.gz,1,0.0
Host and clinical,host,hv330_h01_0793_bdme190634985-1a_hn2jldsxx_l2_1.fq.gz,1,0.0
Host and clinical,host,hv251_h03_0714_bdme190634909-1a_hmk73dsxx_l4,1,0.0
Host and clinical,host,hv443_b06_0906_bdme190635093-1a_hmhmgdsxx_l3_1.fq.gz,1,0.0
Host and clinical,host,hv439_b02_0902_bdme190635089-1a_hmhmgdsxx_l2_1.fq.gz,1,0.0
Host and clinical,host,hv319_f08_0782_bdme190634975-1a_hn2jldsxx_l2_1.fq.gz,1,0.0
Host and clinical,host,hv312_f01_0775_bdme190634968-1a_hn2jldsxx_l3_1.fq.gz,1,0.0
Host and clinical,host,hv235_f05_0698_bdme190634893-1a_htlnhdsxx_l1,1,0.0
Host and clinical,host,hv229_e08_0692_bdme190634887-1a_htmc3dsxx_l3,1,0.0
Host and clinical,host,hv228_e07_0691_bdme190634886-1a_htmc3dsxx_l3,1,0.0
Host and clinical,host,hv136_d05_0599_bdme190634794-1a_hmhnldsxx_l3,1,0.0
Host and clinical,host,hv127_c05_0590_bdme190634785-1a_hmhm7dsxx_l2,1,0.0
Host and clinical,host,hv521_b03_0984_bdme190635169-1a_htmc3dsxx_l3_1.fq.gz,1,0.0
Host and clinical,host,hv436_a08_0899_bdme190635086-1a_hmgljdsxx_l2_1.fq.gz,1,0.0
Host and clinical,host,hv043_c02_0506_bdme190634701-1a_hmjh7dsxx_l1,1,0.0
Host and clinical,host,hv419_h09_0882_bdme190635069-1a_htlnhdsxx_l1_1.fq.gz,1,0.0
Host and clinical,host,hv206_c03_0669_bdme190634864-1a_hmhnldsxx_l2,1,0.0
Host and clinical,host,hv020_i06_0483_bdme190634678-1a_hmjh7dsxx_l4,1,0.0
Host and clinical,host,hv166_g08_0629_bdme190634824-1a_htmc3dsxx_l3,1,0.0
Host and clinical,host,hv011_h06_0474_bdme190634669-1a_hmjh7dsxx_l1,1,0.0
Host and clinical,host,myotis indochinensis,1,0.0
Host and clinical,host,mine,1,0.0
Host and clinical,host,fritillaria unibracteata,1,0.0
Host and clinical,host,anas platyrhynchos domesticus,1,0.0
Host and clinical,host,molossus,1,0.0
Host and clinical,host,culex,1,0.0
Host and clinical,host,psychodidae,1,0.0
Host and clinical,host,haemagogus janthinomys,1,0.0
Host and clinical,host,tenebrio molitor,1,0.0
Host and clinical,host,numida meleagris,1,0.0
Host and clinical,host,na8,1,0.0
Host and clinical,host,na56,1,0.0
Host and clinical,host,na49,1,0.0
Host and clinical,host,na46,1,0.0
Host and clinical,host,na121,1,0.0
Host and clinical,host,eulemur macaco,1,0.0
Host and clinical,host,ixodes scapularis midgut,1,0.0
Host and clinical,host,choloepus hoffmanni,1,0.0
Host and clinical,host,sponge,1,0.0
Host and clinical,host,cheilosporium sp.,1,0.0
Host and clinical,host,brassica juncea,1,0.0
Host and clinical,host,betula pendula,1,0.0
Host and clinical,host,sheep manure,1,0.0
Host and clinical,host,diptera,1,0.0
Host and clinical,host,trachypithecus germaini,1,0.0
Host and clinical,host,trachypithecus poliocephalus,1,0.0
Host and clinical,host,anaerobic reactor effluent,1,0.0
Host and clinical,host,construct synthetic communities,1,0.0
Host and clinical,host,oak,1,0.0
Host and clinical,host,hornbeam,1,0.0
Host and clinical,host,mouse_98,1,0.0
Host and clinical,host,mouse_80,1,0.0
Host and clinical,host,mouse_70,1,0.0
Host and clinical,host,mouse_67,1,0.0
Host and clinical,host,mouse_57,1,0.0
Host and clinical,host,mouse_51,1,0.0
Host and clinical,host,mouse_405,1,0.0
Host and clinical,host,mouse_400,1,0.0
Host and clinical,host,mouse_136,1,0.0
Host and clinical,host,mouse_382,1,0.0
Host and clinical,host,mouse_373,1,0.0
Host and clinical,host,mouse_106,1,0.0
Host and clinical,host,mouse_163,1,0.0
Host and clinical,host,mouse_162,1,0.0
Host and clinical,host,mouse_171,1,0.0
Host and clinical,host,mouse_7,1,0.0
Host and clinical,host,jiuqu_d3,1,0.0
Host and clinical,host,jiuqu_f5,1,0.0
Host and clinical,host,artibeus lituratus,1,0.0
Host and clinical,host,neoeptesicus furinalis,1,0.0
Host and clinical,host,trichobius costalimai,1,0.0
Host and clinical,host,artibeus planirostris,1,0.0
Host and clinical,host,trichobius parasiticus complex,1,0.0
Host and clinical,host,periglischrus sp.,1,0.0
Host and clinical,host,tribulus terrestris,1,0.0
Host and clinical,host,anas platyrhynchos platyrhynchos,1,0.0
Host and clinical,host,buffaloes,1,0.0
Host and clinical,host,"cycad coralloid root (encephalartos kisambo from new york city, plant 1)",1,0.0
Host and clinical,host,"cycad coralloid root (dioon edule from veracruz, plant 1)",1,0.0
Host and clinical,host,"cycad coralloid root (dioon edule from san luis potosi, plant 4)",1,0.0
Host and clinical,host,rhinopithecus brelichi,1,0.0
Host and clinical,host,mouse_249,1,0.0
Host and clinical,host,mouse_247,1,0.0
Host and clinical,host,mouse_225,1,0.0
Host and clinical,host,mouse_223,1,0.0
Host and clinical,host,mouse_210,1,0.0
Host and clinical,host,mouse_208,1,0.0
Host and clinical,host,mouse_205,1,0.0
Host and clinical,host,mouse_203,1,0.0
Host and clinical,host,mouse_174,1,0.0
Host and clinical,host,mouse_275,1,0.0
Host and clinical,host,stipa,1,0.0
Host and clinical,host,micropterus dolomieu,1,0.0
Host and clinical,host,odocoileus virginianus,1,0.0
Host and clinical,host,magallana gigas,1,0.0
Host and clinical,host,alfalfa,1,0.0
Host and clinical,host,aaptos lobata,1,0.0
Host and clinical,host,paratetilla sp.,1,0.0
Host and clinical,host,ptilocaulis spiculifer,1,0.0
Host and clinical,host,thaumetopoea processionea,1,0.0
Host and clinical,host,marine environmental dna,1,0.0
Host and clinical,host,shipwreck,1,0.0
Host and clinical,host,c57bl/6j mice,1,0.0
Host and clinical,host,apodemus flavicollis,1,0.0
Host and clinical,host,ulva compressa,1,0.0
Host and clinical,host,ulva lacinulata,1,0.0
Host and clinical,host,ulva torta,1,0.0
Host and clinical,host,ulva fenestrata,1,0.0
Host and clinical,host,ulva intestinalis,1,0.0
Host and clinical,host,cattle-1,1,0.0
Host and clinical,host,clanis bilineata,1,0.0
Host and clinical,host,bombus rufocinctus,1,0.0
Host and clinical,host,ulva_prolifera,1,0.0
Host and clinical,host,sardinella fimbriata,1,0.0
Host and clinical,host,nematalosa japonica,1,0.0
Host and clinical,host,local goose,1,0.0
Host and clinical,host,johnius elongatus,1,0.0
Host and clinical,host,trigona fulviventris,1,0.0
Host and clinical,host,partamona musarum,1,0.0
Host and clinical,host,chroicocephalus ridibundus,1,0.0
Host and clinical,host,lepomis macrochirus,1,0.0
Host and clinical,host,caenorhabditis elegans,1,0.0
Host and clinical,host,crassotrea,1,0.0
Host and clinical,host,positive-control,1,0.0
Host and clinical,host,9-1r,1,0.0
Host and clinical,host,sargassum sp.,1,0.0
Host and clinical,host,sedum alfredii,1,0.0
Host and clinical,host,pteris vittata,1,0.0
Host and clinical,host,domestic cats,1,0.0
Host and clinical,host,microbes from sludge,1,0.0
Host and clinical,host,microcerotermes sp. mad g ja-2024a,1,0.0
Host and clinical,host,'dasytes' lineellus,1,0.0
Host and clinical,host,listrus sp. 09,1,0.0
Host and clinical,host,pactopus hornii,1,0.0
Host and clinical,host,dasytes virens,1,0.0
Host and clinical,host,listrus sp. 02,1,0.0
Host and clinical,host,macrotermes natalensis,1,0.0
Host and clinical,host,microbes from shrim paquaculture water,1,0.0
Host and clinical,host,polydrusus formosus,1,0.0
Host and clinical,host,phyllobius roboretanus,1,0.0
Host and clinical,host,phyllobius maculicornis,1,0.0
Host and clinical,host,martes,1,0.0
Host and clinical,host,rhinolophus euryale,1,0.0
Host and clinical,host,algae,1,0.0
Host and clinical,host,huamn,1,0.0
Host and clinical,host,homo sapiens h23,1,0.0
Host and clinical,host,homo sapiens t37,1,0.0
Host and clinical,host,homo sapiens t21,1,0.0
Host and clinical,host,homo sapiens h29,1,0.0
Host and clinical,host,pegophysema philippiana,1,0.0
Host and clinical,host,lucina grandinata,1,0.0
Host and clinical,host,loripinus fragilis,1,0.0
Host and clinical,host,ruppia sinensis,1,0.0
Host and clinical,host,agricultural soil,1,0.0
Host and clinical,host,posidonia australis,1,0.0
Host and clinical,host,strongylocentrotus intermedius,1,0.0
Host and clinical,host,aedes africanus,1,0.0
Host and clinical,host,dama dama,1,0.0
Host and clinical,host,id1046,1,0.0
Host and clinical,host,id1040,1,0.0
Host and clinical,host,id0699,1,0.0
Host and clinical,host,id0684,1,0.0
Host and clinical,host,id0611,1,0.0
Host and clinical,host,id0484,1,0.0
Host and clinical,host,id0982,1,0.0
Host and clinical,host,id0972,1,0.0
Host and clinical,host,id0965,1,0.0
Host and clinical,host,id0948,1,0.0
Host and clinical,host,id0938,1,0.0
Host and clinical,host,id0456,1,0.0
Host and clinical,host,id0928,1,0.0
Host and clinical,host,id0926,1,0.0
Host and clinical,host,id0890,1,0.0
Host and clinical,host,id0880,1,0.0
Host and clinical,host,id0870,1,0.0
Host and clinical,host,id0793,1,0.0
Host and clinical,host,id0782,1,0.0
Host and clinical,host,id0772,1,0.0
Host and clinical,host,id0767,1,0.0
Host and clinical,host,id0598,1,0.0
Host and clinical,host,id0535,1,0.0
Host and clinical,host,id0509,1,0.0
Host and clinical,host,id0407,1,0.0
Host and clinical,host,id0721,1,0.0
Host and clinical,host,id0851,1,0.0
Host and clinical,host,id0850,1,0.0
Host and clinical,host,id0447,1,0.0
Host and clinical,host,id0733,1,0.0
Host and clinical,host,id0664,1,0.0
Host and clinical,host,id0569,1,0.0
Host and clinical,host,id0419,1,0.0
Host and clinical,host,id0561,1,0.0
Host and clinical,host,id0541,1,0.0
Host and clinical,host,apodemus peninsulae,1,0.0
Host and clinical,host,atlantic salmon,1,0.0
Host and clinical,host,sugarcane,1,0.0
Host and clinical,host,thlaspi praecox,1,0.0
Host and clinical,host,salinity,1,0.0
Host and clinical,host,s_t_0v,1,0.0
Host and clinical,host,s_b_0v,1,0.0
Host and clinical,host,trioza erytreae,1,0.0
Host and clinical,host,brassica napus,1,0.0
Host and clinical,host,sceloporus grammicus,1,0.0
Host and clinical,host,trimeresurus stejnegeri,1,0.0
Host and clinical,host,bletilla striata,1,0.0
Host and clinical,host,drepanotermes gayi,1,0.0
Host and clinical,host,pelagic sargassum spp.,1,0.0
Host and clinical,host,initial inoculum-meso,1,0.0
Host and clinical,host,oreolalax rhodostigmatus,1,0.0
Host and clinical,host,cryptococcus neoformans,1,0.0
Host and clinical,host,tsitsikamma sp.,1,0.0
Host and clinical,host,culex quinquefasciatus,1,0.0
Host and clinical,host,onthophagus taurus,1,0.0
Host and clinical,host,prunus salicina,1,0.0
Host and clinical,host,asclepias curassavica,1,0.0
Host and clinical,host,asclepias syriaca,1,0.0
Host and clinical,host,asclepias tuberosa,1,0.0
Host and clinical,host,daphnia,1,0.0
Host and clinical,host,lophostemon suaveolens,1,0.0
Host and clinical,host,casuarina glauca,1,0.0
Host and clinical,host,agrimonia pilosa,1,0.0
Host and clinical,host,achillea acuminata,1,0.0
Host and clinical,host,medicago sativa subsp. falcata,1,0.0
Host and clinical,host,calamagrostis epigejos,1,0.0
Host and clinical,host,asparagus dauricus,1,0.0
Host and clinical,host,glycyrrhiza uralensis,1,0.0
Host and clinical,host,potentilla longifolia,1,0.0
Host and clinical,host,medicago ruthenica,1,0.0
Host and clinical,host,sonchus oleraceus,1,0.0
Host and clinical,host,leuzea uniflora,1,0.0
Host and clinical,host,aster hispidus,1,0.0
Host and clinical,host,thalictrum simplex,1,0.0
Host and clinical,host,chamaenerion angustifolium,1,0.0
Host and clinical,host,lactuca tatarica,1,0.0
Host and clinical,host,lespedeza juncea,1,0.0
Host and clinical,host,plateau brown frog,1,0.0
Host and clinical,host,air,1,0.0
Host and clinical,host,strigops habroptila,1,0.0
Host and clinical,host,sigesbeckia glabrescens,1,0.0
Host and clinical,host,ostreococcus sp. 'lucimarinus' rcc3401,1,0.0
Host and clinical,host,zostera marina,1,0.0
Host and clinical,host,myxomycete,1,0.0
Host and clinical,host,petrolisthes sp.,1,0.0
Host and clinical,host,c57blks/j-wt/wt,1,0.0
Host and clinical,host,larix gmelinii var. olgensis,1,0.0
Host and clinical,host,picea jezoensis var. komarovii,1,0.0
Host and clinical,host,planopleura kaempferi,1,0.0
Host and clinical,host,d10_t,1,0.0
Host and clinical,host,d70_th,1,0.0
Host and clinical,host,"""""""homo_sapiens""""""",1,0.0
Host and clinical,host,semnopithecus schistaceus,1,0.0
Host and clinical,host,homo sapiens 10,1,0.0
Host and clinical,host,homo sapiens 29,1,0.0
Host and clinical,host,homo sapiens d9,1,0.0
Host and clinical,host,homo sapiens h11,1,0.0
Host and clinical,host,homo sapiens h2,1,0.0
Host and clinical,host,homo sapiens d2,1,0.0
Host and clinical,host,amuyo's ponds,1,0.0
Host and clinical,host,apodemus agrarius,1,0.0
Host and clinical,host,oxymycterus amazonicus,1,0.0
Host and clinical,host,2018-08,1,0.0
Host and clinical,host,vitis vinifera cv. chardonnay,1,0.0
Host and clinical,host,myotis myotis,1,0.0
Host and clinical,host,miniopterus schreibersii,1,0.0
Host and clinical,host,cenote,1,0.0
Host and clinical,host,cobb broiler,1,0.0
Host and clinical,host,sphagnum sp.,1,0.0
Host and clinical,host,g5b16,1,0.0
Host and clinical,host,pinus massoniana,1,0.0
Host and clinical,host,acer palmatum thunb,1,0.0
Host and clinical,host,taxodium distichum var. imbricarium,1,0.0
Host and clinical,host,ctena galapagana,1,0.0
Host and clinical,host,aphis fabae,1,0.0
Host and clinical,host,bromeliaceae,1,0.0
Host and clinical,host,dracaena cambodiana,1,0.0
Host and clinical,host,bat,1,0.0
Host and clinical,host,microbes from shrimp aquaculture water,1,0.0
Host and clinical,host,escherichia coli dep,1,0.0
Host and clinical,host,qingjiang1pinus massoniana,1,0.0
Host and clinical,host,haliclona vansoesti,1,0.0
Host and clinical,host,anas,1,0.0
Host and clinical,host,oryza sativa indica,1,0.0
Host and clinical,host,xiangshan park (xs),1,0.0
Host and clinical,host,dalunshan park (dls),1,0.0
Host and clinical,host,grit-biochar substrate,1,0.0
Host and clinical,host,iron_a-ys_iron-ys_iron,1,0.0
Host and clinical,host,lateolabrax japonicus,1,0.0
Host and clinical,host,gzmbx182168-ad-dh-1d-1l-udb-68,1,0.0
Host and clinical,host,gzmbx182138-ad-dh-1d-1l-udb-148,1,0.0
Host and clinical,host,gzmbx164165-ad-dh-1d-1l-udb-140,1,0.0
Host and clinical,host,gzmbx178977-ad-dh-1d-1l-udb-26,1,0.0
Host and clinical,host,gzmbx163812-ad-dh-1d-1l-udb-159,1,0.0
Host and clinical,host,gzmbx219672-ad-dh-1d-1l-udb-42,1,0.0
Host and clinical,host,gzmbx214502-ad-dh-1d-1l-udb-124,1,0.0
Host and clinical,host,gzmbx166053-ad-dh-1d-1l-udb-126,1,0.0
Host and clinical,host,gzmbx213707-ad-dh-1d-1l-udb-153,1,0.0
Host and clinical,host,gzmbx201474-ad-dh-1d-1l-udb-40,1,0.0
Host and clinical,host,uncollect,1,0.0
Host and clinical,host,organic solid waste,1,0.0
Host and clinical,host,paramuricea biscaya,1,0.0
Host and clinical,host,schizopyge nukiangensis,1,0.0
Host and clinical,host,cleopatra sp.,1,0.0
Host and clinical,host,colpophyllia natans,1,0.0
Host and clinical,host,madracis auretenra,1,0.0
Host and clinical,host,musculus09,1,0.0
Host and clinical,host,musculus29,1,0.0
Host and clinical,host,musculus15,1,0.0
Host and clinical,host,sha1512-ad-dh-1d-1l-udb-152,1,0.0
Host and clinical,host,g13-3,1,0.0
Host and clinical,host,g7-2,1,0.0
Host and clinical,host,sediment environment,1,0.0
Host and clinical,host,activated sludge metagenome,1,0.0
Host and clinical,host,enviornment,1,0.0
Host and clinical,host,eotrichia longipennis,1,0.0
Host and clinical,host,prokaryotes,1,0.0
Host and clinical,host,spf mice balb/c,1,0.0
Host and clinical,host,spf mice c57,1,0.0
Host and clinical,host,g5b13,1,0.0
Host and clinical,host,g6a16,1,0.0
Host and clinical,host,pig25,1,0.0
Host and clinical,host,pig3,1,0.0
Host and clinical,host,anser fabalis,1,0.0
Host and clinical,host,fragaria chiloensis subsp. chiloensis,1,0.0
Host and clinical,host,iua rat for 15 days-3,1,0.0
Host and clinical,host,iua rat with yangmo decoction treatment for 5 days-3,1,0.0
Host and clinical,host,iua rat with estrogen treatment for 5 days-2,1,0.0
Host and clinical,host,iua rat for 10 days-1,1,0.0
Host and clinical,host,gf mouse,1,0.0
Host and clinical,host,horse41,1,0.0
Host and clinical,host,phaseolus vulgaris,1,0.0
Host and clinical,host,soil-6,1,0.0
Host and clinical,host,water62,1,0.0
Host and clinical,host,water47,1,0.0
Host and clinical,host,water35,1,0.0
Host and clinical,host,water13,1,0.0
Host and clinical,host,catfish12,1,0.0
Host and clinical,host,catfish7,1,0.0
Host and clinical,host,cotton,1,0.0
Host and clinical,host,3,1,0.0
Host and clinical,host,leucogeranus leucogeranus,1,0.0
Host and clinical,host,"laboratory of minerals processing, recycling and environmental protection",1,0.0
Host and clinical,host,insect,1,0.0
Host and clinical,host,stone,1,0.0
Host and clinical,host,rosewood,1,0.0
Host and clinical,host,tj22js058916-ad-1d-1l-udb-61,1,0.0
Host and clinical,host,tj22js058913-ad-1r-1l-udb-77,1,0.0
Host and clinical,host,tj22js058911-ad-1r-1l-udb-76,1,0.0
Host and clinical,host,max78836-1dl-udb-167,1,0.0
Host and clinical,host,tjmbx140342-ad-1d-1l-udb-94,1,0.0
Host and clinical,host,tjmax132368-ad-dh-1d-1l-udb-132,1,0.0
Host and clinical,host,tj22js058987-ad-1d-1l-udb-19,1,0.0
Host and clinical,host,tj22js05897901-ad-1r-1l-udb-12,1,0.0
Host and clinical,host,tj22js058926-ad-dh-1d-1l-udb-51,1,0.0
Host and clinical,host,tj22js058926-ad-1r-1l-udb-70,1,0.0
Host and clinical,host,tjmbx89600-ad-dh-1d-1l-udb-144,1,0.0
Host and clinical,host,tjmbx202361-ad-dh-1d-1l-udb-171,1,0.0
Host and clinical,host,tjmax171902-ad-1r-1l-udb-182,1,0.0
Host and clinical,host,tjmax170686-ad-1d-1l-udb-23,1,0.0
Host and clinical,host,tjmbx189988-ad-dh-1d-1l-udb-170,1,0.0
Host and clinical,host,tjmbx184028-ad-dh-1d-1l-udb-78,1,0.0
Host and clinical,host,tjmbx180772-ad-1r-1l-udb-146,1,0.0
Host and clinical,host,tj22js116838-ad-1r-1l-udb-149,1,0.0
Host and clinical,host,tjmbx169045-ad-dh-1d-1l-udb-29,1,0.0
Host and clinical,host,tjmbx163525-ad-1r-1l-udb-182,1,0.0
Host and clinical,host,tjmbx163309-1r-1l-udb-85,1,0.0
Host and clinical,host,tj22js108425-ad-1r-1l-udb-39,1,0.0
Host and clinical,host,tj22js108417-ad-dh-1d-1l-udb-120,1,0.0
Host and clinical,host,rattus tanezumi,1,0.0
Host and clinical,host,mus_musculus,1,0.0
Host and clinical,host,fish metagenome,1,0.0
Host and clinical,host,metaphire guillelmi,1,0.0
Host and clinical,host,ovis aries (full capativity),1,0.0
Host and clinical,host,jellyfish,1,0.0
Host and clinical,host,picea,1,0.0
Host and clinical,host,dendrilla antarctica,1,0.0
Host and clinical,host,'mus musculos c57bl/6',1,0.0
Host and clinical,host,44soil,1,0.0
Host and clinical,host,chiroptera,1,0.0
Host and clinical,host,panthera tigris altaica,1,0.0
Host and clinical,host,misssing,1,0.0
Host and clinical,host,dairy cow 4,1,0.0
Host and clinical,host,vegetation,1,0.0
Host and clinical,host,sediment microcosm experiment,1,0.0
Host and clinical,host,river sludge,1,0.0
Host and clinical,host,romerolagus diazi,1,0.0
Host and clinical,host,diaprepes abbreviatus,1,0.0
Host and clinical,host,maria mine drainage,1,0.0
Host and clinical,host,isopora palifera,1,0.0
Host and clinical,host,subsurface shale,1,0.0
Host and clinical,host,soy sauce moromi,1,0.0
Host and clinical,host,mangrove,1,0.0
Host and clinical,host,ixodes scapularis,1,0.0
Host and clinical,host,m. halterata,1,0.0
Host and clinical,host,manila clam,1,0.0
Host and clinical,host,holstein,1,0.0
Host and clinical,host,active sludge,1,0.0
Host and clinical,host,infundibulicybe hongyinpan,1,0.0
Host and clinical,host,deep-sea coral family schizopathidae,1,0.0
Host and clinical,host,acropora pruinosa,1,0.0
Host and clinical,host,dactylis glomerata,1,0.0
Host and clinical,host,acacia longifolia,1,0.0
Host and clinical,host,bryopsis sp.,1,0.0
Host and clinical,host,anacanthotermes turkestanicus,1,0.0
Host and clinical,host,soil metagenome of urban remnant forest patch 13,1,0.0
Host and clinical,host,soil metagenome of urban remnant forest patch 5,1,0.0
Host and clinical,host,soil metagenome of urban remnant forest patch 23,1,0.0
Host and clinical,host,soil metagenome of urban remnant forest patch 17,1,0.0
Host and clinical,host,plant metagenome,1,0.0
Host and clinical,host,equus kiang,1,0.0
Host and clinical,host,microbe,1,0.0
Host and clinical,host,palythoa caribaeorum,1,0.0
Host and clinical,host,chlorella,1,0.0
Host and clinical,host,galleria mellonella,1,0.0
Host and clinical,host,plant and soil,1,0.0
Host and clinical,host,food waste compost,1,0.0
Host and clinical,host,agricultural,1,0.0
Host and clinical,host,tea,1,0.0
Host and clinical,host,ovis canadensis,1,0.0
Host and clinical,host,diary manure,1,0.0
Host and clinical,host,pp,1,0.0
Host and clinical,host,pe,1,0.0
Host and clinical,host,quercus petraea,1,0.0
Host and clinical,host,c57bl/20 mice,1,0.0
Host and clinical,host,sea buckthorn,1,0.0
Host and clinical,host,bombina orientalis,1,0.0
Host and clinical,host,grus grus,1,0.0
Host and clinical,host,mareca penelope,1,0.0
Host and clinical,host,grassland soil,1,0.0
Host and clinical,host,pangolin,1,0.0
Host and clinical,host,saccharina japonica,1,0.0
Host and clinical,host,elaphodus cephalophus,1,0.0
Host and clinical,host,ailurus fulgens,1,0.0
Host and clinical,host,soil samples,1,0.0
Host and clinical,host,bugula neritina,1,0.0
Host and clinical,host,bulk soil replicate 3,1,0.0
Host and clinical,host,metagenome from vegetarian subject from parma 13,1,0.0
Host and clinical,host,metagenome from vegetarian subject from parma 16,1,0.0
Host and clinical,host,ulva australis,1,0.0
Host and clinical,host,homo sapiens (elderly),1,0.0
Host and clinical,host,bison bison,1,0.0
Host and clinical,host,inoculated_fermented_meat_time_40_first_replicate,1,0.0
Host and clinical,host,pleurozium schreberi,1,0.0
Host and clinical,host,carrot peel,1,0.0
Host and clinical,host,rhipicephalus pulchellus,1,0.0
Host and clinical,host,rubus saxatilis,1,0.0
Host and clinical,host,chrysoperla externa,1,0.0
Host and clinical,host,?chiroptera,1,0.0
Host and clinical,host,197,1,0.0
Host and clinical,host,195,1,0.0
Host and clinical,host,192,1,0.0
Host and clinical,host,189,1,0.0
Host and clinical,host,rhopaloeides odorabile,1,0.0
Host and clinical,host,wastewater_type,1,0.0
Host and clinical,host,asterionella formosa bg1,1,0.0
Host and clinical,host,mortierellaceae,1,0.0
Host and clinical,host,chrysomya megacephala,1,0.0
Host and clinical,host,haliotis diversicolor,1,0.0
Host and clinical,host,drosophila suzukii,1,0.0
Host and clinical,host,earth's crust,1,0.0
Host and clinical,host,hypomesus transpacificus,1,0.0
Host and clinical,host,galus galus,1,0.0
Host and clinical,host,fungi,1,0.0
Host and clinical,host,capra hircus (san clemente island goat),1,0.0
Host and clinical,host,lagopus muta,1,0.0
Host and clinical,host,pavona varians,1,0.0
Host and clinical,host,denitrifying reactor under ph of 9.0,1,0.0
Host and clinical,host,grassland,1,0.0
Host and clinical,host,botryococcus braunii,1,0.0
Host and clinical,host,pere david's deer,1,0.0
Host and clinical,host,red panda,1,0.0
Host and clinical,host,globitermes brachycerastes,1,0.0
Host and clinical,host,no applicable,1,0.0
Host and clinical,host,piaractus mesopotamicus,1,0.0
Host and clinical,host,gayal,1,0.0
Host and clinical,host,craniella australiensis,1,0.0
Host and clinical,host,mycale sp.,1,0.0
Host and clinical,host,hyrtios erectus,1,0.0
Host and clinical,host,western honey bee,1,0.0
Host and clinical,host,not,1,0.0
Host and clinical,host,patient 001,1,0.0
Host and clinical,host,patient 010,1,0.0
Host and clinical,host,cryptotermes domesticus,1,0.0
Host and clinical,host,cryptotermes secundus,1,0.0
Host and clinical,host,prorhinotermes simplex,1,0.0
Host and clinical,host,odontotaenius disjunctus,1,0.0
Host and clinical,host,chondrosia reniformis,1,0.0
Host and clinical,host,baikal plankton,1,0.0
Host and clinical,host,pig 60,1,0.0
Host and clinical,host,2d-sediment-180cm,1,0.0
Host and clinical,host,1fd-sediment-140cm,1,0.0
Host and clinical,host,medicago polymorpha,1,0.0
Host and clinical,host,ircinia ramosa,1,0.0
Host and clinical,host,homo sapiens (individual p1),1,0.0
Host and clinical,host,homo sapiens (individual p4),1,0.0
Host and clinical,host,homo sapiens (individual p2),1,0.0
Host and clinical,host,labiotermes labralis,1,0.0
Host and clinical,host,embiratermes neotenicus,1,0.0
Host and clinical,host,cornitermes sp.,1,0.0
Host and clinical,disease,healthy/none,315,15.5
Host and clinical,disease,crohn's disease,164,8.07
Host and clinical,disease,ulcerative colitis,94,4.63
Host and clinical,disease,nsclc,43,2.12
Host and clinical,disease,positive,36,1.77
Host and clinical,disease,etec h10407 challenge,29,1.43
Host and clinical,disease,kidney failure,28,1.38
Host and clinical,disease,v. cholera challenge,27,1.33
Host and clinical,disease,human gut microbiota,25,1.23
Host and clinical,disease,campylobacter:-;salmonella:-;clostridium:-,23,1.13
Host and clinical,disease,colorectal cancer,20,0.98
Host and clinical,disease,parkinson,16,0.79
Host and clinical,disease,allergies,16,0.79
Host and clinical,disease,irritable bowel syndrome,15,0.74
Host and clinical,disease,periodontitis,14,0.69
Host and clinical,disease,wounded:-,14,0.69
Host and clinical,disease,pneumonia,14,0.69
Host and clinical,disease,unaffected,14,0.69
Host and clinical,disease,cavernous angioma,13,0.64
Host and clinical,disease,pi,13,0.64
Host and clinical,disease,exudative cutaneous ulcer disease,12,0.59
Host and clinical,disease,fever of unknown origin (fuo),12,0.59
Host and clinical,disease,pouchitis,11,0.54
Host and clinical,disease,prosthetic joint infection,11,0.54
Host and clinical,disease,index 1: low cestode load,10,0.49
Host and clinical,disease,pdac,10,0.49
Host and clinical,disease,ibsd_nobam,10,0.49
Host and clinical,disease,severe chronic ulcerative colitis,10,0.49
Host and clinical,disease,peri-implantitis,9,0.44
Host and clinical,disease,campylobacter:+;salmonella:-;clostridium:-,9,0.44
Host and clinical,disease,aml,9,0.44
Host and clinical,disease,malignant neoplasm of breast,9,0.44
Host and clinical,disease,parkinson's disease,8,0.39
Host and clinical,disease,index 0: no cestode,8,0.39
Host and clinical,disease,hiv infection,8,0.39
Host and clinical,disease,pd,8,0.39
Host and clinical,disease,hiv,8,0.39
Host and clinical,disease,schizophrenia,8,0.39
Host and clinical,disease,cancer,8,0.39
Host and clinical,disease,food allergy,8,0.39
Host and clinical,disease,diarrhea,8,0.39
Host and clinical,disease,systemic lupus erythematosus,8,0.39
Host and clinical,disease,diseased,7,0.34
Host and clinical,disease,index 2: moderate cestode load,7,0.34
Host and clinical,disease,stable decompensated cirrhosis,7,0.34
Host and clinical,disease,campylobacter:ns;salmonella:ns;clostridium:ns,7,0.34
Host and clinical,disease,alcohol use disorder,7,0.34
Host and clinical,disease,inflammatory bowel disease,7,0.34
Host and clinical,disease,non_ibd,7,0.34
Host and clinical,disease,full-term delivery,7,0.34
Host and clinical,disease,c.difficile infection,7,0.34
Host and clinical,disease,infected,7,0.34
Host and clinical,disease,malignant neoplasm of prostate,7,0.34
Host and clinical,disease,rwroomtemp,6,0.3
Host and clinical,disease,asthma,6,0.3
Host and clinical,disease,obese,6,0.3
Host and clinical,disease,parkinson disease,6,0.3
Host and clinical,disease,lassa fever,6,0.3
Host and clinical,disease,ovine footrot,6,0.3
Host and clinical,disease,pre-term delivery,6,0.3
Host and clinical,disease,psoriasis,6,0.3
Host and clinical,disease,diabetes mellitus,6,0.3
Host and clinical,disease,lynch syndrome,6,0.3
Host and clinical,disease,malignant neoplasm of bronchus and lung,6,0.3
Host and clinical,disease,whim syndrome,6,0.3
Host and clinical,disease,patient with fibromylagia (fm group),6,0.3
Host and clinical,disease,non-parasitized,5,0.25
Host and clinical,disease,advanced dementia (alzheimer's),5,0.25
Host and clinical,disease,alcoholic hepatitis,5,0.25
Host and clinical,disease,konzo,5,0.25
Host and clinical,disease,intestinal polyp,5,0.25
Host and clinical,disease,saa,5,0.25
Host and clinical,disease,dental caries,5,0.25
Host and clinical,disease,unrelated control (control group),5,0.25
Host and clinical,disease,kawasaki disease,4,0.2
Host and clinical,disease,pre-aclf,4,0.2
Host and clinical,disease,fatty liver disease,4,0.2
Host and clinical,disease,rcc,4,0.2
Host and clinical,disease,rheumatic disease,4,0.2
Host and clinical,disease,ms,4,0.2
Host and clinical,disease,omni,4,0.2
Host and clinical,disease,t1d,4,0.2
Host and clinical,disease,mother_patient,4,0.2
Host and clinical,disease,mother_healthy control,4,0.2
Host and clinical,disease,recovered,4,0.2
Host and clinical,disease,bi,4,0.2
Host and clinical,disease,ps,4,0.2
Host and clinical,disease,timepoint: 0,4,0.2
Host and clinical,disease,home,4,0.2
Host and clinical,disease,multiple myeloma and malignant plasma cell neoplasms,4,0.2
Host and clinical,disease,d+7,4,0.2
Host and clinical,disease,type 1 diabetes,4,0.2
Host and clinical,disease,metals,3,0.15
Host and clinical,disease,colorectal carcinoma,3,0.15
Host and clinical,disease,diag_pda,3,0.15
Host and clinical,disease,bsh+ letrozole,3,0.15
Host and clinical,disease,doid:8577,3,0.15
Host and clinical,disease,doid:8778,3,0.15
Host and clinical,disease,control non-asthmatic patient,3,0.15
Host and clinical,disease,phlegmonous,3,0.15
Host and clinical,disease,tuberculous meningitis,3,0.15
Host and clinical,disease,vehicle,3,0.15
Host and clinical,disease,nb patient_therapy,3,0.15
Host and clinical,disease,recurrent acute,3,0.15
Host and clinical,disease,all,3,0.15
Host and clinical,disease,bv negative,3,0.15
Host and clinical,disease,salmonellosis,3,0.15
Host and clinical,disease,dlbcl,3,0.15
Host and clinical,disease,european,3,0.15
Host and clinical,disease,cmd affected,3,0.15
Host and clinical,disease,primary sclerosing cholangitis,3,0.15
Host and clinical,disease,cervical cancer,3,0.15
Host and clinical,disease,disease,3,0.15
Host and clinical,disease,gastrointestinal system disease|colitis,3,0.15
Host and clinical,disease,disease|periodontitis|hypertension|obesity,3,0.15
Host and clinical,disease,fever,3,0.15
Host and clinical,disease,c.difficile carrier,3,0.15
Host and clinical,disease,large adenoma,3,0.15
Host and clinical,disease,acute pancreatitis,3,0.15
Host and clinical,disease,health (no peri-implantitis),3,0.15
Host and clinical,disease,oral squamous cell carcinoma,3,0.15
Host and clinical,disease,non_infected,3,0.15
Host and clinical,disease,yes,3,0.15
Host and clinical,disease,laboratory,3,0.15
Host and clinical,disease,malignant neoplasm of liver and intrahepatic bile ducts,3,0.15
Host and clinical,disease,malignant neoplasm of pancreas,3,0.15
Host and clinical,disease,bl,3,0.15
Host and clinical,disease,indeterminate colitis,3,0.15
Host and clinical,disease,dental caries free,3,0.15
Host and clinical,disease,vegetarian; leans toward vegetarian,3,0.15
Host and clinical,disease,chronic enteritis,3,0.15
Host and clinical,disease,crc (stage iii/iv),2,0.1
Host and clinical,disease,iga glomerulonephritis,2,0.1
Host and clinical,disease,antibiotics_onedose,2,0.1
Host and clinical,disease,antibiotics_metals,2,0.1
Host and clinical,disease,wwroomtemp,2,0.1
Host and clinical,disease,chlorpromazinelowdose,2,0.1
Host and clinical,disease,apparently healthy,2,0.1
Host and clinical,disease,bsh- placebo,2,0.1
Host and clinical,disease,clindamycin,2,0.1
Host and clinical,disease,cp_clindamycin,2,0.1
Host and clinical,disease,aclf,2,0.1
Host and clinical,disease,unstable decompensated cirrhosis,2,0.1
Host and clinical,disease,pancreatic neoplasm,2,0.1
Host and clinical,disease,acute lymphoblastic leukemia,2,0.1
Host and clinical,disease,"mild, steroid-naive atopic asthmatic patient",2,0.1
Host and clinical,disease,labcontrol test,2,0.1
Host and clinical,disease,female_subject_of_2.0_years,2,0.1
Host and clinical,disease,female_subject_of_na_years,2,0.1
Host and clinical,disease,female_subject_of_30.0_years,2,0.1
Host and clinical,disease,female_subject_of_38.33333333_years,2,0.1
Host and clinical,disease,female_subject_of_39.0_years,2,0.1
Host and clinical,disease,female_subject_of_31.5_years,2,0.1
Host and clinical,disease,female_subject_of_36.16666667_years,2,0.1
Host and clinical,disease,female_subject_of_37.58333333_years,2,0.1
Host and clinical,disease,nc,2,0.1
Host and clinical,disease,group2_aud,2,0.1
Host and clinical,disease,pso,2,0.1
Host and clinical,disease,metabolic syndrome according to national cholesterol education program adult treatment panel iii (ncep atp iii) criteria,2,0.1
Host and clinical,disease,clostridium difficile infection,2,0.1
Host and clinical,disease,nb patient,2,0.1
Host and clinical,disease,mitral stn's,2,0.1
Host and clinical,disease,ovariectomy,2,0.1
Host and clinical,disease,acute respiratory illness,2,0.1
Host and clinical,disease,low_grade,2,0.1
Host and clinical,disease,covid-19,2,0.1
Host and clinical,disease,healthy mucosa,2,0.1
Host and clinical,disease,caries-active,2,0.1
Host and clinical,disease,ibd_peripheral spa,2,0.1
Host and clinical,disease,ctr,2,0.1
Host and clinical,disease,hcc,2,0.1
Host and clinical,disease,pre-eclampsia,2,0.1
Host and clinical,disease,lynch syndrom,2,0.1
Host and clinical,disease,atopic dermatitis,2,0.1
Host and clinical,disease,glucose_vehicle_1_metagenome,2,0.1
Host and clinical,disease,urinary tract infection,2,0.1
Host and clinical,disease,perio,2,0.1
Host and clinical,disease,gastrointestinal system disease,2,0.1
Host and clinical,disease,respiratory abnormality|gastrointestinal system disease|dentin caries|colitis,2,0.1
Host and clinical,disease,gastrointestinal system disease|dentin caries,2,0.1
Host and clinical,disease,disease|parkinson's disease|hypertension,2,0.1
Host and clinical,disease,gastrointestinal system disease|disease|hypertension|diabetes mellitus|obesity,2,0.1
Host and clinical,disease,disease|hypertension,2,0.1
Host and clinical,disease,disease|chronic obstructive pulmonary disease|lung cancer|hypertension,2,0.1
Host and clinical,disease,eye disease|central nervous system disease|disease|periodontitis|dry eye syndrome|hypertension,2,0.1
Host and clinical,disease,bipolar disorder,2,0.1
Host and clinical,disease,healthy controls,2,0.1
Host and clinical,disease,small adenoma,2,0.1
Host and clinical,disease,cd4,2,0.1
Host and clinical,disease,timepoint: 1,2,0.1
Host and clinical,disease,ibsd_bam,2,0.1
Host and clinical,disease,breast cancer,2,0.1
Host and clinical,disease,"malignant neoplasm of uterus, part unspecified",2,0.1
Host and clinical,disease,lymphoid leukemia,2,0.1
Host and clinical,disease,malignant neoplasm of rectum,2,0.1
Host and clinical,disease,malignant neoplasm of ovary,2,0.1
Host and clinical,disease,malignant neoplasm without specification of site,2,0.1
Host and clinical,disease,malignant neoplasm of cervix uteri,2,0.1
Host and clinical,disease,malignant neoplasm of colon,2,0.1
Host and clinical,disease,malignant neoplasm of base of tongue,2,0.1
Host and clinical,disease,d+30,2,0.1
Host and clinical,disease,antibiotic treat,2,0.1
Host and clinical,disease,phosphorus deficient,2,0.1
Host and clinical,disease,test,2,0.1
Host and clinical,disease,viral pneumonia,2,0.1
Host and clinical,disease,meningitis,2,0.1
Host and clinical,disease,no dss,2,0.1
Host and clinical,disease,omnivore; avoids some fruits,2,0.1
Host and clinical,disease,type 2 diabetes,2,0.1
Host and clinical,disease,cholecystitis,1,0.05
Host and clinical,disease,hepatic encephalopathy,1,0.05
Host and clinical,disease,patient with diarrhea (pathogen: vibrio cholerae o1),1,0.05
Host and clinical,disease,rw4degrees,1,0.05
Host and clinical,disease,ww4degrees,1,0.05
Host and clinical,disease,diclofenaclowdose,1,0.05
Host and clinical,disease,healthy [ncit:c115935],1,0.05
Host and clinical,disease,diag_papca,1,0.05
Host and clinical,disease,asthmatic,1,0.05
Host and clinical,disease,bsh+ placebo,1,0.05
Host and clinical,disease,bsh- vehicle,1,0.05
Host and clinical,disease,bsh- letrozole,1,0.05
Host and clinical,disease,bsh+ dht,1,0.05
Host and clinical,disease,bsh- dht,1,0.05
Host and clinical,disease,bsh+ vehicle,1,0.05
Host and clinical,disease,healthy pregnancy,1,0.05
Host and clinical,disease,parasitized,1,0.05
Host and clinical,disease,cp_phage,1,0.05
Host and clinical,disease,id: doid:8778 crohn's disease,1,0.05
Host and clinical,disease,diabetes mellitus with chemotherapy,1,0.05
Host and clinical,disease,normal with chemotherapy,1,0.05
Host and clinical,disease,"ulcerative colitis, allergies",1,0.05
Host and clinical,disease,"metabolic disease, allergies",1,0.05
Host and clinical,disease,"bipolar disorder, adhd",1,0.05
Host and clinical,disease,hypothyroidism,1,0.05
Host and clinical,disease,pregnancy hypothyroidism,1,0.05
Host and clinical,disease,stipe rot,1,0.05
Host and clinical,disease,"severe asthmatic, on high dose inhaled steroids or oral corticosteroids, patient",1,0.05
Host and clinical,disease,campylobacter: cb24.18;salmonella:;clostridium:,1,0.05
Host and clinical,disease,female_subject_of_37.0_years,1,0.05
Host and clinical,disease,male_subject_of_0.15890411_years,1,0.05
Host and clinical,disease,female_subject_of_0.038356164_years,1,0.05
Host and clinical,disease,female_subject_of_65.0_years,1,0.05
Host and clinical,disease,male_subject_of_21.0_years,1,0.05
Host and clinical,disease,female_subject_of_12.0_years,1,0.05
Host and clinical,disease,female_subject_of_42.0_years,1,0.05
Host and clinical,disease,female_subject_of_11.0_years,1,0.05
Host and clinical,disease,na_subject_of_na_years,1,0.05
Host and clinical,disease,male_subject_of_5.0_years,1,0.05
Host and clinical,disease,male_subject_of_0.0_years,1,0.05
Host and clinical,disease,male_subject_of_0.493150685_years,1,0.05
Host and clinical,disease,male_subject_of_11.66666667_years,1,0.05
Host and clinical,disease,female_subject_of_0.4166666670000001_years,1,0.05
Host and clinical,disease,female_subject_of_10.75_years,1,0.05
Host and clinical,disease,female_subject_of_9.083333332999999_years,1,0.05
Host and clinical,disease,female_subject_of_11.25_years,1,0.05
Host and clinical,disease,male_subject_of_6.166666667_years,1,0.05
Host and clinical,disease,male_subject_of_5.666666667_years,1,0.05
Host and clinical,disease,male_subject_of_1.333333333_years,1,0.05
Host and clinical,disease,female_subject_of_7.333333333_years,1,0.05
Host and clinical,disease,female_subject_of_11.5_years,1,0.05
Host and clinical,disease,female_subject_of_4.583333333_years,1,0.05
Host and clinical,disease,male_subject_of_4.583333333_years,1,0.05
Host and clinical,disease,female_subject_of_7.5_years,1,0.05
Host and clinical,disease,male_subject_of_8.0_years,1,0.05
Host and clinical,disease,male_subject_of_23.08333333_years,1,0.05
Host and clinical,disease,female_subject_of_31.0_years,1,0.05
Host and clinical,disease,female_subject_of_41.33333333_years,1,0.05
Host and clinical,disease,male_subject_of_62.33333333_years,1,0.05
Host and clinical,disease,female_subject_of_42.33333333_years,1,0.05
Host and clinical,disease,male_subject_of_32.58333333_years,1,0.05
Host and clinical,disease,female_subject_of_32.16666667_years,1,0.05
Host and clinical,disease,male_subject_of_42.58333333_years,1,0.05
Host and clinical,disease,female_subject_of_37.08333333_years,1,0.05
Host and clinical,disease,female_subject_of_50.25_years,1,0.05
Host and clinical,disease,male_subject_of_46.75_years,1,0.05
Host and clinical,disease,male_subject_of_41.66666667_years,1,0.05
Host and clinical,disease,female_subject_of_25.58333333_years,1,0.05
Host and clinical,disease,male_subject_of_38.33333333_years,1,0.05
Host and clinical,disease,female_subject_of_50.5_years,1,0.05
Host and clinical,disease,male_subject_of_44.0_years,1,0.05
Host and clinical,disease,male_subject_of_37.41666667_years,1,0.05
Host and clinical,disease,female_subject_of_43.16666667_years,1,0.05
Host and clinical,disease,male_subject_of_32.25_years,1,0.05
Host and clinical,disease,female_subject_of_5.916666667_years,1,0.05
Host and clinical,disease,male_subject_of_35.25_years,1,0.05
Host and clinical,disease,female_subject_of_41.41666667_years,1,0.05
Host and clinical,disease,female_subject_of_34.75_years,1,0.05
Host and clinical,disease,male_subject_of_31.91666667_years,1,0.05
Host and clinical,disease,male_subject_of_45.66666667_years,1,0.05
Host and clinical,disease,male_subject_of_34.33333333_years,1,0.05
Host and clinical,disease,female_subject_of_33.66666667_years,1,0.05
Host and clinical,disease,female_subject_of_33.0_years,1,0.05
Host and clinical,disease,female_subject_of_35.75_years,1,0.05
Host and clinical,disease,female_subject_of_40.08333333_years,1,0.05
Host and clinical,disease,perforated,1,0.05
Host and clinical,disease,catarrhal,1,0.05
Host and clinical,disease,female_subject_of_6.833333333_years,1,0.05
Host and clinical,disease,female_subject_of_9.25_years,1,0.05
Host and clinical,disease,female_subject_of_13.08333333_years,1,0.05
Host and clinical,disease,female_subject_of_6.083333333_years,1,0.05
Host and clinical,disease,female_subject_of_14.83333333_years,1,0.05
Host and clinical,disease,female_subject_of_10.0_years,1,0.05
Host and clinical,disease,male_subject_of_31.0_years,1,0.05
Host and clinical,disease,male_subject_of_28.33333333_years,1,0.05
Host and clinical,disease,male_subject_of_31.16666667_years,1,0.05
Host and clinical,disease,male_subject_of_40.5_years,1,0.05
Host and clinical,disease,male_subject_of_30.66666667_years,1,0.05
Host and clinical,disease,male_subject_of_48.5_years,1,0.05
Host and clinical,disease,male_subject_of_38.16666667_years,1,0.05
Host and clinical,disease,male_subject_of_39.66666667_years,1,0.05
Host and clinical,disease,male_subject_of_35.83333333_years,1,0.05
Host and clinical,disease,male_subject_of_37.16666667_years,1,0.05
Host and clinical,disease,male_subject_of_32.91666667_years,1,0.05
Host and clinical,disease,female_subject_of_40.25_years,1,0.05
Host and clinical,disease,female_subject_of_31.83333333_years,1,0.05
Host and clinical,disease,female_subject_of_35.41666667_years,1,0.05
Host and clinical,disease,male_subject_of_42.33333333_years,1,0.05
Host and clinical,disease,female_subject_of_36.25_years,1,0.05
Host and clinical,disease,female_subject_of_48.75_years,1,0.05
Host and clinical,disease,female_subject_of_27.25_years,1,0.05
Host and clinical,disease,female_subject_of_34.25_years,1,0.05
Host and clinical,disease,female_subject_of_30.25_years,1,0.05
Host and clinical,disease,female_subject_of_43.58333333_years,1,0.05
Host and clinical,disease,female_subject_of_31.91666667_years,1,0.05
Host and clinical,disease,female_subject_of_36.08333333_years,1,0.05
Host and clinical,disease,female_subject_of_40.41666667_years,1,0.05
Host and clinical,disease,female_subject_of_31.33333333_years,1,0.05
Host and clinical,disease,female_subject_of_36.33333333_years,1,0.05
Host and clinical,disease,female_subject_of_52.83333333_years,1,0.05
Host and clinical,disease,female_subject_of_29.33333333_years,1,0.05
Host and clinical,disease,female_subject_of_40.5_years,1,0.05
Host and clinical,disease,male_subject_of_9.75_years,1,0.05
Host and clinical,disease,female_subject_of_9.833333332999999_years,1,0.05
Host and clinical,disease,female_subject_of_14.75_years,1,0.05
Host and clinical,disease,male_subject_of_7.666666667_years,1,0.05
Host and clinical,disease,female_subject_of_7.083333333_years,1,0.05
Host and clinical,disease,female_subject_of_12.16666667_years,1,0.05
Host and clinical,disease,male_subject_of_13.25_years,1,0.05
Host and clinical,disease,male_subject_of_7.583333333_years,1,0.05
Host and clinical,disease,female_subject_of_4.916666667_years,1,0.05
Host and clinical,disease,female_subject_of_8.5_years,1,0.05
Host and clinical,disease,female_subject_of_10.58333333_years,1,0.05
Host and clinical,disease,female_subject_of_4.083333333_years,1,0.05
Host and clinical,disease,male_subject_of_7.5_years,1,0.05
Host and clinical,disease,male_subject_of_0.833333333_years,1,0.05
Host and clinical,disease,male_subject_of_1.416666667_years,1,0.05
Host and clinical,disease,male_subject_of_5.25_years,1,0.05
Host and clinical,disease,male_subject_of_47.66666667_years,1,0.05
Host and clinical,disease,female_subject_of_4.75_years,1,0.05
Host and clinical,disease,male_subject_of_5.5_years,1,0.05
Host and clinical,disease,male_subject_of_14.5_years,1,0.05
Host and clinical,disease,female_subject_of_37.91666667_years,1,0.05
Host and clinical,disease,female_subject_of_52.08333333_years,1,0.05
Host and clinical,disease,male_subject_of_8.083333332999999_years,1,0.05
Host and clinical,disease,female_subject_of_46.16666667_years,1,0.05
Host and clinical,disease,male_subject_of_49.41666667_years,1,0.05
Host and clinical,disease,ibd-u,1,0.05
Host and clinical,disease,demyelinating disease in cns,1,0.05
Host and clinical,disease,bacterial meningitis,1,0.05
Host and clinical,disease,viral encephalitis and/or meningitis,1,0.05
Host and clinical,disease,non-infectious diseases,1,0.05
Host and clinical,disease,tetracycline,1,0.05
Host and clinical,disease,input,1,0.05
Host and clinical,disease,pcos,1,0.05
Host and clinical,disease,"cholecystitis, gastritis, lung disease, heart disease",1,0.05
Host and clinical,disease,iiia,1,0.05
Host and clinical,disease,iib,1,0.05
Host and clinical,disease,surveillance swab,1,0.05
Host and clinical,disease,campylobacteriosis,1,0.05
Host and clinical,disease,mp4_tongue_dna,1,0.05
Host and clinical,disease,mp11_saliva_dna,1,0.05
Host and clinical,disease,k9_tongue_dna,1,0.05
Host and clinical,disease,k8_tongue_dna,1,0.05
Host and clinical,disease,k1_saliva_dna,1,0.05
Host and clinical,disease,spondylarthritis,1,0.05
Host and clinical,disease,"spondylarthritis, crohn's disease",1,0.05
Host and clinical,disease,"clostridium difficile infection, ulcerative colitis",1,0.05
Host and clinical,disease,hv,1,0.05
Host and clinical,disease,cervical rib,1,0.05
Host and clinical,disease,cad,1,0.05
Host and clinical,disease,coronary art,1,0.05
Host and clinical,disease,deg jt dis,1,0.05
Host and clinical,disease,aaa,1,0.05
Host and clinical,disease,stoma,1,0.05
Host and clinical,disease,patient no.017,1,0.05
Host and clinical,disease,control no.078,1,0.05
Host and clinical,disease,control no.055,1,0.05
Host and clinical,disease,control no.046,1,0.05
Host and clinical,disease,control no.033,1,0.05
Host and clinical,disease,control no.019,1,0.05
Host and clinical,disease,control no.017,1,0.05
Host and clinical,disease,patient no.073,1,0.05
Host and clinical,disease,patient no.044,1,0.05
Host and clinical,disease,patient no.030,1,0.05
Host and clinical,disease,patient no.029,1,0.05
Host and clinical,disease,control no.001,1,0.05
Host and clinical,disease,colorectal adenoma development,1,0.05
Host and clinical,disease,control/unexposed,1,0.05
Host and clinical,disease,exposed to trypanosoma cruzi,1,0.05
Host and clinical,disease,urinary tract infections,1,0.05
Host and clinical,disease,non-infected pancreatic necrosis,1,0.05
Host and clinical,disease,dkc,1,0.05
Host and clinical,disease,isopd1+cc,1,0.05
Host and clinical,disease,apd1+casta,1,0.05
Host and clinical,disease,85.15,1,0.05
Host and clinical,disease,82.64,1,0.05
Host and clinical,disease,88.06,1,0.05
Host and clinical,disease,81.72,1,0.05
Host and clinical,disease,70.15,1,0.05
Host and clinical,disease,germ donor,1,0.05
Host and clinical,disease,stroke,1,0.05
Host and clinical,disease,pt3n1a,1,0.05
Host and clinical,disease,pt3n1b,1,0.05
Host and clinical,disease,yellow fever,1,0.05
Host and clinical,disease,caries-free,1,0.05
Host and clinical,disease,melanoma_m1d,1,0.05
Host and clinical,disease,melanoma_m1b,1,0.05
Host and clinical,disease,melanoma_m0,1,0.05
Host and clinical,disease,cca,1,0.05
Host and clinical,disease,major depressive disorder,1,0.05
Host and clinical,disease,severe community-acquired pneumonia,1,0.05
Host and clinical,disease,malignant pleural effusion,1,0.05
Host and clinical,disease,pleural space infection,1,0.05
Host and clinical,disease,borrelia burgdorferi group negative,1,0.05
Host and clinical,disease,glucose_amoxicillin_1_metagenome,1,0.05
Host and clinical,disease,fiber_amoxicillin_5_metagenome,1,0.05
Host and clinical,disease,rheumatoid arthritis,1,0.05
Host and clinical,disease,lad1,1,0.05
Host and clinical,disease,type 2 diabetes mellitus,1,0.05
Host and clinical,disease,encephalitis,1,0.05
Host and clinical,disease,crohn’s disease,1,0.05
Host and clinical,disease,able-bodied,1,0.05
Host and clinical,disease,ced46st_s67_control,1,0.05
Host and clinical,disease,ucr7_cp04727_s7_ulcerative colitis,1,0.05
Host and clinical,disease,ced104st_s81_control,1,0.05
Host and clinical,disease,ced96st_s79_control,1,0.05
Host and clinical,disease,bronchiectasis,1,0.05
Host and clinical,disease,cervical dysplasia,1,0.05
Host and clinical,disease,respiratory abnormality|disease|dentin caries|hypertension|obesity,1,0.05
Host and clinical,disease,central nervous system disease|disease|obesity,1,0.05
Host and clinical,disease,central nervous system disease|disease|parkinson's disease,1,0.05
Host and clinical,disease,gastrointestinal system disease|central nervous system disease|cystic fibrosis|diabetes mellitus,1,0.05
Host and clinical,disease,disease|lung cancer,1,0.05
Host and clinical,disease,gastrointestinal system disease|cystic fibrosis,1,0.05
Host and clinical,disease,eye disease|dry eye syndrome|obesity,1,0.05
Host and clinical,disease,thyroid gland disease|dry eye syndrome|aniridia|hypertension|obesity,1,0.05
Host and clinical,disease,eye disease|gastrointestinal system disease|disease|periodontitis|dry eye syndrome|aniridia,1,0.05
Host and clinical,disease,disease|colitis|obesity,1,0.05
Host and clinical,disease,disease|acne inversa|obesity,1,0.05
Host and clinical,disease,disease|hypertension|obesity,1,0.05
Host and clinical,disease,dry eye syndrome|hypertension,1,0.05
Host and clinical,disease,central nervous system disease|disease|periodontitis|obesity,1,0.05
Host and clinical,disease,gastrointestinal system disease|disease|hypertension,1,0.05
Host and clinical,disease,disease|dentin caries|periodontitis|colitis,1,0.05
Host and clinical,disease,gastrointestinal system disease|disease|idiopathic pulmonary fibrosis|sarcoidosis|dry eye syndrome|obesity,1,0.05
Host and clinical,disease,gastrointestinal system disease|cystic fibrosis|diabetes mellitus,1,0.05
Host and clinical,disease,central nervous system disease,1,0.05
Host and clinical,disease,gastrointestinal system disease|central nervous system disease|disease|colitis,1,0.05
Host and clinical,disease,disease|coronary artery disease|hypertension,1,0.05
Host and clinical,disease,disease|diabetes mellitus,1,0.05
Host and clinical,disease,gastrointestinal system disease|periodontitis|obesity,1,0.05
Host and clinical,disease,respiratory abnormality|disease,1,0.05
Host and clinical,disease,gastrointestinal system disease|central nervous system disease|obesity,1,0.05
Host and clinical,disease,coronary artery disease|heart failure|hypertension|obesity,1,0.05
Host and clinical,disease,coronary artery disease|heart failure|atrial fibrillation|hypertension,1,0.05
Host and clinical,disease,disease|lung cancer|dentin caries,1,0.05
Host and clinical,disease,eye disease|disease|lung cancer|coronary artery disease,1,0.05
Host and clinical,disease,disease|colitis,1,0.05
Host and clinical,disease,gastrointestinal system disease|central nervous system disease|disease|hypertension|obesity,1,0.05
Host and clinical,disease,gastrointestinal system disease|periodontitis|colitis|obesity,1,0.05
Host and clinical,disease,gastrointestinal system disease|disease|dentin caries|hypertension|diabetes mellitus|obesity,1,0.05
Host and clinical,disease,central nervous system disease|dentin caries|periodontitis,1,0.05
Host and clinical,disease,central nervous system disease|disease,1,0.05
Host and clinical,disease,disease|colitis|hypertension|obesity,1,0.05
Host and clinical,disease,thyroid gland disease|gastrointestinal system disease|cystic fibrosis|diabetes mellitus,1,0.05
Host and clinical,disease,gc,1,0.05
Host and clinical,disease,crc,1,0.05
Host and clinical,disease,disease|coronary artery disease|atrial fibrillation|hypertension,1,0.05
Host and clinical,disease,central nervous system disease|disease|dentin caries|periodontitis|coronary artery disease|heart failure|hypertension|diabetes mellitus|obesity,1,0.05
Host and clinical,disease,thyroid gland disease|disease|dry eye syndrome|aniridia|hypertension,1,0.05
Host and clinical,disease,gastrointestinal system disease|disease|colitis|obesity,1,0.05
Host and clinical,disease,dentin caries|periodontitis,1,0.05
Host and clinical,disease,disease|coronary artery disease|heart failure|hypertension|diabetes mellitus,1,0.05
Host and clinical,disease,disease|dentin caries|coronary artery disease|heart failure|hypertension|diabetes mellitus,1,0.05
Host and clinical,disease,dentin caries,1,0.05
Host and clinical,disease,eye disease|disease|periodontitis|coronary artery disease|heart failure|hypertension|diabetes mellitus,1,0.05
Host and clinical,disease,disease|dentin caries|hypertension|diabetes mellitus|obesity,1,0.05
Host and clinical,disease,thyroid gland disease|disease|periodontitis|dry eye syndrome|hypertension|diabetes mellitus,1,0.05
Host and clinical,disease,disease|dentin caries|coronary artery disease|heart failure|hypertension|obesity,1,0.05
Host and clinical,disease,thyroid gland disease|gastrointestinal system disease|disease|periodontitis|colitis|hypertension,1,0.05
Host and clinical,disease,respiratory abnormality|gastrointestinal system disease|cystic fibrosis|hypertension|diabetes mellitus,1,0.05
Host and clinical,disease,gastrointestinal system disease|disease|cystic fibrosis,1,0.05
Host and clinical,disease,acne inversa,1,0.05
Host and clinical,disease,coronary artery disease|hypertension|obesity,1,0.05
Host and clinical,disease,gastrointestinal system disease|disease|periodontitis|hypertension|obesity,1,0.05
Host and clinical,disease,chronic obstructive pulmonary disease,1,0.05
Host and clinical,disease,disease|chronic obstructive pulmonary disease|lung cancer|hypertension|diabetes mellitus,1,0.05
Host and clinical,disease,disease|chronic obstructive pulmonary disease,1,0.05
Host and clinical,disease,disease|chronic obstructive pulmonary disease|cholangitis|coronary artery disease|heart failure|hypertension|diabetes mellitus|obesity,1,0.05
Host and clinical,disease,disease|dentin caries|heart failure|diabetes mellitus,1,0.05
Host and clinical,disease,central nervous system disease|disease|coronary artery disease|hypertension|diabetes mellitus,1,0.05
Host and clinical,disease,eye disease|central nervous system disease|disease|dentin caries|hypertension|obesity,1,0.05
Host and clinical,disease,dry eye syndrome,1,0.05
Host and clinical,disease,thyroid gland disease|disease|periodontitis|hypertension,1,0.05
Host and clinical,disease,disease|dentin caries|coronary artery disease|heart failure,1,0.05
Host and clinical,disease,disease|coronary artery disease|heart failure|hypertension,1,0.05
Host and clinical,disease,thyroid gland disease|disease|periodontitis|hypertension|obesity,1,0.05
Host and clinical,disease,coronary artery disease|heart failure|hypertension|diabetes mellitus|obesity,1,0.05
Host and clinical,disease,"gvhd model system; splenic t cells from balb/c donors or c57bl/6 were enriched by utilizing pan-t microbeads (130-095-130, miltenyi biotec) and bone marrow was collected from the same donors. on day 0, 3x10^6 t cells and 5x10^6 bone marrow cells were injected intravenously into c57bl/6 recipient mice. recipient mice received 10gy of irradiation on day -1.",1,0.05
Host and clinical,disease,p_47,1,0.05
Host and clinical,disease,p_31,1,0.05
Host and clinical,disease,p_09,1,0.05
Host and clinical,disease,p_76,1,0.05
Host and clinical,disease,p_16,1,0.05
Host and clinical,disease,unkwnon,1,0.05
Host and clinical,disease,h4,1,0.05
Host and clinical,disease,non-ibd,1,0.05
Host and clinical,disease,no peri-implantitis,1,0.05
Host and clinical,disease,diabetes,1,0.05
Host and clinical,disease,white gill,1,0.05
Host and clinical,disease,timepoint: n/a,1,0.05
Host and clinical,disease,population des,1,0.05
Host and clinical,disease,population web,1,0.05
Host and clinical,disease,periodontally healthy,1,0.05
Host and clinical,disease,infectious bovine keratoconjunctivitis,1,0.05
Host and clinical,disease,well human adult,1,0.05
Host and clinical,disease,"colorectal cancer, stage i",1,0.05
Host and clinical,disease,malignant neoplasm of peripheral nerves and autonomic nervous system,1,0.05
Host and clinical,disease,"malignant neoplasm of kidney, except renal pelvis",1,0.05
Host and clinical,disease,malignant neoplasm of tonsil,1,0.05
Host and clinical,disease,malignant neoplasm of anus and anal canal,1,0.05
Host and clinical,disease,myelodysplastic syndromes,1,0.05
Host and clinical,disease,malignant neoplasm of stomach,1,0.05
Host and clinical,disease,malignant neoplasm of other connective and soft tissue,1,0.05
Host and clinical,disease,secondary malignant neoplasm of respiratory and digestive organs,1,0.05
Host and clinical,disease,malignant neoplasm of larynx,1,0.05
Host and clinical,disease,malignant neoplasm of thyroid gland,1,0.05
Host and clinical,disease,unaffected.sibling,1,0.05
Host and clinical,disease,all.survivor,1,0.05
Host and clinical,disease,malignant neoplasm of other and unspecified major salivary glands,1,0.05
Host and clinical,disease,malignant neoplasm of esophagus,1,0.05
Host and clinical,disease,malignant neoplasm of corpus uteri,1,0.05
Host and clinical,disease,malignant neoplasm of other and unspecified female genital organs,1,0.05
Host and clinical,disease,carcinoma in situ of breast,1,0.05
Host and clinical,disease,malignant neoplasm of other and ill-defined sites,1,0.05
Host and clinical,disease,mature t/nk-cell lymphomas,1,0.05
Host and clinical,disease,malignant neoplasm of bladder,1,0.05
Host and clinical,disease,malignant melanoma of skin,1,0.05
Host and clinical,disease,hypoxic-ischemic encephalopathy,1,0.05
Host and clinical,disease,pulmonary infection,1,0.05
Host and clinical,disease,pituitary tumor,1,0.05
Host and clinical,disease,aortic insufficiency,1,0.05
Host and clinical,disease,ascending aortic aneurysm,1,0.05
Host and clinical,disease,mitral regurgitation,1,0.05
Host and clinical,disease,pulmonary aspergillosis,1,0.05
Host and clinical,disease,liver failure,1,0.05
Host and clinical,disease,severe pneumonia,1,0.05
Host and clinical,disease,ischemic cardiomyopathy,1,0.05
Host and clinical,disease,keratoconus,1,0.05
Host and clinical,disease,bleaching,1,0.05
Host and clinical,disease,idiopathic cd4 lymphocytopenia,1,0.05
Host and clinical,disease,dss,1,0.05
Host and clinical,disease,stunted,1,0.05
Host and clinical,disease,low methane producing,1,0.05
Host and clinical,disease,high methane producing,1,0.05
Host and clinical,disease,malaria,1,0.05
Host and clinical,antibiotic,i have not taken antibiotics in the past year.,281,44.11
Host and clinical,antibiotic,no,118,18.52
Host and clinical,antibiotic,6 months,77,12.09
Host and clinical,antibiotic,year,57,8.95
Host and clinical,antibiotic,month,22,3.45
Host and clinical,antibiotic,yes,22,3.45
Host and clinical,antibiotic,week,9,1.41
Host and clinical,antibiotic,post antibiotics,9,1.41
Host and clinical,antibiotic,pre antibiotics,7,1.1
Host and clinical,antibiotic,1pat,6,0.94
Host and clinical,antibiotic,antibiotics treatment,6,0.94
Host and clinical,antibiotic,control,4,0.63
Host and clinical,antibiotic,past use,4,0.63
Host and clinical,antibiotic,van,3,0.47
Host and clinical,antibiotic,3,3,0.47
Host and clinical,antibiotic,ctx,2,0.31
Host and clinical,antibiotic,cipro 500 mg bid po 3/2014-4/2014,1,0.16
Host and clinical,antibiotic,flagyl 2/2019,1,0.16
Host and clinical,antibiotic,si,1,0.16
Host and clinical,antibiotic,rifaximin,1,0.16
Host and clinical,antibiotic,amoxicillin+gentamicin,1,0.16
Host and clinical,antibiotic,amoxicillin+neomycin(feed),1,0.16
Host and clinical,antibiotic,cipro,1,0.16
Host and clinical,treatment,control,57,4.91
Host and clinical,treatment,placebo,33,2.84
Host and clinical,treatment,sham,26,2.24
Host and clinical,treatment,ciprofloxacin administered,23,1.98
Host and clinical,treatment,fmt,19,1.64
Host and clinical,treatment,colon cleanout,18,1.55
Host and clinical,treatment,no,17,1.46
Host and clinical,treatment,3r4f,16,1.38
Host and clinical,treatment,anti-pd1,16,1.38
Host and clinical,treatment,switch-chtp,15,1.29
Host and clinical,treatment,longitudinal,14,1.21
Host and clinical,treatment,antibiotics,13,1.12
Host and clinical,treatment,cs high,12,1.03
Host and clinical,treatment,chtp,12,1.03
Host and clinical,treatment,ths,12,1.03
Host and clinical,treatment,cess,12,1.03
Host and clinical,treatment,diet,12,1.03
Host and clinical,treatment,physical disturbance,12,1.03
Host and clinical,treatment,antitnf,10,0.86
Host and clinical,treatment,cs low,9,0.78
Host and clinical,treatment,levofloxacin,9,0.78
Host and clinical,treatment,syn-004,9,0.78
Host and clinical,treatment,kp,9,0.78
Host and clinical,treatment,before.yogurt,9,0.78
Host and clinical,treatment,after.yogurt,9,0.78
Host and clinical,treatment,saline,8,0.69
Host and clinical,treatment,24h,8,0.69
Host and clinical,treatment,corticosteroids,8,0.69
Host and clinical,treatment,sacrifice,7,0.6
Host and clinical,treatment,treatment,7,0.6
Host and clinical,treatment,high dose antibiotic,7,0.6
Host and clinical,treatment,tbi,7,0.6
Host and clinical,treatment,before.yogurtrolledoat,7,0.6
Host and clinical,treatment,donor,6,0.52
Host and clinical,treatment,fiber mix,6,0.52
Host and clinical,treatment,hypo3.2,6,0.52
Host and clinical,treatment,abx,6,0.52
Host and clinical,treatment,azithromycin,6,0.52
Host and clinical,treatment,s2+bb12,6,0.52
Host and clinical,treatment,severe,6,0.52
Host and clinical,treatment,0h,6,0.52
Host and clinical,treatment,after.yogurtrolledoat,6,0.52
Host and clinical,treatment,none,5,0.43
Host and clinical,treatment,hypo2.1,5,0.43
Host and clinical,treatment,h,5,0.43
Host and clinical,treatment,weaned,5,0.43
Host and clinical,treatment,pbs,5,0.43
Host and clinical,treatment,cefpodoxime,5,0.43
Host and clinical,treatment,other icb,5,0.43
Host and clinical,treatment,florfenicol,5,0.43
Host and clinical,treatment,s2,5,0.43
Host and clinical,treatment,zn-,5,0.43
Host and clinical,treatment,intervention,5,0.43
Host and clinical,treatment,lyophilization,5,0.43
Host and clinical,treatment,cs medium,4,0.34
Host and clinical,treatment,switchchtp,4,0.34
Host and clinical,treatment,fz,4,0.34
Host and clinical,treatment,fd,4,0.34
Host and clinical,treatment,non-smoking_no diseases_no medication_no allergies,4,0.34
Host and clinical,treatment,transport,4,0.34
Host and clinical,treatment,suckling,4,0.34
Host and clinical,treatment,cefpodoxime with azithromycin,4,0.34
Host and clinical,treatment,"10 weeks adminsitered 1,000 mg/kg metformin",4,0.34
Host and clinical,treatment,isotretinoin,4,0.34
Host and clinical,treatment,untreated,4,0.34
Host and clinical,treatment,dss,4,0.34
Host and clinical,treatment,cipro,4,0.34
Host and clinical,treatment,h2o,4,0.34
Host and clinical,treatment,"ms-222, 2.33g/l for anesthesia",4,0.34
Host and clinical,treatment,velifer,4,0.34
Host and clinical,treatment,before antibiotic administration,3,0.26
Host and clinical,treatment,donor fmt mix,3,0.26
Host and clinical,treatment,ampicillin+k.oxytoca,3,0.26
Host and clinical,treatment,ampicillin,3,0.26
Host and clinical,treatment,stat,3,0.26
Host and clinical,treatment,1pat,3,0.26
Host and clinical,treatment,mv,3,0.26
Host and clinical,treatment,cp1_vac,3,0.26
Host and clinical,treatment,south carolina,3,0.26
Host and clinical,treatment,georgia,3,0.26
Host and clinical,treatment,cap/io,3,0.26
Host and clinical,treatment,prep,3,0.26
Host and clinical,treatment,"neomycin, vancomycin and metronidazole 500mg bid for 5 days prior to initial fmt",3,0.26
Host and clinical,treatment,avilamycin,3,0.26
Host and clinical,treatment,narasin,3,0.26
Host and clinical,treatment,hbd-2,3,0.26
Host and clinical,treatment,pb-n,3,0.26
Host and clinical,treatment,cb,3,0.26
Host and clinical,treatment,no oil,3,0.26
Host and clinical,treatment,naïve,3,0.26
Host and clinical,treatment,ca,3,0.26
Host and clinical,treatment,product 01,3,0.26
Host and clinical,treatment,ctx+hv292.1,3,0.26
Host and clinical,treatment,chloramine t [chebi:53767],3,0.26
Host and clinical,treatment,bt_ww,3,0.26
Host and clinical,treatment,no treatment,3,0.26
Host and clinical,treatment,2% osh,3,0.26
Host and clinical,treatment,rps,3,0.26
Host and clinical,treatment,amendment;2021-02-02,3,0.26
Host and clinical,treatment,amendment;2021-02-02|tilling;2021-04-14,3,0.26
Host and clinical,treatment,zinc,3,0.26
Host and clinical,treatment,injected,3,0.26
Host and clinical,treatment,medicated,3,0.26
Host and clinical,treatment,h. hepaticus inoculated parents,3,0.26
Host and clinical,treatment,7 days after antibiotic administration,2,0.17
Host and clinical,treatment,28 days after antibiotic administration,2,0.17
Host and clinical,treatment,double inoculum,2,0.17
Host and clinical,treatment,high,2,0.17
Host and clinical,treatment,hypo1.2,2,0.17
Host and clinical,treatment,hypo3.1,2,0.17
Host and clinical,treatment,hypo1.1,2,0.17
Host and clinical,treatment,ct,2,0.17
Host and clinical,treatment,d,2,0.17
Host and clinical,treatment,b2: glucose + nitrate addition,2,0.17
Host and clinical,treatment,b3: glucose + nitrate + methylphosphonate addition,2,0.17
Host and clinical,treatment,vancomycin,2,0.17
Host and clinical,treatment,with oikopleura dioica,2,0.17
Host and clinical,treatment,smx,2,0.17
Host and clinical,treatment,uc vlp,2,0.17
Host and clinical,treatment,12wksmkairft,2,0.17
Host and clinical,treatment,bqm,2,0.17
Host and clinical,treatment,no_glycan,2,0.17
Host and clinical,treatment,brf,2,0.17
Host and clinical,treatment,isotype,2,0.17
Host and clinical,treatment,cb-n,2,0.17
Host and clinical,treatment,np,2,0.17
Host and clinical,treatment,xos,2,0.17
Host and clinical,treatment,oil and nutrients,2,0.17
Host and clinical,treatment,bleomycin,2,0.17
Host and clinical,treatment,saliva,2,0.17
Host and clinical,treatment,free diet,2,0.17
Host and clinical,treatment,product 03,2,0.17
Host and clinical,treatment,product 07,2,0.17
Host and clinical,treatment,tri005,2,0.17
Host and clinical,treatment,tri014,2,0.17
Host and clinical,treatment,tri023,2,0.17
Host and clinical,treatment,tomato,2,0.17
Host and clinical,treatment,ctrl,2,0.17
Host and clinical,treatment,van,2,0.17
Host and clinical,treatment,bt_cb,2,0.17
Host and clinical,treatment,ciprofloxacine,2,0.17
Host and clinical,treatment,total mixed ration,2,0.17
Host and clinical,treatment,no gavage,2,0.17
Host and clinical,treatment,reference,2,0.17
Host and clinical,treatment,canadian heavy crude oil; osmocote slow release aquatic fertilizer (emnr),2,0.17
Host and clinical,treatment,cipro+neulasta,2,0.17
Host and clinical,treatment,zn+,2,0.17
Host and clinical,treatment,dkob_controlm_dex,2,0.17
Host and clinical,treatment,p16,2,0.17
Host and clinical,treatment,anti-pd-l1,2,0.17
Host and clinical,treatment,fjc,2,0.17
Host and clinical,treatment,tilling; 2021-03-26,2,0.17
Host and clinical,treatment,experimental,2,0.17
Host and clinical,treatment,contrs1,2,0.17
Host and clinical,treatment,sb,2,0.17
Host and clinical,treatment,romet withdrawal,2,0.17
Host and clinical,treatment,no nitrogen fertilizer treatment,2,0.17
Host and clinical,treatment,mbk,2,0.17
Host and clinical,treatment,a,2,0.17
Host and clinical,treatment,b,2,0.17
Host and clinical,treatment,h. hepaticus inoculation of parents,2,0.17
Host and clinical,treatment,mag,2,0.17
Host and clinical,treatment,chebi:36047,2,0.17
Host and clinical,treatment,"no phage, shigella",2,0.17
Host and clinical,treatment,erbitux (partial response),1,0.09
Host and clinical,treatment,avastin (progressive disease),1,0.09
Host and clinical,treatment,erbitux (progressive disease),1,0.09
Host and clinical,treatment,control aquarium,1,0.09
Host and clinical,treatment,0.1 ug/l tetracycline,1,0.09
Host and clinical,treatment,physical perturbation (salinity),1,0.09
Host and clinical,treatment,recipient,1,0.09
Host and clinical,treatment,mr102,1,0.09
Host and clinical,treatment,single inoculum,1,0.09
Host and clinical,treatment,co-housed with diarrheic mouse for 25 days,1,0.09
Host and clinical,treatment,nh4no3 and kh2po8,1,0.09
Host and clinical,treatment,nh4no3 and kh2po11,1,0.09
Host and clinical,treatment,100% moist 10 °c,1,0.09
Host and clinical,treatment,veh,1,0.09
Host and clinical,treatment,doxycycline 40 mpk ip day -3-6,1,0.09
Host and clinical,treatment,9tb 1 mpk ip day -3-6,1,0.09
Host and clinical,treatment,ciprofloxacin,1,0.09
Host and clinical,treatment,b1: control microcosm incubation (no additions),1,0.09
Host and clinical,treatment,28.5_1200_rep1,1,0.09
Host and clinical,treatment,31.5_400_rep1,1,0.09
Host and clinical,treatment,714431d35_pbs,1,0.09
Host and clinical,treatment,dispersedoil,1,0.09
Host and clinical,treatment,dcewaf,1,0.09
Host and clinical,treatment,eculizumab [ncit:c48386],1,0.09
Host and clinical,treatment,bbp1_novac,1,0.09
Host and clinical,treatment,switchgrass-alfalfa intercropping at a ratio of 70:30,1,0.09
Host and clinical,treatment,cont,1,0.09
Host and clinical,treatment,smoking_no diseases_no medication_no allergies,1,0.09
Host and clinical,treatment,14_8m_idna_repaired,1,0.09
Host and clinical,treatment,without oikopleura dioica,1,0.09
Host and clinical,treatment,donor_failed_3,1,0.09
Host and clinical,treatment,patient_successful_before_3,1,0.09
Host and clinical,treatment,patient_successful_after_6,1,0.09
Host and clinical,treatment,donor_successful_7,1,0.09
Host and clinical,treatment,patient_successful_after_4,1,0.09
Host and clinical,treatment,patient_successful_after_1,1,0.09
Host and clinical,treatment,"treated 28 days with heat-killed (hk) lactobacillus reuteri mm4-1a (atcc pta-6475, us patent us 7,344,867 b2)",1,0.09
Host and clinical,treatment,molasses with increasing thiocyanate until 250 mg/l maintanence,1,0.09
Host and clinical,treatment,molasses with increasing thiocyanate,1,0.09
Host and clinical,treatment,molasses with increasing thiocyanate until 250 mg/l maintanence and no molasses,1,0.09
Host and clinical,treatment,ionp-gox,1,0.09
Host and clinical,treatment,"ramipril, ass, metoprolol, metformin, pantoprazol, simvastatin, l-thyroxin",1,0.09
Host and clinical,treatment,"ramipril, metoprolol, iodine, l-thyroxin",1,0.09
Host and clinical,treatment,pennsylvania,1,0.09
Host and clinical,treatment,california,1,0.09
Host and clinical,treatment,oregon,1,0.09
Host and clinical,treatment,"phosphite, rumen fluid, carbon dioxide",1,0.09
Host and clinical,treatment,cap,1,0.09
Host and clinical,treatment,pbs control,1,0.09
Host and clinical,treatment,healthy vlp,1,0.09
Host and clinical,treatment,airsmkft,1,0.09
Host and clinical,treatment,air,1,0.09
Host and clinical,treatment,8wksmk4wkrest,1,0.09
Host and clinical,treatment,vit k1 1x,1,0.09
Host and clinical,treatment,vit k1 oh,1,0.09
Host and clinical,treatment,vitamin k,1,0.09
Host and clinical,treatment,ko30,1,0.09
Host and clinical,treatment,wt150,1,0.09
Host and clinical,treatment,kf37,1,0.09
Host and clinical,treatment,kf4,1,0.09
Host and clinical,treatment,kf17,1,0.09
Host and clinical,treatment,kf12,1,0.09
Host and clinical,treatment,bmd,1,0.09
Host and clinical,treatment,alpha-syn fibril,1,0.09
Host and clinical,treatment,alpha-syn monomer,1,0.09
Host and clinical,treatment,10-13% no,1,0.09
Host and clinical,treatment,iso ctrl,1,0.09
Host and clinical,treatment,"fa, replicate 4",1,0.09
Host and clinical,treatment,"soil；pp-l, replicate 2",1,0.09
Host and clinical,treatment,"plastisphere；pp-s, replicate 2",1,0.09
Host and clinical,treatment,antibiotic-treated,1,0.09
Host and clinical,treatment,heat stress,1,0.09
Host and clinical,treatment,binding,1,0.09
Host and clinical,treatment,e,1,0.09
Host and clinical,treatment,pb,1,0.09
Host and clinical,treatment,withoutil2,1,0.09
Host and clinical,treatment,4 wk uninfected control; kdh13,1,0.09
Host and clinical,treatment,seawater and weathered diesel burn residue,1,0.09
Host and clinical,treatment,seawater and unweathered diesel burn residue,1,0.09
Host and clinical,treatment,aphid,1,0.09
Host and clinical,treatment,c,1,0.09
Host and clinical,treatment,oil,1,0.09
Host and clinical,treatment,absl-1 stool,1,0.09
Host and clinical,treatment,application of crude oil; 1980,1,0.09
Host and clinical,treatment,casm,1,0.09
Host and clinical,treatment,sm,1,0.09
Host and clinical,treatment,inulin,1,0.09
Host and clinical,treatment,"without prebiotics, probiotics, or antibiotics using in the week before enrollment",1,0.09
Host and clinical,treatment,product 09,1,0.09
Host and clinical,treatment,product 11,1,0.09
Host and clinical,treatment,product 05,1,0.09
Host and clinical,treatment,octa002,1,0.09
Host and clinical,treatment,bi015,1,0.09
Host and clinical,treatment,hexa002,1,0.09
Host and clinical,treatment,hepta008_t11,1,0.09
Host and clinical,treatment,hepta008,1,0.09
Host and clinical,treatment,bi049,1,0.09
Host and clinical,treatment,tri006,1,0.09
Host and clinical,treatment,tri002,1,0.09
Host and clinical,treatment,bi020,1,0.09
Host and clinical,treatment,bi106,1,0.09
Host and clinical,treatment,bi105,1,0.09
Host and clinical,treatment,bi101,1,0.09
Host and clinical,treatment,bi086,1,0.09
Host and clinical,treatment,bi084,1,0.09
Host and clinical,treatment,bi077,1,0.09
Host and clinical,treatment,bi038,1,0.09
Host and clinical,treatment,bi034,1,0.09
Host and clinical,treatment,bi032,1,0.09
Host and clinical,treatment,tri070_t12,1,0.09
Host and clinical,treatment,tri070,1,0.09
Host and clinical,treatment,tri066,1,0.09
Host and clinical,treatment,tri039,1,0.09
Host and clinical,treatment,tri037,1,0.09
Host and clinical,treatment,tri015,1,0.09
Host and clinical,treatment,tri013,1,0.09
Host and clinical,treatment,tri010,1,0.09
Host and clinical,treatment,tri008_t12,1,0.09
Host and clinical,treatment,tri008,1,0.09
Host and clinical,treatment,bi097,1,0.09
Host and clinical,treatment,bi092,1,0.09
Host and clinical,treatment,bi062,1,0.09
Host and clinical,treatment,bi058,1,0.09
Host and clinical,treatment,tri062,1,0.09
Host and clinical,treatment,tri061,1,0.09
Host and clinical,treatment,tri054,1,0.09
Host and clinical,treatment,tri052,1,0.09
Host and clinical,treatment,bi025,1,0.09
Host and clinical,treatment,bi024,1,0.09
Host and clinical,treatment,tetra017,1,0.09
Host and clinical,treatment,negcon24,1,0.09
Host and clinical,treatment,negcon18,1,0.09
Host and clinical,treatment,negcon16,1,0.09
Host and clinical,treatment,negcon10,1,0.09
Host and clinical,treatment,negcon08,1,0.09
Host and clinical,treatment,tri021,1,0.09
Host and clinical,treatment,hepta008_t10,1,0.09
Host and clinical,treatment,tetra006,1,0.09
Host and clinical,treatment,hepta008_t08,1,0.09
Host and clinical,treatment,bi114,1,0.09
Host and clinical,treatment,bi112,1,0.09
Host and clinical,treatment,bi111,1,0.09
Host and clinical,treatment,bi071,1,0.09
Host and clinical,treatment,bi068,1,0.09
Host and clinical,treatment,groundwater from well h52 incubated with 12c bicarbonate for 21 days,1,0.09
Host and clinical,treatment,straw,1,0.09
Host and clinical,treatment,"surface sterilization series: chlorine bleach, ethanol, hydrogen peroxide",1,0.09
Host and clinical,treatment,sub,1,0.09
Host and clinical,treatment,hv292.1,1,0.09
Host and clinical,treatment,van+ccug59168,1,0.09
Host and clinical,treatment,chronic thiameth,1,0.09
Host and clinical,treatment,intermediate,1,0.09
Host and clinical,treatment,ww30uf,1,0.09
Host and clinical,treatment,ww00,1,0.09
Host and clinical,treatment,bt_uf,1,0.09
Host and clinical,treatment,ww30,1,0.09
Host and clinical,treatment,aerobic,1,0.09
Host and clinical,treatment,metformin,1,0.09
Host and clinical,treatment,4% osh,1,0.09
Host and clinical,treatment,ciprofloxacine_amoxicillin_clavulanate,1,0.09
Host and clinical,treatment,ph7.5,1,0.09
Host and clinical,treatment,glycine,1,0.09
Host and clinical,treatment,ph6.5,1,0.09
Host and clinical,treatment,saline magnesium,1,0.09
Host and clinical,treatment,ecab,1,0.09
Host and clinical,treatment,tr4_c8i2a_t1_rc,1,0.09
Host and clinical,treatment,tr1_c2i2b,1,0.09
Host and clinical,treatment,tr4_c7i2a_t1_rc,1,0.09
Host and clinical,treatment,tr4_c6i3b,1,0.09
Host and clinical,treatment,tr4_c3i2a_t1_rc,1,0.09
Host and clinical,treatment,tr4_c2i4c,1,0.09
Host and clinical,treatment,tr4_c13i3b,1,0.09
Host and clinical,treatment,tr3_c1i4c,1,0.09
Host and clinical,treatment,tr1_c13i4b,1,0.09
Host and clinical,treatment,tr1_c13i4a,1,0.09
Host and clinical,treatment,tr2_c7i4c,1,0.09
Host and clinical,treatment,tr1_c12i4b,1,0.09
Host and clinical,treatment,tr2_c6i2c,1,0.09
Host and clinical,treatment,tr1_c2i4c,1,0.09
Host and clinical,treatment,tr4_nci1c,1,0.09
Host and clinical,treatment,tr4_c1i1c,1,0.09
Host and clinical,treatment,tr4_c15i3c_t1_rc,1,0.09
Host and clinical,treatment,tr4_c15i2b_t1_rc,1,0.09
Host and clinical,treatment,tr4_c11i3b,1,0.09
Host and clinical,treatment,tr4_c11i3a,1,0.09
Host and clinical,treatment,tr4_c10i4b,1,0.09
Host and clinical,treatment,tr4_c10i3c_t1_rc,1,0.09
Host and clinical,treatment,tr2_c9i2b,1,0.09
Host and clinical,treatment,tr2_c15i3c,1,0.09
Host and clinical,treatment,tr2_c15i1b,1,0.09
Host and clinical,treatment,tr2_c15i1a,1,0.09
Host and clinical,treatment,tr2_c14i3b,1,0.09
Host and clinical,treatment,tr1_c7i1a,1,0.09
Host and clinical,treatment,tr1_c6i4c,1,0.09
Host and clinical,treatment,tr4_c12i1a,1,0.09
Host and clinical,treatment,tr2_c5i2c,1,0.09
Host and clinical,treatment,tr2_c4i3c,1,0.09
Host and clinical,treatment,tr2_c4i3a,1,0.09
Host and clinical,treatment,tr2_c4i2b,1,0.09
Host and clinical,treatment,tr2_c14i1b,1,0.09
Host and clinical,treatment,tr2_c13i4c,1,0.09
Host and clinical,treatment,tr2_c13i2c,1,0.09
Host and clinical,treatment,tr2_c12i4a,1,0.09
Host and clinical,treatment,tr2_c12i3b,1,0.09
Host and clinical,treatment,tr2_c12i2c,1,0.09
Host and clinical,treatment,tr2_c12i2b,1,0.09
Host and clinical,treatment,tr2_c11i4a,1,0.09
Host and clinical,treatment,tr2_c10i2c,1,0.09
Host and clinical,treatment,tr1_nci3a,1,0.09
Host and clinical,treatment,tr1_c5i2b,1,0.09
Host and clinical,treatment,tr3_c9i2b,1,0.09
Host and clinical,treatment,tr3_c9i1c,1,0.09
Host and clinical,treatment,tr3_c8i4a,1,0.09
Host and clinical,treatment,tr3_c8i3b,1,0.09
Host and clinical,treatment,tr3_c12i1c,1,0.09
Host and clinical,treatment,tr1_c13i2b,1,0.09
Host and clinical,treatment,tr2_c3i1b,1,0.09
Host and clinical,treatment,tr2_c2i4c,1,0.09
Host and clinical,treatment,tr1_c12i2b,1,0.09
Host and clinical,treatment,tr2_c1i4b,1,0.09
Host and clinical,treatment,tr1_c8i4b,1,0.09
Host and clinical,treatment,tr1_c8i1b,1,0.09
Host and clinical,treatment,tr4_c9i3b,1,0.09
Host and clinical,treatment,tr4_c5i1c,1,0.09
Host and clinical,treatment,tr4_c5i1b_t1_rc,1,0.09
Host and clinical,treatment,tr4_c4i4b,1,0.09
Host and clinical,treatment,tr4_c4i4a,1,0.09
Host and clinical,treatment,tr3_nci4c,1,0.09
Host and clinical,treatment,tr1_c14i3c,1,0.09
Host and clinical,treatment,tr3_c5i3c,1,0.09
Host and clinical,treatment,tr1_c14i2a,1,0.09
Host and clinical,treatment,tr3_c3i2b,1,0.09
Host and clinical,treatment,tr3_c10i1c,1,0.09
Host and clinical,treatment,liquid yeast 300 ml,1,0.09
Host and clinical,treatment,negative control,1,0.09
Host and clinical,treatment,lake reference,1,0.09
Host and clinical,treatment,neulasta,1,0.09
Host and clinical,treatment,dko,1,0.09
Host and clinical,treatment,controlb_dkom_dex,1,0.09
Host and clinical,treatment,dkob_dkom_dex,1,0.09
Host and clinical,treatment,rwa_m_19,1,0.09
Host and clinical,treatment,"gvhd model system; splenic t cells from balb/c donors or c57bl/6 were enriched by utilizing pan-t microbeads (130-095-130, miltenyi biotec) and bone marrow was collected from the same donors. on day 0, 3x10^6 t cells and 5x10^6 bone marrow cells were injected intravenously into c57bl/6 recipient mice. recipient mice received 10gy of irradiation on day -1.",1,0.09
Host and clinical,treatment,fjy,1,0.09
Host and clinical,treatment,ruminal fluid of hostein,1,0.09
Host and clinical,treatment,wd-abx,1,0.09
Host and clinical,treatment,rc-abx,1,0.09
Host and clinical,treatment,imq+akk3,1,0.09
Host and clinical,treatment,amendment;2020-02-20,1,0.09
Host and clinical,treatment,mk8_b0,1,0.09
Host and clinical,treatment,tw,1,0.09
Host and clinical,treatment,tn,1,0.09
Host and clinical,treatment,nsc,1,0.09
Host and clinical,treatment,march 0-2 cm sediment,1,0.09
Host and clinical,treatment,fcentsoil0,1,0.09
Host and clinical,treatment,fbanitsoil1,1,0.09
Host and clinical,treatment,enrofloxacin,1,0.09
Host and clinical,treatment,h2s,1,0.09
Host and clinical,treatment,62,1,0.09
Host and clinical,treatment,55,1,0.09
Host and clinical,treatment,54,1,0.09
Host and clinical,treatment,10,1,0.09
Host and clinical,treatment,89,1,0.09
Host and clinical,treatment,33,1,0.09
Host and clinical,treatment,terramycin,1,0.09
Host and clinical,treatment,aquaflor,1,0.09
Host and clinical,treatment,sulfur-coated urea application,1,0.09
Host and clinical,treatment,ic8,1,0.09
Host and clinical,treatment,vehicle,1,0.09
Host and clinical,treatment,t6-sn-3,1,0.09
Host and clinical,treatment,t6-nm-4,1,0.09
Host and clinical,treatment,t4-nm-4,1,0.09
Host and clinical,treatment,t4-nm-2,1,0.09
Host and clinical,treatment,t1-nm-4,1,0.09
Host and clinical,treatment,blood_neonatal4,1,0.09
Host and clinical,treatment,blood_neonatal24,1,0.09
Host and clinical,treatment,blood_neonatal21,1,0.09
Host and clinical,treatment,blood_neonatal18,1,0.09
Host and clinical,treatment,(200 mg/l n) 15n-0p-12.5k-4ca-2mg; inoculated with enterobacter soli c4a1,1,0.09
Host and clinical,treatment,(200 mg/l n) 15n-0p-12.5k-4ca-2mg; inoculated with pantoea formicae d8d10,1,0.09
Host and clinical,treatment,6h,1,0.09
Host and clinical,treatment,low-temperature,1,0.09
Host and clinical,treatment,sw-bh+oil-disp,1,0.09
Host and clinical,treatment,sw-bh+oil,1,0.09
Host and clinical,treatment,sw-bh+disp,1,0.09
Host and clinical,treatment,non-medicated,1,0.09
Host and clinical,treatment,vermicompost control,1,0.09
Host and clinical,treatment,enriched,1,0.09
Host and clinical,treatment,post-antibiotic,1,0.09
Host and clinical,treatment,"phage, shigella",1,0.09
Host and clinical,treatment,0.5% cmc-na solution,1,0.09
Host and clinical,treatment,dss + 0.5% cmc-na solution,1,0.09
Host and clinical,treatment,oea,1,0.09
Host and clinical,treatment,oa,1,0.09
Host and clinical,treatment,pea,1,0.09
Host and clinical,treatment,aea,1,0.09
Host and clinical,treatment,included 3-ca in the feed every 2 days,1,0.09
Host and clinical,treatment,included 3-ca in the feed every 6 days,1,0.09
Host and clinical,treatment,never included 3-ca in the feed,1,0.09
Host and clinical,treatment,medicated (29 continuous days),1,0.09
Host and clinical,diet,omnivore,399,23.18
Host and clinical,diet,commercial pellets,208,12.09
Host and clinical,diet,rc,149,8.66
Host and clinical,diet,control,38,2.21
Host and clinical,diet,nc,35,2.03
Host and clinical,diet,low fat high plant polysacharides,33,1.92
Host and clinical,diet,p-,28,1.63
Host and clinical,diet,normal diet,26,1.51
Host and clinical,diet,omnivore but do not eat red meat,23,1.34
Host and clinical,diet,vegetarian but eat seafood,23,1.34
Host and clinical,diet,formula,23,1.34
Host and clinical,diet,other milk,22,1.28
Host and clinical,diet,mind,22,1.28
Host and clinical,diet,hfd,21,1.22
Host and clinical,diet,vegan,17,0.99
Host and clinical,diet,vegetarian,17,0.99
Host and clinical,diet,chow,17,0.99
Host and clinical,diet,inulin,17,0.99
Host and clinical,diet,yes,16,0.93
Host and clinical,diet,"high-fat, high-sucrose",15,0.87
Host and clinical,diet,feed1,14,0.81
Host and clinical,diet,wd,14,0.81
Host and clinical,diet,ensilaged blue mussel protein,14,0.81
Host and clinical,diet,vitdlow,12,0.7
Host and clinical,diet,other(to be specified),12,0.7
Host and clinical,diet,feed2,11,0.64
Host and clinical,diet,carnivore,9,0.52
Host and clinical,diet,herbivore/insectivore,9,0.52
Host and clinical,diet,med,9,0.52
Host and clinical,diet,grain fed,9,0.52
Host and clinical,diet,no,9,0.52
Host and clinical,diet,tad,8,0.46
Host and clinical,diet,a,8,0.46
Host and clinical,diet,test formula,7,0.41
Host and clinical,diet,ncd,7,0.41
Host and clinical,diet,high protein diet 12 weeks,7,0.41
Host and clinical,diet,herbivore,7,0.41
Host and clinical,diet,labcontrol test,7,0.41
Host and clinical,diet,fiber,7,0.41
Host and clinical,diet,een,7,0.41
Host and clinical,diet,habitual,7,0.41
Host and clinical,diet,labdiet 5lg6,7,0.41
Host and clinical,diet,fermented,7,0.41
Host and clinical,diet,scd,7,0.41
Host and clinical,diet,kibble [foodon:00002945],7,0.41
Host and clinical,diet,b,7,0.41
Host and clinical,diet,high-gluten diet,7,0.41
Host and clinical,diet,normal mouse chow,6,0.35
Host and clinical,diet,high protein diet 0 weeks,6,0.35
Host and clinical,diet,low protein diet 6 weeks,6,0.35
Host and clinical,diet,control diet,6,0.35
Host and clinical,diet,fresh,6,0.35
Host and clinical,diet,grass fed,6,0.35
Host and clinical,diet,diet,6,0.35
Host and clinical,diet,low-gluten diet,6,0.35
Host and clinical,diet,hplc,5,0.29
Host and clinical,diet,y,5,0.29
Host and clinical,diet,breastfed,4,0.23
Host and clinical,diet,omnivour,4,0.23
Host and clinical,diet,low protein diet 12 weeks,4,0.23
Host and clinical,diet,high protein diet 6 weeks,4,0.23
Host and clinical,diet,base,4,0.23
Host and clinical,diet,meat consumer,4,0.23
Host and clinical,diet,pescatarian,4,0.23
Host and clinical,diet,naddeficient,4,0.23
Host and clinical,diet,"10 weeks ad libitum access to water on semi-purified ain-93g diet (envigo, indianapolis, in) with 1,000 mg/kg metformin",4,0.23
Host and clinical,diet,teklad 2920x,4,0.23
Host and clinical,diet,water,4,0.23
Host and clinical,diet,vitdhigh,4,0.23
Host and clinical,diet,0,4,0.23
Host and clinical,diet,mrfcon,4,0.23
Host and clinical,diet,ab,4,0.23
Host and clinical,diet,non_veg,4,0.23
Host and clinical,diet,71,4,0.23
Host and clinical,diet,high fat/high sucrose,3,0.17
Host and clinical,diet,p+,3,0.17
Host and clinical,diet,mre,3,0.17
Host and clinical,diet,d12492,3,0.17
Host and clinical,diet,fiber-enriched mediterranean-type diet (fmd),3,0.17
Host and clinical,diet,natural,3,0.17
Host and clinical,diet,f,3,0.17
Host and clinical,diet,indian vegeterarian diet,3,0.17
Host and clinical,diet,kibble,3,0.17
Host and clinical,diet,commercial diet,3,0.17
Host and clinical,diet,breastmilk,3,0.17
Host and clinical,diet,concon,3,0.17
Host and clinical,diet,mrfmrf,3,0.17
Host and clinical,diet,veg,3,0.17
Host and clinical,diet,"exclusively breastfed, n/a",3,0.17
Host and clinical,diet,therapeutic hydrolyzed protein diet,3,0.17
Host and clinical,diet,humus feeder,3,0.17
Host and clinical,diet,control formula,2,0.12
Host and clinical,diet,after low bioactive diet,2,0.12
Host and clinical,diet,soy and corn,2,0.12
Host and clinical,diet,gel,2,0.12
Host and clinical,diet,low protein diet 0 weeks,2,0.12
Host and clinical,diet,high starch,2,0.12
Host and clinical,diet,frugivore,2,0.12
Host and clinical,diet,manufactured poultry feed,2,0.12
Host and clinical,diet,uf,2,0.12
Host and clinical,diet,jowar,2,0.12
Host and clinical,diet,fasting+dash,2,0.12
Host and clinical,diet,chow diet,2,0.12
Host and clinical,diet,western-type diet (wd),2,0.12
Host and clinical,diet,"10 weeks ad libitum access to water on semi-purified ain-93g diet (envigo, indianapolis, in)",2,0.12
Host and clinical,diet,fiber free,2,0.12
Host and clinical,diet,o,2,0.12
Host and clinical,diet,e3 females ketogenic diet,2,0.12
Host and clinical,diet,d-w,2,0.12
Host and clinical,diet,ketogenic,2,0.12
Host and clinical,diet,hervibore,2,0.12
Host and clinical,diet,mixed,2,0.12
Host and clinical,diet,sucralose,2,0.12
Host and clinical,diet,dog food,2,0.12
Host and clinical,diet,1,2,0.12
Host and clinical,diet,flexitarian,2,0.12
Host and clinical,diet,"chloris gayana, leucaena leucocephala cv cunningham",2,0.12
Host and clinical,diet,"techstart 17-25 (kent feeds, muscatine, ia)",2,0.12
Host and clinical,diet,"techstart 17-25, kent feeds, muscatine, ia",2,0.12
Host and clinical,diet,73,2,0.12
Host and clinical,diet,"exclusively breastfed, n/a, cereal/starch, fruits/vegetables",2,0.12
Host and clinical,diet,"exclusively formula-fed, cow's milk formula, galacto-oligosaccharides, fructo-oligosaccharides, lactose, cereal/starch, fruits/vegetables",2,0.12
Host and clinical,diet,"mostly formula-fed, cow's milk formula, lactose",2,0.12
Host and clinical,diet,"exclusively formula-fed, cow's milk formula, galacto-oligosaccharides, lactose",2,0.12
Host and clinical,diet,normal chow diet,2,0.12
Host and clinical,diet,a pellet diet for monkeys,1,0.06
Host and clinical,diet,overfeeding,1,0.06
Host and clinical,diet,midpoint,1,0.06
Host and clinical,diet,after high bioactive diet,1,0.06
Host and clinical,diet,before low bioactive diet,1,0.06
Host and clinical,diet,before high bioactive diet,1,0.06
Host and clinical,diet,omnivore [ecocore_00000082],1,0.06
Host and clinical,diet,control sample,1,0.06
Host and clinical,diet,high sucrose,1,0.06
Host and clinical,diet,mpmc,1,0.06
Host and clinical,diet,low,1,0.06
Host and clinical,diet,insectivore,1,0.06
Host and clinical,diet,xylophagous,1,0.06
Host and clinical,diet,nasupplemented,1,0.06
Host and clinical,diet,nadsufficient,1,0.06
Host and clinical,diet,"western diet (d12079b, research diets inc., new brunswick, nj, usa)",1,0.06
Host and clinical,diet,envigo-teklad purified diet (td.180901) + 30% dextrin,1,0.06
Host and clinical,diet,envigo-teklad purified diet (td.180901) + 30% glucose,1,0.06
Host and clinical,diet,vlcd,1,0.06
Host and clinical,diet,wmd,1,0.06
Host and clinical,diet,green sorghum bicolor (100%),1,0.06
Host and clinical,diet,dried sorghum bicolor (100%),1,0.06
Host and clinical,diet,green sorghum bicolor (50%) with 50% concentrate,1,0.06
Host and clinical,diet,tomato,1,0.06
Host and clinical,diet,diabetic,1,0.06
Host and clinical,diet,high_protein,1,0.06
Host and clinical,diet,bajra,1,0.06
Host and clinical,diet,high-fat diet,1,0.06
Host and clinical,diet,"30 days of 2.55 kg of endophyte-infected k31 tall fescue seeds, 1.16 kg of soybean hulls, 1.16 kg of corn gluten feed, and 0.24 kg molasses in a dry matter basis in addition to ad libitum bermudagrass hay (ergovaline content in fescue seeds was 5,000 ppb)",1,0.06
Host and clinical,diet,harlan 2018 teklad global 18% protein rodent diet,1,0.06
Host and clinical,diet,fiber free diet,1,0.06
Host and clinical,diet,bran,1,0.06
Host and clinical,diet,breast milk; supplementary nutrition,1,0.06
Host and clinical,diet,e4 males ketogenic diet,1,0.06
Host and clinical,diet,e4 males control diet,1,0.06
Host and clinical,diet,e3 males ketogenic diet,1,0.06
Host and clinical,diet,ers,1,0.06
Host and clinical,diet,ifppb,1,0.06
Host and clinical,diet,fppb,1,0.06
Host and clinical,diet,w-w,1,0.06
Host and clinical,diet,indian semi-vegetarian diet,1,0.06
Host and clinical,diet,mrm,1,0.06
Host and clinical,diet,gluten free,1,0.06
Host and clinical,diet,vitddef,1,0.06
Host and clinical,diet,tuna,1,0.06
Host and clinical,diet,detritivore/filter feeder,1,0.06
Host and clinical,diet,sd,1,0.06
Host and clinical,diet,mk8,1,0.06
Host and clinical,diet,cpd,1,0.06
Host and clinical,diet,tomato soup; sausages; apple jam; white cheese; water; one chocolate,1,0.06
Host and clinical,diet,2 little breads with butter and honey; 1 biscuit (with chocolate); 2 pralines (with gingerbread); milk; water,1,0.06
Host and clinical,diet,rice; fish; pear; water,1,0.06
Host and clinical,diet,western diet,1,0.06
Host and clinical,diet,conmrf,1,0.06
Host and clinical,diet,chloris gayana,1,0.06
Host and clinical,diet,"aphis glycines, a. gossypii, a. craccivora, acyrthosiphon pisum, myzus persicae, plutella xylostella, cycloneda munda; all consumed within 1 hour",1,0.06
Host and clinical,diet,61,1,0.06
Host and clinical,diet,64,1,0.06
Host and clinical,diet,"mostly formula-fed, cow's milk formula, lactose, cereal/starch, fruits/vegetables, juice/sweetened drinks",1,0.06
Host and clinical,diet,"exclusively formula-fed, cow's milk formula, galacto-oligosaccharides, fructo-oligosaccharides, lactose, cereal/starch",1,0.06
Host and clinical,diet,"exclusively formula-fed, hydrolyzed cow's milk formula, lactose, maltodextrin, fruits/vegetables",1,0.06
Host and clinical,diet,"exclusively formula-fed, cow's milk formula, lactose, cereal/starch, fruits/vegetables, meat/fish/eggs, juice/sweetened drinks",1,0.06
Host and clinical,diet,"exclusively formula-fed, hydrolyzed cow's milk formula, corn syrup, cereal/starch, fruits/vegetables",1,0.06
Host and clinical,diet,"mostly formula-fed, hydrolyzed cow's milk formula, corn syrup",1,0.06
Host and clinical,diet,"exclusively formula-fed, cow's milk formula, lactose, cereal/starch, fruits/vegetables, juice/sweetened drinks",1,0.06
Host and clinical,diet,"exclusively formula-fed, cow's milk formula, galacto-oligosaccharides, lactose, polydextrose, cereal/starch",1,0.06
Host and clinical,diet,"mostly breastfed, cow's milk formula, lactose",1,0.06
Host and clinical,diet,"exclusively formula-fed, hydrolyzed cow's milk formula, corn syrup, lactose",1,0.06
Host and clinical,diet,"whole milk fed, cow's milk formula, cereal/starch, fruits/vegetables, meat/fish/eggs, yogurt, whole milk, juice/sweetened drinks, sweets",1,0.06
Host and clinical,diet,"exclusively formula-fed, cow's milk formula, lactose, cereal/starch",1,0.06
Host and clinical,diet,"exclusively formula-fed, cow's milk formula, lactose, cereal/starch, fruits/vegetables",1,0.06
Host and clinical,diet,"exclusively formula-fed, cow's milk formula, lactose, cereal/starch, juice/sweetened drinks",1,0.06
Host and clinical,diet,nutripeixe,1,0.06
Host and clinical,diet,"fish tomatoes, bread, water",1,0.06
Host and clinical,diet,"2 slices of bread, a slice of pork belly, pasta, water, chocolate",1,0.06
Host and clinical,diet,porridge water milk,1,0.06
Host and clinical,diet,"baguette, cheese, ham, yoghurt lightened, water, radish, carrot, 1 glass of white wine",1,0.06
Host and clinical,diet,"pork, potato chips, green salad, 1 glass of red wine",1,0.06
Host and clinical,diet,"tomatoes, mozzarella, arugula, baguette, cheese, red wine, water",1,0.06
Host and clinical,diet,"steak, two slices of bread, 2 yogurts, water",1,0.06
Host and clinical,diet,normal chow,1,0.06
Host and clinical,diet,normal chow + 30% glucose,1,0.06
Host and clinical,diet,kd,1,0.06
Host and clinical,diet,bd,1,0.06
Host and clinical,diet,12,1,0.06
Host and clinical,diet,14,1,0.06
Host and clinical,diet,13,1,0.06
Host and clinical,diet,9,1,0.06
Host and clinical,diet,"techstart 17-25 (kent feeds, muscatine, ia) containing asp250 (chlortetracycline 100 g/ton, sulfamethazine 100 g/ton, penicillin 50 g/ton) ad libitum until euthanization (29 continuous days)",1,0.06
Host and clinical,diet,soil feeder,1,0.06
Host and clinical,diet,litter feeder,1,0.06
Host and clinical,sex,female,3937,51.94
Host and clinical,sex,male,3587,47.32
Host and clinical,sex,2,18,0.24
Host and clinical,sex,mixed,13,0.17
Host and clinical,sex,1,8,0.11
Host and clinical,sex,control sample,5,0.07
Host and clinical,sex,0,4,0.05
Host and clinical,sex,maleixed,3,0.04
Host and clinical,sex,3,3,0.04
Host and clinical,sex,labcontrol test,1,0.01
Host and clinical,sex,male and female,1,0.01
Geography and sequencing,country,usa,13749,29.98
Geography and sequencing,country,china,7240,15.78
Geography and sequencing,country,united kingdom,2505,5.46
Geography and sequencing,country,denmark,1755,3.83
Geography and sequencing,country,germany,1700,3.71
Geography and sequencing,country,france,1561,3.4
Geography and sequencing,country,canada,1516,3.31
Geography and sequencing,country,hong kong,1069,2.33
Geography and sequencing,country,australia,990,2.16
Geography and sequencing,country,spain,979,2.13
Geography and sequencing,country,italy,930,2.03
Geography and sequencing,country,sweden,843,1.84
Geography and sequencing,country,singapore,652,1.42
Geography and sequencing,country,netherlands,634,1.38
Geography and sequencing,country,japan,614,1.34
Geography and sequencing,country,austria,526,1.15
Geography and sequencing,country,finland,499,1.09
Geography and sequencing,country,bangladesh,470,1.02
Geography and sequencing,country,india,355,0.77
Geography and sequencing,country,south korea,337,0.73
Geography and sequencing,country,ireland,334,0.73
Geography and sequencing,country,switzerland,327,0.71
Geography and sequencing,country,norway,302,0.66
Geography and sequencing,country,pacific ocean,277,0.6
Geography and sequencing,country,south africa,262,0.57
Geography and sequencing,country,brazil,260,0.57
Geography and sequencing,country,israel,255,0.56
Geography and sequencing,country,poland,217,0.47
Geography and sequencing,country,zimbabwe,216,0.47
Geography and sequencing,country,colombia,182,0.4
Geography and sequencing,country,russia,169,0.37
Geography and sequencing,country,belgium,164,0.36
Geography and sequencing,country,new zealand,151,0.33
Geography and sequencing,country,malawi,140,0.31
Geography and sequencing,country,malaysia,135,0.29
Geography and sequencing,country,antarctica,132,0.29
Geography and sequencing,country,kenya,131,0.29
Geography and sequencing,country,tanzania,130,0.28
Geography and sequencing,country,atlantic ocean,115,0.25
Geography and sequencing,country,latvia,111,0.24
Geography and sequencing,country,mexico,111,0.24
Geography and sequencing,country,honduras,110,0.24
Geography and sequencing,country,peru,108,0.24
Geography and sequencing,country,uganda,104,0.23
Geography and sequencing,country,chile,98,0.21
Geography and sequencing,country,taiwan,82,0.18
Geography and sequencing,country,argentina,81,0.18
Geography and sequencing,country,north sea,77,0.17
Geography and sequencing,country,turkey,75,0.16
Geography and sequencing,country,hungary,69,0.15
Geography and sequencing,country,burkina faso,69,0.15
Geography and sequencing,country,estonia,67,0.15
Geography and sequencing,country,luxembourg,65,0.14
Geography and sequencing,country,cameroon,64,0.14
Geography and sequencing,country,korea,63,0.14
Geography and sequencing,country,czech republic,62,0.14
Geography and sequencing,country,ecuador,60,0.13
Geography and sequencing,country,saudi arabia,57,0.12
Geography and sequencing,country,botswana,57,0.12
Geography and sequencing,country,portugal,43,0.09
Geography and sequencing,country,indian ocean,41,0.09
Geography and sequencing,country,greece,41,0.09
Geography and sequencing,country,ethiopia,39,0.09
Geography and sequencing,country,democratic republic of the congo,38,0.08
Geography and sequencing,country,fiji,36,0.08
Geography and sequencing,country,panama,35,0.08
Geography and sequencing,country,southern ocean,34,0.07
Geography and sequencing,country,united arab emirates,34,0.07
Geography and sequencing,country,cambodia,34,0.07
Geography and sequencing,country,niger,33,0.07
Geography and sequencing,country,greenland,32,0.07
Geography and sequencing,country,serbia,32,0.07
Geography and sequencing,country,haiti,32,0.07
Geography and sequencing,country,arctic ocean,31,0.07
Geography and sequencing,country,zambia,31,0.07
Geography and sequencing,country,kazakhstan,30,0.07
Geography and sequencing,country,venezuela,29,0.06
Geography and sequencing,country,el salvador,29,0.06
Geography and sequencing,country,papua new guinea,27,0.06
Geography and sequencing,country,nigeria,25,0.05
Geography and sequencing,country,mediterranean sea,24,0.05
Geography and sequencing,country,mozambique,24,0.05
Geography and sequencing,country,ghana,23,0.05
Geography and sequencing,country,puerto rico,23,0.05
Geography and sequencing,country,ukraine,22,0.05
Geography and sequencing,country,thailand,20,0.04
Geography and sequencing,country,slovenia,20,0.04
Geography and sequencing,country,philippines,20,0.04
Geography and sequencing,country,costa rica,19,0.04
Geography and sequencing,country,iran,19,0.04
Geography and sequencing,country,moldova,18,0.04
Geography and sequencing,country,czechia,18,0.04
Geography and sequencing,country,bulgaria,16,0.03
Geography and sequencing,country,iceland,15,0.03
Geography and sequencing,country,baltic sea,15,0.03
Geography and sequencing,country,nicaragua,15,0.03
Geography and sequencing,country,madagascar,14,0.03
Geography and sequencing,country,svalbard,14,0.03
Geography and sequencing,country,french guiana,14,0.03
Geography and sequencing,country,indonesia,13,0.03
Geography and sequencing,country,slovakia,13,0.03
Geography and sequencing,country,senegal,13,0.03
Geography and sequencing,country,egypt,12,0.03
Geography and sequencing,country,mali,12,0.03
Geography and sequencing,country,croatia,11,0.02
Geography and sequencing,country,tunisia,11,0.02
Geography and sequencing,country,kuwait,10,0.02
Geography and sequencing,country,curacao,10,0.02
Geography and sequencing,country,virgin islands,10,0.02
Geography and sequencing,country,mongolia,9,0.02
Geography and sequencing,country,pakistan,9,0.02
Geography and sequencing,country,lithuania,9,0.02
Geography and sequencing,country,republic of the congo,9,0.02
Geography and sequencing,country,cote d'ivoire,8,0.02
Geography and sequencing,country,cyprus,8,0.02
Geography and sequencing,country,romania,8,0.02
Geography and sequencing,country,gambia,8,0.02
Geography and sequencing,country,turkmenistan,7,0.02
Geography and sequencing,country,gabon,7,0.02
Geography and sequencing,country,stadt gottingen,7,0.02
Geography and sequencing,country,uzbekistan,6,0.01
Geography and sequencing,country,north pacific subtropical gyre,6,0.01
Geography and sequencing,country,nepal,5,0.01
Geography and sequencing,country,us,5,0.01
Geography and sequencing,country,uruguay,5,0.01
Geography and sequencing,country,myanmar,5,0.01
Geography and sequencing,country,missing,5,0.01
Geography and sequencing,country,vanuatu,4,0.01
Geography and sequencing,country,control sample,4,0.01
Geography and sequencing,country,xi'an,4,0.01
Geography and sequencing,country,gr,4,0.01
Geography and sequencing,country,french polynesia,4,0.01
Geography and sequencing,country,pacific,4,0.01
Geography and sequencing,country,guam,4,0.01
Geography and sequencing,country,namibia,4,0.01
Geography and sequencing,country,viet nam,4,0.01
Geography and sequencing,country,laos,4,0.01
Geography and sequencing,country,belize,4,0.01
Geography and sequencing,country,seychelles,4,0.01
Geography and sequencing,country,bolivia,4,0.01
Geography and sequencing,country,"helgoland roads, german bight, north sea",3,0.01
Geography and sequencing,country,rwanda,3,0.01
Geography and sequencing,country,mauritius,3,0.01
Geography and sequencing,country,sri lanka,3,0.01
Geography and sequencing,country,weinan,3,0.01
Geography and sequencing,country,kyrgyzstan,3,0.01
Geography and sequencing,country,argentine sea,3,0.01
Geography and sequencing,country,yellowstone national park,3,0.01
Geography and sequencing,country,"st. cloud, fl",3,0.01
Geography and sequencing,country,oman,3,0.01
Geography and sequencing,country,bahamas,3,0.01
Geography and sequencing,country,georgia,2,0.0
Geography and sequencing,country,xianyang,2,0.0
Geography and sequencing,country,guatemala,2,0.0
Geography and sequencing,country,north pacific ocean,2,0.0
Geography and sequencing,country,oceania,2,0.0
Geography and sequencing,country,labcontrol test,2,0.0
Geography and sequencing,country,ee,2,0.0
Geography and sequencing,country,de,2,0.0
Geography and sequencing,country,ukox,2,0.0
Geography and sequencing,country,at,2,0.0
Geography and sequencing,country,ukla,2,0.0
Geography and sequencing,country,"rifle doe ifrc, rifle colorado",2,0.0
Geography and sequencing,country,guadeloupe,2,0.0
Geography and sequencing,country,paracel islands,2,0.0
Geography and sequencing,country,christmas island,2,0.0
Geography and sequencing,country,sierra leone,2,0.0
Geography and sequencing,country,mayotte,2,0.0
Geography and sequencing,country,cuba,2,0.0
Geography and sequencing,country,province (costa rica),1,0.0
Geography and sequencing,country,new caledonia,1,0.0
Geography and sequencing,country,morocco,1,0.0
Geography and sequencing,country,france/mediterranean sea,1,0.0
Geography and sequencing,country,kosovo,1,0.0
Geography and sequencing,country,paraguay,1,0.0
Geography and sequencing,country,shenzhen,1,0.0
Geography and sequencing,country,hanzhong,1,0.0
Geography and sequencing,country,barbados,1,0.0
Geography and sequencing,country,limon,1,0.0
Geography and sequencing,country,"adelaide, south australia, australia",1,0.0
Geography and sequencing,country,borneo,1,0.0
Geography and sequencing,country,benin,1,0.0
Geography and sequencing,country,es,1,0.0
Geography and sequencing,country,is,1,0.0
Geography and sequencing,country,se,1,0.0
Geography and sequencing,country,raunefjorden,1,0.0
Geography and sequencing,country,bermuda,1,0.0
Geography and sequencing,country,strait of georgia,1,0.0
Geography and sequencing,country,trinidad and tobago,1,0.0
Geography and sequencing,country,central african republic,1,0.0
Geography and sequencing,country,sao tome and principe,1,0.0
Geography and sequencing,country,south-west germany,1,0.0
Geography and sequencing,country,north pacific ocean gyre,1,0.0
Geography and sequencing,country,cayman islands,1,0.0
Geography and sequencing,country,arctic deep sea,1,0.0
Geography and sequencing,country,norfolk island,1,0.0
Geography and sequencing,country,falkland islands (islas malvinas),1,0.0
Geography and sequencing,country,micronesia,1,0.0
Geography and sequencing,country,reunion,1,0.0
Geography and sequencing,country,yemen,1,0.0
Geography and sequencing,country,mauritania,1,0.0
Geography and sequencing,country,armenia,1,0.0
Geography and sequencing,continent (SRA calc),north america,15540,32.2
Geography and sequencing,continent (SRA calc),europe,13826,28.64
Geography and sequencing,continent (SRA calc),asia,11557,23.94
Geography and sequencing,continent (SRA calc),uncalculated,3799,7.87
Geography and sequencing,continent (SRA calc),africa,1487,3.08
Geography and sequencing,continent (SRA calc),oceania,1217,2.52
Geography and sequencing,continent (SRA calc),south america,841,1.74
Geography and sequencing,sra_platform,illumina,47503,89.21
Geography and sequencing,sra_platform,ion_torrent,2207,4.14
Geography and sequencing,sra_platform,oxford_nanopore,1140,2.14
Geography and sequencing,sra_platform,dnbseq,967,1.82
Geography and sequencing,sra_platform,bgiseq,776,1.46
Geography and sequencing,sra_platform,abi_solid,266,0.5
Geography and sequencing,sra_platform,ls454,136,0.26
Geography and sequencing,sra_platform,pacbio_smrt,135,0.25
Geography and sequencing,sra_platform,complete_genomics,56,0.11
Geography and sequencing,sra_platform,element,53,0.1
Geography and sequencing,sra_platform,genemind,5,0.01
Geography and sequencing,sra_platform,capillary,2,0.0
Geography and sequencing,sra_platform,ultima,2,0.0
Geography and sequencing,sra_instrument,illumina novaseq 6000,18413,34.58
Geography and sequencing,sra_instrument,illumina hiseq 2500,5421,10.18
Geography and sequencing,sra_instrument,illumina hiseq 2000,4042,7.59
Geography and sequencing,sra_instrument,nextseq 500,4002,7.52
Geography and sequencing,sra_instrument,illumina hiseq 4000,3564,6.69
Geography and sequencing,sra_instrument,unspecified,2323,4.36
Geography and sequencing,sra_instrument,illumina miseq,2093,3.93
Geography and sequencing,sra_instrument,ion torrent proton,1846,3.47
Geography and sequencing,sra_instrument,nextseq 550,1825,3.43
Geography and sequencing,sra_instrument,hiseq x ten,1190,2.23
Geography and sequencing,sra_instrument,illumina novaseq x,1026,1.93
Geography and sequencing,sra_instrument,nextseq 2000,978,1.84
Geography and sequencing,sra_instrument,illumina hiseq 3000,813,1.53
Geography and sequencing,sra_instrument,gridion,600,1.13
Geography and sequencing,sra_instrument,illumina hiseq x,538,1.01
Geography and sequencing,sra_instrument,dnbseq-t7,523,0.98
Geography and sequencing,sra_instrument,dnbseq-g400,429,0.81
Geography and sequencing,sra_instrument,bgiseq-500,426,0.8
Geography and sequencing,sra_instrument,illumina novaseq x plus,418,0.79
Geography and sequencing,sra_instrument,mgiseq-2000rs,347,0.65
Geography and sequencing,sra_instrument,minion,322,0.6
Geography and sequencing,sra_instrument,illumina hiseq 1000,293,0.55
Geography and sequencing,sra_instrument,ion torrent s5,238,0.45
Geography and sequencing,sra_instrument,promethion,218,0.41
Geography and sequencing,sra_instrument,ab 5500xl genetic analyzer,191,0.36
Geography and sequencing,sra_instrument,illumina genome analyzer iix,111,0.21
Geography and sequencing,sra_instrument,illumina hiseq 1500,107,0.2
Geography and sequencing,sra_instrument,454 gs flx titanium,102,0.19
Geography and sequencing,sra_instrument,illumina genome analyzer ii,88,0.17
Geography and sequencing,sra_instrument,illumina miniseq,76,0.14
Geography and sequencing,sra_instrument,nextseq 1000,75,0.14
Geography and sequencing,sra_instrument,ion torrent pgm,72,0.14
Geography and sequencing,sra_instrument,complete genomics,56,0.11
Geography and sequencing,sra_instrument,element aviti,53,0.1
Geography and sequencing,sra_instrument,ion torrent s5 xl,40,0.08
Geography and sequencing,sra_instrument,revio,35,0.07
Geography and sequencing,sra_instrument,sequel iie,31,0.06
Geography and sequencing,sra_instrument,ab solid system,29,0.05
Geography and sequencing,sra_instrument,hiseq x five,28,0.05
Geography and sequencing,sra_instrument,sequel ii,28,0.05
Geography and sequencing,sra_instrument,illumina hiscansq,27,0.05
Geography and sequencing,sra_instrument,illumina iseq 100,24,0.05
Geography and sequencing,sra_instrument,454 gs flx,21,0.04
Geography and sequencing,sra_instrument,pacbio rs ii,20,0.04
Geography and sequencing,sra_instrument,ab solid system 3.0,19,0.04
Geography and sequencing,sra_instrument,ab solid 4 system,18,0.03
Geography and sequencing,sra_instrument,illumina genome analyzer,16,0.03
Geography and sequencing,sra_instrument,dnbseq-g50,15,0.03
Geography and sequencing,sra_instrument,illumina hiseq x ten,15,0.03
Geography and sequencing,sra_instrument,sequel,11,0.02
Geography and sequencing,sra_instrument,pacbio rs,8,0.02
Geography and sequencing,sra_instrument,ab solid 4hq system,7,0.01
Geography and sequencing,sra_instrument,ion genestudio s5 prime,6,0.01
Geography and sequencing,sra_instrument,454 gs flx+,5,0.01
Geography and sequencing,sra_instrument,genolab m,5,0.01
Geography and sequencing,sra_instrument,454 gs junior,3,0.01
Geography and sequencing,sra_instrument,bgiseq-50,3,0.01
Geography and sequencing,sra_instrument,ion s5 xl,3,0.01
Geography and sequencing,sra_instrument,ion genestudio s5 plus,2,0.0
Geography and sequencing,sra_instrument,454 gs 20,2,0.0
Geography and sequencing,sra_instrument,onso,2,0.0
Geography and sequencing,sra_instrument,ug 100,2,0.0
Geography and sequencing,sra_instrument,ab 3730xl genetic analyzer,1,0.0
Geography and sequencing,sra_instrument,ab 5500 genetic analyzer,1,0.0
Geography and sequencing,sra_instrument,ab solid system 2.0,1,0.0
Geography and sequencing,sra_instrument,ab 3500 genetic analyzer,1,0.0
Geography and sequencing,sra_library_layout,paired,44294,83.18
Geography and sequencing,sra_library_layout,single,8954,16.82
Geography and sequencing,samp_mat_process,dneasy powersoil pro kit,181,11.63
Geography and sequencing,samp_mat_process,lysed in 350 µl tissue and cell lysis buffer+100 µg 0.1 mm zirconia beads.,98,6.3
Geography and sequencing,samp_mat_process,dilution in phosphate-buffered saline and flash frozen,89,5.72
Geography and sequencing,samp_mat_process,dna extraction,46,2.96
Geography and sequencing,samp_mat_process,illumina truseq dna nano library kit,43,2.76
Geography and sequencing,samp_mat_process,sterile gauze square premoistened with 1x phosphate buffer saline,35,2.25
Geography and sequencing,samp_mat_process,place at 4 degree celsius and then -80 degree celsius within 4 hours,26,1.67
Geography and sequencing,samp_mat_process,metasub dna isolation,25,1.61
Geography and sequencing,samp_mat_process,"perserved in rna-later, extracted immediatelly upon return from the field trip; dried fecal samples stored at -80°c",24,1.54
Geography and sequencing,samp_mat_process,dna isolation,23,1.48
Geography and sequencing,samp_mat_process,"mobio powersoil 96-well dna kit, 20 min beadbeating retsch",19,1.22
Geography and sequencing,samp_mat_process,metagenomics,16,1.03
Geography and sequencing,samp_mat_process,"flash freeze, preservation in 95% ethanol, -80c",16,1.03
Geography and sequencing,samp_mat_process,"preprocessed, human reads removed",15,0.96
Geography and sequencing,samp_mat_process,ultra-filtration [chmo:0001645],15,0.96
Geography and sequencing,samp_mat_process,shotgun metagenomics,14,0.9
Geography and sequencing,samp_mat_process,filtering,13,0.84
Geography and sequencing,samp_mat_process,dneasy powersoil kit,13,0.84
Geography and sequencing,samp_mat_process,the zymobiomics 96 magbead dna kit,12,0.77
Geography and sequencing,samp_mat_process,lysis buffer,12,0.77
Geography and sequencing,samp_mat_process,meth_1.4 (https://research.csiro.au/ambsm/),12,0.77
Geography and sequencing,samp_mat_process,mp biomedicals spin kit for soil dna extraction,12,0.77
Geography and sequencing,samp_mat_process,unprocessed,11,0.71
Geography and sequencing,samp_mat_process,stool_sample_frozen_at_-80°c_until_further_processing_(qiaamp_fast_dna_stool_mini_kit),11,0.71
Geography and sequencing,samp_mat_process,samples were resuspended within a few hours by vortex and distributed in aliquots (approximately 200µl each) stored at -80°c.,9,0.58
Geography and sequencing,samp_mat_process,"extraction of genomic dna, library preparation and sequencing",9,0.58
Geography and sequencing,samp_mat_process,viral metagenomic,8,0.51
Geography and sequencing,samp_mat_process,doi: 10.1016/j.jinf.2023.02.006,8,0.51
Geography and sequencing,samp_mat_process,shotgun metagenome,8,0.51
Geography and sequencing,samp_mat_process,freezing,7,0.45
Geography and sequencing,samp_mat_process,cetyltrimethylammonium bromide based dna extraction,7,0.45
Geography and sequencing,samp_mat_process,virome,7,0.45
Geography and sequencing,samp_mat_process,wholemetagenome,7,0.45
Geography and sequencing,samp_mat_process,water filtration onto 0.22 um pore size membrane filters,6,0.39
Geography and sequencing,samp_mat_process,cut|rinse,6,0.39
Geography and sequencing,samp_mat_process,"total microbial dna was collected directly from the fecal samples using a powersoil® dna isolation kit (mobio laboratories, inc., carlsbad, ca). isolated dna was used for shotgun-metagenomics data collection using illumina nextseq 500.",6,0.39
Geography and sequencing,samp_mat_process,qiagen powerfecal pro,6,0.39
Geography and sequencing,samp_mat_process,centrifuged and stored -80 deg c,6,0.39
Geography and sequencing,samp_mat_process,"frozen on dry ice, stored at -80c",6,0.39
Geography and sequencing,samp_mat_process,zymobiomicstm dna miniprep kit (cat. no. d4304),6,0.39
Geography and sequencing,samp_mat_process,"stored at -80c ~8 years, then thawed and processed in zymo dna-rna shield before extraction",6,0.39
Geography and sequencing,samp_mat_process,immediate freezing,6,0.39
Geography and sequencing,samp_mat_process,samples were preserved in rnalater and frozen,6,0.39
Geography and sequencing,samp_mat_process,"sample was added during dna extraction of real samples on the same microtiter plate, following manufacturers instructions",5,0.32
Geography and sequencing,samp_mat_process,"water was prefiltered with decreasing pore-size (150µm, 50µm, 10µm) coupled to tangential filtration on a spectrum krosflo pes 0.65 μm column to retain 1 l of concentrate. the sample was then centrifuged at 10000g with 0.01% pluronic acid. the pellet was split for dna and rna extraction.",5,0.32
Geography and sequencing,samp_mat_process,"powersoil dna isolation kit (mobio, west carlsbad, ca, usa)",5,0.32
Geography and sequencing,samp_mat_process,"material pre-filtered with a 3.0 micron pore-size, 142mm diameter polycarbonate filter, and collected on a 0.22 micron pore-size sterivex filter (millipore, burlington, ma). genomic dna from thermus thermophilus hb8 was added (44 ng) prior extraction for quantification analyses, as per satinsky et al. 2013 (https://doi.org/10.1016/b978-0-12-407863-5.00012-5). dna was extracted using masterpure™ complete dna and rna purification kit (lucigen, middleton, wi).",5,0.32
Geography and sequencing,samp_mat_process,"masterpure complete dna and rna purification kit (epicentre), lysozyme, and proteinase k",5,0.32
Geography and sequencing,samp_mat_process,sample ground in liquid nitrogen before phenol:chloroform dna extraction,5,0.32
Geography and sequencing,samp_mat_process,mp fastdna spin feces,5,0.32
Geography and sequencing,samp_mat_process,host dna depletion,5,0.32
Geography and sequencing,samp_mat_process,total dna extraction,5,0.32
Geography and sequencing,samp_mat_process,collected manually,5,0.32
Geography and sequencing,samp_mat_process,serial filtration: 0.22 um filter,5,0.32
Geography and sequencing,samp_mat_process,ice preservation,5,0.32
Geography and sequencing,samp_mat_process,filtered onto a 2um celltrap,5,0.32
Geography and sequencing,samp_mat_process,stored in a liquid nitrogen dewar until being transferred to a -80ºc freezer,5,0.32
Geography and sequencing,samp_mat_process,phorbol 12-myristate-13-acetate (pma) treated,4,0.26
Geography and sequencing,samp_mat_process,rnalater at -20 degree celsius,4,0.26
Geography and sequencing,samp_mat_process,core sectioning,4,0.26
Geography and sequencing,samp_mat_process,immediate storage at -80c,4,0.26
Geography and sequencing,samp_mat_process,stored in a liquid nitrogen dewar until being transferred to a -80c freezer,4,0.26
Geography and sequencing,samp_mat_process,dna extracted using phenol-chloroform method,4,0.26
Geography and sequencing,samp_mat_process,mem-treated,4,0.26
Geography and sequencing,samp_mat_process,"microfiltration, pbs wash",4,0.26
Geography and sequencing,samp_mat_process,store at -20 degree,4,0.26
Geography and sequencing,samp_mat_process,"total genomic dna was extracted from the feces using the zymo quick-dna/rna mag bead kit (zymo research) and quality was checked with qubit (thermo fisher), as per manufacturer's protocol.",4,0.26
Geography and sequencing,samp_mat_process,free living fraction (5 micron - 0.22 micron),4,0.26
Geography and sequencing,samp_mat_process,serial filtration: 5 um filter,4,0.26
Geography and sequencing,samp_mat_process,carboxylate platform,4,0.26
Geography and sequencing,samp_mat_process,frozen on dry ice,4,0.26
Geography and sequencing,samp_mat_process,1 gram of freshly voided feces,4,0.26
Geography and sequencing,samp_mat_process,wgs,4,0.26
Geography and sequencing,samp_mat_process,allprep power fecal 96 kit (qiagen),4,0.26
Geography and sequencing,samp_mat_process,fixed in rnalater,3,0.19
Geography and sequencing,samp_mat_process,frozen/allprotect,3,0.19
Geography and sequencing,samp_mat_process,centrifugation at 3820 rcf for 30 min,3,0.19
Geography and sequencing,samp_mat_process,homogenizing in water; centrifuged to separate solid fraction; spiked with external standard (s. alaskensis),3,0.19
Geography and sequencing,samp_mat_process,netovir,3,0.19
Geography and sequencing,samp_mat_process,non-phorbol 12-myristate-13-acetate (pma) treated,3,0.19
Geography and sequencing,samp_mat_process,removal of cellular material from swab,3,0.19
Geography and sequencing,samp_mat_process,collection on 0.22 um filter,3,0.19
Geography and sequencing,samp_mat_process,storage in 1:1 rnaprotect by weight,3,0.19
Geography and sequencing,samp_mat_process,psp spin stool dna kit for microbial dna extraction,3,0.19
Geography and sequencing,samp_mat_process,"metapolyzyme lysis, qiagen magattract extraction, pronex clean-up",3,0.19
Geography and sequencing,samp_mat_process,40c for 7 days,3,0.19
Geography and sequencing,samp_mat_process,remove outer leaves,3,0.19
Geography and sequencing,samp_mat_process,metaribosome profiling,3,0.19
Geography and sequencing,samp_mat_process,preserved -80c,3,0.19
Geography and sequencing,samp_mat_process,cryopreservation,3,0.19
Geography and sequencing,samp_mat_process,centrifugation; dna extraction from pellet for bacterial analysis; virus-like particle enrichment and total nucleic acid extraction from supernatant for viral analysis.,3,0.19
Geography and sequencing,samp_mat_process,"root nodules excised, sterilised and crushed in buffer solution, bacterial suspension sequenced",3,0.19
Geography and sequencing,samp_mat_process,rumen liquor dna was extracted using rbbc method,3,0.19
Geography and sequencing,samp_mat_process,filtration onto 0.2µm sterivex filter,3,0.19
Geography and sequencing,samp_mat_process,"dneasy powerwater kit (qiagen), internal genomic standard addition, dna assay kit (invitrogen), illumina dna prep kit (illumina)",3,0.19
Geography and sequencing,samp_mat_process,frozen,3,0.19
Geography and sequencing,samp_mat_process,nucleospin tissue kit mg,3,0.19
Geography and sequencing,samp_mat_process,"dna extracted with the ultra-deep microbiome prep kit (molzym, bremen, germany)",3,0.19
Geography and sequencing,samp_mat_process,zymo microbiomics dna/rna,3,0.19
Geography and sequencing,samp_mat_process,trizol extraction,3,0.19
Geography and sequencing,samp_mat_process,zymobiomics dna/rna miniprep kit,3,0.19
Geography and sequencing,samp_mat_process,dna,3,0.19
Geography and sequencing,samp_mat_process,150 ml,3,0.19
Geography and sequencing,samp_mat_process,flash freezing with liquid nitrogen,3,0.19
Geography and sequencing,samp_mat_process,pmid:22763648,3,0.19
Geography and sequencing,samp_mat_process,qiagen dneasy blood & tissue kit; kapa hyperplus kit.,3,0.19
Geography and sequencing,samp_mat_process,store at -20c after sampling,2,0.13
Geography and sequencing,samp_mat_process,wasop1,2,0.13
Geography and sequencing,samp_mat_process,wasop 1,2,0.13
Geography and sequencing,samp_mat_process,0.2-3,2,0.13
Geography and sequencing,samp_mat_process,>0.2,2,0.13
Geography and sequencing,samp_mat_process,human_dna_depletion,2,0.13
Geography and sequencing,samp_mat_process,zymobiomics dna mini kit,2,0.13
Geography and sequencing,samp_mat_process,sediments were frozen,2,0.13
Geography and sequencing,samp_mat_process,microbes separated from host by filtration and centrifugation,2,0.13
Geography and sequencing,samp_mat_process,whole tissue,2,0.13
Geography and sequencing,samp_mat_process,powersoil dna isolation kit,2,0.13
Geography and sequencing,samp_mat_process,filtration| tff,2,0.13
Geography and sequencing,samp_mat_process,"sample preserved in rnalater stabilizing reagent and extracted with rneasy powersoil dna elution accessory kit (qiagen, hilden, germany)",2,0.13
Geography and sequencing,samp_mat_process,a metagenome kit was used to degrade human cells from the sputum samples prior to metagenomic dna isolation and sequencing.,2,0.13
Geography and sequencing,samp_mat_process,homogenizing in water; centrifuged to separate solid fraction; divided into 2 or more subsamples; spiked with external standard (s. alaskensis),2,0.13
Geography and sequencing,samp_mat_process,fresh-frozen at -80oc,2,0.13
Geography and sequencing,samp_mat_process,tissues dissected after collection,2,0.13
Geography and sequencing,samp_mat_process,decontamination and dna extraction,2,0.13
Geography and sequencing,samp_mat_process,freezing (-80°c) and dna extraction (qiagen dneasy powersoil pro kit),2,0.13
Geography and sequencing,samp_mat_process,powersoil dna extraction kit,2,0.13
Geography and sequencing,samp_mat_process,inoculation psb,2,0.13
Geography and sequencing,samp_mat_process,rbbc,2,0.13
Geography and sequencing,samp_mat_process,storage in 1:1 dna/rna shield by weight,2,0.13
Geography and sequencing,samp_mat_process,input,2,0.13
Geography and sequencing,samp_mat_process,23c for 7 days,2,0.13
Geography and sequencing,samp_mat_process,mobio power soil dna isolation kit,2,0.13
Geography and sequencing,samp_mat_process,biomass collection on 0.2 m filters after 0.8 m pre-filtration,2,0.13
Geography and sequencing,samp_mat_process,extraction from co-culture,2,0.13
Geography and sequencing,samp_mat_process,trichome enrichment,2,0.13
Geography and sequencing,samp_mat_process,dissected midgut of one individual female adult stored in phosphate buffered saline,2,0.13
Geography and sequencing,samp_mat_process,"pool of 3 fecal samples homogenized in a precellys evolution tissue homogenizer (bertin) in 2 ml tubes with 1.4 mm ceramic beads, adding 1 volume of 1x pbs to obtain a final volume of 1.5 ml. homogenization consisted of 3 cycles of 30 sec at 6500 rpm, with a 10 sec pause between cycles. homogenates were centrifuged in two rounds at 20,000 g for 3 min at 4 c. supernatants were transferred to new tubes and filtered using minisart cellulose acetate syringe filters with a 1.2 m pore size (sartorius). the filtrate was transferred to ultra-clean 2 ml tubes and 280 l were collected for nucleic acid extraction using the qiaamp viral rna mini kit (qiagen). the extract was eluted in a final volume of 40 l and stored at -80 c.",2,0.13
Geography and sequencing,samp_mat_process,superfastprep2 950 cycles,2,0.13
Geography and sequencing,samp_mat_process,superfastprep2 233 cycles,2,0.13
Geography and sequencing,samp_mat_process,meth_1.1 (https://research.csiro.au/ambsm/),2,0.13
Geography and sequencing,samp_mat_process,meth_1.6 (https://research.csiro.au/ambsm/),2,0.13
Geography and sequencing,samp_mat_process,litter ground and used for dna extraction,2,0.13
Geography and sequencing,samp_mat_process,desiccated,2,0.13
Geography and sequencing,samp_mat_process,"briefly, seawater samples were 8.0 m filtered and precipitated overnight with 10% polyethylene glycol (peg). peg-precipitated bacteria and viruses were collected using a 0.22 m sterivex filter, prior to dna extraction.",2,0.13
Geography and sequencing,samp_mat_process,sample processing: dx.doi.org/10.17504/protocols.io.q26g7p1y3gwz/v1,2,0.13
Geography and sequencing,samp_mat_process,nanopore shallow shotgun metagenomic sequencing,2,0.13
Geography and sequencing,samp_mat_process,0.2um filtered hfuf <0.05 innovaprep freezer,2,0.13
Geography and sequencing,samp_mat_process,white rice,2,0.13
Geography and sequencing,samp_mat_process,illumina; illumina miseq; paired,2,0.13
Geography and sequencing,samp_mat_process,enzymatic lysis with lysozyme and metapolyzyme followed by dna extraction (quick-dna hmw magbead kit ),2,0.13
Geography and sequencing,samp_mat_process,"2 g aliquot of stool sample was mixed with 2 ml of 0.9% nacl and 4 ml of glycerol and frozen at −20 °c. this stock was later used for acinetobacter enrichment cultures in minimal medium with acetate as a sole carbon source, incubated at 30°c . dna was extracted from the enrichment cultures with dneasy ultraclean microbial kit (qiagen).",2,0.13
Geography and sequencing,samp_mat_process,lyophilized,2,0.13
Geography and sequencing,samp_mat_process,samples were stored at -80°c,2,0.13
Geography and sequencing,samp_mat_process,dna extraction using ctab method,2,0.13
Geography and sequencing,samp_mat_process,cultured with disinfectant,2,0.13
Geography and sequencing,samp_mat_process,nucleic acid extraction based on magnetic beads (kit),2,0.13
Geography and sequencing,samp_mat_process,allprep powerfecal dna/rna kit,2,0.13
Geography and sequencing,samp_mat_process,qiaamp ucp pathogen mini kit,2,0.13
Geography and sequencing,samp_mat_process,magpurix bacterial dna extraction kit using automated zinexts system,2,0.13
Geography and sequencing,samp_mat_process,filtered on 0.2 um supor filter,2,0.13
Geography and sequencing,samp_mat_process,rna extraction,2,0.13
Geography and sequencing,samp_mat_process,"excerpt from pmid 27015005: peat soil microcosms were set up by mixing 30 g of fresh soil (10-20 cm depth) with 60 ml of filter-sterilized (0.2 μm) and anoxic peat water in 250 ml sterile glass bottles. microcosms were sealed under 100 % n₂ with butyl rubber septa and incubated for 53 days in the dark at 14 °c. microcosms were periodically amended from the first day of incubation with formate, acetate, propionate, lactate, or butyrate, or incubated without any external substrate. half of the substrate-amended and -unamended microcosms additionally received periodic amendments of sulfate. these microcosms were initially spiked with sulfate, and, thereafter, were periodically amended with small amounts of sulfate. triplicate microcosms were set up per incubation condition (36 microcosms in total).",2,0.13
Geography and sequencing,samp_mat_process,"centrifugation at 10,621g on sigma 2-16p for 10 min",2,0.13
Geography and sequencing,samp_mat_process,"prefilteration through a 2.0 um polycarbonate and 0.2 um supor filters, <0.2um filtrate amended with (1g/l fecl3) incubated for 1 hour and filtered on a 0.6 um polycarbonate filter",2,0.13
Geography and sequencing,samp_mat_process,flow cytometry purification,2,0.13
Geography and sequencing,samp_mat_process,scraping and dissolving,2,0.13
Geography and sequencing,samp_mat_process,"dna was extracted using the ‘genomic dna from soil’ nucleospin soil kit (macherey-nagel, de). dna was sheared using an e220 focused-ultrasonicator (covaris, usa). library preparation was performed using the nebnext ultra dna library prep kit for illumina and the nebnext multiplex oligos for illumina (both new england biolabs, uk). sequencing was performed on a miseq sequencer using a miseq reagent kit v3 for 600 cycle (illumina, usa).",2,0.13
Geography and sequencing,samp_mat_process,liquid frozen immediately at -20 deg c; thawed and centrifuged to pellet cells just before dna extraction,2,0.13
Geography and sequencing,samp_mat_process,qiamp,1,0.06
Geography and sequencing,samp_mat_process,size fractionation (0.22-3 um),1,0.06
Geography and sequencing,samp_mat_process,transported on ice in a cooler and forzen to -80â°c on the same day,1,0.06
Geography and sequencing,samp_mat_process,fecal material was air dried on dbs paper,1,0.06
Geography and sequencing,samp_mat_process,sosop2,1,0.06
Geography and sequencing,samp_mat_process,water filtration onto 0.02 um pore size membrane filters,1,0.06
Geography and sequencing,samp_mat_process,"water was prefiltered with decreasing pore-size: 150µm, 50µm, 10µm. microorganisms from the 10 µm filter were resuspended in 300 ml of serile water and centrifuged at 10000g with 0.01% pluronic acid. the pellet was split for dna and rna extraction",1,0.06
Geography and sequencing,samp_mat_process,size fraction (micrometer): >3,1,0.06
Geography and sequencing,samp_mat_process,"sequential filtration through 10, 3 and 0.2 micron polycarbonate membrane filter.",1,0.06
Geography and sequencing,samp_mat_process,qiagen dneasy powersoil kit,1,0.06
Geography and sequencing,samp_mat_process,powerwater sterivex dna isolation kit,1,0.06
Geography and sequencing,samp_mat_process,zymobiomics dna/rna miniprep,1,0.06
Geography and sequencing,samp_mat_process,pma,1,0.06
Geography and sequencing,samp_mat_process,culture enrichment,1,0.06
Geography and sequencing,samp_mat_process,"after decomposition, fish was rinsed with sterile water and ground with liquid nitrogen using a clean mortar and pestle.",1,0.06
Geography and sequencing,samp_mat_process,kit1,1,0.06
Geography and sequencing,samp_mat_process,2018-03-21,1,0.06
Geography and sequencing,samp_mat_process,2018-03-19,1,0.06
Geography and sequencing,samp_mat_process,noveseq (illumina),1,0.06
Geography and sequencing,samp_mat_process,storage frozen,1,0.06
Geography and sequencing,samp_mat_process,wastewater influent collected from hkg plant 1 assembled with hybridspades,1,0.06
Geography and sequencing,samp_mat_process,wastewater influent collected from che plant 1 assembled with opera-ms,1,0.06
Geography and sequencing,samp_mat_process,wastewater influent collected from che plant 1 assembled withcanu,1,0.06
Geography and sequencing,samp_mat_process,jl35,1,0.06
Geography and sequencing,samp_mat_process,jl20,1,0.06
Geography and sequencing,samp_mat_process,jl60,1,0.06
Geography and sequencing,samp_mat_process,jl28,1,0.06
Geography and sequencing,samp_mat_process,t2_y0_4,1,0.06
Geography and sequencing,samp_mat_process,t1_y4_3,1,0.06
Geography and sequencing,samp_mat_process,4d02_3,1,0.06
Geography and sequencing,samp_mat_process,3s03_3,1,0.06
Geography and sequencing,samp_mat_process,3p04_3,1,0.06
Geography and sequencing,samp_mat_process,3p01_3,1,0.06
Geography and sequencing,samp_mat_process,3d04_3,1,0.06
Geography and sequencing,samp_mat_process,t0_y1_2,1,0.06
Geography and sequencing,samp_mat_process,zd03,1,0.06
Geography and sequencing,samp_mat_process,t4_y5_4,1,0.06
Geography and sequencing,samp_mat_process,t2_y5_2,1,0.06
Geography and sequencing,samp_mat_process,1d04_3,1,0.06
Geography and sequencing,samp_mat_process,t1_y1_4,1,0.06
Geography and sequencing,samp_mat_process,t1_y1_2,1,0.06
Geography and sequencing,samp_mat_process,t1_y0_2,1,0.06
Geography and sequencing,samp_mat_process,t0_y4_4,1,0.06
Geography and sequencing,samp_mat_process,soil frozen immediately after collection,1,0.06
Geography and sequencing,samp_mat_process,processed,1,0.06
Geography and sequencing,samp_mat_process,homogenizing in water; centrifuged to separate solid fraction; divided into 2 or more subsamples,1,0.06
Geography and sequencing,samp_mat_process,homogenizing in water; centrifuged to separate solid fraction,1,0.06
Geography and sequencing,samp_mat_process,minion sequencing,1,0.06
Geography and sequencing,samp_mat_process,stored at 4 degree after sampling,1,0.06
Geography and sequencing,samp_mat_process,mice gut microbiome rp4-t replicate 3,1,0.06
Geography and sequencing,samp_mat_process,biomass samples collected in aseptic conditions,1,0.06
Geography and sequencing,samp_mat_process,"grounding, 0.45um filtration, centrifugation, dnase and rnase treatment, dna and rna extraction, reverse transcription, second-strand dna synthesis, random pcr, nucleic acids purification, library preparation , high-throughput sequencing (miseq 250 bp reads)",1,0.06
Geography and sequencing,samp_mat_process,sludge from digester was used to inoculate phosphite-amended enrichments; sequences are from phosphite oxidizing enrichments,1,0.06
Geography and sequencing,samp_mat_process,no dna barcode was spiked into the microbial dna extracted from the pond water samples.,1,0.06
Geography and sequencing,samp_mat_process,"fixed with ethanol, sonicated, stored at -80c, no 1,7-octadiyne inactivation, no azide-fluor 488 added, dna extracted with dneasy blood and tissue kit (qiagen)",1,0.06
Geography and sequencing,samp_mat_process,"fixed with ethanol, sonicated, stored at -80c, 1,7-octadiyne inactivation, no azide-fluor 488 added, dna extracted with dneasy blood and tissue kit (qiagen)",1,0.06
Geography and sequencing,samp_mat_process,"5 g of wet rice paddy soil were incubated in 10 ml of tsb medium, 1 ml of the culture was transferred into 10 ml of new, sterile growth tsb medium. this procedure was then repeated three times to obtain the tsb anaerobic rice paddy soil-derived microbiome. in this biosample, the medium was amended with 25 micromolar arsenite before inoculation and sampled 45h after inoculation.",1,0.06
Geography and sequencing,samp_mat_process,"dna extraction: fastdna spin kit for soil (sku 116560200, mp biomedicals, santa ana, ca)",1,0.06
Geography and sequencing,samp_mat_process,wgs ont,1,0.06
Geography and sequencing,samp_mat_process,particulate material 0.2µm - 3µm,1,0.06
Geography and sequencing,samp_mat_process,"sediment from a coastal wetland near st. ignace, used in a microcosm experiment, incubated with light synthetic crude and fertilizer (bushnell and haas medium) for 30 days at 22c.",1,0.06
Geography and sequencing,samp_mat_process,"laboratory sterilisation of sediment, length and weight calculation for organisms, sediment and organisms combined manually",1,0.06
Geography and sequencing,samp_mat_process,enrichment with sodium acetate,1,0.06
Geography and sequencing,samp_mat_process,enrichment with sodium formate,1,0.06
Geography and sequencing,samp_mat_process,centrifugation,1,0.06
Geography and sequencing,samp_mat_process,frozen at -80 deg. c,1,0.06
Geography and sequencing,samp_mat_process,zr soil microbe dna miniprep kit,1,0.06
Geography and sequencing,samp_mat_process,frozen sediment,1,0.06
Geography and sequencing,samp_mat_process,"0.2-335 micron filter, rnalater, -80c",1,0.06
Geography and sequencing,samp_mat_process,addition of rnaprotect bacteria reagent for transport and storage,1,0.06
Geography and sequencing,samp_mat_process,qiaamp dna stool mini kit,1,0.06
Geography and sequencing,samp_mat_process,"prefiltration on 0.22 µm, collection on 0.02 µm",1,0.06
Geography and sequencing,samp_mat_process,zymobiomics dna/rna mini kit,1,0.06
Geography and sequencing,samp_mat_process,water washing,1,0.06
Geography and sequencing,samp_mat_process,combination of triplicate 1.2 ml samples,1,0.06
Geography and sequencing,samp_mat_process,0.45um polycarbonate filters,1,0.06
Geography and sequencing,samp_mat_process,dual dna and rna extraction using zymobionics kits,1,0.06
Geography and sequencing,samp_mat_process,soil with bacillus anthracis dna spiked in at 2%,1,0.06
Geography and sequencing,samp_mat_process,no processing,1,0.06
Geography and sequencing,samp_mat_process,"trachea, pig f",1,0.06
Geography and sequencing,samp_mat_process,"trachea, pig a",1,0.06
Geography and sequencing,samp_mat_process,"decompoed grub, w/ 500 mixed stage cellulase mutant p. pacificus. collected at 1st time point",1,0.06
Geography and sequencing,samp_mat_process,pellet dna,1,0.06
Geography and sequencing,samp_mat_process,groundwater5,1,0.06
Geography and sequencing,samp_mat_process,"was isolated using the mobio dneasy® powersoil® isolation kit (mobio laboratories, carlsbad, usa)",1,0.06
Geography and sequencing,samp_mat_process,sample65,1,0.06
Geography and sequencing,samp_mat_process,incubated with 12c bicarbonate for 21 days,1,0.06
Geography and sequencing,samp_mat_process,surface water samples were collected using a wide mouth white bottle of hdpe make and 1 l capacity. collected samples were immediately xed with molecular grade absolute ethanol for environmental dna extraction and subsequent microbial community analyses.,1,0.06
Geography and sequencing,samp_mat_process,filtration on filters to retained >10 μm size fraction,1,0.06
Geography and sequencing,samp_mat_process,water filtered through pes filter membrane until clogged,1,0.06
Geography and sequencing,samp_mat_process,cln,1,0.06
Geography and sequencing,samp_mat_process,"harvested by centrifugation, extracted using ctab protocol",1,0.06
Geography and sequencing,samp_mat_process,direct extraction from the coralloid root,1,0.06
Geography and sequencing,samp_mat_process,harbour,1,0.06
Geography and sequencing,samp_mat_process,batch entichment cultivation,1,0.06
Geography and sequencing,samp_mat_process,sterilization and destruction,1,0.06
Geography and sequencing,samp_mat_process,"cultured from frozen stocks, extracted with roche high pure pcr template preparation kit",1,0.06
Geography and sequencing,samp_mat_process,shotgun metagenomic sequencing,1,0.06
Geography and sequencing,samp_mat_process,viral and bacterial enrichment,1,0.06
Geography and sequencing,samp_mat_process,larva reared to the 4th instar and stored in phosphate buffered saline,1,0.06
Geography and sequencing,samp_mat_process,disease-suppressive soil+ pathogen inoculation replicate 3,1,0.06
Geography and sequencing,samp_mat_process,disease-conductive soil replicate 1,1,0.06
Geography and sequencing,samp_mat_process,30 um filter,1,0.06
Geography and sequencing,samp_mat_process,middle layer of sediment,1,0.06
Geography and sequencing,samp_mat_process,deep layer of sediment,1,0.06
Geography and sequencing,samp_mat_process,surface layer of sediment,1,0.06
Geography and sequencing,samp_mat_process,"samples were collected on may 16th, 2023 and stored in 25% glycerol, but then used in a biofilm induction experiment on december 9th, 2023. the sequencing data is the experiment not the raw samples.",1,0.06
Geography and sequencing,samp_mat_process,fastprep24 360 metres lysis distance,1,0.06
Geography and sequencing,samp_mat_process,fastprep24 80 metres lysis distance,1,0.06
Geography and sequencing,samp_mat_process,superfastprep2 300 cycles,1,0.06
Geography and sequencing,samp_mat_process,superfastprep2 100 cycles,1,0.06
Geography and sequencing,samp_mat_process,fastprep24 40 metres lysis distance,1,0.06
Geography and sequencing,samp_mat_process,fastprep24 20 metres lysis distance,1,0.06
Geography and sequencing,samp_mat_process,enrichment culture from bulk water,1,0.06
Geography and sequencing,samp_mat_process,"rumen liquid protozoa enriched sample, extracted with yu & morrison kit, cow 2, replicate 2",1,0.06
Geography and sequencing,samp_mat_process,"rumen liquid protozoa enriched sample, extracted with roche kit, cow 1, replicate 3",1,0.06
Geography and sequencing,samp_mat_process,"resuspended in sm buffer, centrifuged, filtered through 0.45um, subjected to ultracentrifugation in cscl step gradient (5m-3m), bottom fraction collected and buffer exchanged by ultrafiltration",1,0.06
Geography and sequencing,samp_mat_process,cryogenic,1,0.06
Geography and sequencing,samp_mat_process,fastprep,1,0.06
Geography and sequencing,samp_mat_process,illumina novaseq library prep,1,0.06
Geography and sequencing,samp_mat_process,free living fraction (5m - 0.22m),1,0.06
Geography and sequencing,samp_mat_process,209,1,0.06
Geography and sequencing,samp_mat_process,323,1,0.06
Geography and sequencing,samp_mat_process,322,1,0.06
Geography and sequencing,samp_mat_process,255,1,0.06
Geography and sequencing,samp_mat_process,200,1,0.06
Geography and sequencing,samp_mat_process,149,1,0.06
Geography and sequencing,samp_mat_process,142,1,0.06
Geography and sequencing,samp_mat_process,63,1,0.06
Geography and sequencing,samp_mat_process,62,1,0.06
Geography and sequencing,samp_mat_process,96,1,0.06
Geography and sequencing,samp_mat_process,402,1,0.06
Geography and sequencing,samp_mat_process,401,1,0.06
Geography and sequencing,samp_mat_process,380,1,0.06
Geography and sequencing,samp_mat_process,365,1,0.06
Geography and sequencing,samp_mat_process,170,1,0.06
Geography and sequencing,samp_mat_process,110,1,0.06
Geography and sequencing,samp_mat_process,106,1,0.06
Geography and sequencing,samp_mat_process,1,1,0.06
Geography and sequencing,samp_mat_process,453,1,0.06
Geography and sequencing,samp_mat_process,296,1,0.06
Geography and sequencing,samp_mat_process,239,1,0.06
Geography and sequencing,samp_mat_process,236,1,0.06
Geography and sequencing,samp_mat_process,230,1,0.06
Geography and sequencing,samp_mat_process,437,1,0.06
Geography and sequencing,samp_mat_process,427,1,0.06
Geography and sequencing,samp_mat_process,392,1,0.06
Geography and sequencing,samp_mat_process,386,1,0.06
Geography and sequencing,samp_mat_process,358,1,0.06
Geography and sequencing,samp_mat_process,356,1,0.06
Geography and sequencing,samp_mat_process,30,1,0.06
Geography and sequencing,samp_mat_process,284,1,0.06
Geography and sequencing,samp_mat_process,282,1,0.06
Geography and sequencing,samp_mat_process,23,1,0.06
Geography and sequencing,samp_mat_process,830,1,0.06
Geography and sequencing,samp_mat_process,767,1,0.06
Geography and sequencing,samp_mat_process,755,1,0.06
Geography and sequencing,samp_mat_process,752,1,0.06
Geography and sequencing,samp_mat_process,679,1,0.06
Geography and sequencing,samp_mat_process,671,1,0.06
Geography and sequencing,samp_mat_process,666,1,0.06
Geography and sequencing,samp_mat_process,582,1,0.06
Geography and sequencing,samp_mat_process,434,1,0.06
Geography and sequencing,samp_mat_process,405,1,0.06
Geography and sequencing,samp_mat_process,336,1,0.06
Geography and sequencing,samp_mat_process,334,1,0.06
Geography and sequencing,samp_mat_process,321,1,0.06
Geography and sequencing,samp_mat_process,17,1,0.06
Geography and sequencing,samp_mat_process,854,1,0.06
Geography and sequencing,samp_mat_process,853,1,0.06
Geography and sequencing,samp_mat_process,850,1,0.06
Geography and sequencing,samp_mat_process,701,1,0.06
Geography and sequencing,samp_mat_process,647,1,0.06
Geography and sequencing,samp_mat_process,617,1,0.06
Geography and sequencing,samp_mat_process,610,1,0.06
Geography and sequencing,samp_mat_process,533,1,0.06
Geography and sequencing,samp_mat_process,469,1,0.06
Geography and sequencing,samp_mat_process,38,1,0.06
Geography and sequencing,samp_mat_process,370,1,0.06
Geography and sequencing,samp_mat_process,29,1,0.06
Geography and sequencing,samp_mat_process,277,1,0.06
Geography and sequencing,samp_mat_process,274,1,0.06
Geography and sequencing,samp_mat_process,205,1,0.06
Geography and sequencing,samp_mat_process,204,1,0.06
Geography and sequencing,samp_mat_process,203,1,0.06
Geography and sequencing,samp_mat_process,187,1,0.06
Geography and sequencing,samp_mat_process,186,1,0.06
Geography and sequencing,samp_mat_process,941,1,0.06
Geography and sequencing,samp_mat_process,928,1,0.06
Geography and sequencing,samp_mat_process,898,1,0.06
Geography and sequencing,samp_mat_process,891,1,0.06
Geography and sequencing,samp_mat_process,889,1,0.06
Geography and sequencing,samp_mat_process,811,1,0.06
Geography and sequencing,samp_mat_process,801,1,0.06
Geography and sequencing,samp_mat_process,770,1,0.06
Geography and sequencing,samp_mat_process,574,1,0.06
Geography and sequencing,samp_mat_process,299,1,0.06
Geography and sequencing,samp_mat_process,227,1,0.06
Geography and sequencing,samp_mat_process,217,1,0.06
Geography and sequencing,samp_mat_process,964,1,0.06
Geography and sequencing,samp_mat_process,946,1,0.06
Geography and sequencing,samp_mat_process,528,1,0.06
Geography and sequencing,samp_mat_process,524,1,0.06
Geography and sequencing,samp_mat_process,511,1,0.06
Geography and sequencing,samp_mat_process,505,1,0.06
Geography and sequencing,samp_mat_process,497,1,0.06
Geography and sequencing,samp_mat_process,492,1,0.06
Geography and sequencing,samp_mat_process,464,1,0.06
Geography and sequencing,samp_mat_process,462,1,0.06
Geography and sequencing,samp_mat_process,634,1,0.06
Geography and sequencing,samp_mat_process,64,1,0.06
Geography and sequencing,samp_mat_process,623,1,0.06
Geography and sequencing,samp_mat_process,621,1,0.06
Geography and sequencing,samp_mat_process,620,1,0.06
Geography and sequencing,samp_mat_process,345,1,0.06
Geography and sequencing,samp_mat_process,339,1,0.06
Geography and sequencing,samp_mat_process,268,1,0.06
Geography and sequencing,samp_mat_process,261,1,0.06
Geography and sequencing,samp_mat_process,26,1,0.06
Geography and sequencing,samp_mat_process,178,1,0.06
Geography and sequencing,samp_mat_process,167,1,0.06
Geography and sequencing,samp_mat_process,138,1,0.06
Geography and sequencing,samp_mat_process,131,1,0.06
Geography and sequencing,samp_mat_process,126,1,0.06
Geography and sequencing,samp_mat_process,122,1,0.06
Geography and sequencing,samp_mat_process,13,1,0.06
Geography and sequencing,samp_mat_process,103,1,0.06
Geography and sequencing,samp_mat_process,iron sulfide was added to the anaerobic culture,1,0.06
Geography and sequencing,samp_mat_process,"control, post-weaning, pig id 270",1,0.06
Geography and sequencing,samp_mat_process,"control, pre-weaning, pig id 336",1,0.06
Geography and sequencing,samp_mat_process,"fft, pre-weaning, pig id 78",1,0.06
Geography and sequencing,samp_mat_process,"fft, pre-weaning, pig id 77",1,0.06
Geography and sequencing,samp_mat_process,biofilm scraped from microbial biofilm developed on pvc plastic carrier deployed in river location 2 for 2 weeks,1,0.06
Geography and sequencing,samp_mat_process,biofilm scraped from microbial biofilm developed on pehd plastic carrier deployed in untreated wastewater for 2 weeks,1,0.06
Geography and sequencing,samp_mat_process,biofilm scraped from microbial biofilm developed on pehd plastic carrier deployed in river location 2 for 2 weeks,1,0.06
Geography and sequencing,samp_mat_process,"dna isolation and purification after commercial kit, shotgun metagenomics with illumina novaseq 6000 platform 20",1,0.06
Geography and sequencing,samp_mat_process,"dna isolation and purification after commercial kit, shotgun metagenomics with illumina novaseq 6000 platform 11",1,0.06
Geography and sequencing,samp_mat_process,enrichment and dilution,1,0.06
Geography and sequencing,samp_mat_process,qiagen powersoil dna extraction,1,0.06
Geography and sequencing,samp_mat_process,"frozen on dry ice, then dna extracted is the post treatment",1,0.06
Geography and sequencing,samp_mat_process,"dna isolation and purification after commercial kit, shotgun metagenomics with illumina novaseq 6000 platform 6",1,0.06
Geography and sequencing,samp_mat_process,'paper access',1,0.06
Geography and sequencing,samp_mat_process,filtered through 0.22μm membrane,1,0.06
Geography and sequencing,samp_mat_process,24h in vitro incubation with diet having low (115 g/kg) crude protein content,1,0.06
Geography and sequencing,samp_mat_process,washed roots plant 5,1,0.06
Geography and sequencing,samp_mat_process,washed roots plant 4,1,0.06
Geography and sequencing,samp_mat_process,washed roots plant 2,1,0.06
Geography and sequencing,samp_mat_process,rhizosphere soil plant 2,1,0.06
Geography and sequencing,samp_mat_process,centrifugation at 3000 × g for 20 min;storage at -20°c and -80°c;liquid nitrogen preservation,1,0.06
Geography and sequencing,samp_mat_process,dna extraction|metagenome,1,0.06
Geography and sequencing,samp_mat_process,pacbio long-read sequencing,1,0.06
Geography and sequencing,samp_mat_process,dried,1,0.06
Geography and sequencing,samp_mat_process,groundwater collected on 0.2 um filter,1,0.06
Geography and sequencing,samp_mat_process,immediately flash-frozen in a liquid nitrogen -°80,1,0.06
Geography and sequencing,samp_mat_process,"s85, warm, low rate, light, shotgun",1,0.06
Geography and sequencing,samp_mat_process,"s40, control, low rate, light, shotgun",1,0.06
Geography and sequencing,samp_mat_process,"samples were obtained from an actively methanogenic sandy zone of the contaminated aquifer, from a depth of approximately 6 m. aquifer sediments (100 g) were added to sterile, anoxic 250-ml screw cap bottles, topped with 100 ml of sterile, anoxic minimal medium, and amended with 40 µm each of toluene, o-xylene, p-xylene, and ethylbenzene. upon confirmation that toluene and o-xylene were susceptible to biodegradation, one microcosm was selected to be solely maintained on o-xylene. this became the parent culture of dgg-x. dgg-x has since been subcultured numerous times and is now maintained in large stainless steel vessels.",1,0.06
Geography and sequencing,samp_mat_process,dna extraction and metagenomic library construction. libraries were sequenced using the illumina hiseq 2 _ 100-bp paired-end technology,1,0.06
Geography and sequencing,samp_mat_process,viral particles were enriched and concentrated using tangential flow filtration. viral particles were dnase treated prior to dna isolation.,1,0.06
Geography and sequencing,samp_mat_process,qiagen’s dneasy powerlyzer powersoil kit,1,0.06
Geography and sequencing,samp_mat_process,qiagen dneasy powersoil pro kit,1,0.06
Geography and sequencing,samp_mat_process,zymo quick-dna fecal/soil microbe miniprep kit,1,0.06
Geography and sequencing,samp_mat_process,perkin elmer chemagic 360 for dna extraction from stool,1,0.06
Geography and sequencing,samp_mat_process,qiagen qiaamp powerfecal pro dna kit,1,0.06
Geography and sequencing,samp_mat_process,zymobiomics 96 magbead dna kit on kingfisher flex,1,0.06
Geography and sequencing,samp_mat_process,chemagic dna stool 360 prefilling vd160912.che protocol,1,0.06
Geography and sequencing,samp_mat_process,qiamp bacteremia kit,1,0.06
Geography and sequencing,samp_mat_process,low-temperature,1,0.06
Geography and sequencing,samp_mat_process,sediment,1,0.06
Geography and sequencing,samp_mat_process,spiked with stec ec2634,1,0.06
Geography and sequencing,samp_mat_process,grown on mbg,1,0.06
Geography and sequencing,samp_mat_process,fastdna spin kit,1,0.06
Geography and sequencing,samp_mat_process,preserved and frozen,1,0.06
Geography and sequencing,samp_mat_process,tangential flow filtration,1,0.06
Geography and sequencing,samp_mat_process,samples kept at -20 degrees,1,0.06
Geography and sequencing,samp_mat_process,stored in ethanol; isolated with purelink genomic dna mini kit,1,0.06
Geography and sequencing,samp_mat_process,100 g compost soil were solved in 500 ml h2o and susbsequently filtered with a 2.7 micrometer filter.,1,0.06
Geography and sequencing,samp_mat_process,powersoil dna extraction,1,0.06
Geography and sequencing,samp_mat_process,digestive tract dissected and main gut regions separated and lumen extracted,1,0.06
Geography and sequencing,samp_mat_process,cooled,1,0.06
Geography and sequencing,samp_mat_process,water samples filtered through a 0.22 micron tangential filtration to capture bacterial cells,1,0.06
Geography and sequencing,samp_mat_process,nextera illumina sequence,1,0.06
Geography and sequencing,samp_mat_process,"centrifuged to form a cell pellet, supernatant discarded, stored at -20 deg c",1,0.06
Geography and sequencing,samp_mat_process,"blend 5 g material in pbs, centrifuge at 250xg to reduce plant material, then centrifuge the supernatant at 10,000g to pellet the cells, followed by bead beating the resuspended pellet for bulk dna extraction (kit by mobio)",1,0.06
Geography and sequencing,samp_mat_process,filtration vacuum pump,1,0.06
Geography and sequencing,samp_mat_process,water samples filtered through a 0.22 micron sterivex to capture bacterial cells,1,0.06
Geography and sequencing,samp_mat_process,immediate storage of powder in rna-later,1,0.06
