attribute_key,n_samples,pct_samples
collection_date,46944,88.16
geo_loc_name,34943,65.62
host,26496,49.76
isolation_source,20228,37.99
scientific_name,13985,26.26
geographic_location_country_and_or_sea,13677,25.69
project_name,11365,21.34
env_medium,10150,19.06
env_broad_scale,10138,19.04
env_local_scale,10129,19.02
geographic_location_longitude,9359,17.58
geographic_location_latitude,9359,17.58
sequencing_method,6494,12.2
investigation_type,6169,11.59
environment_material,5652,10.61
environment_feature,5577,10.47
host_age,4984,9.36
environmental_medium,4931,9.26
broad_scale_environmental_context,4926,9.25
local_environmental_context,4770,8.96
environment_biome,4715,8.85
env_material,4471,8.4
env_biome,4412,8.29
env_feature,4398,8.26
host_sex,4114,7.73
host_body_product,4040,7.59
human_gut_environmental_package,3801,7.14
lane,3342,6.28
host_body_site,3292,6.18
sample_type,3194,6.0
sex,2977,5.59
isolate,2953,5.55
sex_calc,2925,5.49
depth,2805,5.27
host_taxid,2640,4.96
samp_collect_device,2637,4.95
center_name,2538,4.77
run_prefix,2533,4.76
center_project_name,2510,4.71
run_center,2499,4.69
run_date,2484,4.66
replicate,2439,4.58
common_name,2362,4.44
runid,2342,4.4
sample_project,2329,4.37
host_common_name,2311,4.34
samp_mat_process,2273,4.27
sequencing_meth,2225,4.18
env_package,2213,4.16
elevation,2125,3.99
sample_plate,2107,3.96
index2,2086,3.92
index,2029,3.81
longitude,1989,3.74
latitude,1988,3.73
collection_timestamp,1966,3.69
host_life_stage,1955,3.67
sample_well,1913,3.59
samp_size,1908,3.58
physical_specimen_location,1905,3.58
well_description,1897,3.56
host_body_habitat,1869,3.51
host_body_mass_index,1868,3.51
host_scientific_name,1858,3.49
physical_specimen_remaining,1856,3.49
dna_extracted,1813,3.4
empo_2,1740,3.27
empo_3,1740,3.27
age,1727,3.24
ref_biomaterial,1717,3.22
host_weight,1698,3.19
empo_1,1648,3.09
host_height,1632,3.06
timepoint,1585,2.98
rel_to_oxygen,1419,2.66
geographic_location_region_and_locality,1319,2.48
host_age_units,1300,2.44
host_weight_units,1265,2.38
elev,1249,2.35
organism,1228,2.31
host_disease,1163,2.18
project,1070,2.01
run_name,1043,1.96
run_barcode,1043,1.96
molecular_indexing_scheme,1042,1.96
work_request,1040,1.95
lsid,1040,1.95
instrument_name,1040,1.95
material_type,1040,1.95
analysis_type,1039,1.95
library_type,1035,1.94
flowcell_barcode,1026,1.93
read_group_platform_unit,1025,1.92
screened,1022,1.92
product_part_number,996,1.87
data_type,996,1.87
research_project,996,1.87
product_order,996,1.87
geographic_location_country_and_or_sea_region,983,1.85
country,954,1.79
fraction_passing_quality_filter,923,1.73
host_height_units,923,1.73
group,918,1.72
strain,905,1.7
specific_host,852,1.6
broker_name,850,1.6
gold_ecosystem_classification,850,1.6
nominal_length,838,1.57
cohort,824,1.55
ethnicity,808,1.52
gender,799,1.5
collection_method,790,1.48
host_diet,769,1.44
bmi,720,1.35
temp,705,1.32
non_host_reads,704,1.32
fraction_non_human,704,1.32
race,664,1.25
birth_year,663,1.25
empo_4,652,1.22
arrayexpress_species,650,1.22
raw_reads,624,1.17
environmental_package,623,1.17
qiita_sample_type,622,1.17
host_tissue_sampled,605,1.14
host_associated_environmental_package,598,1.12
subject,588,1.1
mfdid,554,1.04
treatment,550,1.03
sampletype,539,1.01
geographic_location_depth,530,1.0
day,525,0.99
altitude,524,0.98
id,519,0.97
samp_store_temp,517,0.97
quality_filtered_reads_r1r2,514,0.97
raw_reads_r1r2,514,0.97
forward_read,507,0.95
reverse_read,502,0.94
time,497,0.93
level_of_education,497,0.93
total_biological_reads_r1r2,491,0.92
sampleid,470,0.88
diet_type,466,0.88
sample_storage_temperature,464,0.87
anonymized_name,464,0.87
age_cat,458,0.86
smoking_frequency,458,0.86
exercise_frequency,455,0.85
red_meat_frequency,455,0.85
vitamin_d_supplement_frequency,455,0.85
types_of_plants,455,0.85
country_of_birth,455,0.85
probiotic_frequency,455,0.85
whole_grain_frequency,455,0.85
antibiotic_history,455,0.85
bowel_movement_frequency,455,0.85
olive_oil,455,0.85
cosmetics_frequency,455,0.85
prepared_meals_frequency,455,0.85
contraceptive,455,0.85
vitamin_b_supplement_frequency,455,0.85
exercise_location,454,0.85
vivid_dreams,454,0.85
sugary_sweets_frequency,454,0.85
fermented_plant_frequency,454,0.85
last_travel,454,0.85
drinks_per_session,453,0.85
pool_frequency,453,0.85
whole_eggs,453,0.85
alcohol_frequency,452,0.85
ibs,448,0.84
old_sample_name,443,0.83
time_point,440,0.83
human_associated_environmental_package,439,0.82
diet,438,0.82
submission_tool,438,0.82
submission_tool_version,438,0.82
ngdc_submission_date,435,0.82
ngdc_release_date,435,0.82
pregnant,435,0.82
ibd,434,0.82
visit,427,0.8
diabetes,426,0.8
dominant_hand,423,0.79
sample_collection_method,419,0.79
asd,415,0.78
csection,411,0.77
milk_cheese_frequency,411,0.77
acid_reflux,411,0.77
gluten,411,0.77
homecooked_meals_frequency,411,0.77
appendix_removed,411,0.77
last_move,411,0.77
breastmilk_formula_ensure,411,0.77
salted_snacks_frequency,411,0.77
weight_change,411,0.77
livingwith,411,0.77
teethbrushing_frequency,411,0.77
add_adhd,411,0.77
vegetable_frequency,411,0.77
drinking_water_source,411,0.77
flossing_frequency,411,0.77
fed_as_infant,411,0.77
roommates_in_study,411,0.77
thyroid,411,0.77
clinical_condition,411,0.77
bowel_movement_quality,411,0.77
flu_vaccine_date,411,0.77
skin_condition,411,0.77
migraine,411,0.77
fungal_overgrowth,411,0.77
consume_animal_products_abx,411,0.77
high_fat_red_meat_frequency,411,0.77
sleep_duration,411,0.77
autoimmune,411,0.77
ready_to_eat_meals_frequency,411,0.77
seafood_frequency,411,0.77
meat_eggs_frequency,411,0.77
tonsils_removed,411,0.77
artificial_sweeteners,411,0.77
one_liter_of_water_a_day_frequency,411,0.77
deodorant_use,411,0.77
poultry_frequency,411,0.77
fruit_frequency,411,0.77
sugar_sweetened_drink_frequency,411,0.77
milk_substitute_frequency,411,0.77
chickenpox,411,0.77
frozen_dessert_frequency,411,0.77
quality_filtered_reads,409,0.77
collected_by,409,0.77
sibo,406,0.76
nucleic_acid_extraction,404,0.76
study_day,401,0.75
chem_administration,397,0.75
ph,390,0.73
beet_frequency,390,0.73
plant_protein_frequency,390,0.73
covid_worried_sleep,385,0.72
covid_quality_of_life,385,0.72
covid_left_home,385,0.72
covid_sleep_pattern,384,0.72
covid_sleep_interference,384,0.72
geographic_location_elevation,382,0.72
misc_param,380,0.71
sample_description,377,0.71
cardiovascular_disease,369,0.69
cryosection,363,0.68
pi_name,355,0.67
pi_email,354,0.66
pi_organization,354,0.66
extraction_kit,353,0.66
sample_number,352,0.66
diabetes_type,347,0.65
buffer,345,0.65
covid_anxious,342,0.64
covid_interest_pleasure,342,0.64
covid_depressed,342,0.64
covid_suspected_positive,342,0.64
covid_worrying,342,0.64
covid_level_of_wellbeing,342,0.64
height_cm,342,0.64
sample_volume_or_weight_for_dna_extraction,339,0.64
size,339,0.64
lung_disease,335,0.63
weight_kg,330,0.62
individual,326,0.61
ibd_diagnosis_refined,323,0.61
perturbation,322,0.6
ycoord,322,0.6
xcoord,322,0.6
extraction_method,313,0.59
pi_orcid,313,0.59
cancer_treatment,311,0.58
dog,306,0.57
kidney_disease,301,0.57
liver_disease,301,0.57
alcohol_consumption,301,0.57
country_residence,301,0.57
cancer,301,0.57
lactose,300,0.56
host_last_meal,300,0.56
type,297,0.56
multivitamin,297,0.56
mental_illness,297,0.56
nail_biter,297,0.56
pets_other,297,0.56
acne_medication,297,0.56
softener,297,0.56
acne_medication_otc,297,0.56
cat,297,0.56
other_supplement_frequency,297,0.56
seasonal_allergies,297,0.56
geographic_location,296,0.56
epilepsy_or_seizure_disorder,286,0.54
genotype,285,0.54
isol_growth_condt,282,0.53
pku,282,0.53
environmental_sample,277,0.52
host_genotype,277,0.52
library_name,276,0.52
bmi_cat,273,0.51
experimental_factor,271,0.51
tissue,269,0.51
mouse,268,0.5
cdiff,266,0.5
ypixel,266,0.5
xpixel,266,0.5
covid_patient_care_ppe,265,0.5
plate,260,0.49
subjectid,260,0.49
collection_time,258,0.48
line,256,0.48
source_material_identifiers,249,0.47
geographic_location_countryand_orsea_region,246,0.46
food_product_type,245,0.46
gestational_age_birth,244,0.46
host_age_mother,244,0.46
host_age_infant,244,0.46
dna_plate,244,0.46
aliquot,243,0.46
ifsac_category,242,0.45
temperature,238,0.45
assemblyname,236,0.44
run,234,0.44
alt,233,0.44
organism_count,233,0.44
covid_patient_care,232,0.44
covid_rideshare,232,0.44
covid_symptoms_stay_home,231,0.43
year,230,0.43
month,230,0.43
study,229,0.43
covid_patient_care_seven_days_confirmed,228,0.43
covid_patient_care_seven_days,228,0.43
label,225,0.42
period,225,0.42
well_id_384,224,0.42
host_phenotype,222,0.42
coll_site_geo_feat,222,0.42
isolate_number,221,0.42
host_total_mass,220,0.41
pigpen,219,0.41
stigdam_female_parent,219,0.41
stigsire_male_parent,219,0.41
dysentery,219,0.41
cross_breed,219,0.41
start_of_treatment,219,0.41
dna_well,219,0.41
salinity,215,0.4
katharoseq_cell_count,215,0.4
life_stage,214,0.4
barcode,212,0.4
host_family_relationship,212,0.4
sediment_environmental_package,211,0.4
latitude_and_longitude,209,0.39
attributes,209,0.39
pcr_primers,205,0.38
host_disease_status,203,0.38
round,203,0.38
extraction_vendor,202,0.38
year_of_death,201,0.38
adapters,200,0.38
study_product,200,0.38
crate_before_start_of_the_trial,200,0.38
birth_day,200,0.38
nursing_dam,200,0.38
tattoo,200,0.38
samp_vol_we_dna_ext,200,0.38
survived_to_next_year,200,0.38
known_birth_year,200,0.38
horse_number,200,0.38
mean_longitude,200,0.38
age_estimate,200,0.38
extraction_plate,200,0.38
years_from_death,200,0.38
foal_year_of,200,0.38
foal_year_next,200,0.38
pairs_imsms_study,198,0.37
sample,197,0.37
donor,192,0.36
iacuc_institute,190,0.36
covid_difficulty_staying_asleep,189,0.35
body_product,187,0.35
water_environmental_package,187,0.35
required_sample_info_status,187,0.35
filename,187,0.35
gastrointest_disord,186,0.35
covid_difficulty_falling_asleep,184,0.35
covid_waking_up_early,182,0.34
miscellaneous_parameter,182,0.34
age_weeks,182,0.34
nacl_concentration,181,0.34
mouse_strain,180,0.34
sample_storage_temp_treatment,179,0.34
duration_of_storage,179,0.34
sample_type_2,178,0.33
alzheimers,174,0.33
phenotype,174,0.33
fp_crosssec_cat,172,0.32
specimen_name,172,0.32
host_age_units_infant,172,0.32
fp_crosssec_3cat,172,0.32
fp_long_bin,172,0.32
fp_long_3cat,172,0.32
host_age_units_mother,172,0.32
im_ever_abxs_adhoc,172,0.32
age_enrollment_study,172,0.32
mode_delivery,172,0.32
sample_barcode,172,0.32
maternal_education,172,0.32
fp_long_cat,172,0.32
fp_crosssec_bin,172,0.32
phosphate,169,0.32
weight,168,0.32
cage,168,0.32
lowgrain_diet_type,165,0.31
tissue_type,165,0.31
library_reads_sequenced,165,0.31
qc_16s_concentration,165,0.31
qc_raw_260,165,0.31
qc_raw_230,165,0.31
qc_raw_320,165,0.31
qc_raw_280,165,0.31
qc_230,165,0.31
qc_260_230,165,0.31
qc_blank_320,165,0.31
qc_280,165,0.31
qc_blank_230,165,0.31
biomass_plate,165,0.31
ng_ul,165,0.31
qc_260,165,0.31
qc_blank_280,165,0.31
qc_blank_260,165,0.31
sample_type_3,165,0.31
host_tot_mass,164,0.31
sample_collection_device,163,0.31
phase,163,0.31
host_disease_stat,160,0.3
collection_device,160,0.3
is_the_sequenced_pathogen_host_associated,160,0.3
biomass_sample,159,0.3
soil_environmental_package,158,0.3
age_years,158,0.3
sample_name_old,158,0.3
lifestage,157,0.29
qc_260_280,156,0.29
local_scale_environmental_context,156,0.29
location,155,0.29
sample_alias,154,0.29
study_sample_number,154,0.29
samp_store_dur,151,0.28
dna_conc,151,0.28
date_collected,151,0.28
collection_timepoint,151,0.28
sire,151,0.28
emp500_title,151,0.28
emp500_principal_investigator,151,0.28
sampling_method,151,0.28
air_temp,150,0.28
nucleic_acid,150,0.28
breed,149,0.28
site,149,0.28
mouse_dob,149,0.28
bacteria_strain,149,0.28
dam,149,0.28
date_colonized,149,0.28
study_group,147,0.28
material,147,0.28
participant,145,0.27
instrument_model,144,0.27
biological_replicate,143,0.27
protocol_label,142,0.27
specialized_diet_exclude_refined_sugars,142,0.27
specialized_diet_fodmap,142,0.27
specialized_diet_unspecified,142,0.27
specialized_diet_i_do_not_eat_a_specialized_diet,142,0.27
specialized_diet_other_restrictions_not_described_here,142,0.27
specialized_diet_modified_paleo_diet,142,0.27
specialized_diet_exclude_dairy,142,0.27
nucleic_acid_amplification,142,0.27
filter_type,141,0.26
indoor_space,141,0.26
building_setting,141,0.26
ventilation_type,141,0.26
light_type,141,0.26
katharoseq_strain,141,0.26
katharoseq_plate_number,141,0.26
bristol_score,140,0.26
biomaterial_provider,140,0.26
season,138,0.26
sample_preservation_method,138,0.26
sub_sample_num,138,0.26
last_update_date,137,0.26
specialized_diet_exclude_nightshades,137,0.26
nucl_acid_ext,137,0.26
primer,136,0.26
mental_illness_type_depression,134,0.25
mental_illness_type_unspecified,134,0.25
abs_air_humidity,134,0.25
occup_samp,134,0.25
build_occup_type,134,0.25
carb_dioxide,134,0.25
typ_occupant_dens,134,0.25
rel_air_humidity,134,0.25
occupant_dens_samp,134,0.25
space_typ_state,134,0.25
heat_cool_type,134,0.25
diagnosis,133,0.25
sample_collection_device_or_method,132,0.25
specialized_diet_kosher,131,0.25
seq_meth,131,0.25
notation,131,0.25
size_fraction_lower_threshold,129,0.24
library_construction_method,129,0.24
size_fraction_upper_threshold,128,0.24
roommates,128,0.24
alcohol_types_sour_beers,128,0.24
non_food_allergies_unspecified,128,0.24
allergic_to_unspecified,128,0.24
alcohol_types_red_wine,128,0.24
alcohol_types_white_wine,128,0.24
allergic_to_peanuts,128,0.24
non_food_allergies_poison_ivyoak,128,0.24
non_food_allergies_beestings,128,0.24
alcohol_types_unspecified,128,0.24
alcohol_types_beercider,128,0.24
non_food_allergies_sun,128,0.24
allergic_to_shellfish,128,0.24
alcohol_types_spiritshard_alcohol,128,0.24
non_food_allergies_pet_dander,128,0.24
allergic_to_tree_nuts,128,0.24
non_food_allergies_drug_eg_penicillin,128,0.24
allergic_to_i_have_no_food_allergies_that_i_know_of,128,0.24
cultivar,128,0.24
sampling_platform,126,0.24
sampling_campaign,126,0.24
sample_storage_location,126,0.24
status,126,0.24
samp_store_loc,125,0.23
birthweight,124,0.23
tmp,124,0.23
longitude_start,122,0.23
latitude_start,122,0.23
index1,122,0.23
seq_batch,122,0.23
chemical_administration,121,0.23
ecotype,121,0.23
sample_site,120,0.23
library_selection,120,0.23
um1,119,0.22
um3,119,0.22
sa_1,119,0.22
sa_3,119,0.22
sa_2,119,0.22
ac_m,119,0.22
su_2,119,0.22
su_1,119,0.22
flow,119,0.22
am2,119,0.22
ac_2,119,0.22
ac_3,119,0.22
film_weight,119,0.22
su_m,119,0.22
am_m,119,0.22
ac_1,119,0.22
am3,119,0.22
su_3,119,0.22
um2,119,0.22
sa_m,119,0.22
um_m,119,0.22
am1,119,0.22
seq_quality_check,119,0.22
depth_sample,118,0.22
dna_conc_ng_ul,118,0.22
depression_bipolar_schizophrenia,117,0.22
sewage_type,117,0.22
alpha_shotgun_woltka_rar3450_richness,117,0.22
body_site,116,0.22
lcms_batch,115,0.22
longitude_end,114,0.21
latitude_end,114,0.21
user_assigned_sample_type,114,0.21
extraction_kit_round,114,0.21
neg_cont_type,114,0.21
isolation_source_non_host_associated,113,0.21
platform,112,0.21
nitrate,111,0.21
train_line,111,0.21
indoor_surf,111,0.21
surf_material,111,0.21
num_replicons,109,0.2
ammonium,108,0.2
event_label,108,0.2
orig_host_age,108,0.2
culture_media,108,0.2
medic_hist_perform,108,0.2
ww_sample_type,108,0.2
ww_surv_target_1,108,0.2
ww_sample_duration,108,0.2
ww_population,108,0.2
ww_sample_matrix,108,0.2
ww_surv_target_1_known_present,108,0.2
marine_region,105,0.2
height,105,0.2
library_strategy,104,0.2
oxy_stat_samp,103,0.19
metagenome_source,103,0.19
miscellaneous_environmental_package,103,0.19
sample_source,103,0.19
experiment,103,0.19
target_gene,101,0.19
sampling_station,100,0.19
delivery_mode,100,0.19
alpha_shotgun_woltka_rar10k_richness,100,0.19
primary_disease,100,0.19
dol,100,0.19
food_origin,99,0.19
size_frac,98,0.18
sample_material_processing,97,0.18
height_units,97,0.18
weight_units,97,0.18
target_subfragment,96,0.18
elevation_units,96,0.18
longitude_units,96,0.18
latitude_units,96,0.18
sequencing_run,96,0.18
sequenced_by,96,0.18
event_date_time_start,95,0.18
salinity_sensor,95,0.18
name,94,0.18
state,94,0.18
diss_oxygen,93,0.17
ibd_diagnosis,93,0.17
current_antibiotics,93,0.17
sample_status,92,0.17
event_date_time_end,92,0.17
extraction_batch,92,0.17
pos_cont_type,92,0.17
citation,91,0.17
further_details,91,0.17
oxygen_sensor,91,0.17
identifier,91,0.17
food_prod_char,91,0.17
circles_phase,90,0.17
metastasis,90,0.17
urban,90,0.17
icd10_first_3_name,90,0.17
ppi_last_month,90,0.17
abx_day_365,90,0.17
abx_last_month,90,0.17
cancer_diagnosis_icd_10_code,90,0.17
ppi_day_365,90,0.17
chlorophyll,89,0.17
katharoseq_control_type,89,0.17
katharoseq_community_type,89,0.17
tissue_description,89,0.17
extraction_control,89,0.17
nitrite,88,0.17
host_pulse,88,0.17
ww_sample_site,88,0.17
ww_surv_target_2_known_present,88,0.17
ww_surv_target_2_conc_unit,88,0.17
purpose_of_ww_sequencing,88,0.17
purpose_of_ww_sampling,88,0.17
ww_surv_target_1_protocol,88,0.17
concentration_method,88,0.17
ww_surv_target_2_conc,88,0.17
ww_surv_target_1_gene,88,0.17
ww_flow,88,0.17
ww_surv_target_1_conc,88,0.17
ww_surv_target_2,88,0.17
ww_surv_target_1_conc_unit,88,0.17
ww_surv_target_2_gene,88,0.17
sample_timepoints,88,0.17
disease,87,0.16
store_cond,87,0.16
subject_type,87,0.16
date,87,0.16
study_type,87,0.16
barcode_aliquot,87,0.16
tab,87,0.16
bread,86,0.16
ww_surv_target_2_protocol,86,0.16
ww_surv_jurisdiction,86,0.16
ww_endog_control_1_protocol,86,0.16
ww_population_source,86,0.16
ww_endog_control_1_units,86,0.16
ww_endog_control_1_conc,86,0.16
ww_processing_protocol,86,0.16
ww_primary_sludge_retention_time,86,0.16
ww_endog_control_1,86,0.16
condition,85,0.16
tot_nitro,85,0.16
smoking,85,0.16
death,85,0.16
distinguishing_info,85,0.16
mental_illness_type_substance_abuse,84,0.16
mental_illness_type_bipolar_disorder,84,0.16
mental_illness_type_anorexia_nervosa,84,0.16
mental_illness_type_bulimia_nervosa,84,0.16
covid_symptoms_sore_throat,83,0.16
covid_family_members_reduced_ability_to_earn_money,83,0.16
covid_happened_to_you_put_into_self_quarantine_with_symptoms,83,0.16
covid_chronic_conditions_kidney_problems,83,0.16
mental_illness_type_ptsd_post_traumatic_stress_disorder,83,0.16
covid_chronic_conditions_diabetes_or_high_blood_sugar,83,0.16
covid_chronic_conditions_frequent_or_very_bad_headaches,83,0.16
specialized_diet_weston_price_or_other_low_grain_low_processed_food_diet,83,0.16
covid_happened_to_you_reduced_ability_to_earn_money,83,0.16
covid_chronic_conditions_seasonal_allergies,83,0.16
covid_family_members_passed_away,83,0.16
covid_chronic_conditions_unspecified,83,0.16
covid_family_members_fallen_ill_physically,83,0.16
covid_happened_to_you_fallen_ill_physically,83,0.16
covid_symptoms_nausea,83,0.16
covid_chronic_conditions_hypertension,83,0.16
covid_family_members_hospitalized,83,0.16
covid_chronic_conditions_immune_disorder,83,0.16
covid_family_members_none_of_the_above,83,0.16
covid_chronic_conditions_heart_problems,83,0.16
covid_likely_exposure_yes_someone_with_possible_symptoms_but_no_diagnosis_by_doctor,83,0.16
specialized_diet_paleo_diet_or_primal_diet,83,0.16
covid_symptoms_diarrhea,83,0.16
covid_symptoms_chest_pain_or_tightness_in_chest,83,0.16
covid_family_members_unspecified,83,0.16
covid_family_members_put_into_self_quarantine_without_symptoms_eg_due_to_possible_exposure,83,0.16
covid_symptoms_lack_of_appetitie,83,0.16
covid_happened_to_you_unspecified,83,0.16
covid_chronic_conditions_stroke,83,0.16
covid_family_members_put_into_self_quarantine_with_symptoms,83,0.16
covid_family_members_lost_job,83,0.16
covid_chronic_conditions_cancer,83,0.16
covid_likely_exposure_yes_someone_with_medical_diagnosis_but_no_test,83,0.16
covid_symptoms_loss_of_taste_or_smell,83,0.16
covid_symptoms_cough,83,0.16
covid_likely_exposure_no,83,0.16
covid_symptoms_fever,83,0.16
covid_happened_to_you_put_into_self_quarantine_without_symptoms_eg_due_to_possible_exposure,83,0.16
covid_chronic_conditions_arthritis,83,0.16
covid_likely_exposure_yes_someone_with_positive_test,83,0.16
covid_chronic_conditions_atrial_fibrillation_or_atrial_flutter,83,0.16
covid_chronic_conditions_any_autoimmune_disease,83,0.16
covid_chronic_conditions_serious_acne_or_skin_problems,83,0.16
covid_likely_exposure_unspecified,83,0.16
covid_happened_to_you_lost_job,83,0.16
covid_symptoms_fatigue,83,0.16
covid_chronic_conditions_serious_stomach_or_bowel_problems,83,0.16
covid_symptoms_shortness_of_breath,83,0.16
covid_happened_to_you_none_of_the_above,83,0.16
covid_chronic_conditions_asthma_or_other_lung_problems,83,0.16
covid_symptoms_unspecified,83,0.16
interval,83,0.16
reverse_read_length,83,0.16
forward_read_length,83,0.16
gest_age,83,0.16
delivery_type,83,0.16
specialized_diet_raw_food_diet,82,0.15
library_source,82,0.15
n_of_reads,82,0.15
n_of_bases,82,0.15
sequencing_site,81,0.15
antibiotics,81,0.15
food_source,81,0.15
seq_methods,81,0.15
samp_mat_type,81,0.15
sample_technical_replicate,80,0.15
special_diet,80,0.15
md5_checksum,80,0.15
mouseid,79,0.15
multiplex_identifiers,79,0.15
feature,79,0.15
category,79,0.15
md5_checksum2,79,0.15
maggots,78,0.15
soil_control,78,0.15
sample_collection_date,78,0.15
megyesi_score,78,0.15
temp_c_max,78,0.15
scavenging_activity,78,0.15
temp_c_min,78,0.15
swab_barcode1,78,0.15
temp_c_average,78,0.15
sample_type_soil_control,78,0.15
days_since_placement,78,0.15
body_mass_index,77,0.14
orig_sample_name,77,0.14
add_4c,77,0.14
add_5c,77,0.14
swab_barcode2,77,0.14
add_0c,77,0.14
add_6c,77,0.14
body_habitat,77,0.14
lcms_extraction_protocol,77,0.14
specialized_diet_halaal,77,0.14
participant_type,76,0.14
silicate,75,0.14
library_layout,75,0.14
purpose_of_sampling,75,0.14
host_length,74,0.14
covid_chronic_conditions_deep_vein_thrombosis,73,0.14
covid_chronic_conditions_chronic_obstructive_pulmonary_disease_copd,73,0.14
covid_chronic_conditions_epilepsy_or_seizures,73,0.14
region,73,0.14
gastrointestinal_tract_disorder,73,0.14
nitrate_sensor,73,0.14
census_region,73,0.14
formula,72,0.14
smoker,72,0.14
public,72,0.14
chlorophyll_sensor,72,0.14
collection_season,72,0.14
age_corrected,72,0.14
collection_month,72,0.14
economic_region,72,0.14
host_occupation,72,0.14
library_batch,72,0.14
samp_source_mat_cat,72,0.14
placement_head_direction,71,0.13
delivery,71,0.13
cruise,71,0.13
zarrinparlab_quant_ng_ul,70,0.13
donor_storage,70,0.13
autopsy,70,0.13
maggot_notes,69,0.13
sample_timepoint,69,0.13
pathogen_mixture,69,0.13
sample_volume,69,0.13
sample_plate_number,69,0.13
well_id_384_gdna,69,0.13
raw_wastewater_input,69,0.13
spike_in_volume,69,0.13
pathogens,69,0.13
copies_per_50_ul,69,0.13
well_id_96_lab,69,0.13
week,69,0.13
biome,69,0.13
travel_outside_the_country_in_last_six_months,69,0.13
specialized_diet_paleodiet_or_primal_diet,69,0.13
nitro,69,0.13
samp_salinity,68,0.13
arrayexpress_phenotype,68,0.13
file_name,68,0.13
mental_illness_type_schizophrenia,68,0.13
subset_bmi,68,0.13
subset_age,68,0.13
subset_ibd,68,0.13
subset_antibiotic_history,68,0.13
subset_healthy,68,0.13
subset_diabetes,68,0.13
feeding_type,68,0.13
initial_body_condition,67,0.13
alpha_shotgun_woltka_min10k_richness,67,0.13
collection_site,67,0.13
metagenomic,67,0.13
host_body_temp,67,0.13
treat,67,0.13
union,67,0.13
rnd,67,0.13
soil_type,66,0.12
tot_mass,66,0.12
host_body_site_user,66,0.12
date_of_death,66,0.12
sequencing_platform,66,0.12
specialized_diet_westenprice_or_other_lowgrain_low_processed_fo,66,0.12
stool_consistency,66,0.12
intended_consumer,66,0.12
village,65,0.12
sampling_site,65,0.12
swab_barcode_used,65,0.12
cause_of_death,65,0.12
location_within_the_united_kingdom,65,0.12
infant_age,65,0.12
host_tissue,65,0.12
scavenging_notes,64,0.12
treatment_group,64,0.12
developmental_stage,64,0.12
sample_identifier,64,0.12
unique_sample_name_long,63,0.12
unique_sample_name,63,0.12
liver_disord,62,0.12
donor_storage_days,62,0.12
days_of_decomposition,62,0.12
food_chain,62,0.12
wp,62,0.12
complete_name,62,0.12
sample_field,62,0.12
subject_number,62,0.12
tier,62,0.12
host_age_days,62,0.12
ww_ph,62,0.12
sampling_event_latitude_start,61,0.11
sampling_event_date_time_start,61,0.11
sampling_event_label,61,0.11
sampling_event_date_time_end,61,0.11
sampling_campaign_report,61,0.11
sampling_event_latitude_end,61,0.11
sampling_event_longitude_start,61,0.11
sampling_event_longitude_end,61,0.11
sampling_event_device_label,61,0.11
sampling_day,61,0.11
reads,61,0.11
virus_enrich_appr,61,0.11
source_uvig,61,0.11
age_at_collection,61,0.11
wastewater_type,60,0.11
sample_template,60,0.11
old_add_0c,60,0.11
old_add_6c,60,0.11
old_add_4c,60,0.11
old_temp_c_average,60,0.11
old_add_5c,60,0.11
in_prep,60,0.11
description_plate_well,60,0.11
dna_extraction_plate,60,0.11
age_months,60,0.11
mental_illness_type_ptsd_posttraumatic_stress_disorder,60,0.11
food_product_qual,60,0.11
samp_stor_device,60,0.11
samp_stor_media,60,0.11
food_contact_surf,60,0.11
old_temp_c_min,59,0.11
humidty_max,59,0.11
old_temp_c_max,59,0.11
notes,59,0.11
soil_add_5c,59,0.11
soil_add_4c,59,0.11
soil_add_6c,59,0.11
soil_add_0c,59,0.11
intervention,59,0.11
water_content,59,0.11
sample_name_plus_plate,59,0.11
alpha_shotgun_woltka_richness,59,0.11
sample_name_original,59,0.11
alpha_shotgun_woltka_faithspd,59,0.11
read_count_shotgun_woltka_uniq,59,0.11
alpha_shotgun_woltka_shannon,59,0.11
empo_0,59,0.11
lcms_replicate,59,0.11
read_count_shotgun_r1,59,0.11
songbird_train_empo_3,59,0.11
barcode_prefix,59,0.11
conduc,58,0.11
swab_type,58,0.11
read_count_shotgun_rep200,58,0.11
disease_seniority,58,0.11
scorad_a,58,0.11
scorad,58,0.11
scorad_c,58,0.11
age_at_disease_onset,58,0.11
scorad_b,58,0.11
dataset,58,0.11
ethnicity_race,58,0.11
sars_cov2_status,58,0.11
patient,57,0.11
hypertension,57,0.11
antibiotic_use,57,0.11
incubation,57,0.11
bmi_corrected,57,0.11
probiotic,57,0.11
wastewater_sludge_environmental_package,56,0.11
approximate_age,56,0.11
nonhost,56,0.11
host_day_of_life,56,0.11
library_design,55,0.1
design,55,0.1
lcms_sample_name_cmn,55,0.1
lcms_sample_name_fbmn,55,0.1
breastfeeding_status,55,0.1
allergic_to_other,55,0.1
replicates,55,0.1
dermatology_disord,55,0.1
patient_code,55,0.1
study_inc_temp,55,0.1
arrayexpress_sex,54,0.1
storage_solution,54,0.1
name_of_the_sampling_site,54,0.1
deliverymode,54,0.1
host_diet_treatment,54,0.1
reference_host_genome_for_decontamination,54,0.1
sample_storage_container,54,0.1
sample_storage_buffer,54,0.1
host_storage_container_temperature,54,0.1
trial_timepoint,54,0.1
lcms_sample_type_sub,54,0.1
lcms_position,54,0.1
lcms_sample_type,54,0.1
allergic_to,54,0.1
non_food_allergies,54,0.1
alcohol_types,54,0.1
specialized_diet,54,0.1
mental_illness_type,54,0.1
sampling_time,54,0.1
during_or_post_atb_atf,54,0.1
nursery,54,0.1
nursery_groups,54,0.1
during_atb_atf,54,0.1
cur_vegetation,53,0.1
host_family,53,0.1
microb_cult_med,53,0.1
baseline_age,53,0.1
is_breastfed,53,0.1
abx_2y_any_nonamox,53,0.1
abx_starts,53,0.1
intrapartum_antibiotics,53,0.1
abx_first_year_any,53,0.1
exposed_abx,53,0.1
first_abx_exposure,53,0.1
abx_4m_any,53,0.1
abx_2y_any,53,0.1
clinical_study,53,0.1
included_analysis,53,0.1
i5_index,52,0.1
i7_index,52,0.1
katharoseq_aliquot_volume_ul,52,0.1
katharoseq_batch_information,52,0.1
individual_name,52,0.1
filename2,52,0.1
ihmc_medication_code,52,0.1
sample_age,52,0.1
measure_method,52,0.1
study_alias,52,0.1
fit,52,0.1
irb_institute,51,0.1
host_breed,51,0.1
group_pool,51,0.1
bead_beating,51,0.1
density,51,0.1
instrument,51,0.1
sequencing_depth,51,0.1
host_dependence,51,0.1
sym_life_cycle_type,51,0.1
locationcell,50,0.09
oxygen,50,0.09
recipient,50,0.09
shannon,50,0.09
collector,50,0.09
md5_checksum3,50,0.09
alkalinity,48,0.09
biomass,48,0.09
laxatives,48,0.09
old_add_10c,48,0.09
soil_add_10c,48,0.09
add_10c,48,0.09
mean_humidity,48,0.09
donor_storage_hours,48,0.09
response,48,0.09
gcms_sample_name,48,0.09
unique_identifier,48,0.09
type_of_symbiosis,48,0.09
location_of_the_tumour,47,0.09
antibiotic_treatment_during_hospitalization,47,0.09
medications_dose,47,0.09
icu,47,0.09
hospital,47,0.09
antibiotics_before_hospital,47,0.09
seasonal_allergy,47,0.09
sample_human_dna_contamination,47,0.09
nationality,47,0.09
allergy,47,0.09
other_medications,47,0.09
other_medical_conditions,47,0.09
alcohol_consumption_frequency,47,0.09
tumour,47,0.09
potassium,47,0.09
recipient_cohort,47,0.09
sample_description_label,47,0.09
donor_cohort,47,0.09
diarrhea,47,0.09
derived_from,47,0.09
filetype,47,0.09
host_country_of_residence,47,0.09
samplenumber,47,0.09
dpi,47,0.09
illness_duration,47,0.09
study_ptorhc,47,0.09
pet_in_family,47,0.09
sibling_in_family,47,0.09
herbarium,47,0.09
dnaid,47,0.09
md5_checksum4,47,0.09
depth_m,46,0.09
steroids,46,0.09
smoking_habit_duration,46,0.09
number_of_ciggaretes_per_day,46,0.09
antibiotic_dose,46,0.09
chloride,46,0.09
sampleno,46,0.09
fresh_frozen,46,0.09
dev_stage,46,0.09
number,46,0.09
age_month,46,0.09
identified_by,46,0.09
specimen_barcode,46,0.09
project_title,45,0.08
constipation,45,0.08
ethnic,45,0.08
physical_activity_total_day,45,0.08
processedmeat_intake_g_day,45,0.08
comment,44,0.08
sampling_station_label,44,0.08
sampling_campaign_label,44,0.08
sample_protocol_label,44,0.08
sampling_event_environment,44,0.08
environmental_material_label,44,0.08
sampling_campaign_plateform,44,0.08
calcium,44,0.08
collection_timezone,44,0.08
temperature_deg_c,44,0.08
pool,44,0.08
passage_history,44,0.08
serotype,44,0.08
serovar,44,0.08
ethanol_intake_g_day,44,0.08
sequencing,43,0.08
host_health_state,43,0.08
humidity_min,43,0.08
d_dimer,43,0.08
ldh_l,43,0.08
c_reactive_protein,43,0.08
ferritin,43,0.08
ast,43,0.08
interleukin_6,43,0.08
ncbi_biosample,43,0.08
human_oral_environmental_package,43,0.08
technical_replicate,43,0.08
batch,43,0.08
helminth,43,0.08
subject_timepoint,43,0.08
probiotic_food_past_3months,43,0.08
ascaris_intensity,43,0.08
tt_drug_combine,43,0.08
age_group,43,0.08
hookworm_intensity,43,0.08
hw_epg,43,0.08
al_epg,43,0.08
antibiotics_past_3months,43,0.08
diarrhea_past_3months,43,0.08
undercooked_meat,43,0.08
trichuris_intensity,43,0.08
hookworm,43,0.08
states,43,0.08
boiled_water,43,0.08
trichuris,43,0.08
ascaris,43,0.08
tt_epg,43,0.08
aligner_carry_time,43,0.08
ph_meth,42,0.08
insulin,42,0.08
sample_used_in_ms_analysis,42,0.08
sample_used_in_covid_paper,42,0.08
nec,42,0.08
birthyear,42,0.08
replication,42,0.08
blood_thinners,42,0.08
case_status,42,0.08
antihistamines,42,0.08
redmeat_intake_g_day,42,0.08
antibiotics_lastmonth,42,0.08
isolation_source_host_associated,41,0.08
ahd_humidity,41,0.08
section,41,0.08
metagenome_name,41,0.08
barcodesequence,41,0.08
alpha_shotgun_woltka_rar3450_shannon,41,0.08
alpha_shotgun_woltka_min3450_richness,41,0.08
alpha_shotgun_woltka_min3450_shannon,41,0.08
alpha_shotgun_woltka_rar3450_faithspd,41,0.08
alpha_shotgun_woltka_min3450_faithspd,41,0.08
vioscreen_sfa100,41,0.08
vioscreen_sfa40,41,0.08
vioscreen_mfa221,41,0.08
vioscreen_omega3,41,0.08
vioscreen_choline,41,0.08
vioscreen_selenium,41,0.08
vioscreen_a_bev,41,0.08
vioscreen_pfa226,41,0.08
vioscreen_protveg,41,0.08
vioscreen_hei_grains,41,0.08
vioscreen_tfa181t,41,0.08
vioscreen_height,41,0.08
vioscreen_scfv,41,0.08
vioscreen_hei2010_empty_calories,41,0.08
vioscreen_fruit_servings,41,0.08
vioscreen_vitd_iu,41,0.08
vioscreen_vite_iu,41,0.08
vioscreen_isoleuc,41,0.08
vioscreen_hei_drk_g_org_veg_leg,41,0.08
vioscreen_m_frank,41,0.08
vioscreen_email,41,0.08
vioscreen_sfa80,41,0.08
vioscreen_phytic,41,0.08
vioscreen_srvid,41,0.08
vioscreen_histidin,41,0.08
vioscreen_lutzeax,41,0.08
vioscreen_protein,41,0.08
vioscreen_age,41,0.08
vioscreen_tfa161t,41,0.08
vioscreen_fol_nat,41,0.08
vioscreen_cholest,41,0.08
vioscreen_inositol,41,0.08
vioscreen_hei2010_score,41,0.08
vioscreen_phenylal,41,0.08
vioscreen_sfa140,41,0.08
vioscreen_sfa170,41,0.08
vioscreen_f_nj_citmlb,41,0.08
vioscreen_totsugar,41,0.08
vioscreen_oxalic,41,0.08
vioscreen_tagatose,41,0.08
vioscreen_v_total,41,0.08
vioscreen_sweet_servings,41,0.08
vioscreen_glac,41,0.08
vioscreen_vitb6,41,0.08
vioscreen_v_starcy,41,0.08
vioscreen_fried_fish_servings,41,0.08
vioscreen_sucrose,41,0.08
vioscreen_mannitol,41,0.08
vioscreen_v_potato,41,0.08
vioscreen_sfa60,41,0.08
vioscreen_coumest,41,0.08
vioscreen_sfatot,41,0.08
vioscreen_hei2010_fatty_acids,41,0.08
vioscreen_gender,41,0.08
vioscreen_valine,41,0.08
vioscreen_hei_milk,41,0.08
vioscreen_acesupot,41,0.08
vioscreen_fol_deqv,41,0.08
vioscreen_gltc,41,0.08
vioscreen_hei_whl_grains,41,0.08
vioscreen_biochana,41,0.08
vioscreen_calcium_servings,41,0.08
vioscreen_threonin,41,0.08
vioscreen_vita_re,41,0.08
vioscreen_fish_servings,41,0.08
vioscreen_m_mpf,41,0.08
vioscreen_hei2010_dairy,41,0.08
vioscreen_mangan,41,0.08
vioscreen_f_citmlb,41,0.08
vioscreen_nccglbr,41,0.08
vioscreen_sucrlose,41,0.08
vioscreen_hei_score,41,0.08
vioscreen_aspartam,41,0.08
vioscreen_tryptoph,41,0.08
vioscreen_lysine,41,0.08
vioscreen_hei_sodium,41,0.08
vioscreen_m_egg,41,0.08
vioscreen_m_poult,41,0.08
vioscreen_m_organ,41,0.08
vioscreen_frtsumm,41,0.08
vioscreen_pfa225,41,0.08
vioscreen_vitk,41,0.08
vioscreen_alcohol,41,0.08
vioscreen_salad_vegetable_servings,41,0.08
vioscreen_nccglgr,41,0.08
vioscreen_sacchar,41,0.08
vioscreen_hei2010_sea_foods_plant_protiens,41,0.08
vioscreen_clac9t11,41,0.08
vioscreen_fructose,41,0.08
vioscreen_calcium_freq,41,0.08
vioscreen_line_gi,41,0.08
vioscreen_m_soy,41,0.08
vioscreen_whole_grain_servings,41,0.08
vioscreen_betacar,41,0.08
vioscreen_phosphor,41,0.08
vioscreen_tfa182t,41,0.08
vioscreen_pfatot,41,0.08
vioscreen_clat10c12,41,0.08
vioscreen_vita_iu,41,0.08
vioscreen_d_total,41,0.08
vioscreen_fibinso,41,0.08
vioscreen_activity_level,41,0.08
vioscreen_iron,41,0.08
vioscreen_v_other,41,0.08
vioscreen_sfa200,41,0.08
vioscreen_hei2010_sodium,41,0.08
vioscreen_pantothe,41,0.08
vioscreen_v_tomato,41,0.08
vioscreen_totfolat,41,0.08
vioscreen_betacryp,41,0.08
vioscreen_glycine,41,0.08
vioscreen_fat,41,0.08
vioscreen_isomalt,41,0.08
vioscreen_sorbitol,41,0.08
vioscreen_betatoco,41,0.08
vioscreen_d_tot_soym,41,0.08
vioscreen_methhis3,41,0.08
vioscreen_sfa120,41,0.08
vioscreen_sfa180,41,0.08
vioscreen_m_fish_lo,41,0.08
vioscreen_vegetable_servings,41,0.08
vioscreen_xylitol,41,0.08
vioscreen_v_orange,41,0.08
vioscreen_hei2010_greens_beans,41,0.08
vioscreen_started,41,0.08
vioscreen_grams,41,0.08
vioscreen_formontn,41,0.08
vioscreen_pfa184,41,0.08
vioscreen_ribofla,41,0.08
vioscreen_sfa160,41,0.08
vioscreen_g_whl,41,0.08
vioscreen_scf,41,0.08
vioscreen_vitd3,41,0.08
vioscreen_daidzein,41,0.08
vioscreen_pfa183,41,0.08
vioscreen_alphacar,41,0.08
vioscreen_erythr,41,0.08
vioscreen_dob,41,0.08
vioscreen_alphtoco,41,0.08
vioscreen_cystine,41,0.08
vioscreen_glycitn,41,0.08
vioscreen_calcium_from_dairy_servings,41,0.08
vioscreen_glutamic,41,0.08
vioscreen_juice_servings,41,0.08
vioscreen_multivitamin,41,0.08
vioscreen_fiber,41,0.08
vioscreen_vitd,41,0.08
vioscreen_fibh2o,41,0.08
vioscreen_thiamin,41,0.08
vioscreen_visit,41,0.08
vioscreen_mfa141,41,0.08
vioscreen_nitrogen,41,0.08
vioscreen_hei2010_fruit,41,0.08
vioscreen_hei_sat_fat,41,0.08
vioscreen_vitd2,41,0.08
vioscreen_pinitol,41,0.08
vioscreen_zinc,41,0.08
vioscreen_avcarb,41,0.08
vioscreen_delttoco,41,0.08
vioscreen_frt5_day,41,0.08
vioscreen_starch,41,0.08
vioscreen_genistn,41,0.08
vioscreen_bmi,41,0.08
vioscreen_magnes,41,0.08
vioscreen_procdate,41,0.08
vioscreen_betaine,41,0.08
vioscreen_d_yogurt,41,0.08
vioscreen_hei2010_veg,41,0.08
vioscreen_finished,41,0.08
vioscreen_mfatot,41,0.08
vioscreen_calcium_avg,41,0.08
vioscreen_arginine,41,0.08
vioscreen_calcium,41,0.08
vioscreen_hei2010_refined_grains,41,0.08
vioscreen_alanine,41,0.08
vioscreen_d_milk,41,0.08
vioscreen_oxalicm,41,0.08
vioscreen_tyrosine,41,0.08
vioscreen_pfa204,41,0.08
vioscreen_totcla,41,0.08
vioscreen_recno,41,0.08
vioscreen_hei_fruit,41,0.08
vioscreen_calories,41,0.08
vioscreen_caffeine,41,0.08
vioscreen_database,41,0.08
vioscreen_copper,41,0.08
vioscreen_m_fish_hi,41,0.08
vioscreen_glucose,41,0.08
vioscreen_hei2010_whole_grains,41,0.08
vioscreen_low_fat_dairy_serving,41,0.08
vioscreen_hei_oils,41,0.08
vioscreen_serine,41,0.08
vioscreen_time,41,0.08
vioscreen_carbo,41,0.08
vioscreen_legumes,41,0.08
vioscreen_g_total,41,0.08
vioscreen_nutrient_recommendation,41,0.08
vioscreen_protocol,41,0.08
vioscreen_multivitamin_freq,41,0.08
vioscreen_vitb12,41,0.08
vioscreen_questionnaire,41,0.08
vioscreen_fried_food_servings,41,0.08
vioscreen_multi_calcium_avg,41,0.08
vioscreen_d_cheese,41,0.08
vioscreen_lycopene,41,0.08
vioscreen_vitc,41,0.08
vioscreen_niacineq,41,0.08
vioscreen_f_nj_other,41,0.08
vioscreen_natoco,41,0.08
vioscreen_hei2010_protien_foods,41,0.08
vioscreen_lactose,41,0.08
vioscreen_wgrain,41,0.08
vioscreen_add_sug,41,0.08
vioscreen_f_nj_total,41,0.08
vioscreen_sfa220,41,0.08
vioscreen_retinol,41,0.08
vioscreen_protanim,41,0.08
vioscreen_alphtoce,41,0.08
vioscreen_addsugar,41,0.08
vioscreen_galactos,41,0.08
vioscreen_leucine,41,0.08
vioscreen_fol_syn,41,0.08
vioscreen_tgrain,41,0.08
vioscreen_water,41,0.08
vioscreen_hei_veg,41,0.08
vioscreen_mfa201,41,0.08
vioscreen_discfat_sol,41,0.08
vioscreen_sucpoly,41,0.08
vioscreen_gammtoco,41,0.08
vioscreen_methion,41,0.08
vioscreen_vita_rae,41,0.08
vioscreen_pectins,41,0.08
vioscreen_discfat_oil,41,0.08
vioscreen_vegsumm,41,0.08
vioscreen_proline,41,0.08
vioscreen_f_other,41,0.08
vioscreen_eer,41,0.08
vioscreen_hei_non_juice_frt,41,0.08
vioscreen_pfa182,41,0.08
vioscreen_a_cal,41,0.08
vioscreen_maltitol,41,0.08
vioscreen_pfa205,41,0.08
vioscreen_veg5_day,41,0.08
vioscreen_hei_meat_beans,41,0.08
vioscreen_rgrain,41,0.08
vioscreen_niacin,41,0.08
vioscreen_m_meat,41,0.08
vioscreen_maltose,41,0.08
vioscreen_ash,41,0.08
vioscreen_adsugtot,41,0.08
vioscreen_calcium_dose,41,0.08
vioscreen_non_fried_fish_servings,41,0.08
vioscreen_g_nwhl,41,0.08
vioscreen_alcohol_servings,41,0.08
vioscreen_bcodeid,41,0.08
vioscreen_mfa181,41,0.08
vioscreen_satoco,41,0.08
vioscreen_v_drkgr,41,0.08
vioscreen_sodium,41,0.08
vioscreen_mfa161,41,0.08
vioscreen_multi_calcium_dose,41,0.08
vioscreen_potass,41,0.08
vioscreen_totaltfa,41,0.08
vioscreen_weight,41,0.08
vioscreen_aspartic,41,0.08
vioscreen_m_nutsd,41,0.08
vioscreen_hei_sol_fat_alc_add_sug,41,0.08
vioscreen_hei2010_whole_fruit,41,0.08
vioscreen_lactitol,41,0.08
vioscreen_joules,41,0.08
vioscreen_f_total,41,0.08
mouse_number,41,0.08
time_since_death_to_cooling,40,0.08
soil_temp_max,40,0.08
soil_temp_min,40,0.08
negative_control_type,40,0.08
metagenome_taxonomy,40,0.08
trial_length,40,0.08
collecting_organization,40,0.08
whz,40,0.08
uid,40,0.08
health_state,39,0.07
liver_disorder,39,0.07
soil_temp_average,39,0.07
submitted_to_insdc,39,0.07
source_host_scientific_name,39,0.07
host_env_material,39,0.07
total_isolate_number,39,0.07
host_env_biome,39,0.07
isolate_strain,39,0.07
well_matrix_rack,39,0.07
source_host_taxid,39,0.07
healthy_uc_cd,39,0.07
plate_row,39,0.07
plate_column,39,0.07
host_env_feature,39,0.07
rack_isolate_number,39,0.07
freezer_box_number,39,0.07
host_env_package,39,0.07
dob,39,0.07
education_level,39,0.07
tg,39,0.07
frequency,39,0.07
birth_weight,39,0.07
taxonomy,39,0.07
thyroid_med,39,0.07
indigestion_drugs,39,0.07
blood_pressure_med,39,0.07
crc_familiarity,39,0.07
extraction_protocol,38,0.07
r2,38,0.07
r1,38,0.07
note,38,0.07
fish,38,0.07
isolate_scientific_name,38,0.07
host_treatment,38,0.07
amy2cn,38,0.07
amy1cn,38,0.07
amy1cngroup,38,0.07
site_name,38,0.07
antibiotics_admin,38,0.07
blood_culture,38,0.07
day_of_life_at_sample_collection,38,0.07
gestational_age,38,0.07
dslnt_threshold,38,0.07
prenec,38,0.07
host_subject,38,0.07
probiotics_administration,38,0.07
breast_milk_feeding,38,0.07
antibiotics_summary,38,0.07
nec_medical_or_surgical,38,0.07
prelos,38,0.07
mother_breast_milk_secretor_status,38,0.07
dirichlet_multinomial_mixtures_cluster,38,0.07
formula_feeding,38,0.07
biotic_relationship,38,0.07
attribute,38,0.07
sample_gender,38,0.07
how_often_do_you_eat_nuts,38,0.07
co_q_10,38,0.07
antibiotics_current,38,0.07
depression_anxiety_mood_med,38,0.07
how_often_do_you_eat_grains,38,0.07
do_you_smoke,38,0.07
pain_med,38,0.07
asthma_or_copd_med,38,0.07
diabetes_med,38,0.07
how_often_do_you_eat_fruits_or_vegetables,38,0.07
do_you_drink_caffeinated_beverages,38,0.07
loss_10lbs_in_last_year,38,0.07
ulcer_past_3_months,38,0.07
how_often_do_you_eat_poultry_beef_pork_seafood_eggs,38,0.07
cholesterol_med,38,0.07
anti_inflammatory_drugs,38,0.07
radiation_chemo,38,0.07
antibiotics_past_3_months,38,0.07
how_often_do_you_eat_yogurt,38,0.07
eth,38,0.07
file_number,38,0.07
col,37,0.07
lysis_buffer_volume,37,0.07
processing_date,37,0.07
row,37,0.07
sample_type2,37,0.07
buffer_removal,37,0.07
compressed_well,37,0.07
platfrom,37,0.07
antibiotic_exposure_cohort,37,0.07
design_description,37,0.07
gained_10lbs_in_last_year,37,0.07
birth_control_or_estrogen,37,0.07
sleep_aid,37,0.07
crohns_disease,37,0.07
hispanic_or_latino,37,0.07
colitis,37,0.07
facility_type,37,0.07
ade,37,0.07
cur_land_use,36,0.07
gcms_sequence,36,0.07
fluor,36,0.07
sample_collection_timepoint,36,0.07
jewish_ancestry,36,0.07
day_of_stool_collection_digestion_issue,36,0.07
celiac_disease,36,0.07
do_you_drink_alcohol,36,0.07
days_in_milk,36,0.07
sequencing_batch,36,0.07
case_or_control,36,0.07
calving_date,36,0.07
days_to_infection,36,0.07
dim_at_matching,36,0.07
weeks_to_infection,36,0.07
infant,36,0.07
turbidity,36,0.07
site_number,36,0.07
water,35,0.07
genotype_sex,35,0.07
keep,35,0.07
room,35,0.07
extracted_gdna_concentration_ng_ul,35,0.07
syndna_pool_number,35,0.07
mass_syndna_input_ng,35,0.07
vol_extracted_elution_ul,35,0.07
compound,35,0.07
day_of_stool_collection_bloating,35,0.07
gi_cancer_past_3_months,35,0.07
day_of_stool_collection_excess_gas,35,0.07
day_of_stool_collection_abdominal_pain,35,0.07
day_of_stool_collection_constipation,35,0.07
breastfed,35,0.07
silverside,35,0.07
visiting_days_ireland,35,0.07
animal_environment,35,0.07
before_after_cleaning,35,0.07
environment_animal,35,0.07
facilities,35,0.07
aligner_type,35,0.07
patient_id_timepoint,35,0.07
bmi6yr,35,0.07
eczema_at_6yr,35,0.07
caesar,35,0.07
eczema_since_2_yrs,35,0.07
antibiotics_before_3_months,35,0.07
faecal_sample_taken_at_12_months,35,0.07
faecal_sample_taken_at_birth,35,0.07
maori,35,0.07
any_smoking_during_pregnancy,35,0.07
antibiotics_before_6_months,35,0.07
any_pet_at_birth,35,0.07
any_smoking_inside_outside_at_birth,35,0.07
pacific,35,0.07
faecal_sample_taken_at_4_yrs,35,0.07
studygroup,35,0.07
faecal_sample_taken_at_24_mths,35,0.07
pets_present_before_2_years,35,0.07
faecal_sample_taken_at_3_months,35,0.07
complete_set_faecal_samples,35,0.07
faecal_sample_taken_at_6_yrs,35,0.07
pets_present_at_24_months,35,0.07
eczema_by_2_years,35,0.07
eczema_ever_by_6yr,35,0.07
reactor,34,0.06
generation,34,0.06
ind,34,0.06
sodium,34,0.06
time_days,34,0.06
sample_replicate,34,0.06
sample_attribute,34,0.06
consumption_raw_vegetables,34,0.06
hospitalisation_abroad,34,0.06
food_consumption_friends_relatives,34,0.06
tap_water_consumption,34,0.06
travel_destination_subregion,34,0.06
consumption_salads,34,0.06
immunosuppressive_use,34,0.06
raw_readcnts,34,0.06
chronic_gi_disease,34,0.06
reason_for_travelling,34,0.06
general_health_compared_to_pretravel,34,0.06
clean_readcnts,34,0.06
diarrhoea_post_travel,34,0.06
anti_acid_use,34,0.06
ant_diarrhoeal_drug_use,34,0.06
food_consumption_foodstalls,34,0.06
diarrhoea_during_travel,34,0.06
main_travel_accomodation,34,0.06
corticosteroid_use,34,0.06
food_consumption_locals,34,0.06
travel_duration,34,0.06
date_rel_hct,34,0.06
day_of_life,34,0.06
stage,34,0.06
intestinal_disease,34,0.06
bristol_stool_chart,34,0.06
host_symbiont,34,0.06
food_preserv_proc,34,0.06
project_description,34,0.06
sieving,33,0.06
covid_chronic_conditions_heart_disease_myocardial_infarction,33,0.06
covid_chronic_conditions_pulmonary_embolism,33,0.06
salinity_psu,33,0.06
age_group_at_sample,33,0.06
gcms_run_location,33,0.06
gcms_analysis_batch,33,0.06
alpha_shotgun_woltka_rar10k_shannon,33,0.06
alpha_shotgun_woltka_rar10k_faithspd,33,0.06
alpha_shotgun_woltka_min10k_faithspd,33,0.06
alpha_shotgun_woltka_min10k_shannon,33,0.06
has_physical_specimen,33,0.06
treatment_type,33,0.06
actual_sample_name,33,0.06
glucose,33,0.06
information,33,0.06
day_of_stool_collection_diarrhea,33,0.06
bmi_kg_m2,33,0.06
extraction_replicate,33,0.06
host_group,33,0.06
feed_addictive_growth_promoter,33,0.06
host_gender,33,0.06
pair,32,0.06
education,32,0.06
sulfate,32,0.06
sequencing_date,32,0.06
gravidity,32,0.06
year_onset,32,0.06
household,32,0.06
descrp,32,0.06
tot_phosp,31,0.06
amount_or_size_of_sample_collected,31,0.06
reactor_type,31,0.06
humidity_max,31,0.06
read_length,31,0.06
tube_barcode,31,0.06
sample_return_bag,31,0.06
gcrdose_units,31,0.06
rack,31,0.06
labels,31,0.06
gmt,31,0.06
env_feature_2,31,0.06
module_original,31,0.06
module,31,0.06
altitude_units,31,0.06
tube_number,31,0.06
saadose_units,31,0.06
hatch_delivery,31,0.06
hen_number,31,0.06
father,31,0.06
excreta,31,0.06
slaughter_1,31,0.06
start_cage_phase_1,31,0.06
start_cage_phase,31,0.06
control_diet,31,0.06
excreta_sampling,31,0.06
slaughter,31,0.06
trial,31,0.06
sampling_date,31,0.06
other,31,0.06
spine_t_score,31,0.06
wc,31,0.06
whole_body_lean_mass,31,0.06
whole_body_fat_mass,31,0.06
total_hip_bmd,31,0.06
total_spine_bmc,31,0.06
femoral_neck_bmc,31,0.06
femoral_neck_t_score,31,0.06
whole_body_fat,31,0.06
hip_t_score,31,0.06
total_hip_bmc,31,0.06
total_spine_bmd,31,0.06
femoral_neck_bmd,31,0.06
total_cholesterol,31,0.06
study_timepoint,31,0.06
annual_temp,31,0.06
laz,31,0.06
host_weight_kg,31,0.06
l_percent,31,0.06
collection_week,31,0.06
linear_growth,31,0.06
breastfed_cat,31,0.06
bmi_t0,31,0.06
age_t0,31,0.06
efavirenz,31,0.06
antiretroviral_treatment,31,0.06
tot_org_carb,30,0.06
ppi,30,0.06
h2_proportion,30,0.06
n2_proportion,30,0.06
co2_proportion,30,0.06
o2_proportion,30,0.06
h2o_proportion,30,0.06
host_species,30,0.06
age_units,30,0.06
reads_tax,30,0.06
hdl_c,30,0.06
apob,30,0.06
total_chol_hdl_ratio,30,0.06
ldl_c_measued,30,0.06
ldlc_calculated,30,0.06
apoa1,30,0.06
apob_apoa1_ratio,30,0.06
randomisation,30,0.06
marital_status,30,0.06
npo_days,30,0.06
abx_days_beforebacteremia,30,0.06
culture_bug1,30,0.06
abx_score_sample,30,0.06
same_day_duplicate,30,0.06
hm_days,30,0.06
bsi_dol,30,0.06
dm_days,30,0.06
form_days,30,0.06
exp_type,30,0.06
bug1_family,30,0.06
abx_days,30,0.06
study_inc_dur,30,0.06
animal,30,0.06
sup,30,0.06
pd,30,0.06
os,30,0.06
pfs,30,0.06
site_village,30,0.06
annual_season_precpt,29,0.05
water_content_soil_meth,29,0.05
weight_pounds,29,0.05
gcrdose,29,0.05
saadose,29,0.05
dna_extraction_date,29,0.05
patientid,29,0.05
disease_status,29,0.05
event_date_time,29,0.05
library_size,29,0.05
total_bases,29,0.05
progression,29,0.05
reverse,29,0.05
forward,29,0.05
special_diet_details,29,0.05
timepoints,29,0.05
sample_id_tp1,29,0.05
dmft_d,29,0.05
adenomasizecat,29,0.05
adenomasize,29,0.05
adenomalocation,29,0.05
unique_alpha_numeric,29,0.05
num_sample,29,0.05
ch4_proportion,28,0.05
primer_plate,28,0.05
substrate,28,0.05
seasonality,28,0.05
sample_type_field_notes,28,0.05
bush_camp,28,0.05
sample_type_expanded,28,0.05
seasonality_unique_subjects,28,0.05
maize_observation,28,0.05
water_source,28,0.05
bristol_stool_scale,28,0.05
suspend_solids,28,0.05
arm,28,0.05
simpson,28,0.05
annual_precpt,28,0.05
median_read_len,28,0.05
min_read_len,28,0.05
mean_read_len,28,0.05
fermented_non_fermented,28,0.05
max_read_len,28,0.05
dataset_name,28,0.05
del_laz_last_12week,28,0.05
sample_size,27,0.05
annual_season_temp,27,0.05
ph_method,27,0.05
library_screening_strategy,27,0.05
sort_order_do_not_edit,27,0.05
specimen,27,0.05
community_type,27,0.05
collection_year_information,27,0.05
genotype_chat_or_th,27,0.05
activated,27,0.05
final_library_concentration_ng_ul,27,0.05
final_dna_concentration_ng_ul,27,0.05
sid,27,0.05
sample_order,27,0.05
color,27,0.05
nose_mouth_teeth_throat_disord,27,0.05
actual_read_length,27,0.05
dummy,27,0.05
wbc,26,0.05
creatinine,26,0.05
hgb,26,0.05
negative_control,26,0.05
number_of_children,26,0.05
read_count,26,0.05
product,26,0.05
read_type,26,0.05
magnesium,26,0.05
etcetera,26,0.05
child,26,0.05
pregnancy,26,0.05
os12,26,0.05
read,26,0.05
nation,26,0.05
soil_type_meth,25,0.05
ldh,25,0.05
environment_package,25,0.05
host_subject_sex,25,0.05
drug_usage,25,0.05
farm,25,0.05
media,25,0.05
host_order,25,0.05
host_class,25,0.05
meat,25,0.05
wheat,25,0.05
rep,25,0.05
c_sect_1_0,25,0.05
babyid_dol,25,0.05
abxprior_gent_168,25,0.05
npo_48h_prior,25,0.05
abxprior_mero_24,25,0.05
abxprior_oxac_168,25,0.05
abxprior_amp_24,25,0.05
mat_cmvserostatus,25,0.05
diet_nonhuman_24h_prior,25,0.05
abxprior_pipt_24,25,0.05
non_host_read_counts,25,0.05
neonatal_abx_ever,25,0.05
abxprior_cef_168,25,0.05
abxprior_gent_24,25,0.05
abxprior_vanc_24,25,0.05
abxprior_cef_24,25,0.05
rom_hr,25,0.05
neonatal_abx_started_72_hrs,25,0.05
abxprior_specimen_24,25,0.05
abxprior_specimen_168,25,0.05
npo_24h_prior,25,0.05
bacteria_read_counts,25,0.05
stool_type,25,0.05
timepoint_specimen,25,0.05
abxprior_amp_168,25,0.05
richness,25,0.05
abxprior_vanc_168,25,0.05
abxprior_pipt_168,25,0.05
abxprior_mero_168,25,0.05
mat_abx,25,0.05
any_labor_yn_1_yes_0_no,25,0.05
gestation,25,0.05
abxprior_oxac_24,25,0.05
env_biom,25,0.05
env_features,25,0.05
laz_stunting,25,0.05
group_eed,25,0.05
pb_bardcode,25,0.05
season_type,25,0.05
appslab,25,0.05
eed_bool,25,0.05
seqwell_barcode,25,0.05
appslab_run,25,0.05
animal_am_dur,25,0.05
host_maternal_preeclampsia,25,0.05
host_lifetime_azithromycin_exposure,25,0.05
host_lifetime_thirdgeneration_cephalosporin_exposure,25,0.05
host_antimicrobial_in_last_7days,25,0.05
host_gestationalage_atdelivery,25,0.05
host_lifetime_antibiotics_exposure,25,0.05
host_age_days_at_time_of_survey,25,0.05
host_del_route,25,0.05
host_zygosity,25,0.05
host_maternal_diabetes,25,0.05
host_lifetime_trimethoprimsulfamethoxazole_exposure,25,0.05
host_birthweight_g,25,0.05
host_lifetime_amoxicillinexposure,25,0.05
host_maternal_smoking,25,0.05
host_special_care_nursery_admission,25,0.05
host_maternal_gestational_wt_gain_kg,25,0.05
host_maternal_prepregnancy_bmi,25,0.05
host_subspecific_genetic_lineage,24,0.05
env_type,24,0.05
env_material_2,24,0.05
temperature_celcius,24,0.05
experiment_number,24,0.05
plate_well_number,24,0.05
host_collection_age,24,0.05
host_collection_age_units,24,0.05
collection_timestamp_24,24,0.05
collection_timestamp_zt,24,0.05
strain_sex,24,0.05
conductivity,24,0.05
library_plate,24,0.05
24h_recall_nutrient_intake_ash_g,24,0.05
parasites_by_microscopy_entamoeba_histolytica_dispar,24,0.05
24h_recall_nutrient_intake_vitc_mg,24,0.05
ihmc_ethnicity,24,0.05
floor_in_the_house,24,0.05
24h_recall_nutrient_intake_vitb1_mg,24,0.05
24h_recall_nutrient_intake_vitb9_ug,24,0.05
water_use_well,24,0.05
24h_recall_nutrient_intake_vitb6_ug,24,0.05
water_use_shared_external_water_tap,24,0.05
parasites_by_microscopy_entamoeba_hartmanni,24,0.05
stool_consistency_bristol_scale,24,0.05
24h_recall_nutrient_intake_fibres_g,24,0.05
parasites_by_microscopy_no_parasites,24,0.05
24h_recall_nutrient_intake_cu_mg,24,0.05
water_use_private_external_water_tap,24,0.05
24h_recall_nutrient_intake_zn_mg,24,0.05
24h_recall_nutrient_intake_ca_mg,24,0.05
24h_recall_nutrient_intake_vitb2_mg,24,0.05
24h_recall_nutrient_intake_vite_mg,24,0.05
24h_recall_nutrient_intake_fe_mg,24,0.05
24h_recall_nutrient_intake_ret_ug,24,0.05
24h_recall_nutrient_intake_betacar_ug,24,0.05
24h_recall_nutrient_intake_vitb3_mg,24,0.05
parasites_by_microscopy_entamoeba_coli,24,0.05
water_use_rainwater,24,0.05
24h_recall_nutrient_intake_p_mg,24,0.05
24h_recall_nutrient_intake_vita_um,24,0.05
parasites_by_microscopy_yeasts,24,0.05
parasites_by_microscopy_worms,24,0.05
number_of_people_in_the_household,24,0.05
24h_recall_nutrient_intake_vitd_ug,24,0.05
24h_recall_nutrient_intake_glucids_g,24,0.05
24h_recall_nutrient_intake_lipids_g,24,0.05
24h_recall_nutrient_intake_water_g,24,0.05
animals_in_the_household,24,0.05
pob,24,0.05
number_of_children_sam_l_dpl438,24,0.05
sanit_toillette,24,0.05
24h_recall_nutrient_intake_k_mg,24,0.05
24h_recall_nutrient_intake_na_mg,24,0.05
water_use_pump,24,0.05
travelled_abroad,24,0.05
24h_recall_nutrient_intake_mg_mg,24,0.05
24h_recall_nutrient_intake_vitb12_ug,24,0.05
24h_recall_nutrient_intake_energy_kcal,24,0.05
language,24,0.05
24h_recall_nutrient_intake_proteins_g,24,0.05
tabacco_use_frequency,24,0.05
water_use_water_tap_in_the_house,24,0.05
purging_frequency,24,0.05
24h_recall_nutrient_intake_alcohol_mg,24,0.05
hispanic,24,0.05
sample_no,24,0.05
filter_size,24,0.05
cell_line,24,0.05
barcode_index_forward,24,0.05
flow_cell_lane,24,0.05
iscontrol,24,0.05
barcode_index_reverse,24,0.05
copy_num_per_gram_feces,24,0.05
repeat,24,0.05
nitrate_nitrite,24,0.05
host_age_unit,24,0.05
dna_concentration_ngul,24,0.05
reverse_file,24,0.05
forward_file,24,0.05
ww_temperature,24,0.05
infant_formula,24,0.05
eggs,24,0.05
microbiome_background,24,0.05
day_timepoint,24,0.05
cd_arm,24,0.05
time_point_collapsed,24,0.05
study_group_detail,24,0.05
mmi,24,0.05
predictedcomponent,24,0.05
rmmi,24,0.05
simpsonidxmetaphlan,24,0.05
md_index,24,0.05
newtherapy,24,0.05
age_diag_yrs,24,0.05
under7,24,0.05
dominanceprop,24,0.05
sampleid_old,24,0.05
biologics,24,0.05
shannondivmetaphlan,24,0.05
hct_value,24,0.05
albumin_value_g_dl,24,0.05
age_yrs,24,0.05
calprotectin_ave,24,0.05
5_asa,24,0.05
dominance,24,0.05
richnessmetaphlan,24,0.05
humanper,24,0.05
spline_fit,24,0.05
dist2hltycentroid_bc,24,0.05
pucai_score,24,0.05
redcap_event_name,24,0.05
hgb_value_g_dl,24,0.05
dist2owncentroid_bc,24,0.05
do_mg_l,24,0.05
infant_delivery_type,24,0.05
infant_feeding_type,24,0.05
stool_hours_to_collection,24,0.05
mother_body_shape,24,0.05
infant_gender,24,0.05
infant_formula_type,24,0.05
slope_gradient,23,0.04
lab_host,23,0.04
total_number_meds_on,23,0.04
sip_dds_pe,23,0.04
recall_mean_t_pe,23,0.04
sip_mean_t_pe,23,0.04
vistudy,23,0.04
gds_pe,23,0.04
learn_mean_t_pe,23,0.04
numberarvs_ever,23,0.04
positive_control,23,0.04
plant_body_site,23,0.04
qpcr_exp_number,23,0.04
depletion_method,23,0.04
antibiotic_treated,23,0.04
pfsevent,23,0.04
collection_country_information,23,0.04
electricity,23,0.04
antibiotic_use_last_taken,23,0.04
breast_fed,23,0.04
self_reported_food_intolerance,23,0.04
moved_to_current_location_at_age,23,0.04
traditional_medicine_use_frequency,23,0.04
moved_to_current_location_years_ago,23,0.04
texture,23,0.04
sample_type_1,23,0.04
calprotectin,23,0.04
season_at_sampling,23,0.04
covid_happened_to_you_hospitalized,23,0.04
covid_chronic_conditions_congestive_heart_failure,23,0.04
covid_chronic_conditions_hiv,23,0.04
collection_date_only,23,0.04
recruitment_year,23,0.04
mother_child,23,0.04
sow_parity,23,0.04
fibroscan_liver_stiffness_measurement_kpa,23,0.04
diabetes_status,23,0.04
fibroscan_controlled_attenuation_parameter_db_m,23,0.04
medical_history_performed,23,0.04
description2,23,0.04
visit_num,23,0.04
structure,23,0.04
layer,23,0.04
stake,23,0.04
ec_ms_cm,23,0.04
irradiance_surface,23,0.04
surface,22,0.04
microbial_biomass_meth,22,0.04
microbial_biomass,22,0.04
ecog,22,0.04
cr_day_180,22,0.04
wrk_mem_mean_t_pe,22,0.04
verbal_mean_t_pe,22,0.04
oxygenation_status_of_sample,22,0.04
antiparasitic_drugs_last_taken,22,0.04
host_tot_mass_g,22,0.04
received_macrolides,22,0.04
study_visit,22,0.04
rtx,22,0.04
othertreatment,22,0.04
prednisone,22,0.04
samplename,22,0.04
descrip,22,0.04
skinsite,22,0.04
community,22,0.04
distance,22,0.04
location_province,22,0.04
amplicon_pcr_primer_scheme,22,0.04
enrichment_protocol,22,0.04
case_control,22,0.04
visit_month,22,0.04
cst,22,0.04
ph_ega,22,0.04
ph_sores_ulcers,22,0.04
p1_status,22,0.04
ph_discharge,22,0.04
curr_ptnrs,22,0.04
bltest_sypresults,22,0.04
sd_age,22,0.04
wind_speed,22,0.04
fire,21,0.04
collecting_institution,21,0.04
metformin,21,0.04
sequence_quality_check,21,0.04
systolic_bp,21,0.04
diastolic_bp,21,0.04
pulse,21,0.04
paofi_total,21,0.04
pulse_pressure,21,0.04
microbiota,21,0.04
tag,21,0.04
crp,21,0.04
collection_day,21,0.04
sample_label,21,0.04
pen,21,0.04
isolate_name_or_label,21,0.04
unique_attribute,21,0.04
nugent_score,21,0.04
samples,21,0.04
probiotics,21,0.04
age_days,21,0.04
cotrimoxazole_mid,21,0.04
cotrimoxazole_early,21,0.04
macrolide_late,21,0.04
ciprofloxacin_late,21,0.04
ciprofloxacin_early_reciprocal,21,0.04
metronidazole_mid,21,0.04
cotrimoxazole_any,21,0.04
cephalosporin_early_reciprocal,21,0.04
metronidazole_late,21,0.04
macrolide_early_reciprocal,21,0.04
antibiotic_any,21,0.04
wcoughbreathing,21,0.04
wcough_breath_bin,21,0.04
cephalosporin_any,21,0.04
macrolide_any,21,0.04
wvomiting,21,0.04
cotrimoxazole_early_reciprocal,21,0.04
ciprofloxacin_any,21,0.04
penicillin_late,21,0.04
wdiarrhoea,21,0.04
cephalosporin_late,21,0.04
macrolide_early,21,0.04
metronidazole_early_reciprocal,21,0.04
ciprofloxacin_mid,21,0.04
wdiarrhea_bin,21,0.04
wbloodystool,21,0.04
penicillin_early,21,0.04
wvomit_bin,21,0.04
antibiotic_early_reciprocal,21,0.04
wstool_bin,21,0.04
metronidazole_any,21,0.04
cephalosporin_mid,21,0.04
cotrimoxazole_late,21,0.04
wfever_bin,21,0.04
antibiotic_late,21,0.04
penicillin_any,21,0.04
ciprofloxacin_early,21,0.04
penicillin_early_reciprocal,21,0.04
penicillin_mid,21,0.04
macrolide_mid,21,0.04
wanyreason,21,0.04
wfever,21,0.04
sample_tp,21,0.04
mother_health_status,21,0.04
birthdate,21,0.04
ia2a_positive,21,0.04
ia2a_level_bin,21,0.04
aab_post_lastneg,21,0.04
barley,21,0.04
oat,21,0.04
collection_location,21,0.04
abxexposureabsolute,21,0.04
abxprecollection,21,0.04
bf_long_term,21,0.04
flowcell,21,0.04
delivery_route,21,0.04
milk_prod,21,0.04
container_1,21,0.04
aab_positive,21,0.04
ia2a_level,21,0.04
iaa_positive,21,0.04
tech_rep_exists,21,0.04
znt8a_level_bin,21,0.04
age_at_seroconversion,21,0.04
t1d_status,21,0.04
illnessatcollection,21,0.04
znt8a_level,21,0.04
rye,21,0.04
gada_level,21,0.04
exclusive_bf,21,0.04
root_veg,21,0.04
ica_positive,21,0.04
soy_prod,21,0.04
ica_level_bin,21,0.04
iaa_level,21,0.04
rice,21,0.04
gada_positive,21,0.04
time_to_seroconversion,21,0.04
bf_exclusive_duration,21,0.04
corn,21,0.04
post_t1d_diag,21,0.04
bf,21,0.04
veg,21,0.04
znt8a_positive,21,0.04
abxatcollection,21,0.04
buckwheat_millet,21,0.04
aab_post_fistpos,21,0.04
bf_exclusive_positive,21,0.04
container_2,21,0.04
fruits_berries,21,0.04
solid_food,21,0.04
aab_level,21,0.04
postabxexposure,21,0.04
hla_risk_class,21,0.04
gada_level_bin,21,0.04
iaa_level_bin,21,0.04
t1d_diagnosed,21,0.04
ica_level,21,0.04
cereal,21,0.04
agrochem_addition,20,0.04
org_carb,20,0.04
sample_group,20,0.04
add_4,20,0.04
soil_min_temp_c,20,0.04
add_0,20,0.04
ambient_max_temp_c,20,0.04
ambient_min_temp_c,20,0.04
soil_mean_temp_c,20,0.04
add_6,20,0.04
add_5,20,0.04
ambient_temp_avg,20,0.04
soil_add_0,20,0.04
soil_add_6,20,0.04
soil_add_5,20,0.04
soil_max_temp_c,20,0.04
soil_add_4,20,0.04
mchc,20,0.04
phosphorous,20,0.04
bilirubin_direct,20,0.04
hct,20,0.04
lymphocyte_percent,20,0.04
alt_sgpt,20,0.04
protein_total_serum,20,0.04
hdl_cholesterol,20,0.04
blood_urea_nitrogen,20,0.04
height_inches,20,0.04
glucose_serum,20,0.04
cholesterol_total,20,0.04
ast_sgot,20,0.04
mcv,20,0.04
alkaline_phosphatase,20,0.04
mch,20,0.04
exec_mean_t_pe,20,0.04
neurophil_perc,20,0.04
rdw,20,0.04
disease_activity,20,0.04
sample_weight_for_dna_extraction,20,0.04
meld,20,0.04
horizon,20,0.04
trap,20,0.04
loc_rad_geiger_gamma_usv_per_h,20,0.04
location_code,20,0.04
ilewis,20,0.04
msecretor,20,0.04
isecretor,20,0.04
mlewis,20,0.04
completeness,20,0.04
contamination,20,0.04
accession,20,0.04
tot_depth_water_col,20,0.04
source,20,0.04
pd1_start_ctb_or_lfu_months,20,0.04
ctb,20,0.04
donor_or_recipient,20,0.04
days_after_fmt,20,0.04
best_response_before_fmt,20,0.04
best_response_after_fmt,20,0.04
liver_metastases,20,0.04
best_response_to_therapy,20,0.04
days_after_last_anti_pd1_treatment,20,0.04
clin_response_to_fmt,20,0.04
pre_or_post_fmt,20,0.04
progression_after_fmt,20,0.04
file_description,20,0.04
menstruation,20,0.04
serial,20,0.04
fcpresponse,20,0.04
treatment_specific,20,0.04
pcdai,20,0.04
log_fcp,20,0.04
human_per,20,0.04
antibiotics_visit,20,0.04
cluster,20,0.04
fcp,20,0.04
fungi_per,20,0.04
bristolscore,20,0.04
nonhumanreads,20,0.04
pucai,20,0.04
post_processed_reads,20,0.04
antibiotic_mid,20,0.04
cephalosporin_early,20,0.04
metronidazole_early,20,0.04
biotic_regm,20,0.04
herd,20,0.04
ferm_time,20,0.04
geotraces_section,20,0.04
cruise_station,20,0.04
host_water_type,20,0.04
patient_number,19,0.04
sample_tittle,19,0.04
motor_mean_t_pe,19,0.04
water_content_method,19,0.04
suspend_part_matter,19,0.04
food_frequency_questionaire_times_month_sweetbananas,19,0.04
food_frequency_questionaire_times_month_batondemanioc,19,0.04
food_frequency_questionaire_times_month_snails,19,0.04
food_frequency_questionaire_times_month_fermmilk,19,0.04
food_frequency_questionaire_times_month_flour,19,0.04
food_frequency_questionaire_times_month_spirits,19,0.04
food_frequency_questionaire_times_month_meat,19,0.04
food_frequency_questionaire_times_month_pastmilk,19,0.04
food_frequency_questionaire_times_month_bananegreen,19,0.04
food_frequency_questionaire_times_month_freshjuice,19,0.04
food_frequency_questionaire_times_month_indyoghurt,19,0.04
food_frequency_questionaire_times_month_sugarhoney,19,0.04
food_frequency_questionaire_times_month_potatoes,19,0.04
food_frequency_questionaire_times_month_chicken,19,0.04
food_frequency_questionaire_times_month_rice,19,0.04
food_frequency_questionaire_times_month_beanskoki,19,0.04
food_frequency_questionaire_times_month_cheese,19,0.04
food_frequency_questionaire_times_month_tomatoescabaggegreenbeansmushroomsleekcelery,19,0.04
food_frequency_questionaire_times_month_plantain,19,0.04
food_frequency_questionaire_times_month_eggs,19,0.04
food_frequency_questionaire_times_month_millet,19,0.04
food_frequency_questionaire_times_month_seasonalfruits,19,0.04
food_frequency_questionaire_times_month_seafood,19,0.04
food_frequency_questionaire_times_month_manioc,19,0.04
food_frequency_questionaire_times_month_yam,19,0.04
food_frequency_questionaire_times_month_fish,19,0.04
food_frequency_questionaire_times_month_nutscashewkola,19,0.04
food_frequency_questionaire_times_month_kossam,19,0.04
food_frequency_questionaire_times_month_corn,19,0.04
food_frequency_questionaire_times_month_pumpkinseeds,19,0.04
food_frequency_questionaire_times_month_sodacocatopfanta,19,0.04
food_frequency_questionaire_times_month_offal,19,0.04
food_frequency_questionaire_times_month_sweetpot,19,0.04
food_frequency_questionaire_times_month_herbsspices,19,0.04
food_frequency_questionaire_times_month_indjuice,19,0.04
food_frequency_questionaire_times_month_paprika,19,0.04
food_frequency_questionaire_times_month_termitesinsects,19,0.04
food_frequency_questionaire_times_month_peas,19,0.04
food_frequency_questionaire_times_month_greenleaves,19,0.04
food_frequency_questionaire_times_month_sweets,19,0.04
food_frequency_questionaire_times_month_game,19,0.04
food_frequency_questionaire_times_month_macabo,19,0.04
food_frequency_questionaire_times_month_soya,19,0.04
food_frequency_questionaire_times_month_peanuts,19,0.04
food_frequency_questionaire_times_month_taro,19,0.04
food_frequency_questionaire_times_month_palmwine,19,0.04
food_frequency_questionaire_times_month_avocado,19,0.04
food_frequency_questionaire_times_month_wineredwhite,19,0.04
food_frequency_questionaire_times_month_beer,19,0.04
atopy,19,0.04
libary_batch,19,0.04
experimental_day,19,0.04
expid,19,0.04
time_points,19,0.04
scdai,19,0.04
pathogenicity,19,0.04
custom_attribute,19,0.04
dna_extraction_kit,19,0.04
cf_liver_disease,19,0.04
cftr_genotype,19,0.04
event_code,19,0.04
colon_cleanout_date,19,0.04
racial_identities,19,0.04
colon_cleanout_relative_day,19,0.04
colon_cleanout_interval,19,0.04
soil_texture_meth,18,0.03
extreme_event,18,0.03
cumulative_density_mav,18,0.03
wrat_last,18,0.03
umbilicus_waistcircumference_cm,18,0.03
minimal_waistcircumference_cm,18,0.03
age_of_first_use_alc,18,0.03
midwaistcircumference_cm,18,0.03
hipcircumference_cm,18,0.03
cumulative_density_tos,18,0.03
days_since_last_use_alc,18,0.03
cumulative_density_mas,18,0.03
midarmcircumference_cm,18,0.03
metagenomic_source,18,0.03
total_antibiotic_treatment_length,18,0.03
total_mechanical_ventilation_length,18,0.03
tracheostomy,18,0.03
total_hospitalization_length,18,0.03
apache,18,0.03
prior_antibiotic_intake,18,0.03
pneumonia,18,0.03
total_icu_stay,18,0.03
host_age_group,18,0.03
host_head_width_mm,18,0.03
acetate,18,0.03
milk_type,18,0.03
treatment_batch,18,0.03
uniqid,18,0.03
soluble_react_phosp,18,0.03
part_org_carb,18,0.03
study_week,18,0.03
size_frac_up,18,0.03
antibiotic,18,0.03
datatype,18,0.03
sample_name_duplicate,18,0.03
sample_attribution,18,0.03
url,18,0.03
australianmicrobiome_metadata_defs_url,18,0.03
general_env_feature,18,0.03
funding_agency,18,0.03
sample_submitter,18,0.03
md5_filename1,18,0.03
ncbi_txid,18,0.03
ticket,18,0.03
md5_filename,18,0.03
gestation_state,18,0.03
host_maternal_peripartum_abx,18,0.03
diss_org_carb,17,0.03
drainage_class,17,0.03
sample_storage_container_type,17,0.03
sample_protocol_chemical_treatment,17,0.03
environmental_material_quantity_volume,17,0.03
sample_protocol_size_fraction_lower_threshold,17,0.03
sample_protocol_size_fraction_upper_threshold,17,0.03
sample_protocol_temperature_treatment,17,0.03
sampling_plateform,17,0.03
environmental_material_quantity_weight,17,0.03
sample_storage_container_label,17,0.03
sample_protocol_target_analysis,17,0.03
sampling_event_device_collection_area,17,0.03
environmental_marine_region,17,0.03
last_updated,17,0.03
age_at_diagnosis,17,0.03
cdai,17,0.03
duplicate,17,0.03
mwtrvex,17,0.03
mwonuex,17,0.03
mwoptex,17,0.03
mwaloex,17,0.03
mwosdex,17,0.03
nadir_cd4,17,0.03
mwoalex,17,0.03
bio_material,17,0.03
sample_weight,17,0.03
dissolved_oxygen,17,0.03
host_length_mm,17,0.03
replicate_site,17,0.03
visiit,17,0.03
sample_set,17,0.03
swallow_date_time,17,0.03
recover_date_time,17,0.03
pollution_level,17,0.03
city,17,0.03
omics_technology,17,0.03
sample_experimental_design,17,0.03
host_per_protocol_set,17,0.03
host_timepoint,17,0.03
host_safety_set,17,0.03
host_intented_to_treat,17,0.03
incubation_timepoint,17,0.03
tree,17,0.03
bat_sex,17,0.03
bat_stage,17,0.03
humidity,17,0.03
analysis_group,17,0.03
vancomycin,17,0.03
cage_num,17,0.03
chem_oxygen_dem,17,0.03
sample_site_location_description,17,0.03
temp_meth,17,0.03
adjacent_environment,17,0.03
dmft_m,17,0.03
crf_date,17,0.03
dmft_f,17,0.03
dfmt_von,17,0.03
dpi_num,17,0.03
gi_tract,17,0.03
experimental_phase,17,0.03
core_name,17,0.03
link_name,17,0.03
salinity_meth,16,0.03
body_site_type,16,0.03
samplegroup,16,0.03
expo,16,0.03
environmental_material_depth_below_sediment_surface_top,16,0.03
environmental_material_depth_below_sediment_surface_bottom,16,0.03
fermented_frequency,16,0.03
infant_age_weeks,16,0.03
infant_delivery_mode,16,0.03
infant_sex,16,0.03
poms_tensionper_anxiety,16,0.03
poms_vigorper_activation,16,0.03
poms_angerper_hostility,16,0.03
poms_fatigueper_inertia,16,0.03
poms_confusionper_bewilderment,16,0.03
poms_depressionperdejection,16,0.03
poms_total_mood_disturbance,16,0.03
presence_of_pets_or_farm_animals,16,0.03
go_outdoors,16,0.03
production_category,16,0.03
production_type,16,0.03
antibiotic_intake,16,0.03
host_phylum,16,0.03
host_flight,16,0.03
sludge_retent_time,16,0.03
hbi,16,0.03
part_org_nitro,16,0.03
personid,16,0.03
concentration_ng_ul,16,0.03
visit_name,16,0.03
promis_socialisolation,16,0.03
biologic_at_baseline,16,0.03
cd_disease_distrn,16,0.03
intest_surgery,16,0.03
crp_value,16,0.03
mean_pain_rate,16,0.03
promis_fatigue,16,0.03
fcp_value,16,0.03
fcp_crp_elevated_coyinflam,16,0.03
promis_sleepdisturbance,16,0.03
promis_paininterference,16,0.03
library,16,0.03
type_of_antibiotic,16,0.03
samp_rep_tech,16,0.03
samp_transport_temp,16,0.03
antibiotic_early,16,0.03
above_sea_level,16,0.03
average_humidity,16,0.03
locality,16,0.03
vitamin_d,16,0.03
total_sequences,16,0.03
plaque_index,16,0.03
par,16,0.03
day_of_collection,16,0.03
caesareansection,16,0.03
cd4count,16,0.03
femaleinfant,16,0.03
motherdob,16,0.03
ctx,16,0.03
local_class,15,0.03
collector_name,15,0.03
region_iso_code,15,0.03
fermented_consumed_beer,15,0.03
fermented_consumed_yogurtlassi,15,0.03
fermented_consumed_sour_creamcreme_fraiche,15,0.03
fermented_produce_commercial_unspecified,15,0.03
fermented_consumed_wine,15,0.03
fermented_produce_personal_unspecified,15,0.03
nanodrop_concentration_ng_ul,15,0.03
pcr_conditions,15,0.03
protocol,15,0.03
combo_regimen,15,0.03
total_d_drug_exposure,15,0.03
current_regimen,15,0.03
ldl_cholesterol,15,0.03
stopped_d_drug_duration_cum,15,0.03
stopped_ddrug_duration_cum,15,0.03
enrichment,15,0.03
mort_90d,15,0.03
days_from_first_visit,15,0.03
host_bmi,15,0.03
cage_number,15,0.03
tss,15,0.03
collection_data,15,0.03
lake_code,15,0.03
sample_owner,15,0.03
iron,15,0.03
fermented_increased,15,0.03
tp,15,0.03
treatment_status,15,0.03
valerate,15,0.03
donor_group,15,0.03
sample_location,15,0.03
race_cat,15,0.03
age_at_a1,15,0.03
ibs_dx,15,0.03
season_a1,15,0.03
mecfs_status,15,0.03
season_a1_cat,15,0.03
pain_narc_rx,15,0.03
antimicro_rx,15,0.03
race_hispanic,15,0.03
prebiotic,15,0.03
allergy_dx,15,0.03
age_at_a1_cat,15,0.03
anti_depressant_rx,15,0.03
organ,15,0.03
segment,15,0.03
statins,15,0.03
dsqfib,15,0.03
dsqfrt,15,0.03
pdl1,15,0.03
dsqwhgr,15,0.03
dsqdairy,15,0.03
beta_blocker,15,0.03
tmb,15,0.03
other_hypertensive,15,0.03
primary_cat,15,0.03
treatment_naive,15,0.03
dsqfvlnf,15,0.03
dsqvlnf,15,0.03
dsqssb,15,0.03
s_count,15,0.03
dsqcalc,15,0.03
stage_all,15,0.03
adv_substage,15,0.03
pfs_d,15,0.03
sci2018,15,0.03
fiber_cat,15,0.03
dsqsug,15,0.03
adult,15,0.03
dataset_description,15,0.03
time_point_description,15,0.03
time_point_day,15,0.03
chlorophyll_a,15,0.03
fecal_odor,15,0.03
fecal_color,15,0.03
fecal_score,15,0.03
food_treatment,15,0.03
weight_kgs,15,0.03
enrichment_kit,15,0.03
raw_sequence_data_processing_method,15,0.03
delivery_mode_abx,15,0.03
exclusive_breastmilk_6m,15,0.03
any_breastmilk_6m,15,0.03
treatment2,15,0.03
feeding_at_1m,15,0.03
sample_missingme,15,0.03
geo_loc_missingme,15,0.03
temp_degc,15,0.03
fecal_sampleid,15,0.03
sample_coding,15,0.03
soil_temp,15,0.03
season_temp,15,0.03
rel_location,15,0.03
season_precpt,15,0.03
season_humidity,15,0.03
samp_pooling,15,0.03
microb_start_taxid,15,0.03
ferm_medium,15,0.03
ferm_chem_add,15,0.03
soil_horizon,14,0.03
config,14,0.03
specimen_voucher,14,0.03
final_metabolomics_weight,14,0.03
diagnosis_date,14,0.03
aliquoted_for_genomics,14,0.03
pouch,14,0.03
stools_before_dx,14,0.03
genomic_sample_underwent_24h_thaw,14,0.03
procedure_date,14,0.03
realiquoted_for_metabolomics_or_genomics,14,0.03
yob,14,0.03
metabolomic_sample_underwent_24h_thaw,14,0.03
raw_metadata_line,14,0.03
first_patient_metadata_line,14,0.03
original_metabolomics_weight,14,0.03
transferred_into_glycerol,14,0.03
most_recent_metadata_line_match,14,0.03
found_in_proteome_aliquot_list,14,0.03
hospitalizations,14,0.03
total_depth_of_water_column,14,0.03
positive_control_type,14,0.03
cd4cd8_ratio,14,0.03
first_pos_test_date_ever_rptd_at_hnrp,14,0.03
days_since_last_use_mar,14,0.03
priorvisitreg,14,0.03
efficiency_percent,14,0.03
fermented_consumed_chicha,14,0.03
fermented_produce_personal_beer,14,0.03
fermented_produce_personal_kombucha,14,0.03
fermented_produce_commercial_mead,14,0.03
fermented_produce_commercial_kefir_water,14,0.03
fermented_produce_commercial_cottage_cheese,14,0.03
fermented_produce_personal_yogurtlassi,14,0.03
fermented_produce_commercial_fermented_tofu,14,0.03
fermented_produce_commercial_fish_sauce,14,0.03
fermented_consumed_kefir_water,14,0.03
fermented_consumed_cider,14,0.03
fermented_produce_personal_fermented_breadsourdoughinjera,14,0.03
fermented_produce_commercial_fermented_fish,14,0.03
fermented_produce_commercial_cider,14,0.03
fermented_produce_personal_fermented_fish,14,0.03
fermented_produce_personal_fish_sauce,14,0.03
fermented_consumed_sauerkraut,14,0.03
fermented_produce_commercial_kefir_milk,14,0.03
fermented_produce_personal_kefir_water,14,0.03
fermented_produce_commercial_beer,14,0.03
fermented_produce_personal_pickled_vegetables,14,0.03
fermented_consumed_fermented_beansmisonatto,14,0.03
fermented_produce_commercial_pickled_vegetables,14,0.03
fermented_produce_personal_sour_creamcreme_fraiche,14,0.03
fermented_produce_personal_sauerkraut,14,0.03
fermented_produce_commercial_kombucha,14,0.03
fermented_produce_commercial_sauerkraut,14,0.03
fermented_produce_commercial_wine,14,0.03
fermented_consumed_tempeh,14,0.03
fermented_produce_personal_kimchi,14,0.03
fermented_consumed_mead,14,0.03
fermented_produce_personal_cottage_cheese,14,0.03
fermented_produce_commercial_chicha,14,0.03
fermented_consumed_pickled_vegetables,14,0.03
fermented_produce_commercial_yogurtlassi,14,0.03
fermented_produce_personal_fermented_tofu,14,0.03
fermented_consumed_cottage_cheese,14,0.03
fermented_produce_personal_chicha,14,0.03
fermented_consumed_kimchi,14,0.03
fermented_produce_personal_cider,14,0.03
fermented_produce_commercial_sour_creamcreme_fraiche,14,0.03
fermented_consumed_kefir_milk,14,0.03
fermented_produce_commercial_fermented_breadsourdoughinjera,14,0.03
fermented_produce_commercial_fermented_beansmisonatto,14,0.03
fermented_consumed_unspecified,14,0.03
fermented_produce_personal_fermented_beansmisonatto,14,0.03
fermented_consumed_fermented_fish,14,0.03
fermented_produce_personal_mead,14,0.03
fermented_consumed_fermented_breadsourdoughinjera,14,0.03
fermented_produce_commercial_tempeh,14,0.03
fermented_consumed_kombucha,14,0.03
fermented_produce_personal_wine,14,0.03
fermented_produce_personal_tempeh,14,0.03
fermented_produce_personal_kefir_milk,14,0.03
fermented_produce_commercial_kimchi,14,0.03
fermented_consumed_fish_sauce,14,0.03
fermented_consumed_fermented_tofu,14,0.03
host_diet_treatment_concentration,14,0.03
host_gutted_mass,14,0.03
host_storage_container,14,0.03
host_storage_container_ph,14,0.03
discharge_length_cm,14,0.03
abx_for_pprom,14,0.03
apgar_at_5_min,14,0.03
discharge_head_circumference,14,0.03
pprom,14,0.03
bmz_during_pregnancy,14,0.03
home_oxygen,14,0.03
abx_for_chorio,14,0.03
dol_bottle_feed,14,0.03
dol_enteral_feeding,14,0.03
surgery_during_admission,14,0.03
days_intubated,14,0.03
days_on_systemic_steroid,14,0.03
parity,14,0.03
apgar_at_1_min,14,0.03
duration_of_rom,14,0.03
abx_during_pregnancy,14,0.03
birth_length,14,0.03
days_on_hfnc_greater_than_2_liters,14,0.03
birth_head_circumference,14,0.03
infant_received_surfactant,14,0.03
days_on_antifungal,14,0.03
duration_of_hospitalization_days,14,0.03
apgar_at_10_min,14,0.03
days_on_abx,14,0.03
blood_transfusions,14,0.03
delivery_method,14,0.03
gravida,14,0.03
days_on_cpap_or_nimv,14,0.03
discharge_weight_g,14,0.03
days_on_hfnc_less_than_or_equal_to_2_liters,14,0.03
litter,14,0.03
plot,14,0.03
specimen_number,14,0.03
attribute_code,14,0.03
pre_treatment,14,0.03
humanized,14,0.03
sourceid,14,0.03
nb_severity,14,0.03
reads_depth,14,0.03
residency,14,0.03
clinical_phase,14,0.03
treatment2_cagenum,14,0.03
treatment2_antibiotic,14,0.03
daysampletaken,14,0.03
treatment2_days,14,0.03
treatment1_antibiotic,14,0.03
treatment1_cagenum,14,0.03
treatment1_days,14,0.03
time_since_last_wash,14,0.03
host_depletion,14,0.03
bmi_cat_2,14,0.03
order,14,0.03
day_rel_hct,14,0.03
age_at_transplant_yrs,14,0.03
biochem_oxygen_dem,14,0.03
number_of_cohabiting_family_members,14,0.03
antibiotic_use_within_3m,14,0.03
mode_of_infant_feeding_in_first_3m,14,0.03
animal_contact,14,0.03
mode_of_delivery,14,0.03
work_status,14,0.03
pid,14,0.03
in_house_young_adult_samples,14,0.03
source_material_identifies,14,0.03
quality_control_determination,14,0.03
sequence_submitter_contact_email,14,0.03
ferm_headspace_oxy,14,0.03
reverse_sample,14,0.03
in_vitro_model,14,0.03
cdiff_strain,14,0.03
cdiff_name,14,0.03
forward_sample,14,0.03
ribotype,14,0.03
subtype,14,0.03
phide_a_meth,14,0.03
conductivity_aqueous,14,0.03
perid_meth,14,0.03
echin,14,0.03
zooplankton_biomass,14,0.03
anth,14,0.03
alpha_beta_car,14,0.03
pyrophide_a,14,0.03
allo,14,0.03
alkalinity_meth,14,0.03
diadino_meth,14,0.03
dv_cphl_b,14,0.03
pyrophytin_a,14,0.03
mg_dvp_meth,14,0.03
prochlorococcus,14,0.03
chlorophyll_c2_meth,14,0.03
lut_meth,14,0.03
zea,14,0.03
turbidity_meth,14,0.03
mg_dvp,14,0.03
dv_cphl_a_meth,14,0.03
zea_meth,14,0.03
dv_cphl_a_and_cphl_a,14,0.03
chlorophyll_c1,14,0.03
perid,14,0.03
neo,14,0.03
diato,14,0.03
dv_cphl_b_and_cphl_b,14,0.03
phytin_b,14,0.03
pras_meth,14,0.03
echin_meth,14,0.03
oxygen_ctd_vol,14,0.03
viola,14,0.03
phytin_a,14,0.03
phide_a,14,0.03
secchi_depth,14,0.03
fuco_meth,14,0.03
dino_meth,14,0.03
prochlorococcus_meth,14,0.03
neo_meth,14,0.03
phosphate_meth,14,0.03
chlorophyll_b_meth,14,0.03
gyro_meth,14,0.03
hex_fuco,14,0.03
nitrate_meth,14,0.03
but_fuco,14,0.03
cantha_meth,14,0.03
nitrite_meth,14,0.03
tss_meth,14,0.03
silicate_meth,14,0.03
asta_meth,14,0.03
viola_meth,14,0.03
secchi_depth_meth,14,0.03
cphlide_a_meth,14,0.03
chlorophyll_c3,14,0.03
nrs_trip_code,14,0.03
phytin_a_meth,14,0.03
cphlide_a,14,0.03
chlorophyll_b,14,0.03
oxygen_meth,14,0.03
keto_hex_fuco_meth,14,0.03
phytin_b_meth,14,0.03
synechococcus_meth,14,0.03
picoeukaryotes,14,0.03
pyrophide_a_meth,14,0.03
hex_fuco_meth,14,0.03
chlorophyll_c2,14,0.03
picoeukaryotes_meth,14,0.03
anth_meth,14,0.03
but_fuco_meth,14,0.03
chlorophyll_ctd_meth,14,0.03
dv_cphl_a,14,0.03
allo_meth,14,0.03
dv_cphl_a_and_cphl_a_meth,14,0.03
zooplankton_biomass_meth,14,0.03
total_co2,14,0.03
salinity_lab,14,0.03
salinity_lab_meth,14,0.03
pras,14,0.03
imos_site_code,14,0.03
dino,14,0.03
fuco,14,0.03
keto_hex_fuco,14,0.03
nrs_sample_code,14,0.03
total_co2_meth,14,0.03
synechococcus,14,0.03
cantha,14,0.03
chlorophyll_a_meth,14,0.03
chlorophyll_c3_meth,14,0.03
oxygen_ctd_vol_meth,14,0.03
lut,14,0.03
gyro,14,0.03
conductivity_aqueous_meth,14,0.03
diadino,14,0.03
chlorophyll_c1_meth,14,0.03
dv_cphl_b_and_cphl_b_meth,14,0.03
alpha_beta_car_meth,14,0.03
chlorophyll_ctd,14,0.03
diato_meth,14,0.03
density_meth,14,0.03
sample_volume_notes,14,0.03
ammonium_meth,14,0.03
asta,14,0.03
pyrophytin_a_meth,14,0.03
dv_cphl_b_meth,14,0.03
diseaseclass,14,0.03
sociality,14,0.03
location_type,13,0.02
ground_level,13,0.02
crop_rotation,13,0.02
fao_class,13,0.02
true_control,13,0.02
ibd_history,13,0.02
blood,13,0.02
sample_storage_duration,13,0.02
bdi_ii,13,0.02
vacs_total,13,0.02
total_days_mar,13,0.02
box,13,0.02
library_preparation_date,13,0.02
exposure_start,13,0.02
train_test,13,0.02
cage_food_consumption_g,13,0.02
cage_location,13,0.02
plateid,13,0.02
locationrow,13,0.02
calc_mass_sample_aliquot_input_g,13,0.02
gtype_exp,13,0.02
locationcolumn,13,0.02
gtype,13,0.02
exposure_type,13,0.02
file_checksum,13,0.02
primary_treatment,13,0.02
tertiary_treatment,13,0.02
host_rad_gammaspec_raw_cps,13,0.02
ncbi_level,13,0.02
final_coverage,13,0.02
scientific_name_2,13,0.02
mean_contig_length,13,0.02
taxon_id_2,13,0.02
classification,13,0.02
anti_tnf,13,0.02
fiber,13,0.02
propionate,13,0.02
ammonia,13,0.02
location_name,13,0.02
propagation,13,0.02
secondary_treatment,13,0.02
sampling_time_point,13,0.02
menses,13,0.02
vaginal_ph,13,0.02
drinking,13,0.02
nursery_pen,13,0.02
mother_child_status,13,0.02
approximate_total_income_all_family_in_house,13,0.02
rate_overall_health,13,0.02
health_insurance_type,13,0.02
child_race,13,0.02
total_number_of_housemates,13,0.02
child_ethnicity,13,0.02
anyone_in_household_smoke,13,0.02
attend_daycare_or_school,13,0.02
employed,13,0.02
have_health_insurance,13,0.02
general_happiness,13,0.02
spouse_employed,13,0.02
host_subspecf_genlin,13,0.02
subject_information,13,0.02
collection,13,0.02
age_months_sam_l_dpl8,13,0.02
preorpost,13,0.02
subject_age_months,13,0.02
derived_from_sra,13,0.02
final_grp,13,0.02
redox_potential,12,0.02
link_climate_info,12,0.02
tot_org_c_meth,12,0.02
storage_conditions_fresh_frozen_other,12,0.02
age_of_first_use_mar,12,0.02
nih_tb_perceived_rejection_t,12,0.02
nih_tb_emotional_support_t,12,0.02
nih_tb_perceived_stress_t,12,0.02
nih_tb_fear_affect_t,12,0.02
nih_tb_loneliness_t,12,0.02
age_of_first_use_tob,12,0.02
cumulative_density_mar,12,0.02
total_quantity_mar,12,0.02
nih_tb_meaning_purpose_t,12,0.02
nih_tb_psych_well_being_summary_t,12,0.02
nih_tb_gral_life_satisfaction_t,12,0.02
nih_tb_positive_affect_t,12,0.02
nih_tb_sadness_t,12,0.02
tidal_stage,12,0.02
ctd_cast_label,12,0.02
station_label,12,0.02
checklist,12,0.02
tdom_addition,12,0.02
well,12,0.02
tank,12,0.02
continent,12,0.02
human_vaginal_environmental_package,12,0.02
genus,12,0.02
assigned_from_geo,12,0.02
pfs12,12,0.02
orr,12,0.02
host_age_5yr_bin,12,0.02
population,12,0.02
sleep_disturbance,12,0.02
meta,12,0.02
phosphate_um,12,0.02
fmt_sham,12,0.02
remission_w10,12,0.02
outcome,12,0.02
montreal,12,0.02
perianal_lesion,12,0.02
remission_w24,12,0.02
remission_relapse,12,0.02
sexe,12,0.02
cdeis,12,0.02
donor_patient,12,0.02
model,12,0.02
lat_lo_n,12,0.02
bcs,12,0.02
host_status,12,0.02
pulmonary_disord,12,0.02
sequencing_technology,12,0.02
pcr_method,12,0.02
preciptation_treatment,12,0.02
cscl_density,12,0.02
field_plot,12,0.02
time_h,12,0.02
isotope,12,0.02
fractionated,12,0.02
soil_source,12,0.02
soil_wetup_status,12,0.02
time_post_wetup,12,0.02
time_in_buffer_before_freezing_min,12,0.02
horizontal_location,12,0.02
depth_location,12,0.02
combination,12,0.02
bpd_severity,12,0.02
tidaldirection_bostonharbor8443970,12,0.02
windspeed_24hravg_44013buoy_units,12,0.02
waterlevel_bostonharbor8443970,12,0.02
macroalgae_values,12,0.02
atm_pressure_source,12,0.02
waterlevel_bostonharbor8443970_units,12,0.02
domwavepd_24hravg_44013buoy,12,0.02
temp_units,12,0.02
domwavepd_24hravg_44013buoy_units,12,0.02
waveheight_24hravg_44013buoy_source,12,0.02
nitrite_nitrate,12,0.02
silicate_units,12,0.02
chlorophyllconc_24hravg_44013buoy_source,12,0.02
atm_pressure,12,0.02
air_temp_units,12,0.02
tidaldirection_bostonharbor8443970_source,12,0.02
windspeed_24hravg_44013buoy,12,0.02
chlorophyllconc_24hravg_44013buoy,12,0.02
tidaldirection_bostonharbor8443970_values,12,0.02
domwavepd_24hravg_44013buoy_source,12,0.02
phosphate_units,12,0.02
chlorophyllconc_24hravg_44013buoy_units,12,0.02
nitrite_nitrate_units,12,0.02
waveheight_24hravg_44013buoy,12,0.02
atm_pressure_units,12,0.02
salinity_units,12,0.02
ammonium_units,12,0.02
macroalgae,12,0.02
windspeed_24hravg_44013buoy_source,12,0.02
waveheight_24hravg_44013buoy_units,12,0.02
waterlevel_bostonharbor8443970_source,12,0.02
sample_id_seq,12,0.02
studysampleid,12,0.02
indust_eff_percent,12,0.02
inorg_particles,12,0.02
org_particles,12,0.02
emulsions,12,0.02
gaseous_substances,12,0.02
soluble_inorg_mat,12,0.02
tot_phosphate,12,0.02
soluble_org_mat,12,0.02
part_microcyst,12,0.02
depth_at_sampling_location,12,0.02
suspend_vol_solid,12,0.02
diss_phosp,12,0.02
ext_phyco,12,0.02
tot_phos,12,0.02
col_dom,12,0.02
noaa_site,12,0.02
secchi,12,0.02
diss_microcyst,12,0.02
repository,12,0.02
soil_texture_class,12,0.02
wind_direction,12,0.02
fertilizer_admin,12,0.02
sulcus_bleeding_index,12,0.02
cur_vegetation_meth,11,0.02
genomic_spike_in_description,11,0.02
temperature_c,11,0.02
not_inflamed_tissue,11,0.02
nsaid,11,0.02
days_since_last_use_tob,11,0.02
sampling_type,11,0.02
position,11,0.02
mean_annual_temperatuere_celsius,11,0.02
tree_cover,11,0.02
climatic_zone,11,0.02
sulfide,11,0.02
ppi_use,11,0.02
days_to_pneumonia,11,0.02
plant_associated_environmental_package,11,0.02
subspecific_genetic_lineage,11,0.02
methane,11,0.02
ferric_iron,11,0.02
ferrous_iron,11,0.02
biological_sample_notes,11,0.02
specialized_diet_westenprice_or_other_lowgrain_low_processed_food_diet,11,0.02
vegetation,11,0.02
sample_sheet,11,0.02
kcal_per_oz,11,0.02
type_of_steroid,11,0.02
experimental_group,11,0.02
count,11,0.02
anello_pcr_status,11,0.02
biological_rep_num,11,0.02
location_description,11,0.02
host_description,11,0.02
mesocosm,11,0.02
cult_result,11,0.02
soil_ph,11,0.02
primary_sample,11,0.02
colonized,11,0.02
tcdb,11,0.02
cultured_cd_clade,11,0.02
cdtb,11,0.02
muac_cm,11,0.02
geographical_location,11,0.02
in_vitro_residence_time,11,0.02
term,11,0.02
samp_dis_stage,11,0.02
ferm_temp,11,0.02
patient_pub,11,0.02
reads_mgx,11,0.02
reads_16s,11,0.02
days_past_fmt,11,0.02
storage,11,0.02
diss_inorg_carb,10,0.02
slope_aspect,10,0.02
sample_capture_status,10,0.02
total_organic_carbon,10,0.02
biologic_therapy,10,0.02
cumulative_density_tob,10,0.02
cumulative_density_pop,10,0.02
total_days_tob,10,0.02
age_of_first_use_pop,10,0.02
total_quantity_pop,10,0.02
total_days_pop,10,0.02
total_quantity_tob,10,0.02
days_since_last_use_pop,10,0.02
climate_environment,10,0.02
oxygen_concentration,10,0.02
replicate_sample,10,0.02
soil_classification,10,0.02
collection_timepoint_weeks,10,0.02
study_time,10,0.02
collection_timepoint_hours,10,0.02
tno_experiment_type,10,0.02
temperature_degree,10,0.02
disease_state,10,0.02
protocol_description,10,0.02
pfs_3_months,10,0.02
pfs_6_month,10,0.02
size_fraction,10,0.02
experimental_factor_disease,10,0.02
sampling_objective,10,0.02
event_device,10,0.02
inoculum_receiving,10,0.02
antibiotic_treatment,10,0.02
qiita_empo_1,10,0.02
coprophage,10,0.02
qiita_empo_3,10,0.02
qiita_empo_2,10,0.02
iso_butyrate,10,0.02
supp_or_plac,10,0.02
iso_valerate,10,0.02
maternal_chorioamnionitis,10,0.02
birth_length_cm,10,0.02
birth_weight_g,10,0.02
filename1,10,0.02
biological_replicates,10,0.02
fraction,10,0.02
cycle,10,0.02
history_of_recurrent_uti,10,0.02
esbl_culture,10,0.02
fmt_dose,10,0.02
vre_culture,10,0.02
history_of_cdifficile_infection,10,0.02
mdrp_culture,10,0.02
history_of_diabetes,10,0.02
mdro_status,10,0.02
cre_culture,10,0.02
history_of_hypertension,10,0.02
micro_t8c_b,10,0.02
micro_t3c_a,10,0.02
t8c,10,0.02
batch_rna,10,0.02
agemo,10,0.02
micro_t8c_a,10,0.02
micro_t6c_b,10,0.02
micro_t3c_b,10,0.02
micro_t3_b,10,0.02
micro_t6_b,10,0.02
t3,10,0.02
t3c,10,0.02
micro_t6c_a,10,0.02
micro_t6_a,10,0.02
t6c,10,0.02
yield,10,0.02
t8,10,0.02
micro_t8_a,10,0.02
micro_t8_b,10,0.02
reads_rna,10,0.02
batch_dna,10,0.02
reads_dna,10,0.02
micro_t3_a,10,0.02
t6,10,0.02
silicate_um,10,0.02
cockroach_infestation,10,0.02
sewer_age,10,0.02
sample_volume_l,10,0.02
totalreadcount,10,0.02
tss_g_l,10,0.02
cockroach_infestation_desc,10,0.02
sample_volume_desc,10,0.02
tss_g_l_desc,10,0.02
resident_population_equivalents_desc,10,0.02
resident_population_equivalents,10,0.02
totalreadcounts_desc,10,0.02
lat_long_flag,10,0.02
sars_cov_2_detectable,10,0.02
weekend_weekday_desc,10,0.02
sample_ph,10,0.02
sampleid_desc,10,0.02
sewer_age_desc,10,0.02
sewerdepth_ft_desc,10,0.02
sars_cov_2_detectable_desc,10,0.02
sewerdepth_ft,10,0.02
sewer_material,10,0.02
weekend_weekday,10,0.02
sewer_material_desc,10,0.02
negative_control_extraction_plate,10,0.02
negative_control_extraction_replicate,10,0.02
stool_origin,10,0.02
floor,10,0.02
synechococcus_cells_per_ml,10,0.02
prochlorococcus_cells_per_ml,10,0.02
genetic_mod,10,0.02
food_treat_proc,10,0.02
propionat_mm,10,0.02
glucose_mm,10,0.02
formiat_mm,10,0.02
antibiotic_mg_l,10,0.02
acetat_mm,10,0.02
valerat_mm,10,0.02
day_of_treatment,10,0.02
ccug59168_copy_number_perml,10,0.02
van_copy_number_perml,10,0.02
ctx_copy_number_perml,10,0.02
isovalerat_mm,10,0.02
succinat_mm,10,0.02
day_from_inoculum,10,0.02
lactat_mm,10,0.02
genecopynumberperml,10,0.02
lactose_mm,10,0.02
day_of_connection,10,0.02
butyrat_mm,10,0.02
reactor_treatment,10,0.02
model2,10,0.02
hv292_1_copy_number_perml,10,0.02
galactose_mm,10,0.02
isobutyrat_mm,10,0.02
reactor_f1_f2,10,0.02
total_scfa_mm,10,0.02
spuid,10,0.02
corresponding_url,10,0.02
taxid,10,0.02
corresponding_url2,10,0.02
md5sum1,10,0.02
md5sum2,10,0.02
sample_details,10,0.02
sample_days_start_bottle,10,0.02
dol_nonnutritive_sucking,10,0.02
twin_pair,10,0.02
sample_abx,10,0.02
sample_bottlefeeding,10,0.02
gestatonal_age_at_birth_wk,10,0.02
sample_respsupport,10,0.02
gestational_age_at_discharge_or_transfer_wks,10,0.02
sample_oralfeeds,10,0.02
chorioamionitis,10,0.02
dol_breast_feed,10,0.02
sample_antacid,10,0.02
sample_steroid,10,0.02
received_antacid,10,0.02
maternal_age_yrs,10,0.02
meconium,10,0.02
parent,10,0.02
abx_ppx_for_delivery,10,0.02
twin_or_singleton,10,0.02
maternal_complications,10,0.02
sample_feedingcategory,10,0.02
sample_breastfeeding,10,0.02
twin_gestation,10,0.02
gastric_tube,10,0.02
sample_milkcategory,10,0.02
sample_antifungal,10,0.02
sample_feedingtype,10,0.02
sample_days_start_breastfeeding,10,0.02
home_feeding_regimen,10,0.02
harvest,10,0.02
house,10,0.02
md5_filename2,10,0.02
md5_filename3,10,0.02
num,10,0.02
timepoint_week,10,0.02
keywords,10,0.02
library_key,10,0.02
tribe,10,0.02
waz,10,0.02
haz,10,0.02
conc_method,10,0.02
high_depth,10,0.02
miseqrun,10,0.02
host_other_gender,10,0.02
hiv_profile,10,0.02
syphilis_serology,10,0.02
pcr_human_papilloma_virus,10,0.02
leukocytes,10,0.02
hiv_serostatus,10,0.02
host_sexual_orientation,10,0.02
anal_cytology,10,0.02
hiv_riskgroup,10,0.02
hcv_coinfection,10,0.02
days_since_treatment_start,10,0.02
kobic_submission_date,9,0.02
kobic_release_date,9,0.02
kobic_registration_date,9,0.02
profile_position,9,0.02
other_nonbiologic_therapy,9,0.02
behavior,9,0.02
rectal_bleeding,9,0.02
partial_mayo,9,0.02
pga,9,0.02
severity,9,0.02
origin,9,0.02
exp_status,9,0.02
meds,9,0.02
behavioral_score,9,0.02
mass_lb,9,0.02
dolphin_name,9,0.02
intervention_category,9,0.02
bloodwork,9,0.02
treatment_group_2,9,0.02
original_barcode_name,9,0.02
completed_study,9,0.02
exp_study,9,0.02
fish_all,9,0.02
cytology,9,0.02
total_days_mas,9,0.02
days_since_last_use_mas,9,0.02
procam_total,9,0.02
days_since_last_use_met,9,0.02
cumulative_density_met,9,0.02
total_quantity_met,9,0.02
total_quantity_mas,9,0.02
total_days_met,9,0.02
temperature_celsius,9,0.02
preservation,9,0.02
study_titel,9,0.02
dissolved_organic_carbon,9,0.02
cage_notes,9,0.02
host_tissfat,9,0.02
host_pheno,9,0.02
environment_feature_further_details,9,0.02
sample_material_label,9,0.02
environment,9,0.02
dissolved_carbon_dioxide,9,0.02
mouse_tag,9,0.02
day_of_life_at_blood_culture,9,0.02
organism_blood_culture,9,0.02
diluent,9,0.02
sample_mass_grams,9,0.02
experiment_code,9,0.02
host_state,9,0.02
animal_gender,9,0.02
food_type,9,0.02
food_special_organic,9,0.02
food_source_wild_food,9,0.02
hours_outside,9,0.02
weight_cat,9,0.02
setting,9,0.02
food_source_unspecified,9,0.02
living_status,9,0.02
animal_type,9,0.02
toilet_water_access,9,0.02
other_animals_free_text,9,0.02
animal_origin,9,0.02
animal_free_text,9,0.02
food_special_grain_free,9,0.02
food_source_pet_store_food,9,0.02
food_special_unspecified,9,0.02
food_source_human_food,9,0.02
animal_age,9,0.02
v,9,0.02
consumption_compliance_overall,9,0.02
n_butyrate_percentage,9,0.02
gas_bloating,9,0.02
smartcap80,9,0.02
stool_perprotocol,9,0.02
weightpercent,9,0.02
protein_breakdown_total,9,0.02
total_chol,9,0.02
dietchange,9,0.02
weight80,9,0.02
carb,9,0.02
food_within_3days_visit,9,0.02
food_before_stool,9,0.02
dosinglog80,9,0.02
food_before_stoolreport,9,0.02
gi_surg,9,0.02
neuroqol_wellbeing,9,0.02
n_butyrate,9,0.02
acetate_percentage,9,0.02
aepriortovisitdate,9,0.02
food_within_time,9,0.02
track,9,0.02
hdl,9,0.02
prot,9,0.02
stools_per_day,9,0.02
dosinglogpercent,9,0.02
propionate_percentage,9,0.02
medicationchange,9,0.02
ldl,9,0.02
eligibilitypp,9,0.02
stool_within_3days_visit,9,0.02
exercise_change,9,0.02
kcal,9,0.02
group_num,9,0.02
med_per_supp_detail,9,0.02
asa24_perprotocol,9,0.02
scfa_total,9,0.02
time_between_stools,9,0.02
tfat,9,0.02
smartcappercent,9,0.02
lesion,9,0.02
lesion_score,9,0.02
atopic_dermatisis,9,0.02
sample_position,9,0.02
replicate_number,9,0.02
anti_tnf_type,9,0.02
time_diagno,9,0.02
30_days_prior_additional_antibiotics,9,0.02
antibiotics_type,9,0.02
disease_severity,9,0.02
diagnosis_age,9,0.02
other_immunosuppression,9,0.02
crohn_disease_phenotype,9,0.02
diss_carb_dioxide,9,0.02
nitrite_um,9,0.02
spike_input_mass,9,0.02
library_preparation,9,0.02
fasta_file,9,0.02
host_wet_mass,9,0.02
group_by_nafld_status_in_2018,9,0.02
c_n,9,0.02
spike_in,9,0.02
butyrate,9,0.02
total_scfa,9,0.02
host_dry_mass,9,0.02
subsample,9,0.02
culture_time_hours,9,0.02
experimental_condition,9,0.02
informatic_name,9,0.02
host_birth_type,9,0.02
host_developmental_stage,9,0.02
allergies_entirebody,9,0.02
medicated_shampoo_ever,9,0.02
bristol_baseline,9,0.02
hours_outside_baseline,9,0.02
allergies_back,9,0.02
weight_baseline_kg,9,0.02
allergies_feet,9,0.02
age_baseline,9,0.02
allergy_med_baseline,9,0.02
current_region,9,0.02
medical_issues,9,0.02
six_month_meds,9,0.02
allergies_diarrhea,9,0.02
coat_type,9,0.02
allergies_seasonal,9,0.02
allergies_belly_armpits,9,0.02
spay_neuter,9,0.02
allergies_face,9,0.02
flea_baseline,9,0.02
defecation_frequency_is,9,0.02
skin_type_baseline,9,0.02
allergies_ears,9,0.02
cad_started,9,0.02
allergies_food,9,0.02
body_weight_kg,9,0.02
body_condition_score,9,0.02
spayed_neutered,9,0.02
brucellaceae_family,9,0.02
enterococcus_faecium_species,9,0.02
enterobacteria_phage_phix174_sensu_lato_species,9,0.02
torque_teno_virus_species,9,0.02
slackia_piriformis_species,9,0.02
prevotella_amnii_species,9,0.02
bacteroides_plebeius_species,9,0.02
eubacterium_cylindroides_species,9,0.02
corynebacterium_tuberculostearicum_species,9,0.02
opio,9,0.02
lactobacillus_curvatus_species,9,0.02
vancopo_brf,9,0.02
genta_brf,9,0.02
bifidobacterium_genus,9,0.02
gemella_unclassified_species,9,0.02
eggerthella_lenta_species,9,0.02
granulicatella_genus,9,0.02
anaerococcus_genus,9,0.02
desulfovibrio_genus,9,0.02
oxalobacteraceae_family,9,0.02
bacteroides_genus,9,0.02
clostridium_hylemonae_species,9,0.02
comamonas_testosteroni_species,9,0.02
candida_glabrata_species,9,0.02
coprobacillus_unclassified_species,9,0.02
mycoplasma_hominis_species,9,0.02
mobiluncus_unclassified_species,9,0.02
fluoro,9,0.02
streptococcus_constellatus_species,9,0.02
peptoniphilus_sp_jc140_species,9,0.02
anyantimicrobials_1to3days_rf,9,0.02
proteus_mirabilis_species,9,0.02
metro_4to14days_rf,9,0.02
granulicatella_elegans_species,9,0.02
fusobacterium_necrophorum_species,9,0.02
alistipes_onderdonkii_species,9,0.02
alistipes_unclassified_species,9,0.02
flavonifractor_plautii_species,9,0.02
streptococcus_pyogenes_species,9,0.02
enterococcus_gallinarum_species,9,0.02
bacteroides_vulgatus_species,9,0.02
atopobium_parvulum_species,9,0.02
corynebacterium_amycolatum_species,9,0.02
bacteroides_dorei_species,9,0.02
coprobacter_fastidiosus_species,9,0.02
megamonas_rupellensis_species,9,0.02
lactobacillus_helveticus_species,9,0.02
sebaldellaceae_family,9,0.02
clostridiales_uncl_family,9,0.02
corynebacterium_pseudogenitalium_species,9,0.02
prior_penici,9,0.02
proteus_genus,9,0.02
ceph,9,0.02
rothia_genus,9,0.02
bradyrhizobium_sp_dfci_1_species,9,0.02
megasphaera_micronuciformis_species,9,0.02
arcobacter_butzleri_species,9,0.02
alicycliphilus_unclassified_species,9,0.02
anaerostipes_hadrus_species,9,0.02
human_herpesvirus_4_species,9,0.02
bifidobacterium_pseudocatenulatum_species,9,0.02
actinobaculum_massiliense_species,9,0.02
parabacteroides_unclassified_species,9,0.02
lachnospiraceae_bacterium_3_1_57faa_ct1_species,9,0.02
prevotella_genus,9,0.02
clostridium_sp_l2_50_species,9,0.02
bifidobacterium_catenulatum_species,9,0.02
vancopo_4to14days_rf,9,0.02
prevotella_disiens_species,9,0.02
turicibacter_genus,9,0.02
coprobacillus_sp_29_1_species,9,0.02
azithro_15to30days_rf,9,0.02
bifidobacterium_minimum_species,9,0.02
chryseobacterium_genus,9,0.02
acinetobacter_unclassified_species,9,0.02
lachnospiraceae_bacterium_5_1_63faa_species,9,0.02
achromobacter_xylosoxidans_species,9,0.02
olsenella_uli_species,9,0.02
corynebacterium_glucuronolyticum_species,9,0.02
anyantimicrobials,9,0.02
hospduration,9,0.02
porphyromonas_asaccharolytica_species,9,0.02
cortico_4to14days_rf,9,0.02
anaerostipes_unclassified_species,9,0.02
sutterellaceae_family,9,0.02
arcobacter_genus,9,0.02
lachnospiraceae_bacterium_2_1_58faa_species,9,0.02
chemo_15to30days_rf,9,0.02
ethanoligenens_genus,9,0.02
corynebacterium_durum_species,9,0.02
actinobaculum_sp_oral_taxon_183_species,9,0.02
alistipes_indistinctus_species,9,0.02
streptococcus_parauberis_species,9,0.02
flavobacteriaceae_family,9,0.02
acinetobacter_pittii_calcoaceticus_nosocomialis_species,9,0.02
varibaculum_cambriense_species,9,0.02
aggregatibacter_genus,9,0.02
propionibacterium_phage_pad20_species,9,0.02
opio_brf,9,0.02
epsilonproteobacteria_uncl_unclassified_genus,9,0.02
enhydrobacter_genus,9,0.02
subdoligranulum_genus,9,0.02
solobacterium_genus,9,0.02
paenibacillus_dendritiformis_species,9,0.02
marinomonas_genus,9,0.02
moraxellaceae_family,9,0.02
bacteroides_fragilis_species,9,0.02
burkholderiaceae_family,9,0.02
erysipelotrichaceae_bacterium_2_2_44a_species,9,0.02
catenibacterium_genus,9,0.02
yersinia_genus,9,0.02
x,9,0.02
megamonas_hypermegale_species,9,0.02
rubrobacter_genus,9,0.02
ralstonia_genus,9,0.02
campylobacter_concisus_species,9,0.02
bacteroides_fluxus_species,9,0.02
bilophila_genus,9,0.02
prior_clinda,9,0.02
acinetobacter_bereziniae_species,9,0.02
comamonadaceae_family,9,0.02
campylobacter_curvus_species,9,0.02
actinobaculum_urinale_species,9,0.02
naumovozyma_unclassified_species,9,0.02
eubacterium_infirmum_species,9,0.02
prior_carba,9,0.02
prevotella_paludivivens_species,9,0.02
oribacterium_sp_oral_taxon_078_species,9,0.02
candidate_division_tm7_single_cell_isolate_tm7c_species,9,0.02
bacteroides_stercoris_species,9,0.02
orthohepadnavirus_unclassified_species,9,0.02
carba_15to30days_rf,9,0.02
dorea_formicigenerans_species,9,0.02
sutterella_wadsworthensis_species,9,0.02
collinsella_aerofaciens_species,9,0.02
abiotrophia_defectiva_species,9,0.02
streptococcus_dysgalactiae_species,9,0.02
blautia_genus,9,0.02
ureaplasma_unclassified_species,9,0.02
brevibacteriaceae_family,9,0.02
shuttleworthia_genus,9,0.02
peptostreptococcus_anaerobius_species,9,0.02
brevibacterium_unclassified_species,9,0.02
ureaplasma_genus,9,0.02
dialister_invisus_species,9,0.02
streptococcus_tigurinus_species,9,0.02
actinobaculum_unclassified_species,9,0.02
candida_albicans_species,9,0.02
cupriavidus_genus,9,0.02
peptostreptococcus_stomatis_species,9,0.02
brachyspira_genus,9,0.02
bifidobacterium_pseudolongum_species,9,0.02
streptococcus_parasanguinis_species,9,0.02
clostridium_methylpentosum_species,9,0.02
lautropia_mirabilis_species,9,0.02
genta,9,0.02
faecalibacterium_prausnitzii_species,9,0.02
actinomyces_neuii_species,9,0.02
blautia_producta_species,9,0.02
lactobacillus_johnsonii_species,9,0.02
methanobacteriaceae_family,9,0.02
mitsuokella_genus,9,0.02
parabacteroides_genus,9,0.02
porphyromonas_somerae_species,9,0.02
ruminococcaceae_bacterium_d16_species,9,0.02
alistipes_senegalensis_species,9,0.02
ppi_15to30days_rf,9,0.02
penici_4to14days_rf,9,0.02
lactobacillus_gasseri_species,9,0.02
lactobacillus_vaginalis_species,9,0.02
sphingobacteriaceae_unclassified_genus,9,0.02
clostridium_ramosum_species,9,0.02
prior_genta,9,0.02
mycoplasmataceae_family,9,0.02
laxa_15to30days_rf,9,0.02
burkholderiales_bacterium_1_1_47_species,9,0.02
leuconostoc_lactis_species,9,0.02
bacteroides_sp_1_1_30_species,9,0.02
parvimonas_genus,9,0.02
peptoniphilus_harei_species,9,0.02
clostridiales_family_xi_incertae_sedis_unclassified_genus,9,0.02
eubacterium_dolichum_species,9,0.02
parascardovia_genus,9,0.02
clostridium_innocuum_species,9,0.02
subdoligranulum_sp_4_3_54a2faa_species,9,0.02
acidaminococcus_sp_d21_species,9,0.02
peptoniphilus_duerdenii_species,9,0.02
acidovorax_ebreus_species,9,0.02
staphylococcus_phage_pvl_species,9,0.02
streptococcus_orisratti_species,9,0.02
selenomonas_noxia_species,9,0.02
alistipes_finegoldii_species,9,0.02
lactococcus_raffinolactis_species,9,0.02
pediococcus_pentosaceus_species,9,0.02
anaerococcus_prevotii_species,9,0.02
leifsonia_unclassified_species,9,0.02
coprococcus_comes_species,9,0.02
laxa_4to14days_rf,9,0.02
corynebacterium_massiliense_species,9,0.02
marvinbryantia_genus,9,0.02
scardovia_wiggsiae_species,9,0.02
corynebacterium_urealyticum_species,9,0.02
pyramidobacter_piscolens_species,9,0.02
ruminococcus_torques_species,9,0.02
mycobacterium_genus,9,0.02
streptococcus_macedonicus_species,9,0.02
beijerinckiaceae_family,9,0.02
coprococcus_genus,9,0.02
prior_azithro,9,0.02
adlercreutzia_equolifaciens_species,9,0.02
pebeta_4to14days_rf,9,0.02
streptococcus_salivarius_species,9,0.02
peptoniphilus_lacrimalis_species,9,0.02
ppi_brf,9,0.02
alcaligenes_unclassified_species,9,0.02
lactobacillus_phage_lc_nu_species,9,0.02
viunalikevirus_unclassified_species,9,0.02
cortico_1to3days_rf,9,0.02
gordonibacter_genus,9,0.02
prevotella_copri_species,9,0.02
ceph_brf,9,0.02
dialister_succinatiphilus_species,9,0.02
peptoniphilus_rhinitidis_species,9,0.02
holdemania_filiformis_species,9,0.02
aurantimonadaceae_unclassified_genus,9,0.02
lactococcus_lactis_species,9,0.02
ochrobactrum_anthropi_species,9,0.02
ochrobactrum_genus,9,0.02
alcaligenaceae_family,9,0.02
prior_cortico,9,0.02
aeromonadaceae_family,9,0.02
roseburia_intestinalis_species,9,0.02
sutterella_genus,9,0.02
horn,9,0.02
coprococcus_sp_art55_1_species,9,0.02
eubacteriaceae_family,9,0.02
megamonas_genus,9,0.02
haemophilus_genus,9,0.02
burkholderia_genus,9,0.02
pseudoflavonifractor_genus,9,0.02
slackia_genus,9,0.02
clostridium_scindens_species,9,0.02
methanobrevibacter_smithii_species,9,0.02
propionibacterium_genus,9,0.02
clostridiales_bacterium_1_7_47faa_species,9,0.02
coriobacteriaceae_bacterium_phi_species,9,0.02
chemo_brf,9,0.02
bacteroides_intestinalis_species,9,0.02
parabacteroides_goldsteinii_species,9,0.02
lactobacillus_casei_paracasei_species,9,0.02
alistipes_sp_hgb5_species,9,0.02
eubacterium_biforme_species,9,0.02
ruminococcus_obeum_species,9,0.02
pediococcus_acidilactici_species,9,0.02
enterococcus_hirae_species,9,0.02
methylobacterium_extorquens_species,9,0.02
oxalobacter_formigenes_species,9,0.02
epsilonproteobacteria_uncl_family,9,0.02
rothia_dentocariosa_species,9,0.02
prior_dapto,9,0.02
megasphaera_unclassified_species,9,0.02
porphyromonas_bennonis_species,9,0.02
gardnerella_vaginalis_species,9,0.02
streptococcus_intermedius_species,9,0.02
streptococcus_gallolyticus_species,9,0.02
campylobacter_genus,9,0.02
slackia_exigua_species,9,0.02
leuconostocaceae_family,9,0.02
pseudomonas_aeruginosa_species,9,0.02
bradyrhizobiaceae_family,9,0.02
streptococcus_anginosus_species,9,0.02
aeromonas_hydrophila_species,9,0.02
brachyspiraceae_family,9,0.02
leuconostoc_unclassified_species,9,0.02
staphylococcus_haemolyticus_species,9,0.02
bacteroides_pectinophilus_species,9,0.02
bifidobacterium_angulatum_species,9,0.02
peptostreptococcaceae_family,9,0.02
megasphaera_genus,9,0.02
leuconostoc_fallax_species,9,0.02
bilophila_wadsworthia_species,9,0.02
sphingobacteriaceae_family,9,0.02
aerococcus_urinae_species,9,0.02
carba,9,0.02
erysipelotrichaceae_bacterium_21_3_species,9,0.02
lactobacillus_plantarum_species,9,0.02
chicken_anemia_virus_species,9,0.02
mobiluncus_curtisii_species,9,0.02
metro,9,0.02
parabacteroides_distasonis_species,9,0.02
dapto_brf,9,0.02
unclassified_family,9,0.02
eubacterium_brachy_species,9,0.02
methanobrevibacter_unclassified_species,9,0.02
actinomyces_genus,9,0.02
desulfobulbaceae_unclassified_genus,9,0.02
lactobacillus_reuteri_species,9,0.02
dapto,9,0.02
clostridiaceae_bacterium_jc118_species,9,0.02
facklamia_unclassified_species,9,0.02
eggerthella_sp_1_3_56faa_species,9,0.02
nsaid_4to14days_rf,9,0.02
bacteroides_massiliensis_species,9,0.02
lactobacillus_fermentum_species,9,0.02
acinetobacter_guillouiae_species,9,0.02
jonquetella_genus,9,0.02
butyrivibrio_crossotus_species,9,0.02
human_papillomavirus_species,9,0.02
aerococcaceae_family,9,0.02
ectothiorhodospiraceae_family,9,0.02
paraprevotella_unclassified_species,9,0.02
human_papillomavirus_type_135_species,9,0.02
prevotella_oris_species,9,0.02
fusobacterium_periodonticum_species,9,0.02
bacteroides_nordii_species,9,0.02
cortico_brf,9,0.02
leuconostoc_citreum_species,9,0.02
xanthomonadaceae_family,9,0.02
pasteurellaceae_family,9,0.02
bacteroides_oleiciplenus_species,9,0.02
hafnia_alvei_species,9,0.02
klebsiella_genus,9,0.02
prior_pebeta,9,0.02
unclassified_genus,9,0.02
anaerofustis_genus,9,0.02
bifidobacterium_bifidum_species,9,0.02
propionibacterium_granulosum_species,9,0.02
streptococcus_sanguinis_species,9,0.02
veillonella_ratti_species,9,0.02
carba_1to3days_rf,9,0.02
bacteroides_finegoldii_species,9,0.02
megasphaera_genomosp_type_1_species,9,0.02
genta_4to14days_rf,9,0.02
bifidobacterium_animalis_species,9,0.02
pantoea_genus,9,0.02
clostridium_citroniae_species,9,0.02
clostridium_glycolicum_species,9,0.02
cellulophaga_genus,9,0.02
granulicatella_unclassified_species,9,0.02
fluoro_4to14days_rf,9,0.02
methanosphaera_stadtmanae_species,9,0.02
enterococcus_avium_species,9,0.02
afipia_broomeae_species,9,0.02
brucella_pinnipedialis_species,9,0.02
fluoro_15to30days_rf,9,0.02
bifidobacterium_dentium_species,9,0.02
porcine_type_c_oncovirus_species,9,0.02
chemo_4to14days_rf,9,0.02
vancoiv_1to3days_rf,9,0.02
escherichia_unclassified_species,9,0.02
acinetobacter_bouvetii_species,9,0.02
staphylococcus_hominis_species,9,0.02
staphylococcus_epidermidis_species,9,0.02
vancoiv_brf,9,0.02
leuconostoc_genus,9,0.02
clinda_1to3days_rf,9,0.02
bacteroides_caccae_species,9,0.02
turicibacter_unclassified_species,9,0.02
jonquetella_sp_bv3c21_species,9,0.02
holdemania_genus,9,0.02
solobacterium_moorei_species,9,0.02
veillonella_atypica_species,9,0.02
dasheen_mosaic_virus_species,9,0.02
prior_cotrim,9,0.02
parabacteroides_johnsonii_species,9,0.02
ceph_15to30days_rf,9,0.02
clinda,9,0.02
desulfovibrio_piger_species,9,0.02
prior_laxa,9,0.02
phascolarctobacterium_succinatutens_species,9,0.02
bacteroides_ovatus_species,9,0.02
paraprevotella_clara_species,9,0.02
peptoniphilus_timonensis_species,9,0.02
gemella_morbillorum_species,9,0.02
eggerthella_genus,9,0.02
faecalibacterium_genus,9,0.02
lautropia_genus,9,0.02
anyantimicrobials_15to30days_rf,9,0.02
deinococcus_unclassified_species,9,0.02
acidaminococcus_fermentans_species,9,0.02
penici_brf,9,0.02
propionibacteriaceae_family,9,0.02
enterobacteriaceae_bacterium_9_2_54faa_species,9,0.02
eubacterium_hallii_species,9,0.02
streptococcus_thermophilus_species,9,0.02
methylobacteriaceae_family,9,0.02
enterococcus_phage_phifl3a_species,9,0.02
cotrim_brf,9,0.02
lactobacillus_antri_species,9,0.02
betapapillomavirus_2_species,9,0.02
propionibacterium_avidum_species,9,0.02
butyricicoccus_pullicaecorum_species,9,0.02
rhodopseudomonas_genus,9,0.02
bacteroidales_bacterium_ph8_species,9,0.02
pebeta,9,0.02
selenomonas_genus,9,0.02
eubacterium_ramulus_species,9,0.02
citrobacter_genus,9,0.02
fluoro_brf,9,0.02
vancoiv,9,0.02
lachnospiraceae_family,9,0.02
campylobacter_hominis_species,9,0.02
propionibacterium_freudenreichii_species,9,0.02
betapapillomavirus_4_species,9,0.02
fusobacterium_nucleatum_species,9,0.02
enterococcus_casseliflavus_species,9,0.02
ppi_4to14days_rf,9,0.02
ureaplasma_parvum_species,9,0.02
citrobacter_unclassified_species,9,0.02
opio_15to30days_rf,9,0.02
weissella_confusa_species,9,0.02
thermus_scotoductus_species,9,0.02
ceph_1to3days_rf,9,0.02
laribacter_genus,9,0.02
dialister_genus,9,0.02
verrucomicrobiaceae_family,9,0.02
oscillibacter_unclassified_species,9,0.02
acidaminococcus_intestini_species,9,0.02
porphyromonas_uenonis_species,9,0.02
barnesiella_intestinihominis_species,9,0.02
turicibacter_sanguinis_species,9,0.02
corynebacterium_pyruviciproducens_species,9,0.02
methanosphaera_genus,9,0.02
shigella_sonnei_species,9,0.02
actinobaculum_schaalii_species,9,0.02
azithro_1to3days_rf,9,0.02
rothia_unclassified_species,9,0.02
lachnospiraceae_bacterium_2_1_46faa_species,9,0.02
alphapapillomavirus_3_species,9,0.02
pyramidobacter_genus,9,0.02
metro_brf,9,0.02
yersinia_phage_l_413c_species,9,0.02
odoribacter_genus,9,0.02
bacteroides_salyersiae_species,9,0.02
dysgonomonas_unclassified_species,9,0.02
weissella_unclassified_species,9,0.02
streptococcus_agalactiae_species,9,0.02
blautia_hansenii_species,9,0.02
klebsiella_unclassified_species,9,0.02
metro_1to3days_rf,9,0.02
lactobacillus_brevis_species,9,0.02
actinomycetaceae_family,9,0.02
actinomyces_viscosus_species,9,0.02
vancopo_15to30days_rf,9,0.02
enterococcus_italicus_species,9,0.02
pantoea_unclassified_species,9,0.02
actinomyces_naeslundii_species,9,0.02
vancoiv_15to30days_rf,9,0.02
carnobacteriaceae_family,9,0.02
lachnospiraceae_bacterium_3_1_46faa_species,9,0.02
stomatobaculum_longum_species,9,0.02
citrobacter_freundii_species,9,0.02
betapapillomavirus_5_species,9,0.02
brevibacterium_genus,9,0.02
odoribacter_splanchnicus_species,9,0.02
acetobacteraceae_unclassified_genus,9,0.02
laxa_brf,9,0.02
morganella_morganii_species,9,0.02
lactococcus_phage_jm2_species,9,0.02
bifidobacterium_adolescentis_species,9,0.02
gordonibacter_pamelaeae_species,9,0.02
neisseriaceae_unclassified_genus,9,0.02
acinetobacter_genus,9,0.02
prior_ppi,9,0.02
staphylococcus_aureus_species,9,0.02
cotrim_1to3days_rf,9,0.02
enterococcus_raffinosus_species,9,0.02
tobacco_vein_clearing_virus_species,9,0.02
haemophilus_parainfluenzae_species,9,0.02
granulicella_genus,9,0.02
streptococcus_genus,9,0.02
afipia_genus,9,0.02
veillonellaceae_family,9,0.02
odoribacter_unclassified_species,9,0.02
jonquetella_unclassified_species,9,0.02
coprobacillus_genus,9,0.02
staphylococcaceae_family,9,0.02
actinomyces_odontolyticus_species,9,0.02
t5likevirus_unclassified_species,9,0.02
corynebacterium_aurimucosum_species,9,0.02
alistipes_putredinis_species,9,0.02
anaerococcus_vaginalis_species,9,0.02
eubacterium_limosum_species,9,0.02
victivallaceae_family,9,0.02
anaerostipes_genus,9,0.02
pseudoramibacter_alactolyticus_species,9,0.02
corynebacterium_jeikeium_species,9,0.02
fusobacterium_gonidiaformans_species,9,0.02
streptococcus_vestibularis_species,9,0.02
roseburia_unclassified_species,9,0.02
enterobacter_aerogenes_species,9,0.02
lachnospiraceae_bacterium_7_1_58faa_species,9,0.02
brucella_genus,9,0.02
arcobacter_unclassified_species,9,0.02
dorea_genus,9,0.02
eubacterium_genus,9,0.02
bacteroides_uniformis_species,9,0.02
staphylococcus_simulans_species,9,0.02
jc_polyomavirus_species,9,0.02
bacteroides_faecis_species,9,0.02
cupriavidus_metallidurans_species,9,0.02
anaerotruncus_unclassified_species,9,0.02
lactobacillus_pentosus_species,9,0.02
atopobium_rimae_species,9,0.02
flavobacterium_genus,9,0.02
bacteroides_clarus_species,9,0.02
streptococcus_pasteurianus_species,9,0.02
anaeroglobus_geminatus_species,9,0.02
atopobium_minutum_species,9,0.02
streptococcus_gordonii_species,9,0.02
holdemania_unclassified_species,9,0.02
pseudoflavonifractor_capillosus_species,9,0.02
pseudomonas_phage_d3112_species,9,0.02
lactobacillus_sanfranciscensis_species,9,0.02
dapto_4to14days_rf,9,0.02
lactobacillus_amylovorus_species,9,0.02
enterobacter_cloacae_species,9,0.02
opio_1to3days_rf,9,0.02
pseudomonas_fragi_species,9,0.02
brevibacterium_massiliense_species,9,0.02
enterococcus_faecalis_species,9,0.02
corynebacteriaceae_family,9,0.02
alistipes_genus,9,0.02
anaerotruncus_genus,9,0.02
oscillatoriaceae_unclassified_genus,9,0.02
collinsella_genus,9,0.02
klebsiella_oxytoca_species,9,0.02
bacillales_uncl_family,9,0.02
burkholderia_unclassified_species,9,0.02
olsenella_unclassified_species,9,0.02
anaerococcus_lactolyticus_species,9,0.02
prior_antiprop,9,0.02
acetobacteraceae_family,9,0.02
peptostreptococcus_genus,9,0.02
opio_4to14days_rf,9,0.02
klebsiella_pneumoniae_species,9,0.02
cortico,9,0.02
collinsella_unclassified_species,9,0.02
bacteroidaceae_family,9,0.02
rhodopseudomonas_palustris_species,9,0.02
torque_teno_virus_3_species,9,0.02
delftia_genus,9,0.02
veillonella_unclassified_species,9,0.02
prevotellaceae_family,9,0.02
ruminococcus_champanellensis_species,9,0.02
eremococcus_genus,9,0.02
prevotella_loescheii_species,9,0.02
shigella_genus,9,0.02
bombyx_mori_nucleopolyhedrovirus_species,9,0.02
roseburia_inulinivorans_species,9,0.02
pectobacterium_wasabiae_species,9,0.02
bacteroides_coprocola_species,9,0.02
clostridium_symbiosum_species,9,0.02
corynebacterium_striatum_species,9,0.02
pseudomonas_phage_f116_species,9,0.02
collinsella_intestinalis_species,9,0.02
methylocystaceae_unclassified_genus,9,0.02
desulfovibrio_desulfuricans_species,9,0.02
enterobacter_genus,9,0.02
azithro_brf,9,0.02
finegoldia_magna_species,9,0.02
prior_fluoro,9,0.02
clostridiales_bacterium_bv3c26_species,9,0.02
betapapillomavirus_1_species,9,0.02
ralstonia_unclassified_species,9,0.02
staphylococcus_caprae_capitis_species,9,0.02
eubacterium_siraeum_species,9,0.02
streptococcus_infantis_species,9,0.02
leptotrichales_unclassified_family,9,0.02
limnohabitans_unclassified_species,9,0.02
stenotrophomonas_maltophilia_species,9,0.02
synergistaceae_family,9,0.02
anaerococcus_obesiensis_species,9,0.02
erysipelotrichaceae_bacterium_5_2_54faa_species,9,0.02
prevotella_timonensis_species,9,0.02
lactobacillus_phage_pl_1_species,9,0.02
ruminococcus_genus,9,0.02
enterobacteriaceae_family,9,0.02
prior_chemo,9,0.02
desulfobulbaceae_family,9,0.02
clostridium_leptum_species,9,0.02
prior_vancoiv,9,0.02
oscillibacter_sp_kle_1745_species,9,0.02
dorea_longicatena_species,9,0.02
parvovirus_nih_cqv_species,9,0.02
catenibacterium_mitsuokai_species,9,0.02
parabacteroides_merdae_species,9,0.02
clostridium_sp_kle_1755_species,9,0.02
lachnospiraceae_bacterium_8_1_57faa_species,9,0.02
lactobacillus_crispatus_species,9,0.02
oribacterium_genus,9,0.02
streptococcus_cristatus_species,9,0.02
atopobium_sp_bv3ac4_species,9,0.02
porphyromonas_genus,9,0.02
alloprevotella_unclassified_species,9,0.02
acinetobacter_johnsonii_species,9,0.02
fusobacterium_ulcerans_species,9,0.02
streptococcus_lutetiensis_species,9,0.02
clostridium_difficile_species,9,0.02
lactobacillus_iners_species,9,0.02
anaerotruncus_colihominis_species,9,0.02
veillonella_genus,9,0.02
prevotella_bivia_species,9,0.02
collinsella_tanakaei_species,9,0.02
clostridium_hathewayi_species,9,0.02
ruminococcaceae_family,9,0.02
clostridium_celatum_species,9,0.02
acinetobacter_brisouii_species,9,0.02
ruminococcus_callidus_species,9,0.02
clinda_brf,9,0.02
acidovorax_genus,9,0.02
frankia_genus,9,0.02
acidaminococcus_unclassified_species,9,0.02
lactobacillus_delbrueckii_species,9,0.02
prior_antivir,9,0.02
rubrobacteraceae_family,9,0.02
lactobacillus_jensenii_species,9,0.02
pseudoramibacter_genus,9,0.02
escherichia_coli_species,9,0.02
nsaid_brf,9,0.02
bacteroides_xylanisolvens_species,9,0.02
lactococcus_genus,9,0.02
metro_15to30days_rf,9,0.02
carba_4to14days_rf,9,0.02
lactobacillus_rhamnosus_species,9,0.02
bradyrhizobium_genus,9,0.02
bilophila_unclassified_species,9,0.02
peptoniphilus_sp_oral_taxon_375_species,9,0.02
prevotella_melaninogenica_species,9,0.02
penici,9,0.02
olsenella_genus,9,0.02
human_herpesvirus_1_species,9,0.02
clostridium_genus,9,0.02
megamonas_unclassified_species,9,0.02
enterococcaceae_family,9,0.02
bacteroides_sp_1_1_6_species,9,0.02
bordetella_genus,9,0.02
fusobacterium_varium_species,9,0.02
chemo_1to3days_rf,9,0.02
eubacterium_ventriosum_species,9,0.02
genta_1to3days_rf,9,0.02
actinomyces_graevenitzii_species,9,0.02
bulleidia_extructa_species,9,0.02
aurantimonadaceae_family,9,0.02
campylobacter_ureolyticus_species,9,0.02
lactobacillus_animalis_species,9,0.02
halobacteriales_unclassified_family,9,0.02
acidaminococcus_genus,9,0.02
subdoligranulum_unclassified_species,9,0.02
finegoldia_genus,9,0.02
eggerthella_unclassified_species,9,0.02
mitsuokella_multacida_species,9,0.02
parvimonas_micra_species,9,0.02
streptococcus_infantarius_species,9,0.02
shigella_phage_sf6_species,9,0.02
thioalkalivibrio_genus,9,0.02
granulicatella_adiacens_species,9,0.02
coriobacteriaceae_bacterium_bv3ac1_species,9,0.02
gemella_genus,9,0.02
erysipelotrichaceae_family,9,0.02
rikenellaceae_family,9,0.02
clostridium_clostridioforme_species,9,0.02
merkel_cell_polyomavirus_species,9,0.02
enterococcus_genus,9,0.02
escherichia_genus,9,0.02
marvinbryantia_formatexigens_species,9,0.02
kingella_genus,9,0.02
clostridium_perfringens_species,9,0.02
cotrim,9,0.02
comamonas_unclassified_species,9,0.02
clinda_15to30days_rf,9,0.02
chemo,9,0.02
pectobacterium_genus,9,0.02
fluoro_1to3days_rf,9,0.02
lactobacillus_ruminis_species,9,0.02
cotrim_4to14days_rf,9,0.02
parvimonas_unclassified_species,9,0.02
alloscardovia_omnicolens_species,9,0.02
vancopo_1to3days_rf,9,0.02
prior_nsaid,9,0.02
lactobacillus_sakei_species,9,0.02
prevotella_stercorea_species,9,0.02
veillonella_parvula_species,9,0.02
alistipes_shahii_species,9,0.02
brevibacterium_mcbrellneri_species,9,0.02
helcococcus_kunzii_species,9,0.02
erysipelotrichaceae_bacterium_6_1_45_species,9,0.02
c2likevirus_unclassified_species,9,0.02
atopobium_vaginae_species,9,0.02
facklamia_ignava_species,9,0.02
bacteroides_eggerthii_species,9,0.02
micrococcaceae_family,9,0.02
laxa_1to3days_rf,9,0.02
penici_1to3days_rf,9,0.02
methanobrevibacter_genus,9,0.02
lactobacillus_salivarius_species,9,0.02
bacteroides_thetaiotaomicron_species,9,0.02
lachnospiraceae_bacterium_1_4_56faa_species,9,0.02
aeromonas_genus,9,0.02
ppi_1to3days_rf,9,0.02
pediococcus_genus,9,0.02
coriobacteriaceae_family,9,0.02
acidobacteriaceae_family,9,0.02
polyomavirus_hpyv7_species,9,0.02
pebeta_15to30days_rf,9,0.02
clinda_4to14days_rf,9,0.02
prevotella_bergensis_species,9,0.02
alloprevotella_tannerae_species,9,0.02
actinomyces_turicensis_species,9,0.02
prior_metro,9,0.02
clostridiaceae_family,9,0.02
atopobium_genus,9,0.02
dorea_unclassified_species,9,0.02
candida_tropicalis_species,9,0.02
enterococcus_saccharolyticus_species,9,0.02
lactobacillaceae_family,9,0.02
erysipelotrichaceae_bacterium_3_1_53_species,9,0.02
lachnospiraceae_bacterium_5_1_57faa_species,9,0.02
unclassified_species,9,0.02
oxalobacter_genus,9,0.02
enhydrobacter_aerosaccus_species,9,0.02
cortico_15to30days_rf,9,0.02
facklamia_hominis_species,9,0.02
campylobacter_gracilis_species,9,0.02
paraprevotella_xylaniphila_species,9,0.02
afipia_unclassified_species,9,0.02
parasutterella_excrementihominis_species,9,0.02
ruminococcus_lactaris_species,9,0.02
pebeta_brf,9,0.02
staphylococcus_phage_rosa_species,9,0.02
coprococcus_catus_species,9,0.02
bacteroides_sp_3_1_19_species,9,0.02
bulleidia_genus,9,0.02
cotrim_15to30days_rf,9,0.02
phascolarctobacterium_genus,9,0.02
peptoniphilus_sp_bv3ac2_species,9,0.02
aeromonas_unclassified_species,9,0.02
ruminococcus_gnavus_species,9,0.02
corynebacterium_genitalium_species,9,0.02
nsaid_1to3days_rf,9,0.02
nsaid_15to30days_rf,9,0.02
porphyromonadaceae_family,9,0.02
streptococcaceae_family,9,0.02
pseudomonas_genus,9,0.02
anaerococcus_hydrogenalis_species,9,0.02
streptococcus_australis_species,9,0.02
azithro_4to14days_rf,9,0.02
alkaliphilus_genus,9,0.02
gemella_sanguinis_species,9,0.02
holdemania_sp_ap2_species,9,0.02
peptostreptococcus_unclassified_species,9,0.02
corynebacterium_genus,9,0.02
haemophilus_haemolyticus_species,9,0.02
oribacterium_sinus_species,9,0.02
serratia_marcescens_species,9,0.02
enterococcus_dispar_species,9,0.02
anaerococcus_tetradius_species,9,0.02
anaerostipes_sp_3_2_56faa_species,9,0.02
prior_opio,9,0.02
achromobacter_genus,9,0.02
acinetobacter_indicus_species,9,0.02
actinomyces_johnsonii_species,9,0.02
lachnospiraceae_bacterium_6_1_63faa_species,9,0.02
stenotrophomonas_unclassified_species,9,0.02
dialister_micraerophilus_species,9,0.02
campylobacter_showae_species,9,0.02
propionibacterium_acnes_species,9,0.02
bacteroides_cellulosilyticus_species,9,0.02
proteus_unclassified_species,9,0.02
enterobacteria_phage_rb69_species,9,0.02
lactobacillus_ultunensis_species,9,0.02
megasphaera_sp_bv3c16_1_species,9,0.02
leuconostoc_mesenteroides_species,9,0.02
clostridium_nexile_species,9,0.02
sebaldella_termitidis_species,9,0.02
methylobacterium_genus,9,0.02
chlamydiaceae_unclassified_genus,9,0.02
peptostreptococcaceae_noname_unclassified_species,9,0.02
abiotrophia_genus,9,0.02
vancoiv_4to14days_rf,9,0.02
betapapillomavirus_3_species,9,0.02
days_post_adm,9,0.02
clostridium_bolteae_species,9,0.02
coprococcus_eutactus_species,9,0.02
enterobacteria_phage_lambda_species,9,0.02
methylocystaceae_family,9,0.02
ruminococcus_bromii_species,9,0.02
oscillatoriaceae_family,9,0.02
staphylococcus_genus,9,0.02
roseburia_hominis_species,9,0.02
salmonella_phage_hk620_species,9,0.02
phicd119likevirus_unclassified_species,9,0.02
anyantimicrobials_4to14days_rf,9,0.02
gemella_haemolysans_species,9,0.02
veillonella_dispar_species,9,0.02
clostridium_bartlettii_species,9,0.02
polyomavirus_hpyv6_species,9,0.02
streptococcus_mutans_species,9,0.02
desulfovibrionaceae_family,9,0.02
sphingobacterium_unclassified_species,9,0.02
eubacterium_sp_3_1_31_species,9,0.02
vancopo,9,0.02
mycoplasma_genus,9,0.02
saccharomyces_cerevisiae_species,9,0.02
lactobacillus_genus,9,0.02
peptoniphilus_genus,9,0.02
acidaminococcaceae_unclassified_genus,9,0.02
deinococcus_genus,9,0.02
clavispora_lusitaniae_species,9,0.02
prevotella_buccae_species,9,0.02
neisseriaceae_family,9,0.02
stenotrophomonas_genus,9,0.02
oceanospirillaceae_family,9,0.02
mitsuokella_unclassified_species,9,0.02
bifidobacterium_breve_species,9,0.02
lachnospiraceae_bacterium_1_1_57faa_species,9,0.02
dapto_1to3days_rf,9,0.02
megamonas_funiformis_species,9,0.02
rothia_mucilaginosa_species,9,0.02
beijerinckiaceae_unclassified_genus,9,0.02
pediococcus_lolii_species,9,0.02
prevotella_histicola_species,9,0.02
alistipes_sp_ap11_species,9,0.02
fusobacterium_mortiferum_species,9,0.02
days_post_adm_rf,9,0.02
akkermansia_genus,9,0.02
chryseobacterium_unclassified_species,9,0.02
dysgonomonas_gadei_species,9,0.02
ceph_4to14days_rf,9,0.02
sebaldella_genus,9,0.02
fusobacteriaceae_family,9,0.02
prevotella_buccalis_species,9,0.02
staphylococcus_lugdunensis_species,9,0.02
xanthomonas_genus,9,0.02
eubacterium_eligens_species,9,0.02
eubacterium_rectale_species,9,0.02
slackia_unclassified_species,9,0.02
fusobacterium_genus,9,0.02
proteus_penneri_species,9,0.02
blautia_hydrogenotrophica_species,9,0.02
human_papillomavirus_132_like_viruses_species,9,0.02
gardnerella_genus,9,0.02
roseburia_genus,9,0.02
comamonas_genus,9,0.02
facklamia_languida_species,9,0.02
jonquetella_anthropi_species,9,0.02
propionimicrobium_lymphophilum_species,9,0.02
prior_vancopo,9,0.02
bifidobacteriaceae_family,9,0.02
pseudomonadaceae_family,9,0.02
megasphaera_elsdenii_species,9,0.02
genta_15to30days_rf,9,0.02
acidaminococcaceae_family,9,0.02
alicycliphilus_genus,9,0.02
epsilon15likevirus_unclassified_species,9,0.02
penici_15to30days_rf,9,0.02
streptococcus_mitis_oralis_pneumoniae_species,9,0.02
pebeta_1to3days_rf,9,0.02
akkermansia_muciniphila_species,9,0.02
prior_tige,9,0.02
chlamydiaceae_family,9,0.02
ruminococcus_sp_5_1_39bfaa_species,9,0.02
bifidobacterium_longum_species,9,0.02
odoribacter_laneus_species,9,0.02
campylobacteraceae_family,9,0.02
laxa,9,0.02
mycobacteriaceae_family,9,0.02
clostridiales_family_xi_incertae_sedis_family,9,0.02
frankiaceae_family,9,0.02
prior_ceph,9,0.02
cupriavidus_unclassified_species,9,0.02
thiomonas_unclassified_species,9,0.02
butyrivibrio_genus,9,0.02
dapto_15to30days_rf,9,0.02
propionibacterium_phage_p104a_species,9,0.02
lymphocryptovirus_unclassified_species,9,0.02
lachnospiraceae_bacterium_9_1_43bfaa_species,9,0.02
victivallis_genus,9,0.02
bacteroides_sp_3_2_5_species,9,0.02
pseudomonas_unclassified_species,9,0.02
eggerthia_catenaformis_species,9,0.02
mobiluncus_genus,9,0.02
anaerofustis_stercorihominis_species,9,0.02
eremothecium_unclassified_species,9,0.02
lactobacillus_oris_species,9,0.02
azithro,9,0.02
actinomyces_europaeus_species,9,0.02
deinococcaceae_family,9,0.02
clostridium_asparagiforme_species,9,0.02
salmonella_genus,9,0.02
carba_brf,9,0.02
scardovia_unclassified_species,9,0.02
malassezia_globosa_species,9,0.02
plant,9,0.02
collaborator_library_name,9,0.02
watering_regm,9,0.02
plant_growth_med,9,0.02
antibiotic_treatment_group,9,0.02
essential_oil_treatment_group,9,0.02
replicste,9,0.02
uniq_ident,9,0.02
income,9,0.02
mdro,9,0.02
ph_value,9,0.02
corneometer_value,9,0.02
sampling_side,9,0.02
reproductive_period,9,0.02
sequence_start_code,9,0.02
pregnancy_status,9,0.02
experiment_cohort,9,0.02
antibiotic_treatment_age,9,0.02
is_intermediate_timepoint,9,0.02
nature_of_pd,9,0.02
rfs_days,9,0.02
response_at_surgery,9,0.02
mpr,9,0.02
timepoint_days_bin,9,0.02
food_contain_wrap,9,0.02
source_type,9,0.02
baid,9,0.02
vegetation_type,9,0.02
treatment_phase,9,0.02
reactor_colon_region,9,0.02
reactor_phase,9,0.02
wave_height,9,0.02
fertilizer_date,9,0.02
host_abdominal_transit_alterations,9,0.02
hbv_coinfection,9,0.02
pcr_chlamydia_trachomatis,9,0.02
host_residency_area,9,0.02
lymphocytes,9,0.02
pcr_neisseria_gonorrhoeae,9,0.02
host_deposition_frequency_per_day,9,0.02
readcounts,9,0.02
previous_land_use_meth,8,0.02
local_class_meth,8,0.02
tillage,8,0.02
previous_land_use,8,0.02
genomic_spike_in_copy_number,8,0.02
genomic_spike_in,8,0.02
genomic_spike_in_ng_per_ul,8,0.02
pre_infusion_abx_risk,8,0.02
historical_disease_extent,8,0.02
asa,8,0.02
library_construction_protocol,8,0.02
targeted_loci,8,0.02
crp_mg_l,8,0.02
host_taxid_user_assigned,8,0.02
medical_notes,8,0.02
pooling_strategy,8,0.02
flowcell_type,8,0.02
library_construction_kit,8,0.02
nih_tb_flanker_t,8,0.02
nih_tb_cog_fluid_comp_t,8,0.02
nih_tb_pic_seq_mem_t,8,0.02
age_of_first_use_met,8,0.02
nih_tb_dccs_t,8,0.02
glycosylated_hemoglobin_a1c,8,0.02
nih_tb_list_sort_t,8,0.02
nih_tb_pattern_comp_t,8,0.02
plant_product,8,0.02
chimera_check_software,8,0.02
relevant_electronic_resources,8,0.02
pressure,8,0.02
type_of_perturbation_e_g_chemical_administration_physical_disturbance_etc_coupled_with_time_that_perturbation_occurred_can_include_multiple_perturbation_types,8,0.02
reagent_control,8,0.02
standard_used,8,0.02
dna_concentration,8,0.02
weight_g,8,0.02
tmlstatus,8,0.02
hmfsampleid,8,0.02
hmfpatientid,8,0.02
osevent,8,0.02
tml,8,0.02
primarytumortype,8,0.02
svtumormutationalburden,8,0.02
tmbpermb,8,0.02
bor,8,0.02
primarytumorlocation,8,0.02
msstatus,8,0.02
timepoint_description,8,0.02
msindelspermb,8,0.02
primarytumorsublocation,8,0.02
osweeks,8,0.02
pfsweeks,8,0.02
tumor_type,8,0.02
biopsysite,8,0.02
tumor_groups,8,0.02
cb,8,0.02
tmbstatus,8,0.02
atb_use,8,0.02
turbidity_ntu,8,0.02
diabetes_onset_week,8,0.02
sampling_month,8,0.02
urine_urogenital_tract_disorder,8,0.02
date_blood_culture,8,0.02
nec_day_onset,8,0.02
nec_details,8,0.02
oxygen_mg_per_l,8,0.02
pam_photosynthetic_efficiency,8,0.02
person,8,0.02
reverse_file_md5_file_type,8,0.02
culture_collection,8,0.02
incubation_hours,8,0.02
isolation_and_growth_condition,8,0.02
fertilizer,8,0.02
birth,8,0.02
percent_n,8,0.02
percent_c,8,0.02
disease_sub,8,0.02
bmtday,8,0.02
ptnumber,8,0.02
birth_location,8,0.02
tobacco_use,8,0.02
librarylayout,8,0.02
donor_age,8,0.02
catalog_number,8,0.02
cd8_t_cell_counts,8,0.02
cd4_cd8,8,0.02
sequencing_strategy1,8,0.02
data_preprocessing,8,0.02
hiv_1_viral_load_rt_qpcr,8,0.02
cd4_t_cell_counts,8,0.02
sample_number_uniq,8,0.02
sequencing_strategy2,8,0.02
light_lux,8,0.02
isolateid,8,0.02
diss_inorg_phosp,8,0.02
diss_org_nitro,8,0.02
nitrate_um,8,0.02
code,8,0.02
enrichment_substrate,8,0.02
timepoint_h,8,0.02
distinguish_info,8,0.02
density_fraction,8,0.02
water_isotope,8,0.02
sample_subtype,8,0.02
hiv_status,8,0.02
isobutyrate,8,0.02
isovalerate,8,0.02
bio_replicate,8,0.02
team,8,0.02
libraryid,8,0.02
minutes,8,0.02
od600,8,0.02
offset,8,0.02
season_environment,8,0.02
selecttion_agent,8,0.02
selection_agent,8,0.02
analysis_batch,8,0.02
used_mouthash_previous_month,8,0.02
age_category,8,0.02
sample_day,8,0.02
prior_antifung,8,0.02
prior_prop,8,0.02
geolocname,8,0.02
chlorophyll_a_ug_per_l,8,0.02
eukaryotic_picophytoplankton_cells_per_ml,8,0.02
heterotrophic_bacteria_cells_per_ml,8,0.02
mated_status,8,0.02
days_post_coitum,8,0.02
male_mated_with,8,0.02
sample_integrity_warnings,8,0.02
samples_uniquenames,8,0.02
compartment,8,0.02
health_status,8,0.02
transmission,8,0.02
attenuation,8,0.02
sky,8,0.02
alignment_software,8,0.02
is_transgenic,8,0.02
transgenic_type,8,0.02
index_name_i7_i5,8,0.02
latitude_degn,8,0.02
i7_barcode_sequence,8,0.02
library_prep_kit,8,0.02
library_size_bp,8,0.02
longitude_dege,8,0.02
i5_reverse_complement,8,0.02
of_reads_m,8,0.02
i5_barcode_sequence,8,0.02
volume_ul,8,0.02
incubation_treatment,8,0.02
isouthern_oceanlation_southern_oceanurce,8,0.02
peanut_igg4,8,0.02
peanut_ige_total_ige,8,0.02
ige_rarah2,8,0.02
total_ige,8,0.02
peanut_igg4_ige_ratio,8,0.02
igg4_rarah3,8,0.02
igg4_rarah2,8,0.02
ige_rarah3,8,0.02
igg4_rarah6,8,0.02
ige_rarah6,8,0.02
igg4_rarah1,8,0.02
ige_rarah1,8,0.02
peanut_ige,8,0.02
sample_count,8,0.02
pma,8,0.02
isolation,8,0.02
host_allergy,8,0.02
host_current_symptoms,8,0.02
host_color,8,0.02
spatial_rep,8,0.02
tech_rep,8,0.02
surface_material,7,0.01
pool_dna_extracts,7,0.01
vivarium,7,0.01
current_land_use,7,0.01
mtx,7,0.01
stool_freq,7,0.01
mayo_endo,7,0.01
intervention_group,7,0.01
breastfeeding,7,0.01
geo_loc_name_state,7,0.01
geo_loc_name_city,7,0.01
total_quantity_coc,7,0.01
days_since_last_use_coc,7,0.01
nih_tb_pic_vocab_t,7,0.01
stopped_since_last_visit,7,0.01
age_of_first_use_coc,7,0.01
nih_tb_cog_total_comp_t,7,0.01
days_since_last_use_tos,7,0.01
days_since_last_use_sti,7,0.01
cumulative_density_coc,7,0.01
nih_tb_cog_cryst_comp_t,7,0.01
nih_tb_oral_read_t,7,0.01
total_days_coc,7,0.01
negative_control_1,7,0.01
negative_control_2,7,0.01
reference_for_biomaterial,7,0.01
carbon_dioxide,7,0.01
heating_and_cooling_system_type,7,0.01
air_temperature,7,0.01
occupant_density_at_sampling,7,0.01
absolute_air_humidity,7,0.01
relative_air_humidity,7,0.01
occupancy_at_sampling,7,0.01
space_typical_state,7,0.01
typical_occupant_density,7,0.01
building_occupancy_type,7,0.01
sample_origin,7,0.01
water_depth_m,7,0.01
stool_position,7,0.01
plasma,7,0.01
cog_visit_date,7,0.01
first_diet,7,0.01
memdx,7,0.01
specimen_quantity,7,0.01
stool_box,7,0.01
plasma_serum_position,7,0.01
plasma_serum_box,7,0.01
serum,7,0.01
box_name,7,0.01
stool,7,0.01
uom,7,0.01
bmi_pbl,7,0.01
visit_type,7,0.01
microbiome_type,7,0.01
soil_taxonomic_local_classification,7,0.01
salinity_ppt,7,0.01
nitrogen,7,0.01
simulated_cropping_system,7,0.01
sampled_niche,7,0.01
plant_type,7,0.01
lung_pulmonary_disorder,7,0.01
organic_carbon,7,0.01
tissue_mg,7,0.01
v_type,7,0.01
request_number,7,0.01
strain_genotype,7,0.01
antibody_treatment,7,0.01
collection_date_orig,7,0.01
collection_time_hour,7,0.01
pi,7,0.01
strain_vendor,7,0.01
age_atdeath_weeks,7,0.01
time_point_units,7,0.01
letter,7,0.01
age_at_death_units,7,0.01
lcmv_type,7,0.01
strain_background_common,7,0.01
ms_16s,7,0.01
infection,7,0.01
infected,7,0.01
host_subject_id_old,7,0.01
expt_repeat,7,0.01
strain_background,7,0.01
age_at_death,7,0.01
analysis_number_qiita_stool,7,0.01
core,7,0.01
land_use_1,7,0.01
land_use,7,0.01
landscape,7,0.01
vegetation_simple,7,0.01
sample_condition,7,0.01
input_dna_ng_units,7,0.01
barcodes,7,0.01
input_dna_ng,7,0.01
dnaex,7,0.01
sample_side,7,0.01
med_insulin_injection,7,0.01
med_steroid_inhalation_any,7,0.01
med_steroid_topical_fluocinolone_oil,7,0.01
lab_alt,7,0.01
lab_cholesterol_units,7,0.01
sample_name_analysis,7,0.01
med_antidepressant_oral_wellbutrin,7,0.01
med_antihistamine_nasal_any,7,0.01
med_antihistamine_oral_fexofenadine,7,0.01
med_immunosuppressant_topical_tacrolimus,7,0.01
analysis_t1d,7,0.01
med_diuretic_oral_any,7,0.01
med_anticholinergic_oral_rubinol,7,0.01
med_antidepressant_fluoxetine,7,0.01
med_stimulant_oral_dextroamphetamine,7,0.01
med_ssra_oral_sumatriptan,7,0.01
lab_hdl,7,0.01
med_antidepressant_oral_any,7,0.01
t1d,7,0.01
supp_laxative_oral_miralax,7,0.01
lab_fasting_glucose_units,7,0.01
lab_diastolic_bp,7,0.01
med_antihistamine_oral_ceterizine,7,0.01
lab_diastolic_bp_units,7,0.01
lab_triglycerides,7,0.01
med_antidepressant_oral_lexapro,7,0.01
lab_hdl_units,7,0.01
host_body_mass_index_z_score,7,0.01
sample_identifier_lab,7,0.01
host_body_mass_index_percentile,7,0.01
lab_ldl_units,7,0.01
lab_fasting_glucose,7,0.01
lab_ast,7,0.01
lab_systolic_bp_percentile_units,7,0.01
lab_ast_units,7,0.01
lab_creatinine_units,7,0.01
med_diuretic_oral_bumex,7,0.01
med_antihistamine_nasal_mometasone,7,0.01
med_hormone_oral_levothyroxine,7,0.01
lab_alt_units,7,0.01
lab_systolic_bp,7,0.01
lab_bun,7,0.01
most_recent_a1c_units,7,0.01
med_diuretic_oral_amiloride,7,0.01
most_recent_a1c,7,0.01
congenital_hypothyroid,7,0.01
med_antihistamine_unknown_ketotifen,7,0.01
puberty_tanner_stage,7,0.01
med_metformin_oral,7,0.01
vitiligo,7,0.01
med_anticholinergic_oral_glycopyrrolate,7,0.01
med_montelukast_oral,7,0.01
lab_diastolic_bp_percentile,7,0.01
med_steroid_inhalation_beclomethasone,7,0.01
med_diuretic_oral_metolazole,7,0.01
med_antidepressant_oral_bupropion,7,0.01
lab_cholesterol,7,0.01
med_antidepressant_oral_amitriptyline,7,0.01
med_steroid_inhalation_pulmicort,7,0.01
med_antihistamine_oral_any,7,0.01
med_dextroamphetamine,7,0.01
med_antihistamine_oral_loratadine,7,0.01
med_antibiotic_topical_clindamycin_gel,7,0.01
lab_diastolic_bp_percentile_units,7,0.01
med_antipsychotic_oral_quetiapine,7,0.01
med_steroid_inhalation_albuterol,7,0.01
lab_triglycerides_units,7,0.01
med_antihistamine_oral_cimetidine,7,0.01
analysis_disease_stage,7,0.01
lab_bun_units,7,0.01
med_antihistamine_nasal_fluticasone,7,0.01
med_antihistamine_nasal_flonase,7,0.01
med_ppi_oral_omeprazole,7,0.01
autoimmune_disease_any,7,0.01
lab_systolic_bp_units,7,0.01
lab_creatinine,7,0.01
lab_ldl,7,0.01
hashimoto_no_med,7,0.01
bardet_biedl,7,0.01
analysis_disease_stage_group,7,0.01
lab_systolic_bp_percentile,7,0.01
analysis_weight_group,7,0.01
med_antihistamine_nasal_nasonex,7,0.01
mrgid,7,0.01
iho,7,0.01
cigcurr,7,0.01
ahei2,7,0.01
apdqst,7,0.01
perbop,7,0.01
ahei1,7,0.01
meandbp,7,0.01
meanpd,7,0.01
mets,7,0.01
ahei3,7,0.01
ahei4,7,0.01
glucosecrc,7,0.01
prediabetes,7,0.01
apdqs,7,0.01
meanaloss,7,0.01
hba1c,7,0.01
meansbp,7,0.01
educ,7,0.01
insulinv1,7,0.01
aapperio4,7,0.01
raceethn,7,0.01
aapperio,7,0.01
weightkg,7,0.01
totmisst,7,0.01
dose_comment,7,0.01
animalid,7,0.01
shellfish,7,0.01
host_plant,7,0.01
harvest_date,7,0.01
study_design,7,0.01
sequencing_run_number,7,0.01
host_cage,7,0.01
foster,7,0.01
piglet_weight,7,0.01
sow_or_piglet,7,0.01
timepoint_or_piglet_no,7,0.01
sowid,7,0.01
time_units,7,0.01
host_infra_specific_name,7,0.01
bromide,7,0.01
wk14_remission,7,0.01
duration,7,0.01
ibd_subtype,7,0.01
immunomodulator,7,0.01
biologic,7,0.01
steriods,7,0.01
priortnf,7,0.01
breeding_facility,7,0.01
timefmt,7,0.01
fmt,7,0.01
timedss,7,0.01
dss,7,0.01
avgspotlen,7,0.01
diss_inorg_nitro,7,0.01
carb_nitro_ratio,7,0.01
org_matter,7,0.01
down_par,7,0.01
host_is_fmt_recipient,7,0.01
read2,7,0.01
read1,7,0.01
host_ethnicity,7,0.01
tumor_vol,7,0.01
percent_spiked,7,0.01
primer_pool,7,0.01
race_ethnicity,7,0.01
specimen_type,7,0.01
dog_number,7,0.01
fermentation_type,7,0.01
fermentation_number,7,0.01
dense_sandwort_area_2009,7,0.01
parasite_eggs_per_gram_of_feces,7,0.01
water_area_2009,7,0.01
dense_grassland_area_2009,7,0.01
building_area_2009,7,0.01
sparse_grassland_area_2009,7,0.01
dense_heath_area_2009,7,0.01
sparse_sandwort_area_2009,7,0.01
sparse_heath_area_2009,7,0.01
ocean_area_2009,7,0.01
land_total_2009,7,0.01
band_name,7,0.01
foal_status,7,0.01
sand_area_2009,7,0.01
beach_pea_area_2009,7,0.01
tn_um,7,0.01
carbon_source,7,0.01
acne_iga_score,7,0.01
cumulative_dose_isotretinoin_mg,7,0.01
supplier,7,0.01
facility,7,0.01
monkeytime,7,0.01
final_library_conc_ng_ul,7,0.01
host_age_weeks,7,0.01
gorilla_code,7,0.01
crop_exposure,7,0.01
growth_period,7,0.01
cult_target,7,0.01
ww_total_suspended_solids,7,0.01
growth_facil,7,0.01
injury,7,0.01
studyday,7,0.01
cowdna_percent,7,0.01
calf_or_cow,7,0.01
gestational_age_at_sampling,7,0.01
rawfile_name,7,0.01
distinct,7,0.01
dna_concentration_submitter,7,0.01
md5_filename6,7,0.01
md5_filename7,7,0.01
md5_filename5,7,0.01
md5_filename4,7,0.01
feed,7,0.01
times_of_fmt_at_t0,7,0.01
food_sensitivity,7,0.01
eczema,7,0.01
reflux,7,0.01
mucus_in_stool,7,0.01
any_condition,7,0.01
ferm_chem_add_perc,7,0.01
backslopping_l,7,0.01
water_volume,7,0.01
matrix_sampled,7,0.01
sugar_g,7,0.01
substrates,7,0.01
tea_g,7,0.01
cult_isol_date,7,0.01
consent_age,7,0.01
ca_ld_birth_weight,7,0.01
ca_ld_sex_of_baby,7,0.01
stool_count,7,0.01
delivery_ega,7,0.01
ca_ld_delivery_type,7,0.01
preterm_labor_ega,7,0.01
preeclampsia_during_labor,7,0.01
preeclampsia_at_pp,7,0.01
gdm,7,0.01
stillbirth,7,0.01
ca_pretermlabor,7,0.01
fungicide_regm,7,0.01
number_non_human_reads,7,0.01
monocytes_perc_byhuman,7,0.01
intestine_perc_byhuman,7,0.01
neutrophils_perc_byhuman,7,0.01
colon_perc_byhuman,7,0.01
fecalcalprotectin,7,0.01
reads_human_perc,7,0.01
t_cells_perc_byhuman,7,0.01
age_visit,7,0.01
b_cells_perc_byhuman,7,0.01
maxilla,7,0.01
study_arm,7,0.01
icb_response,7,0.01
host_growth_cond,7,0.01
cd4_tcell_counts,7,0.01
hiv_viral_load,7,0.01
heavy_metals_meth,6,0.01
soil_text_measure,6,0.01
flooding,6,0.01
genomic_spike_amount_in_ng,6,0.01
genomic_spike_in_replicate,6,0.01
metagenomic_spike_in_copy_number,6,0.01
metagenomic_spike_in_amount_ng_per_ul,6,0.01
metagenomic_spike_in,6,0.01
metagenomic_spike_in_replicate,6,0.01
bacteria,6,0.01
parkinson_in_past,6,0.01
other_abdominal_surgery,6,0.01
inflammatory_bowel_disease,6,0.01
cardiovascular_disease_in_past,6,0.01
hepatitis_in_past,6,0.01
other_gastrointestinal_diseases_in_past,6,0.01
other_neurological_disease,6,0.01
dementia_in_past,6,0.01
nicotine_consumption,6,0.01
diabetes_mellitus_in_past,6,0.01
gastrointestinal_cancer_in_past,6,0.01
neuroleptics,6,0.01
hematologic_cancer_in_past,6,0.01
liver_cirrhosis_in_past,6,0.01
bowel_intestinal_surgery_in_past,6,0.01
antibiotic_treatment_before_enrollment,6,0.01
immunosuppressant,6,0.01
other_antidiabetics,6,0.01
chronic_constipation_in_past,6,0.01
chronic_alcohol_consumption,6,0.01
extra_gastrointestinal_cancer_in_past,6,0.01
cholestasis_at_time_of_enrollment,6,0.01
irritable_stomach_bowel_disease_in_past,6,0.01
chronic_diarrhea_in_past,6,0.01
depression_in_past,6,0.01
antidiabetics,6,0.01
heart_failure_in_past,6,0.01
rheumatic_disease_in_past,6,0.01
statines,6,0.01
paracetamol,6,0.01
pcr_primer,6,0.01
aza,6,0.01
inflamed_tissue,6,0.01
uceis,6,0.01
mp,6,0.01
started_since_last_visit,6,0.01
days_since_last_use_mav,6,0.01
csar,6,0.01
red_blood_cells_csf,6,0.01
age_of_first_use_tos,6,0.01
glucose_csf,6,0.01
days_since_last_use_hal,6,0.01
total_days_tos,6,0.01
total_protein_csf,6,0.01
total_quantity_mav,6,0.01
total_quantity_tos,6,0.01
total_days_mav,6,0.01
age_of_first_use_mas,6,0.01
strain_id_number,6,0.01
extraction_date,6,0.01
test_type,6,0.01
species_richness,6,0.01
genomes_origin,6,0.01
latitude_longitude,6,0.01
microbial_mat_biofilm_environmental_package,6,0.01
project_alias,6,0.01
light_intensity,6,0.01
host_organism,6,0.01
experimental_factor_sampling_time_point,6,0.01
fluoride,6,0.01
block,6,0.01
method,6,0.01
long_format,6,0.01
dna_protocol,6,0.01
exc_sodium,6,0.01
nitrate_nitrogen,6,0.01
dtpa_iron,6,0.01
dtpa_manganese,6,0.01
dtpa_copper,6,0.01
exc_aluminium,6,0.01
sand,6,0.01
exc_calcium,6,0.01
exc_potassium,6,0.01
phosphorus_colwell,6,0.01
dtpa_zinc,6,0.01
exc_magnesium,6,0.01
boron_hot_cacl2,6,0.01
potassium_colwell,6,0.01
sulphur,6,0.01
total_daily_insulin_units,6,0.01
cecalcontmass_mg,6,0.01
species,6,0.01
cellsadded_alicyclobacillus_acidiphilus_dsm_14558,6,0.01
isolator,6,0.01
cellsadded_agrobacterium_radiobacter_dsm_30147,6,0.01
cecalcontmass_g,6,0.01
size_fraction_um,6,0.01
studyid,6,0.01
pregnancy_trimester,6,0.01
sample_name_study,6,0.01
texture_meth,6,0.01
bulk_or_size_filtration,6,0.01
sample_code,6,0.01
alternativename,6,0.01
reactor_condition,6,0.01
diss_hydrogen,6,0.01
single_vs_multiple_fmt,6,0.01
host_age_at_death,6,0.01
samp_weight_external_standard_added,6,0.01
wk52_remission,6,0.01
birth_control,6,0.01
msf_hours,6,0.01
chronotype_groups,6,0.01
samp_store_atm,6,0.01
orp_mv,6,0.01
tot_diss_nitro,6,0.01
timepoint_days,6,0.01
illumina_well,6,0.01
host_infra_specific_rank,6,0.01
orgaisolation_sourcenism,6,0.01
differentiating_information,6,0.01
revisedvisitnumber,6,0.01
hivserostatus,6,0.01
urine_collect_meth,6,0.01
patient_name,6,0.01
fwd_seq,6,0.01
rev_seq,6,0.01
nature,6,0.01
samplename2,6,0.01
nucleic_acid_extraction_kit,6,0.01
experiment_description,6,0.01
footrot_score,6,0.01
sample_title_abbrev,6,0.01
reactor_region,6,0.01
bioreplicate,6,0.01
biol_stat,6,0.01
size_frac_low,6,0.01
cult_result_org,6,0.01
host_hiv_stat,6,0.01
urogenit_tract_disor,6,0.01
soluble_dietary_fiber,6,0.01
animal_protein,6,0.01
alcohol,6,0.01
energy,6,0.01
total_protein,6,0.01
total_dietary_fiber,6,0.01
total_fat,6,0.01
vegetable_protein,6,0.01
added_sugars_by_available_carbohydrate,6,0.01
insoluble_dietary_fiber,6,0.01
cholesterol,6,0.01
omega_3_fatty_acids,6,0.01
caffeine,6,0.01
total_carbohydrate,6,0.01
total_sugars,6,0.01
rr,6,0.01
platelets,6,0.01
hr,6,0.01
bun,6,0.01
il6,6,0.01
sbp,6,0.01
studydate,6,0.01
rage,6,0.01
respsample_depletion,6,0.01
sampleid_merge,6,0.01
average_protein_g_kg_day,6,0.01
pma_at_discharge,6,0.01
mom_received,6,0.01
stool_sample_week,6,0.01
5min_apgars,6,0.01
birth_foc_cm,6,0.01
length_of_stay_days,6,0.01
grade_3_or_4_ivh,6,0.01
cream_volume_ml,6,0.01
growth_velocity_g_day,6,0.01
surgical_nec,6,0.01
sga_at_birth,6,0.01
average_cream_kcal_kg_day,6,0.01
average_fat_g_kg_day,6,0.01
gestational_age_wks,6,0.01
prenatal_steroid_use,6,0.01
days_on_tpn,6,0.01
average_kcal_kg_day,6,0.01
length_velocity_cm_wk,6,0.01
foc_elocity_cm_wk,6,0.01
medical_nec,6,0.01
info,6,0.01
gdcoll,6,0.01
operator,6,0.01
filname2,6,0.01
gwdel,6,0.01
sampleindex,6,0.01
termpre,6,0.01
response_to_treatment,6,0.01
erythema,6,0.01
whz_wasting_bool,6,0.01
laz_stunting_bool,6,0.01
eed_0normal_1mod_2sev,6,0.01
host_height_cm,6,0.01
diet_intervention,6,0.01
del_laz_last_6week,6,0.01
linear_growth_bool,6,0.01
collection_week_cat,6,0.01
sub_group,6,0.01
dna_concentration_submitter_meth,6,0.01
nitrate_nitrite_meth,6,0.01
absorbance_260_280_ratio_submitter,6,0.01
synonyms,6,0.01
matrix,6,0.01
sample_rank,6,0.01
diet_duration,6,0.01
adiposity,6,0.01
site_general,6,0.01
degradation_status,6,0.01
piglet_or_sow,6,0.01
pigdna_percent,6,0.01
sampling_season,6,0.01
samplingday,6,0.01
woodtype,6,0.01
experimentday,6,0.01
series,6,0.01
daysafterwetting,6,0.01
direction,6,0.01
experimental_part,6,0.01
sum_len,6,0.01
incubation_temp,6,0.01
fire_regime,6,0.01
olive_batch,6,0.01
facility_code,6,0.01
olive_fermentation_days,6,0.01
host_strain,6,0.01
swid,6,0.01
cephalexin_ng_l,6,0.01
amoxicillin_ng_l,6,0.01
azithromycin_ng_l,6,0.01
trimethoprim_ng_l,6,0.01
levofloxacin_ng_l,6,0.01
ciprofloxacin_ng_l,6,0.01
clindamycin_ng_l,6,0.01
doxycycline_ng_l,6,0.01
ertapenem_ng_l,6,0.01
sulfamethoxazole_ng_l,6,0.01
mgi_unique_identifier,6,0.01
processing_location,6,0.01
indigenous_status,6,0.01
mapping_to,6,0.01
bacteria_sources,6,0.01
kml_name,6,0.01
link_class_info,5,0.01
horizon_meth,5,0.01
enviornmental_package,5,0.01
environment_featurel,5,0.01
geographic_location_country_region_area,5,0.01
receipt_date,5,0.01
capture_method,5,0.01
mean_annual_and_seasonal_temperature,5,0.01
nh4,5,0.01
qc_s00,5,0.01
8,5,0.01
wbc_1000_mm3,5,0.01
alb_g_per_dl,5,0.01
mcv_um3,5,0.01
lymph_prcntg,5,0.01
plt_1000_mm3,5,0.01
lab_info_date,5,0.01
presence_and_size_of_ulcers_ses_cd_rectum,5,0.01
presence_and_size_of_ulcers_ses_cd_sub_total,5,0.01
ileum_examined_accessed_resected_or_inaccessible,5,0.01
presence_and_type_of_narrowings_left_colon,5,0.01
extent_of_affected_surface_rectum,5,0.01
extent_of_ulcerated_surface_rectum,5,0.01
extent_of_ulcerated_surface_left_colon,5,0.01
left_colon_examined_accessed_resected_or_inaccessible,5,0.01
presence_and_type_of_narrowings_sub_score,5,0.01
transverse_examined_accessed_resected_or_inaccessible,5,0.01
extent_of_affected_surface_left_colon,5,0.01
presence_and_type_of_narrowings_rectum,5,0.01
ses_cd_total_score,5,0.01
right_colon_examined_accessed_resected_or_inaccessible,5,0.01
extent_of_affected_surface_sub_score,5,0.01
extent_of_ulcerated_surface_sub_total,5,0.01
presence_and_type_of_narrowings_ileum,5,0.01
rectum_examined_accessed_resected_or_inaccessible,5,0.01
extent_of_ulcerated_surface_ileum,5,0.01
extent_of_affected_surface_ileum,5,0.01
presence_and_size_of_ulcers_ses_cd_ileum,5,0.01
presence_and_size_of_ulcers_ses_cd_left_colon,5,0.01
organic_matter,5,0.01
total_quantity_hal,5,0.01
total_quantity_ecs,5,0.01
nih_tb_social_satisfaction_summary_t,5,0.01
total_days_sed,5,0.01
days_since_last_use_ant,5,0.01
days_since_last_use_ecs,5,0.01
total_days_ecs,5,0.01
cumulative_density_sed,5,0.01
age_of_first_use_sed,5,0.01
total_days_ant,5,0.01
total_quantity_ant,5,0.01
days_since_last_use_sed,5,0.01
nih_tb_friendship_t,5,0.01
total_days_hal,5,0.01
nih_tb_anger_affect_t,5,0.01
nih_tb_negative_affect_summary_t,5,0.01
cumulative_density_hal,5,0.01
nih_tb_instrumental_support_t,5,0.01
nih_tb_self_efficacy_t,5,0.01
total_quantity_sed,5,0.01
nih_tb_perceived_hostility_t,5,0.01
is_control,5,0.01
doc,5,0.01
field,5,0.01
host_type,5,0.01
mock_pr,5,0.01
geographic_location_ocean,5,0.01
sequence_batch_rundate,5,0.01
sequence_batch,5,0.01
geographic_location_locality,5,0.01
template,5,0.01
spike_antibiotics,5,0.01
spike_c_perfringens,5,0.01
spike_phage,5,0.01
sectionbreedweek,5,0.01
sectionbreed,5,0.01
composite_design_sieving_if_any,5,0.01
harvesting_treatment,5,0.01
seq_center,5,0.01
rhizosphere_or_soil,5,0.01
amplification_protocol,5,0.01
swedish_lake_code,5,0.01
geographic_location_altitude,5,0.01
soil_taxonomic_fao_classification,5,0.01
mbsf2,5,0.01
mbsf,5,0.01
redox_potential_millivolts,5,0.01
pressure_dbar,5,0.01
colony_name,5,0.01
fermented_produce_commercial_other,5,0.01
vegetation_dom_grasses,5,0.01
vegetation_dom_trees,5,0.01
vegetation_total_cover,5,0.01
date_since_change_in_land_use,5,0.01
vegetation_dom_shrubs,5,0.01
funding,5,0.01
submission_number,5,0.01
disease_course,5,0.01
submission_timepoint,5,0.01
prep_16s_amplicon,5,0.01
repeated_sequencing,5,0.01
flare,5,0.01
wet_dry,5,0.01
sequencing_set,5,0.01
collettion_date,5,0.01
twin_in_study,5,0.01
duration_of_hospitalization_units,5,0.01
discharge_weight_units,5,0.01
discharge_length_units,5,0.01
discharge_head_circumference_units,5,0.01
maternal_age_units,5,0.01
time_before_frozen_units,5,0.01
methane_concentration_nm,5,0.01
reverse_reads,5,0.01
replicateid,5,0.01
water_content_soil,5,0.01
sample_nr,5,0.01
calf_organ,5,0.01
day_since_experiment_starts,5,0.01
group_of_treatment,5,0.01
nanodrop_dna_conc_ng_ul,5,0.01
time_point_hrs,5,0.01
a260_230,5,0.01
a260_280,5,0.01
vessel,5,0.01
external_standard_volume,5,0.01
external_standard,5,0.01
other_drugs,5,0.01
c_total_microg,5,0.01
n_total_microg,5,0.01
chlorophyll_a_microg_l,5,0.01
temperature_cel,5,0.01
chl_a_ugperl,5,0.01
suspendedsolids_mgperl,5,0.01
do_mgperl,5,0.01
sample_info,5,0.01
system,5,0.01
collection_tank,5,0.01
atmospheric_data,5,0.01
bacteria_carb_prod,5,0.01
petroleum_hydrocarb,5,0.01
n_alkanes,5,0.01
tot_part_carb,5,0.01
host_subject_assigned_to_maintenance_arm,5,0.01
host_subject_assigned_to_antibiotics_arm,5,0.01
collection_days_post_initial_fmt,5,0.01
toe_amputation,5,0.01
ulcer_location,5,0.01
case,5,0.01
ulcer_size,5,0.01
sample_name_used_internally_in_our_records,5,0.01
used_in_publication,5,0.01
cirrhosis_etiology,5,0.01
cps,5,0.01
recent_alcohol,5,0.01
yrs_abstinent,5,0.01
dna_extraction_method,5,0.01
oriprefix,5,0.01
oil,5,0.01
diet_stage,5,0.01
total_p2i,5,0.01
total_phenol,5,0.01
ave_4_ethylphenol,5,0.01
butyrate_2,5,0.01
propiponate,5,0.01
propiponate_2,5,0.01
acetate_2,5,0.01
phenol,5,0.01
indole,5,0.01
total_bcfa,5,0.01
pond,5,0.01
information_from_cheese_producer,5,0.01
class,5,0.01
time_last_toothbrush,5,0.01
samp_size_ng,5,0.01
sample_concentration_ng_ul,5,0.01
housing,5,0.01
extraction,5,0.01
pasi_score,5,0.01
bsa_score,5,0.01
depth_cm,5,0.01
sexual_behavior,5,0.01
bmi_class,5,0.01
antibiotics_use_6months,5,0.01
descriptor,5,0.01
mgt,5,0.01
replicate_num,5,0.01
gavage_status,5,0.01
ances_data,5,0.01
us_region,5,0.01
home_environment,5,0.01
acquisition,5,0.01
hive,5,0.01
butyrate_concentration,5,0.01
pig_number,5,0.01
log_salmonella,5,0.01
days_post_salmonella_challenge,5,0.01
culture_medium,5,0.01
mtv_cat,5,0.01
mtv,5,0.01
selenium,5,0.01
isolate_name,5,0.01
sample_name_2,5,0.01
drug_group,5,0.01
tot_depth_water_col_meth,5,0.01
pres_rel,5,0.01
voyage_survey_link,5,0.01
absorbance_260_280_ratio_submitter_meth,5,0.01
voyage_code,5,0.01
terapy,5,0.01
species_replicate,5,0.01
spikein_strain,5,0.01
sacdate,5,0.01
treatment1,5,0.01
icp_te_copper_meth,5,0.01
lyco_meth,5,0.01
icp_te_copper,5,0.01
carbonate,5,0.01
magnesium_meth,5,0.01
icp_te_sulfur_meth,5,0.01
sodium_meth,5,0.01
carbonate_meth,5,0.01
potassium_meth,5,0.01
icp_te_calcium,5,0.01
chloride_meth,5,0.01
icp_te_boron,5,0.01
bicarbonate,5,0.01
icp_te_sulfur,5,0.01
icp_te_iron,5,0.01
icp_te_phosphorus_meth,5,0.01
icp_te_calcium_meth,5,0.01
diadchr,5,0.01
lyco,5,0.01
bicarbonate_meth,5,0.01
icp_te_manganese,5,0.01
icp_te_zinc_meth,5,0.01
icp_te_manganese_meth,5,0.01
icp_te_boron_meth,5,0.01
icp_te_zinc,5,0.01
icp_te_iron_meth,5,0.01
icp_te_phosphorus,5,0.01
diadchr_meth,5,0.01
infection_status,5,0.01
repid,5,0.01
percent_moisture,5,0.01
treatment_grp,5,0.01
ammonia_um,5,0.01
nitratenitrite_um,5,0.01
time_sampled,5,0.01
doc_um,5,0.01
sample_id_2,5,0.01
sampling_plot,5,0.01
good_oral_hygiene,5,0.01
emsl_biosample_identifiers,5,0.01
ecosystem_type,5,0.01
ecosystem,5,0.01
micro_biomass_meth,5,0.01
specific_ecosystem,5,0.01
samp_name,5,0.01
ecosystem_category,5,0.01
ecosystem_subtype,5,0.01
samp_collec_method,5,0.01
study_timecourse,5,0.01
md5_checksum_1,5,0.01
md5_checksum_2,5,0.01
mean_composite_depth,5,0.01
extraction_ids,5,0.01
duplicate_type,5,0.01
type_of_eu_label,5,0.01
type_of_cheese,5,0.01
part_of_cheese,5,0.01
milk_source,5,0.01
eu_labelled,5,0.01
sample_wwtp,5,0.01
trt,5,0.01
age_wk,5,0.01
hp_ab_uml,5,0.01
hp_result,5,0.01
home_room_factor,5,0.01
teff_freq_factor_binary,5,0.01
family_size,5,0.01
type_med,5,0.01
stunting,5,0.01
bmiz,5,0.01
latrine_in_room_factor,5,0.01
breast_18m_factor,5,0.01
delivery_mode_factor,5,0.01
niumber,5,0.01
protein_intake,5,0.01
tnf_alpha_iu,5,0.01
il_6_iu,5,0.01
strata,5,0.01
il_8_iu,5,0.01
nutrient_treatment,5,0.01
disease_state_dark_spot_syndrome,5,0.01
days_from_transplant,5,0.01
specimenid,5,0.01
databaseid,5,0.01
ethylparaben_ng_g_dust,5,0.01
methylparaben_ng_g_dust,5,0.01
triclocarban_ng_g_dust,5,0.01
butylparaben_ng_g_dust,5,0.01
triclosan_ng_g_dust,5,0.01
space_type,5,0.01
benzylparaben_ng_g_dust,5,0.01
propylparaben_ng_g_dust,5,0.01
parent_psi_total_t1,5,0.01
parent_psoc_tot_t1,5,0.01
child_behav_cbq_angfrust_t1,5,0.01
esa_lec_familyillness_combined,5,0.01
child_behav_cbcl_anx_depress_t1,5,0.01
parent_awatot_t2,5,0.01
parent_psi_parentdistress_t1,5,0.01
esa_lec_neighviolence_combined,5,0.01
child_behav_cbcl_aggbehav_t1,5,0.01
gut_antibiotic,5,0.01
esa_lec_sep_combined,5,0.01
gut_birthmethod,5,0.01
child_behav_cbcl_intern_t1,5,0.01
gut_season_allergies_asthma,5,0.01
child_behav_cbcl_emot_react_t1,5,0.01
child_behav_cbcl_total_t1,5,0.01
esa_lec_pov_combined,5,0.01
gut_locations,5,0.01
child_behav_cbq_ic_t1,5,0.01
parent_nrctot_t2,5,0.01
gut_milk,5,0.01
esa_lec_tot_combined,5,0.01
parent_apca_tot_t2,5,0.01
parent_psi_pc_dysfunc_t1,5,0.01
gut_guthistory,5,0.01
child_behav_cbcl_depression_t1,5,0.01
esa_income_to_needs,5,0.01
gut_antibiotic_frequency,5,0.01
esa_lec_turmoil_combined,5,0.01
child_behav_cbq_sadness_t1,5,0.01
parent_nr_tot_t2,5,0.01
gut_probiotic_history,5,0.01
child_behav_cbcl_extern_t1,5,0.01
gut_probiotics7days,5,0.01
child_behav_cbcl_anxproblems_t1,5,0.01
gut_antibiotic_recent,5,0.01
child_behav_cbq_impuls_t1,5,0.01
parent_njdtot_t2,5,0.01
parent_psi_diffchild_t1,5,0.01
parent_nj_tot_t2,5,0.01
child_behav_cbq_fear_t1,5,0.01
malnourished_whz_yn,5,0.01
malnutrition_muacz,5,0.01
schisto_status,5,0.01
end_date,5,0.01
end_date_1,5,0.01
dosage_1,5,0.01
raw_age,5,0.01
ifyesspecify_1,5,0.01
months_solidfood,5,0.01
vitami,5,0.01
malnutrition_whz,5,0.01
if_yes_specify,5,0.01
baz,5,0.01
weightclass_baz,5,0.01
macrohaematuria,5,0.01
stunting_haz,5,0.01
dosage,5,0.01
microhaematuria,5,0.01
schisto_infect_intensity,5,0.01
malnutrition_raw_muac,5,0.01
underweight_waz_yn,5,0.01
been_to_hospital,5,0.01
antibiotics_last_6_months_y_n,5,0.01
malnourished_muacz_yn,5,0.01
underweight_baz_yn,5,0.01
malnourished_muac_yn,5,0.01
village_grouping,5,0.01
muacz,5,0.01
type_solidfood,5,0.01
stunting_haz_yn,5,0.01
previous_bilharzia_treatment,5,0.01
start_date,5,0.01
start_date_1,5,0.01
weightclass_waz,5,0.01
patient_sample,5,0.01
any_prog,5,0.01
numberofbaselinemets,5,0.01
months_to_death,5,0.01
immunotherapy,5,0.01
antibio_flag_1mo,5,0.01
adjuvant,5,0.01
muts,5,0.01
months_followed,5,0.01
mel_type,5,0.01
progressed,5,0.01
months_to_progression,5,0.01
dead,5,0.01
antibio_flag_6mo,5,0.01
al_sat_meth,4,0.01
al_sat,4,0.01
heavy_metals,4,0.01
tot_n_meth,4,0.01
mean_annual_and_seasonal_precipitation,4,0.01
history_previous_land_use,4,0.01
location_of_surgery,4,0.01
clostridiodides_diff_infection_in_past,4,0.01
specific_antibiotics,4,0.01
opiates,4,0.01
pseudonym,4,0.01
gastrointestinal_diesease_in_past,4,0.01
neurological_psychiatric_disease_in_past,4,0.01
nafld_in_past,4,0.01
other_liver_disease_in_past,4,0.01
fistula,4,0.01
insuline,4,0.01
time_of_pancreatic_surgery,4,0.01
cancer_in_past,4,0.01
clinically_relevant_fistula,4,0.01
autism_in_past,4,0.01
fistula_treatment,4,0.01
hiv_in_past,4,0.01
nsar,4,0.01
antidepressant,4,0.01
painkiller,4,0.01
type_of_fistula,4,0.01
number_of_days_between_enrollment_and_pancreatic_surgery,4,0.01
liver_diasease_in_past,4,0.01
surgery_in_past,4,0.01
type_of_pancreatic_surgery,4,0.01
presence_and_type_of_narrowings_right_colon,4,0.01
presence_and_size_of_ulcers_sescd_transverse,4,0.01
extent_of_ulcerated_surface_right_colon,4,0.01
presence_and_size_of_ulcers_ses_cd_right_colon,4,0.01
extent_of_affected_surface_right_colon,4,0.01
extent_of_affected_surface_transverse_colon,4,0.01
extent_of_ulcerated_surface_transverse_colon,4,0.01
presence_and_type_of_narrowings_transverse,4,0.01
pooled_participantid,4,0.01
known_pathogenicity,4,0.01
nafld,4,0.01
total_quantity_dis,4,0.01
days_since_last_use_amp,4,0.01
days_since_last_use_her,4,0.01
days_since_last_use_inh,4,0.01
days_since_last_use_oth,4,0.01
days_since_last_use_dis,4,0.01
days_since_last_use_oop,4,0.01
age_of_first_use_ant,4,0.01
sample_derived_from,4,0.01
water_temperature,4,0.01
built_environment_environmental_package,4,0.01
molecule,4,0.01
flap,4,0.01
implant,4,0.01
relevant_standard_operating_procedures,4,0.01
tidal_stage_information,4,0.01
sea_surface_temperature_method,4,0.01
sea_surface_temperature,4,0.01
person_swabbing_filtering,4,0.01
temp_c_do2_meter,4,0.01
chem_sampling_person,4,0.01
mean_tetracycline,4,0.01
temp_c_ph_meter,4,0.01
days_post_exposure_start,4,0.01
date_dna_extraction,4,0.01
daily_weight_gain_g,4,0.01
mean_trimethoprim,4,0.01
alkalinity_dkh,4,0.01
ammonia_nh3_nh4_mg_l,4,0.01
nitrate_no3_ppm,4,0.01
fork_length_cm,4,0.01
target_tetracycline_g_l,4,0.01
avg_temp_c,4,0.01
temp_c_cond_meter,4,0.01
mean_clarithromycin,4,0.01
target_trimethoprim_g_l,4,0.01
plate_no,4,0.01
mean_sulphamethoxazole,4,0.01
pit_tag_num,4,0.01
mean_desethylene_ciprofloxacin,4,0.01
do2_mg_l,4,0.01
conductivity_us_cm,4,0.01
plate_no_sam_l_dpl4,4,0.01
do2_perc,4,0.01
mean_ciprofloxacin,4,0.01
mean_desmethyl_clarithromycin,4,0.01
daily_length_gain_cm,4,0.01
nitrite_no2_ppm,4,0.01
target_clarithromycin_g_l,4,0.01
target_ciprofloxacin_g_l,4,0.01
secs_post_exposure_start,4,0.01
target_sulphamethoxazole_g_l,4,0.01
filter_pore_size,4,0.01
sample_device,4,0.01
toc_ppm,4,0.01
anaerobic_bioreactor,4,0.01
human_skin_environmental_package,4,0.01
orig_name,4,0.01
linker,4,0.01
soil_moisture1,4,0.01
soil_salinity3,4,0.01
soil_salinity2,4,0.01
resp_ave,4,0.01
soil_temp1,4,0.01
soil_moisture2,4,0.01
soil_salinity1,4,0.01
soil_temp3,4,0.01
respiration1,4,0.01
soil_temp2,4,0.01
soil_moisture3,4,0.01
soil_salinity_ave,4,0.01
respiration2,4,0.01
relative_humidity,4,0.01
soil_moisture_ave,4,0.01
soil_temp_ave,4,0.01
ammonium_mg_per_l,4,0.01
harvest_time_days,4,0.01
harvest_event,4,0.01
transect_info,4,0.01
salinity_1soil_5water_decisiemens_per_m,4,0.01
reef_name,4,0.01
local_colony_name,4,0.01
age_diagnosis,4,0.01
eunis_habitat,4,0.01
total_nitrogen,4,0.01
fermented_consumed_other,4,0.01
fermented_consumed,4,0.01
fermented_produce_personal_other,4,0.01
fermented_produce_personal,4,0.01
fermented_produce_commercial,4,0.01
humans_free_text,4,0.01
food_special,4,0.01
pets_other_freetext,4,0.01
all_flow_cells_5min_avg_units,4,0.01
live_qpcr_cellsperul_avg_units,4,0.01
all_qpcr_cells_5min_avg_units,4,0.01
all_qpcr_cellsperul_avg_units,4,0.01
toothbrush_type,4,0.01
live_qpcr_cellsperul_avg,4,0.01
all_flow_cellsperul_avg,4,0.01
live_flow_cells_5min_avg_units,4,0.01
all_qpcr_cellsperul_avg,4,0.01
live_flow_cells_5min_avg,4,0.01
timepoint_units,4,0.01
live_qpcr_cells_5min_avg_units,4,0.01
all_flow_cells_5min_avg,4,0.01
all_flow_cellsperul_avg_units,4,0.01
live_qpcr_cells_5min_avg,4,0.01
live_flow_cellsperul_avg_units,4,0.01
all_qpcr_cells_5min_avg,4,0.01
live_flow_cellsperul_avg,4,0.01
olm_location_index,4,0.01
keep_data,4,0.01
cdr,4,0.01
eday,4,0.01
slc6a4_mrna_dr,4,0.01
treatment_asd,4,0.01
eday_treatment_cdr,4,0.01
tph2_mrna_dr,4,0.01
eday_treatment,4,0.01
alltreatment,4,0.01
experimenter,4,0.01
treatment_cdr,4,0.01
lit,4,0.01
exer,4,0.01
ferm,4,0.01
ferm_freq,4,0.01
ygrt_freq,4,0.01
exer_freq,4,0.01
brush,4,0.01
hle,4,0.01
soda,4,0.01
hlth_tim,4,0.01
mlkt,4,0.01
sick_loc2,4,0.01
drk,4,0.01
parasite,4,0.01
brush_freq,4,0.01
smok,4,0.01
kit_loc,4,0.01
toba,4,0.01
fuel,4,0.01
trad_med,4,0.01
gra,4,0.01
med,4,0.01
alco,4,0.01
toi,4,0.01
noc,4,0.01
sick2,4,0.01
food,4,0.01
scar,4,0.01
ygrt,4,0.01
milk,4,0.01
sisnu,4,0.01
discharge_weight,4,0.01
rop_zone,4,0.01
older_siblings,4,0.01
bottle_feeding_started,4,0.01
gestation_age_at_birth,4,0.01
maternal_complication_bacterial_vaginosis,4,0.01
history_of_smoking_in_household,4,0.01
soy,4,0.01
maternal_complication_short_cervix,4,0.01
maternal_age,4,0.01
maternal_complication_iugr,4,0.01
type_of_milk,4,0.01
birth_weight_units,4,0.01
maternal_complication_marijuana_use,4,0.01
infant_steroid,4,0.01
duration_of_hospitalization,4,0.01
infant_antifungal,4,0.01
apgar_at_15_min,4,0.01
maternal_complication_hypothyroidism,4,0.01
simplified_moms_allergies,4,0.01
maternal_complication_diabetes,4,0.01
maternal_complication_cervical,4,0.01
maternal_complication_anhydramnios,4,0.01
birth_head_circumference_cm,4,0.01
gestation_age_at_birth_units,4,0.01
discharge_length,4,0.01
birth_length_units,4,0.01
maternal_complication_twin,4,0.01
duration_of_rom_units,4,0.01
gestation_age_at_birth_weeks,4,0.01
older_siblings_at_home,4,0.01
egg,4,0.01
maternal_complication_gbs_bacteriuria,4,0.01
ga_at_discharge_or_transfer,4,0.01
abx_during_delivery,4,0.01
discharge_head_circumference_cm,4,0.01
g_tube,4,0.01
sip,4,0.01
maternal_complication_vasa_previa,4,0.01
maternal_complication_hypertension,4,0.01
pda_require_tx,4,0.01
other_abx_during_pregnancy,4,0.01
dol_non_nutritive_sucking,4,0.01
mom_allergies,4,0.01
tree_nuts,4,0.01
maternal_complication_scleroderma,4,0.01
respiratory_support,4,0.01
time_before_frozen_days,4,0.01
maternal_complication_pre_e_with_severe_features,4,0.01
rop_stage,4,0.01
maternal_age_years,4,0.01
maternal_complication_placenta_accreta,4,0.01
time_before_frozen,4,0.01
maternal_complication_ivf_pregnancy,4,0.01
maternal_complication_preeclampsia,4,0.01
feeding_regiment_at_collection,4,0.01
planning_to_breastfeed,4,0.01
home_feeding_regiment,4,0.01
cows_milk_or_dairy,4,0.01
shrimp,4,0.01
breastfeeding_started,4,0.01
duration_of_rom_days,4,0.01
pets,4,0.01
infant_abx,4,0.01
maternal_complication_preterm_labor,4,0.01
peanut,4,0.01
birth_head_circumference_units,4,0.01
mat,4,0.01
ca,4,0.01
soil_depth_cm,4,0.01
cover,4,0.01
type_sequence,4,0.01
orientation,4,0.01
domestic_pet_s,4,0.01
toothpaste_brand,4,0.01
cavities,4,0.01
nonantibiotic_oral_medications,4,0.01
floss_frequency,4,0.01
current_dental_devices,4,0.01
toothbrush_storage_location,4,0.01
window_open_frequency,4,0.01
mouthwash_frequency,4,0.01
coffee_consumption,4,0.01
nearby_toothbrush,4,0.01
toothbrush_age,4,0.01
bathroom_window,4,0.01
oral_infections,4,0.01
brushing_teeth_frequency,4,0.01
dietary_restrictions,4,0.01
missing_teeth,4,0.01
adenoids_or_tonsils_removed,4,0.01
ammonium_um,4,0.01
region_sampled,4,0.01
grow_or_finish,4,0.01
metagenome_type,4,0.01
host_treatment_start,4,0.01
host_treatment_dosage,4,0.01
sccai,4,0.01
week_subject,4,0.01
vendor,4,0.01
administration_route,4,0.01
treatment_cycle,4,0.01
experiment_collection_date,4,0.01
experimental_time_period,4,0.01
mean_peak_frict_vel,4,0.01
alkyl_diethers,4,0.01
diether_lipids,4,0.01
water_current,4,0.01
bac_resp,4,0.01
phosplipid_fatt_acid,4,0.01
primary_prod,4,0.01
glucosidase_act,4,0.01
mean_frict_vel,4,0.01
aminopept_act,4,0.01
org_nitro,4,0.01
phaeopigments,4,0.01
photon_flux,4,0.01
bishomohopanol,4,0.01
bac_prod,4,0.01
tot_inorg_nitro,4,0.01
patient_timepoint,4,0.01
read_unpaired,4,0.01
shannon_genus,4,0.01
casestatus,4,0.01
originalid,4,0.01
cosmosfilename,4,0.01
shannon_species,4,0.01
foxcavnumber,4,0.01
pairnumber,4,0.01
lib_size,4,0.01
fastaid,4,0.01
quality,4,0.01
discrip,4,0.01
alanine,4,0.01
tyrosine,4,0.01
adt_duration,4,0.01
exp_day,4,0.01
disease_stage,4,0.01
intervention_groups,4,0.01
porosity,4,0.01
ectoparasite,4,0.01
sample_dummy_identifier,4,0.01
sample_name2,4,0.01
env_feature_italian,4,0.01
bacteria_carb_prod_ng_c_g_dm_1_h_1,4,0.01
bacterial_abundance,4,0.01
chlorophyll_a_ug_g_dm_1,4,0.01
variable,4,0.01
rind_type,4,0.01
milk_treatment,4,0.01
water_activity,4,0.01
total_aerobic_count_log_cfu_g,4,0.01
country_of_origin,4,0.01
nafld_grade,4,0.01
mat_diagngdm,4,0.01
mat_pregravbmigrp,4,0.01
maternalage_birth,4,0.01
impgt_rand_140,4,0.01
matabx_b4gdm,4,0.01
edema_volume_t2_mm_3_dl,4,0.01
infarct_volume_dti_dwi_mm_3_dl,4,0.01
perfusion_mean_ml_g_min,4,0.01
replica,4,0.01
library_number,4,0.01
isolate_name_alias,4,0.01
localization,4,0.01
sample_names,4,0.01
idd,4,0.01
animal_diet,4,0.01
sequencing_target,4,0.01
studyvisit,4,0.01
unique,4,0.01
primary_tumor,4,0.01
study_participant,4,0.01
associated_negative_control,4,0.01
milk_drink,4,0.01
htot_bmd_g_cm2,4,0.01
cheese_eat,4,0.01
alcohol_drinking,4,0.01
yogurt_eat,4,0.01
fracture,4,0.01
smoke,4,0.01
exercise_regular,4,0.01
koji_substrate,4,0.01
spores,4,0.01
fermentation,4,0.01
day_of_expt,4,0.01
crop_name,4,0.01
sample_depth,4,0.01
env_fine_scale,4,0.01
sample_rename,4,0.01
growth_media_type,4,0.01
biorep,4,0.01
concentration,4,0.01
chemical,4,0.01
study_identification,4,0.01
subject_name,4,0.01
dna_concentration_ng_l,4,0.01
admission_number,4,0.01
meta_identifier,4,0.01
seq,4,0.01
site_watershed,4,0.01
host_age_years,4,0.01
subgroup,4,0.01
qpcr_ct,4,0.01
initial_diagnostic_result,4,0.01
medium,4,0.01
mucus_source,4,0.01
bacteria_source,4,0.01
anti_inflammatories_non_nsaid,4,0.01
cancer_meds,4,0.01
thyroid_meds,4,0.01
estrogen,4,0.01
iron_specific_supplement,4,0.01
caffeinated_soda,4,0.01
indigestion_meds,4,0.01
diagnosis_by_ibd_type,4,0.01
cholesterol_meds,4,0.01
other_pd_meds,4,0.01
age_of_pd_diagnosis,4,0.01
age_started_drinking,4,0.01
religious_lineage,4,0.01
caffeinated_coffee,4,0.01
taking_probiotics,4,0.01
carbidopa_levodopa,4,0.01
endocrine_conditions,4,0.01
bone_joint_conditions,4,0.01
gastrointestinal_conditions,4,0.01
sleep_aids,4,0.01
updrs,4,0.01
asthma_copd_meds,4,0.01
nsaids,4,0.01
total_caffeine_intake,4,0.01
ethnic_origins,4,0.01
still_drinking,4,0.01
cancer_type,4,0.01
depression_anxiety_meds,4,0.01
hematologic_conditions,4,0.01
diabetes_meds,4,0.01
moca_scores,4,0.01
skin_conditions,4,0.01
total_read_count,4,0.01
blood_pressure_meds,4,0.01
head_injuries,4,0.01
modified_schwab_and_england_activities_of_daily_living_scale,4,0.01
caffeinated_tea,4,0.01
head_injury,4,0.01
anti_tnf_meds,4,0.01
order_of_core_piece,4,0.01
lettuce_type,4,0.01
monarch_presence,4,0.01
distinguising_chracteristic,4,0.01
reactor_colon,4,0.01
origin_of_food,4,0.01
sample_ids_in_pool,4,0.01
food_processing_method,4,0.01
bop,4,0.01
number_reads,4,0.01
toothbrush,4,0.01
gingival_index,4,0.01
calculus_index,4,0.01
number_bases,4,0.01
sand_meth,4,0.01
ph_solid_h2o,4,0.01
sulphur_meth,4,0.01
nitrate_nitrogen_meth,4,0.01
potassium_colwell_meth,4,0.01
boron_hot_cacl2_meth,4,0.01
conductivity_meth,4,0.01
dtpa_copper_meth,4,0.01
gravel,4,0.01
dtpa_iron_meth,4,0.01
coarse_sand,4,0.01
ph_solid_h2o_meth,4,0.01
exc_aluminium_meth,4,0.01
organic_carbon_meth,4,0.01
gravel_meth,4,0.01
silt_meth,4,0.01
exc_potassium_meth,4,0.01
phosphorus_colwell_meth,4,0.01
exc_calcium_meth,4,0.01
exc_magnesium_meth,4,0.01
exc_sodium_meth,4,0.01
fine_sand_meth,4,0.01
ammonium_nitrogen_wt_meth,4,0.01
clay_meth,4,0.01
ammonium_nitrogen_wt,4,0.01
dtpa_zinc_meth,4,0.01
coarse_sand_meth,4,0.01
clay,4,0.01
silt,4,0.01
fine_sand,4,0.01
dtpa_manganese_meth,4,0.01
beizhu,4,0.01
rat_group,4,0.01
is_mock_community_or_pos_control,4,0.01
modified_or_experimental,4,0.01
is_isolate,4,0.01
is_blank_neg_control,4,0.01
a,4,0.01
grazing_treatment,4,0.01
land_type,4,0.01
plant_or_barn,4,0.01
specie,4,0.01
cheese_production,4,0.01
surface_type,4,0.01
processing,4,0.01
menstru3,4,0.01
menstru1,4,0.01
nugnet_score,4,0.01
ph_glove,4,0.01
vag_odor,4,0.01
menstru2,4,0.01
vag_irr,4,0.01
vag_itch,4,0.01
tot_nitro_cont_meth,4,0.01
food_additive,4,0.01
part_plant_animal,4,0.01
food_ingredient,4,0.01
ferm_ph,4,0.01
ferm_vessel,4,0.01
subject_treatment,4,0.01
distance_from_fairy_ring,4,0.01
depth_range_of_core_in_cm,4,0.01
unique_name,4,0.01
decontaminated_hg37dec_v0_1_pair1,4,0.01
final_orphan1,4,0.01
final_orphan2,4,0.01
decontaminated_hg37dec_v0_1_pair2,4,0.01
trimmed_pair2,4,0.01
final_pair1,4,0.01
raw_pair2,4,0.01
decontaminated_hg37dec_v0_1_orphan1,4,0.01
trimmed_orphan1,4,0.01
decontaminated_hg37dec_v0_1_orphan2,4,0.01
trimmed_orphan2,4,0.01
fmt_batch,4,0.01
trimmed_pair1,4,0.01
final_pair2,4,0.01
raw_pair1,4,0.01
feeding_group,4,0.01
fertilizer_regm,4,0.01
stype_plot_338,4,0.01
fraction_density_g_ml,4,0.01
isotope_label,4,0.01
same_name,4,0.01
igapos_bacteria,4,0.01
wasting_factor,4,0.01
repelicate,4,0.01
hostid,4,0.01
season_of_birth,4,0.01
age_of_mother,4,0.01
statification,4,0.01
collectiondate,4,0.01
sample_prefix,4,0.01
col_type,4,0.01
days_off_hrze,4,0.01
days_on_hrze,4,0.01
published_name,4,0.01
randomization,4,0.01
average_sequence_length,4,0.01
gc_content,4,0.01
feedingage,4,0.01
what_for_when,4,0.01
months_breastfed,4,0.01
cotrimoxazole,4,0.01
amoxycillin,4,0.01
chemostat,4,0.01
sample_discriminant,4,0.01
extreme_salinity,3,0.01
bacteria_function,3,0.01
total_organic_c_method,3,0.01
nh3,3,0.01
no3,3,0.01
do,3,0.01
hrt,3,0.01
flow_psw,3,0.01
day_reactor_operation,3,0.01
no2,3,0.01
flow_centrate,3,0.01
crp_mg_dl,3,0.01
time_collected,3,0.01
comment1,3,0.01
percent_fmt_expelled,3,0.01
smaple_alisa,3,0.01
rooting_medium_ph,3,0.01
depth_cmbsf,3,0.01
microenvironment,3,0.01
crop,3,0.01
chlorophyll_method,3,0.01
sea_subsurface_temperature,3,0.01
subsurface_salinity_method,3,0.01
subsurface_salinity,3,0.01
sea_subsurface_temperature_method,3,0.01
salinity_method,3,0.01
chlorophylla_ngml,3,0.01
tp_um,3,0.01
extra,3,0.01
chloride_mgl,3,0.01
tdn_mgnl,3,0.01
diss_org_carb_mgcl,3,0.01
soluble_react_phosp_um,3,0.01
magnesium_ppm,3,0.01
potassium_ppm,3,0.01
calcium_ppm,3,0.01
read_1_adapter,3,0.01
index_2,3,0.01
cooling_tower,3,0.01
index_1,3,0.01
read_2_adapter,3,0.01
tower_status,3,0.01
index_1_sequence,3,0.01
index_2_sequence,3,0.01
fluorescence,3,0.01
13910genotype,3,0.01
capturestatus,3,0.01
total_phosphorus,3,0.01
history_agrochemical_additions,3,0.01
sample_info_free_text,3,0.01
host_substrate,3,0.01
hole,3,0.01
leg,3,0.01
sample_amount_extracted_grams,3,0.01
n_macroalgal_contacts,3,0.01
tissue_compartment,3,0.01
colony_width2,3,0.01
coral_color,3,0.01
host_common_name_provided,3,0.01
colony_height_m,3,0.01
dominant_cover_2m,3,0.01
colony_width1,3,0.01
history_extreme_events,3,0.01
covid_symptoms_other,3,0.01
arrayexpress_strain_or_line,3,0.01
mil17_in_pg_per_ml,3,0.01
mtnfa_in_pg_per_ml,3,0.01
mifng_in_pg_per_ml,3,0.01
mil2_in_pg_per_ml,3,0.01
mil6_in_pg_per_ml,3,0.01
mil12p79_in_pg_per_ml,3,0.01
mil1b_in_pg_per_ml,3,0.01
mil10_in_pg_per_ml,3,0.01
t1d_time_from_dx_units,3,0.01
t1d_time_from_dx,3,0.01
total_daily_insulin,3,0.01
md5,3,0.01
ivh,3,0.01
mock_alias,3,0.01
sick,3,0.01
liver_weight,3,0.01
run_stem,3,0.01
treatment_two,3,0.01
treatment_one,3,0.01
hepatic_tg,3,0.01
surger_bw,3,0.01
flow_count,3,0.01
molecular_data_type,3,0.01
analyte_type,3,0.01
study_name,3,0.01
submitter_handle,3,0.01
biospecimen_repository,3,0.01
subject_is_affected,3,0.01
phs,3,0.01
death_date,3,0.01
set,3,0.01
study_phase,3,0.01
diet_order,3,0.01
remarks,3,0.01
growth_media,3,0.01
extra_treatment,3,0.01
component_organism,3,0.01
evolution_line,3,0.01
geographic_location_latitude_and_longitude,3,0.01
site_characteristic,3,0.01
endo_remission,3,0.01
extent,3,0.01
water_depth,3,0.01
activedisease,3,0.01
fmt_method,3,0.01
sample_size_range,3,0.01
spayed,3,0.01
birthday_month,3,0.01
overall_health,3,0.01
enrollment_month,3,0.01
activity_multiplier,3,0.01
pco1,3,0.01
activity_level,3,0.01
ideal_weight,3,0.01
weight_ratio,3,0.01
defecation_frequency,3,0.01
birthday_year,3,0.01
food_motivation,3,0.01
enrollment_year,3,0.01
coat_condition,3,0.01
flatulence_frequency,3,0.01
bristol_chart,3,0.01
prestudy_weight,3,0.01
salinity_refractometer,3,0.01
nitrite_microm,3,0.01
nitrate_microm,3,0.01
silicate_microm,3,0.01
nitrate_nitrite_microm,3,0.01
phosphate_microm,3,0.01
lat_sp_dd,3,0.01
gl_name,3,0.01
lon_sn_dd,3,0.01
mean_el_m,3,0.01
ele_sp_m,3,0.01
ph_ph,3,0.01
lon_sp_dd,3,0.01
gl_sa_km2,3,0.01
ele_sn_m,3,0.01
time_hh_mm,3,0.01
abl_asp,3,0.01
max_el_m,3,0.01
gl_cov,3,0.01
gl_a_km2,3,0.01
sn_sp_dist_m,3,0.01
rgi_v6,3,0.01
rdna_boolean,3,0.01
sn_sp_ele_m,3,0.01
water_temp_c,3,0.01
lat_sn_dd,3,0.01
sample_bmi,3,0.01
total_carbon_ug,3,0.01
chlorophyll_a_ugl,3,0.01
total_nitrogen_ug,3,0.01
copd,3,0.01
former_smoker,3,0.01
cci,3,0.01
male,3,0.01
asthma,3,0.01
osa,3,0.01
current_smoker,3,0.01
both_kept,3,0.01
study_group_simple,3,0.01
input,3,0.01
management_practice,3,0.01
preparation_type,3,0.01
seq_platform_used,3,0.01
pre_treatment_disease_stage,3,0.01
immunotherapy_drug,3,0.01
study_clin_response,3,0.01
pre_alc,3,0.01
pre_aec,3,0.01
ppi_use_at_time_of_collection,3,0.01
alc_3m,3,0.01
abc_3m,3,0.01
ldh_ratio_dichot,3,0.01
pre_anc,3,0.01
overall_survival_days,3,0.01
most_severe_irae_description2,3,0.01
pre_abc,3,0.01
bisphosphonate_use,3,0.01
first_irae_grade,3,0.01
h2ra_drug,3,0.01
metabolic_regulators,3,0.01
most_severe_irae_description,3,0.01
nlr_3m,3,0.01
clin_response_3_mth,3,0.01
ifn_use,3,0.01
treatment_response_3_mth,3,0.01
time_from_treatment_to_first_grade_1_4_irae,3,0.01
overall_survival_days_sam_l_dpl443,3,0.01
h2ra_ppi_use,3,0.01
grades_3_4_irae_description,3,0.01
pre_amc,3,0.01
time_from_treatment_to_first_grade_3_4_irae,3,0.01
ppi_use_at_any_time_prior_to_collection,3,0.01
ppi_drug,3,0.01
pfs_days,3,0.01
pre_twc,3,0.01
progression_event,3,0.01
time_from_treatment_to_first_grade_1_2_irae,3,0.01
twc_3m,3,0.01
influenza_vaccine,3,0.01
grades_1to2_irae_dichot,3,0.01
days_on_treatment,3,0.01
amc_3m,3,0.01
first_irae,3,0.01
second_irae_grade_if_second_grade_is_different_than_first,3,0.01
abx_use,3,0.01
prev_systemic_therapy_dichot,3,0.01
grade_2_irae_description,3,0.01
h2ra_use,3,0.01
grade_1_irae_description,3,0.01
antiacid,3,0.01
psychotropics,3,0.01
death_event,3,0.01
pre_nlr,3,0.01
ppi_drug_at_any_time,3,0.01
supplements,3,0.01
second_irae_if_second_grade_is_different_than_first,3,0.01
ldh_ratio,3,0.01
ldh_uln,3,0.01
grades_1to4_irae_dichot,3,0.01
grade_3_4_irae_dichot,3,0.01
most_severe_irae,3,0.01
aec_3m,3,0.01
anc_3m,3,0.01
motherdaughter,3,0.01
familyid,3,0.01
voucher_specimen,3,0.01
crop_content,3,0.01
exposure_treatment,3,0.01
samp_volume,3,0.01
candida,3,0.01
source_organism,3,0.01
menarche,3,0.01
sexual_act,3,0.01
dispersant,3,0.01
sample_or_replica,3,0.01
disease_farm,3,0.01
sow,3,0.01
piglet,3,0.01
case_litter,3,0.01
maternity_room,3,0.01
age_detail,3,0.01
case_animal,3,0.01
pathogen_spike_in_level,3,0.01
gdna_extraction_kit,3,0.01
fecalph,3,0.01
drymatter,3,0.01
iga,3,0.01
fecalscore,3,0.01
39_12386_n_120_79587_w,3,0.01
260_280,3,0.01
parcel,3,0.01
260_230,3,0.01
lifestock_units,3,0.01
farming_system,3,0.01
dna_ng_per_ul,3,0.01
sample_treatment,3,0.01
dmft_index,3,0.01
viruses,3,0.01
startcluster,3,0.01
arg_input_reads,3,0.01
microgram_dna_per_g_stool,3,0.01
other_eukaroyta_reads,3,0.01
total_reads_per_dna_library,3,0.01
ng_dna_per_g_stool,3,0.01
human,3,0.01
fungi,3,0.01
bacteria_reads,3,0.01
patid,3,0.01
plants,3,0.01
arg_reads,3,0.01
eukaryota_reads,3,0.01
total_reads,3,0.01
archae_reads,3,0.01
othereukaryota,3,0.01
detected_genera,3,0.01
arg_reads_per_10000_reads,3,0.01
unclassified_reads,3,0.01
microbiome,3,0.01
unclassified,3,0.01
timephase,3,0.01
fungi_reads,3,0.01
chordata_reads,3,0.01
archaea,3,0.01
microbial_reads,3,0.01
classified_reads,3,0.01
median_read_length,3,0.01
plantae_reads,3,0.01
timephase_and_cluster,3,0.01
dna_library_ng,3,0.01
viruses_reads,3,0.01
timepoint_treatment_replicate,3,0.01
geolocation,3,0.01
total_of_reads,3,0.01
borough,3,0.01
sequencer,3,0.01
object_swabbed,3,0.01
depth_feet_ft,3,0.01
object_category,3,0.01
day_sampled_from_hct,3,0.01
r2_file,3,0.01
participant_sample_number,3,0.01
day_of_neutrophil_recovery,3,0.01
r1_file,3,0.01
exp_period,3,0.01
exp_treatment,3,0.01
exp_cattleid,3,0.01
replicate_attribute,3,0.01
chickenid,3,0.01
sequencing_type,3,0.01
culture_name,3,0.01
dehosting_method,3,0.01
treat_year,3,0.01
bird_num,3,0.01
denv_infection,3,0.01
number_sample,3,0.01
sampling_location,3,0.01
day_collect,3,0.01
sampling_time_days,3,0.01
chemostat_inoculum,3,0.01
operation_day_collected,3,0.01
hei_2015_component_4_whole_fruit_0_5,3,0.01
behaviour,3,0.01
mufa_16_1_palmitoleic_acid,3,0.01
vegetable_juice,3,0.01
refined_grains_ounce_equivalents,3,0.01
unsweetened_water,3,0.01
solid_fats,3,0.01
salad_dressing_regular,3,0.01
sea_food_and_plant_protein_servings_in_ounce_equivalents_per_1000_kcal,3,0.01
other_diseases,3,0.01
grains_flour_and_dry_mixes_whole_grain,3,0.01
user_nutrient_3,3,0.01
total_fruit_servings_in_cup_equivalents,3,0.01
syrup_honey_jam_jelly_preserves,3,0.01
proline,3,0.01
aspartame,3,0.01
perc_calories_from_fat,3,0.01
tagatose,3,0.01
baby_food_grain_mixtures_refined_grain,3,0.01
energy_kilojoules,3,0.01
other_vegetables,3,0.01
ready_to_eat_cereal_presweetened_refined_grain,3,0.01
synthetic_alpha_tocopherol_all_rac_alpha_tocopherol_or_dl_alpha_tocopherol,3,0.01
isomalt,3,0.01
grains_flour_and_dry_mixes_some_whole_grain,3,0.01
cold_cuts_and_sausage,3,0.01
game,3,0.01
cured_pork,3,0.01
perc_calories_from_pufa,3,0.01
bmi_category_who,3,0.01
butter_and_other_animal_fats_regular,3,0.01
hispanic_or_latino_descent,3,0.01
pudding_and_other_dairy_dessert,3,0.01
riboflavin_vitamin_b2,3,0.01
coumestrol,3,0.01
general_health_status,3,0.01
deep_yellow_vegetables,3,0.01
miscarriages_or_abortions,3,0.01
non_alcoholic_light_beer,3,0.01
acesulfame_potassium,3,0.01
mufa_22_1_erucic_acid,3,0.01
lamb,3,0.01
user_nutrient_9,3,0.01
citrus_juice,3,0.01
cakes_cookies_pies_pastries_danish_doughnuts_and_cobblers_whole_grain,3,0.01
psoriasis,3,0.01
alcohol_but_not_during_pregnancy,3,0.01
nondairy_based_artificially_sweetened_meal_replacement_supplement,3,0.01
margarine_reduced_fat,3,0.01
cakes_cookies_pies_pastries_danish_doughnuts_and_cobblers_some_whole_grai,3,0.01
tryptophan,3,0.01
artificially_sweetened_tea,3,0.01
sorbitol,3,0.01
study_arm_y,3,0.01
prenatal_vitamins,3,0.01
hei_2010_component_10_sodium_0_10,3,0.01
beta_tocopherol,3,0.01
cordial_and_liqueur,3,0.01
do_you_have_constipation,3,0.01
cla_cis_9_trans_11,3,0.01
isoleucine,3,0.01
avocado_and_similar,3,0.01
cystine,3,0.01
mufa_14_1_myristoleic_acid,3,0.01
yogurt_sweetened_low_fat,3,0.01
snack_chips_some_whole_grain,3,0.01
hei_2015_component_2_greens_and_beans_0_5,3,0.01
sauces_sweet_regular,3,0.01
hei_2015_component_7_total_protein_foods_0_5,3,0.01
fresh_pork,3,0.01
pufa_22_5_docosapentaenoic_acid_dpa,3,0.01
perianal_disease,3,0.01
high_blood_pressure,3,0.01
user_nutrient_5,3,0.01
legumes_cooked_dried_beans,3,0.01
hei_2015_total_score,3,0.01
trans_18_1_trans_octadecenoic_acid,3,0.01
special_diets,3,0.01
beer_and_ales,3,0.01
miscellaneous_baby_food_mixtures,3,0.01
sugar_substitute,3,0.01
refined_grains_in_ounce_equivalents_per_1000_kcal,3,0.01
beta_carotene_equivalents_derived_from_provitamin_a_carotenoids,3,0.01
baby_food_dessert,3,0.01
cream,3,0.01
glycemic_load_glucose_reference,3,0.01
added_sugars_by_total_sugars,3,0.01
perc_calories_from_carbohydrate,3,0.01
lupus,3,0.01
energy_1,3,0.01
in_vitro_fertilization,3,0.01
do_you_have_diarrhea,3,0.01
popcorn,3,0.01
cla_trans_10_cis_12,3,0.01
chronic_intestinal_disease_controls_only,3,0.01
protein_servings_in_ounce_equivalents_per_1000_kcal,3,0.01
user_nutrient_8,3,0.01
vitamin_d3_cholecalciferol,3,0.01
yogurt_nondairy,3,0.01
sucrose,3,0.01
sauces_and_condiments_reduced_fat,3,0.01
total_trans_fatty_acids_trans,3,0.01
user_nutrient_6,3,0.01
threonine,3,0.01
vitamin_e_international_units,3,0.01
pasta_some_whole_grain,3,0.01
children_have_you_given_birth_to,3,0.01
niacin_equivalents,3,0.01
other_breads_quick_breads_corn_muffins_tortillas_refined_grain,3,0.01
greens_and_beans_servings_in_cup_equivalents,3,0.01
whole_grains_ounce_equivalents,3,0.01
beta_carotene_provitamin_a_carotenoid,3,0.01
shortening,3,0.01
frozen_nondairy_dessert,3,0.01
lean_beef,3,0.01
study_id_mom,3,0.01
aspartic_acid,3,0.01
mufa_20_1_gadoleic_acid,3,0.01
percent_kcal_from_added_sugars,3,0.01
cakes_cookies_pies_pastries_danish_doughnuts_and_cobblers_refined_grain,3,0.01
sfa_20_0_arachidic_acid,3,0.01
cheese_low_fat_and_fat_free,3,0.01
frosting_or_glaze,3,0.01
lutein_zeaxanthin,3,0.01
citrus_fruit,3,0.01
fried_shellfish_commercial_entre_and_fast_food,3,0.01
glutamic_acid,3,0.01
non_chocolate_candy,3,0.01
lean_fresh_pork,3,0.01
sfa_22_0_behenic_acid,3,0.01
total_vitamin_a_activity_international_units,3,0.01
soup_broth,3,0.01
total_monounsaturated_fatty_acids_mufa,3,0.01
cheese_reduced_fat,3,0.01
glycemic_load_bread_reference,3,0.01
dairy_servings_in_cup_equivalents,3,0.01
autoimmune_disorders_not_ibd,3,0.01
sfa_16_0_palmitic_acid,3,0.01
antibiotic_currently_or_during_pregnancy,3,0.01
crackers_whole_grain,3,0.01
other_breads_quick_breads_corn_muffins_tortillas_some_whole_grain,3,0.01
milk_reduced_fat,3,0.01
galactose,3,0.01
ready_to_eat_cereal_not_presweetened_some_whole_grain,3,0.01
lean_veal,3,0.01
antibiotic_name,3,0.01
crackers_refined_grain,3,0.01
pufa_22_6_docosahexaenoic_acid_dha,3,0.01
poultry,3,0.01
pufa_18_3_n_3_alpha_linolenic_acid_ala,3,0.01
hei_2015_component_5_whole_grains_0_10,3,0.01
non_grain_flour_and_similar,3,0.01
baby_food_grain_mixtures_some_whole_grain,3,0.01
meat_alternatives,3,0.01
leucine,3,0.01
milk_low_fat_and_fat_free,3,0.01
yogurt_artificially_sweetened_fat_free,3,0.01
ibd_group_x,3,0.01
ready_to_eat_cereal_not_presweetened_refined_grain,3,0.01
formononetin,3,0.01
birthweight_pounds,3,0.01
user_nutrient_4,3,0.01
hei_2015_component_9_fatty_acid_ratio_0_10,3,0.01
artificially_sweetened_coffee,3,0.01
cream_nondairy,3,0.01
intrauterine_insemination,3,0.01
total_folate,3,0.01
sauces_sweet_reduced_fat_reduced_calorie_fat_free,3,0.01
fried_potatoes,3,0.01
gestational_age_at_enrollment_weeks,3,0.01
total_vitamin_a_activity_retinol_equivalents,3,0.01
miscellaneous_dessert,3,0.01
frozen_dairy_dessert,3,0.01
hei_2015_component_1_total_vegetables_0_5,3,0.01
copper,3,0.01
total_vegetable_servings_in_cup_equivalents,3,0.01
rheumatoid_arthritis,3,0.01
vaginalsubcst,3,0.01
dark_green_vegetables,3,0.01
ready_to_eat_cereal_not_presweetened_whole_grain,3,0.01
sweetened_flavored_milk_beverage_powder_with_non_fat_dry_milk,3,0.01
kcal_from_added_sugars,3,0.01
hypertension_pregnancy_related,3,0.01
methionine,3,0.01
dairy_servings_in_cup_equivalents_per_1000_kcal,3,0.01
yogurt_artificially_sweetened_low_fat,3,0.01
vitamin_or_supplement,3,0.01
loaf_type_bread_and_plain_rolls_some_whole_grain,3,0.01
lean_poultry,3,0.01
valine,3,0.01
inositol,3,0.01
preterm,3,0.01
alpha_carotene_provitamin_a_carotenoid,3,0.01
sweetened_coffee_substitutes,3,0.01
artificially_sweetened_pudding_and_other_dairy_dessert,3,0.01
glycine,3,0.01
sugar,3,0.01
gravy_reduced_fat_fat_free,3,0.01
sweetened_coffee,3,0.01
cream_reduced_fat,3,0.01
sucralose,3,0.01
ready_to_eat_cereal_presweetened_some_whole_grain,3,0.01
ready_to_drink_flavored_milk_low_fat_and_fat_free,3,0.01
ready_to_drink_flavored_milk_whole,3,0.01
vitamin_e_total_alpha_tocopherol,3,0.01
ready_to_eat_cereal_presweetened_whole_grain,3,0.01
synthetic_folate,3,0.01
sfa_10_0_capric_acid,3,0.01
cholesterol_to_saturated_fatty_acid_index,3,0.01
margarine_regular,3,0.01
sfa_18_0_stearic_acid,3,0.01
natural_folate,3,0.01
fried_fruits,3,0.01
lycopene,3,0.01
nondairy_based_unsweetened_meal_replacement_supplement,3,0.01
natural_alpha_tocopherol_rrr_alpha_tocopherol_or_d_alpha_tocopherol,3,0.01
current_illness_or_infection,3,0.01
starch,3,0.01
sfa_14_0_myristic_acid,3,0.01
if_other_disease_please_specify,3,0.01
choline,3,0.01
total_vitamin_a_activity_retinol_activity_equivalents,3,0.01
glycemic_index_bread_reference,3,0.01
hei_2015_component_6_dairy_0_10,3,0.01
other_breads_quick_breads_corn_muffins_tortillas_whole_grain,3,0.01
whole_grain_servings_in_ounce_equivalents_per_1000_kcal,3,0.01
erythritol,3,0.01
thiamin_vitamin_b1,3,0.01
unsweetened_soft_drinks,3,0.01
baby_food_meat_mixtures,3,0.01
available_carbohydrate,3,0.01
sfa_12_0_lauric_acid,3,0.01
mannitol,3,0.01
genistein,3,0.01
perc_calories_from_sfa,3,0.01
loaf_type_bread_and_plain_rolls_whole_grain,3,0.01
betaine,3,0.01
total_protein_servings_in_ounce_equivalents,3,0.01
fish_fresh_and_smoked,3,0.01
infant_formula_nondairy,3,0.01
vitamin_b_6_pyridoxine_pyridoxyl_pyridoxamine,3,0.01
fatty_acid_ratio,3,0.01
user_nutrient_2,3,0.01
sweetened_water,3,0.01
ibd_meds,3,0.01
current_smoking_status,3,0.01
perc_calories_from_alcohol,3,0.01
fruit_based_savory_snack,3,0.01
zinc,3,0.01
previous_surgery_for_ibd,3,0.01
pantothenic_acid,3,0.01
sauces_and_condiments_regular,3,0.01
pinitol,3,0.01
snack_bars_refined_grain,3,0.01
unsweetened_coffee,3,0.01
alcohol_during_pregnancy,3,0.01
total_grains_ounce_equivalents,3,0.01
xylitol,3,0.01
study_group_y,3,0.01
total_polyunsaturated_fatty_acids_pufa,3,0.01
biochanin_a,3,0.01
yogurt_sweetened_fat_free,3,0.01
yogurt_artificially_sweetened_whole_milk,3,0.01
non_alcoholic_beer,3,0.01
ash,3,0.01
vitamin_name,3,0.01
gestational_week_of_the_flare,3,0.01
pufa_18_3_linolenic_acid,3,0.01
baby_food_grain_mixtures_whole_grain,3,0.01
calpro_ng_mg,3,0.01
fructose,3,0.01
nondairy_based_sweetened_meal_replacement_supplement,3,0.01
lysine,3,0.01
ibd_group_y,3,0.01
sfa_8_0_caprylic_acid,3,0.01
antibiotic_currently,3,0.01
phytic_acid,3,0.01
pufa_20_4_arachidonic_acid,3,0.01
salad_dressing_reduced_fat_reduced_calorie_fat_free,3,0.01
pregnancies,3,0.01
hei_2015_component_13_saturated_fats_0_10,3,0.01
vitamin_b_12_cobalamin,3,0.01
butter_and_other_animal_fats_reduced_fat,3,0.01
artificially_sweetened_flavored_milk_beverage_powder_with_non_fat_dry_milk,3,0.01
sweetened_tea,3,0.01
mufa_18_1_oleic_acid,3,0.01
chocolate_candy,3,0.01
sweetened_soft_drinks,3,0.01
distilled_liquor,3,0.01
vegetable_based_savory_snack,3,0.01
tomato,3,0.01
hei_2015_component_3_total_fruit_0_5,3,0.01
daidzein,3,0.01
cheese_nondairy,3,0.01
lactitol,3,0.01
histidine,3,0.01
wine,3,0.01
trans_18_2_trans_octadecadienoic_acid,3,0.01
loaf_type_bread_and_plain_rolls_refined_grain,3,0.01
lean_cured_pork,3,0.01
hei_2015_component_11_refined_grains_0_10,3,0.01
egg_substitute,3,0.01
ahei_10_score_0_110,3,0.01
artificially_sweetened_flavored_milk_beverage_powder_without_non_fat_dry_milk,3,0.01
sea_food_and_plant_protein_servings_in_ounce_equivalents,3,0.01
beta_cryptoxanthin_provitamin_a_carotenoid,3,0.01
other_starchy_vegetables,3,0.01
arginine,3,0.01
vitamin_d2_ergocalciferol,3,0.01
snack_bars_whole_grain,3,0.01
total_vegetables_component_net_count_daniela,3,0.01
fried_fish_commercial_entre_and_fast_food,3,0.01
antibiotics_in_the_last_year,3,0.01
people_living_in_your_household,3,0.01
milk_whole,3,0.01
whole_fruit_servings_in_cup_equivalents_per_1000_kcal,3,0.01
glycemic_index_glucose_reference,3,0.01
whole_grain_servings_in_ounce_equivalents,3,0.01
have_you_had_any_recent_flare_ups,3,0.01
hei_2015_component_12_added_sugars_0_10,3,0.01
pasta_refined_grain,3,0.01
perc_calories_from_mufa,3,0.01
snack_bars_some_whole_grain,3,0.01
user_nutrient_10,3,0.01
vitamin_d_calciferol,3,0.01
organ_meats,3,0.01
percent_saturated_fatty_acids,3,0.01
snack_chips_whole_grain,3,0.01
user_nutrient_1,3,0.01
hei_2015_component_8_seafood_and_plant_protein_0_5,3,0.01
cd_uc_hc_diagnosis_x,3,0.01
lean_fish_fresh_and_smoked,3,0.01
total_vegetable_servings_in_cup_equivalents_per_1000_kcal,3,0.01
glycitein,3,0.01
gravy_regular,3,0.01
artificially_sweetened_coffee_substitutes,3,0.01
sweetened_fruit_drinks,3,0.01
dairy_based_sweetened_meal_replacement_supplement,3,0.01
x3_methylhistidine,3,0.01
pufa_18_2_linoleic_acid,3,0.01
sfa_17_0_margaric_acid,3,0.01
sfa_4_0_butyric_acid,3,0.01
annual_gross_household_income,3,0.01
sucrose_polyester,3,0.01
sfa_6_0_caproic_acid,3,0.01
serine,3,0.01
dairy_based_artificially_sweetened_meal_replacement_supplement,3,0.01
grains_flour_and_dry_mixes_refined_grain,3,0.01
fried_vegetables,3,0.01
nuts_and_seeds,3,0.01
cream_low_fat_and_fat_free,3,0.01
user_nutrient_7,3,0.01
cheese_full_fat,3,0.01
phosphorus,3,0.01
meat_based_savory_snack,3,0.01
whole_fruit_servings_in_cup_equivalents,3,0.01
gestational_weeks_of_antibiotics1,3,0.01
unsweetened_tea,3,0.01
pectins,3,0.01
total_grams,3,0.01
refined_grains_in_ounce_equivalents,3,0.01
lean_lamb,3,0.01
disease_location,3,0.01
oxalic_acid,3,0.01
birthweight_g,3,0.01
gamma_tocopherol,3,0.01
artificially_sweetened_fruit_drinks,3,0.01
niacin_vitamin_b3,3,0.01
maltose,3,0.01
diabetes_pregnancy_related,3,0.01
saccharin,3,0.01
non_ibd_meds,3,0.01
all_diasease_names,3,0.01
total_alpha_tocopherol_equivalents,3,0.01
fruit_excluding_citrus_fruit,3,0.01
polyunsaturated_to_saturated_fat_ratio,3,0.01
artificially_sweetened_soft_drinks,3,0.01
fried_chicken_commercial_entr_and_fast_food,3,0.01
unsweetened_coffee_substitutes,3,0.01
antibiotic_during_pregnancy,3,0.01
milk_nondairy,3,0.01
pufa_18_4_parinaric_acid,3,0.01
flavored_popcorn,3,0.01
highest_education,3,0.01
vitamin_c_ascorbic_acid,3,0.01
sweetened_flavored_milk_beverage_powder_without_non_fat_dry_milk,3,0.01
ibd_general_name,3,0.01
greens_and_beans_servings_in_cup_equivalents_per_1000_kcal,3,0.01
vaginalcst,3,0.01
manganese,3,0.01
delta_tocopherol,3,0.01
maltitol,3,0.01
retinol,3,0.01
nut_and_seed_butters,3,0.01
total_saturated_fatty_acids_sfa,3,0.01
pufa_20_5_eicosapentaenoic_acid_epa,3,0.01
ready_to_drink_flavored_milk_reduced_fat,3,0.01
hbi_score,3,0.01
total_fruit_servings_in_cup_equivalents_per_1000_kcal,3,0.01
vitamin_k_phylloquinone,3,0.01
fertility_medications,3,0.01
phenylalanine,3,0.01
pickled_foods,3,0.01
crackers_some_whole_grain,3,0.01
yogurt_sweetened_whole_milk,3,0.01
sodium_intake_in_grams_per_1000_kcal,3,0.01
recreational_drugs_during_preg,3,0.01
beef,3,0.01
snack_chips_refined_grain,3,0.01
total_conjugated_linoleic_acid_cla_18_2,3,0.01
pasta_whole_grain,3,0.01
cd_uc_hc_diagnosis_y,3,0.01
artificially_sweetened_water,3,0.01
veal,3,0.01
white_potatoes,3,0.01
sodium_intake_in_grams,3,0.01
perc_calories_from_protein,3,0.01
trans_16_1_trans_hexadecenoic_acid,3,0.01
fruit_juice_excluding_citrus_juice,3,0.01
lean_cold_cuts_and_sausage,3,0.01
dietary_folate_equivalents,3,0.01
frame,3,0.01
lineage,3,0.01
hpv_type,3,0.01
calprotectin_ug_g,3,0.01
patient_group,3,0.01
age_week,3,0.01
sampleple_title,3,0.01
day_of_experiment,3,0.01
lake_name,3,0.01
water_column,3,0.01
radiotherapy,3,0.01
caries,3,0.01
seawater_temperature,3,0.01
spiked,3,0.01
dna_qubit_ng_ul,3,0.01
forest_type,3,0.01
sample_height_cm,3,0.01
field_condition,3,0.01
elution_volume_ul,3,0.01
circumference_at_breast_height_cm,3,0.01
mouse_week_sample,3,0.01
grade,3,0.01
shortid,3,0.01
host_infraorder,3,0.01
ocean,3,0.01
terrestrial_grade,3,0.01
host_genus,3,0.01
total_nitrogen_meth,3,0.01
color_meth,3,0.01
immediate_previous_land_use,3,0.01
lep,3,0.01
donorcn,3,0.01
published_sample_name,3,0.01
final_dna_conc_ng_ul,3,0.01
prey_history,3,0.01
condition_prey_pred,3,0.01
predator_history,3,0.01
mating_type,3,0.01
days_post_dss,3,0.01
combined_descriptor,3,0.01
average_o2,3,0.01
sample_linker,3,0.01
ripening,3,0.01
enrichment_culture_type,3,0.01
colony_number,3,0.01
age_categories,3,0.01
comparison_age,3,0.01
comparison_pregnancy,3,0.01
breeding_status,3,0.01
comparison_sample_type,3,0.01
comparison_breeding_status,3,0.01
sample_content_dose_replicate,3,0.01
fixative,3,0.01
flatland_title,3,0.01
seq_name,3,0.01
food_trav_mode,3,0.01
root_med_macronutr,3,0.01
food_harvest_proc,3,0.01
soil_conductivity,3,0.01
crop_yield,3,0.01
salt_regm,3,0.01
food_trav_vehic,3,0.01
root_med_carbon,3,0.01
plant_water_method,3,0.01
water_ph,3,0.01
pesticide_regm,3,0.01
pres_animal_insect,3,0.01
farm_equip,3,0.01
anim_water_method,3,0.01
samp_collect_method,3,0.01
farm_equip_san,3,0.01
trophic_level,3,0.01
farm_water_source,3,0.01
non_mineral_nutr_regm,3,0.01
farm_equip_shared,3,0.01
root_med_ph,3,0.01
tot_carb,3,0.01
water_temp_regm,3,0.01
plant_struc,3,0.01
lot_number,3,0.01
standing_water_regm,3,0.01
water_source_shared,3,0.01
ph_regm,3,0.01
soil_depth,3,0.01
gaseous_environment,3,0.01
photosynt_activ_meth,3,0.01
soil_cover,3,0.01
photosynt_activ,3,0.01
herbicide_regm,3,0.01
solar_irradiance,3,0.01
time_of_day,3,0.01
indole_group,3,0.01
sampling_timepoint,3,0.01
message,3,0.01
ch4_um,3,0.01
noswabs,3,0.01
relhumidityavg,3,0.01
precipsnow,3,0.01
swablocation,3,0.01
surfacetype,3,0.01
templowf,3,0.01
temphighf,3,0.01
materialsurface,3,0.01
preciprain,3,0.01
baff_pg_ml,3,0.01
x6ckine_pg_ml,3,0.01
ibdmeds_biologics,3,0.01
hei2015satfats,3,0.01
granzyme_a_pg_ml,3,0.01
il_34_pg_ml,3,0.01
basicinfo_zipcode,3,0.01
il_17f_pg_ml,3,0.01
eotaxin_2_pg_ml,3,0.01
hei2015totalscore,3,0.01
wellbeing_score,3,0.01
emotional_score,3,0.01
ctack_pg_ml,3,0.01
mr4,3,0.01
il_8_pg_ml,3,0.01
april_pg_ml,3,0.01
egf_pg_ml,3,0.01
mr1,3,0.01
percent_calories_from_alcohol,3,0.01
hei2015refinedgrains,3,0.01
hei2015fattyacid,3,0.01
ahei10totalscore,3,0.01
sibdq_interpretation,3,0.01
il_18_pg_ml,3,0.01
vedolizumab,3,0.01
systemic_score,3,0.01
mcp_2_pg_ml,3,0.01
il_29_pg_ml,3,0.01
il_17a_pg_ml,3,0.01
mr2,3,0.01
simpson_boxcox,3,0.01
total_monounsaturated_fatty_acids,3,0.01
shannon_boxcox,3,0.01
i_309_pg_ml,3,0.01
percent_calories_from_sfa,3,0.01
il_16_pg_ml,3,0.01
job,3,0.01
il_11_pg_ml,3,0.01
tpo_pg_ml,3,0.01
noibd_meds,3,0.01
scd40l_pg_ml,3,0.01
percent_calories_from_pufa,3,0.01
il_15_pg_ml,3,0.01
hmgb1_pg_ml,3,0.01
percent_calories_from_protein,3,0.01
gcp_2_pg_ml,3,0.01
cxcl16_pg_ml,3,0.01
il_17e_il_25_pg_ml,3,0.01
hei2015dairy,3,0.01
percent_calories_from_carbohydrates,3,0.01
tslp_pg_ml,3,0.01
depression,3,0.01
il_9_pg_ml,3,0.01
ahei_alcohol,3,0.01
scdai_interpretation,3,0.01
pdgf_aa_pg_ml,3,0.01
lif_pg_ml,3,0.01
il_12p70_pg_ml,3,0.01
fatigue,3,0.01
mcp_4_pg_ml,3,0.01
g_csf_pg_ml,3,0.01
bca_1_pg_ml,3,0.01
il_6_pg_ml,3,0.01
hei2015wholefruit,3,0.01
il_24_pg_ml,3,0.01
ustekinumab,3,0.01
ahei_redmeats,3,0.01
sfasl_pg_ml,3,0.01
noibd_meds_bin,3,0.01
scd137_pg_ml,3,0.01
mip_3b_pg_ml,3,0.01
stool_score,3,0.01
tnfb_pg_ml,3,0.01
perforin_pg_ml,3,0.01
anxiety_interpretation,3,0.01
crp_inflammation_cat,3,0.01
corticosteroids,3,0.01
vitamins_supplements,3,0.01
hei2015greensandbeans,3,0.01
il_33_pg_ml,3,0.01
log_scdai,3,0.01
il_28a_pg_ml,3,0.01
hei2015proteinfoods,3,0.01
hei2015seafoodplantprotein,3,0.01
ifnb_pg_ml,3,0.01
il_3_pg_ml,3,0.01
mdc_pg_ml,3,0.01
il_31_pg_ml,3,0.01
fractalkine_pg_ml,3,0.01
il_22_pg_ml,3,0.01
fc_inflammation_cat,3,0.01
mip_1a_pg_ml,3,0.01
aminosalicylates,3,0.01
il_7_pg_ml,3,0.01
ifna2_pg_ml,3,0.01
vegf_a_pg_ml,3,0.01
ahei_longchainfats,3,0.01
logcrp,3,0.01
il_13_pg_ml,3,0.01
hei2015totalfruit,3,0.01
gm_csf_pg_ml,3,0.01
total_saturated_fatty_acids,3,0.01
ahei_sodium,3,0.01
social_score,3,0.01
eotaxin_pg_ml,3,0.01
groa_pg_ml,3,0.01
ibdmeds_non_biologics,3,0.01
ahei_transfats,3,0.01
il_1b_pg_ml,3,0.01
mr3,3,0.01
il_12p40_pg_ml,3,0.01
tgfa_pg_ml,3,0.01
fatigue_interpretation,3,0.01
m_csf_pg_ml,3,0.01
bowel_score,3,0.01
total_added_sugars,3,0.01
rantes_pg_ml,3,0.01
fecal_calprotectin_mg_g,3,0.01
maritalstatus,3,0.01
mip_3a_pg_ml,3,0.01
fgf_2_pg_ml,3,0.01
phq_interpretation,3,0.01
il_10_pg_ml,3,0.01
il_27_pg_ml,3,0.01
il_1a_pg_ml,3,0.01
il_20_pg_ml,3,0.01
granzyme_b_pg_ml,3,0.01
ifny_pg_ml,3,0.01
i_tac_pg_ml,3,0.01
ahei_fruits,3,0.01
mpif_1_pg_ml,3,0.01
mig_cxcl9_pg_ml,3,0.01
pain_score,3,0.01
pdgf_ab_bb_pg_ml,3,0.01
sibdq,3,0.01
hei2015vegetables,3,0.01
mcp_1_pg_ml,3,0.01
ccl28_pg_ml,3,0.01
ahei_vegetables,3,0.01
tnfa_pg_ml,3,0.01
ifnw_pg_ml,3,0.01
hei2015wholegrains,3,0.01
percent_calories_from_fat,3,0.01
ahei_pufas,3,0.01
eotaxin_3_pg_ml,3,0.01
anxiety,3,0.01
il_4_pg_ml,3,0.01
trail_pg_ml,3,0.01
ahei_sugarsweetenedbeverages_fruitjuices,3,0.01
il_21_pg_ml,3,0.01
hei2015addedsugars,3,0.01
mip_1b_pg_ml,3,0.01
scf_pg_ml,3,0.01
percent_calories_from_mufa,3,0.01
total_polyunsaturated_fatty_acids,3,0.01
aps_interpretation,3,0.01
sleep_interpretation,3,0.01
il_1ra_pg_ml,3,0.01
il_35_pg_ml,3,0.01
il_23_pg_ml,3,0.01
ahei_nutslegumes,3,0.01
ahei_wholegrains,3,0.01
sfas_ng_ml,3,0.01
il_5_pg_ml,3,0.01
sdf_1_pg_ml,3,0.01
isolation_interpretation,3,0.01
tarc_pg_ml,3,0.01
hei2015sodium,3,0.01
social_isolation,3,0.01
mip_1d_pg_ml,3,0.01
lymphotactin_pg_ml,3,0.01
ability_to_participate,3,0.01
ip_10_pg_ml,3,0.01
inmunomodulators,3,0.01
il_2_pg_ml,3,0.01
mcp_3_pg_ml,3,0.01
observed,3,0.01
log_fecal_calpro,3,0.01
flt_3l_pg_ml,3,0.01
no_of_samples,3,0.01
staging_tnm,3,0.01
target_collection_day,3,0.01
linkerprimersequence,3,0.01
reverseprimer,3,0.01
date_extracted,3,0.01
515f_forward_primer,3,0.01
forward_primer_linker,3,0.01
nutrient_plot,3,0.01
infantid,3,0.01
md5sum_file,3,0.01
md5sum_file2,3,0.01
pancreatic_insufficient,3,0.01
colistin,3,0.01
azithromycin,3,0.01
file_type,3,0.01
impaired_glucose_tolerance,3,0.01
tobramycin,3,0.01
background,3,0.01
no,3,0.01
nucleic_acid_type,3,0.01
infectious_agent,3,0.01
includes_environmental_metagenome,3,0.01
caseid,3,0.01
exacerbation_status,3,0.01
rubella,3,0.01
bcg,3,0.01
mumps,3,0.01
measles,3,0.01
polio,3,0.01
diptheria,3,0.01
gastroschisis,3,0.01
intrapartumantibiotics,3,0.01
antibioticsgivenatbirth,3,0.01
breastfeed,3,0.01
onantibiotics,3,0.01
babyage,3,0.01
ful_name,3,0.01
mxc_chamber,3,0.01
engineered_strain,3,0.01
dreived_from,3,0.01
host_age_months,3,0.01
link_addit_analys,2,0.0
genetic_line,2,0.0
farm_category,2,0.0
provider,2,0.0
history_crop_rotation,2,0.0
prior_surgery,2,0.0
zone,2,0.0
sex_of_pair,2,0.0
timepoint_number,2,0.0
medication,2,0.0
respiratory_failure_grade_3,2,0.0
autism,2,0.0
icu_admission,2,0.0
comment3,2,0.0
eus_drainage_with_lams,2,0.0
kidney_injury_akin2,2,0.0
opioid_name,2,0.0
number_of_opioid_application,2,0.0
ethic,2,0.0
mestenterial_thrombosis,2,0.0
specific_previous_week_antibiotics,2,0.0
hkt,2,0.0
acute_fluid_collection,2,0.0
etiology_drugs,2,0.0
etiology,2,0.0
leuk_10_3_ml,2,0.0
tag_mg_dl,2,0.0
non_invasive_ventilation,2,0.0
confusion_at_admission,2,0.0
length_of_hospital_stay_binned,2,0.0
center,2,0.0
crea_mg_dl,2,0.0
respiratory_failure_grade_1,2,0.0
duodenal_obstruction,2,0.0
kidney_injury_akin1,2,0.0
opioid_intake,2,0.0
diat,2,0.0
ercp_yes,2,0.0
bun_mg_dl,2,0.0
ct_or_sonographic_drainage,2,0.0
comment2,2,0.0
other_organ_failure,2,0.0
eus_drainage,2,0.0
respiratory_failure_grade_4,2,0.0
ca_mg_dl,2,0.0
respiratory_failure_grade_2,2,0.0
alcohol_units,2,0.0
hiv,2,0.0
perotinitis,2,0.0
confusion_ad_admission,2,0.0
atlanta,2,0.0
walled_off_necrosis,2,0.0
no_previous_medication,2,0.0
drainage_required,2,0.0
bisap,2,0.0
neurologic_failure,2,0.0
acute_necrotic_collection,2,0.0
time_pain_hosp,2,0.0
etiology_other,2,0.0
ercp_with_papillotomy,2,0.0
length_of_hospital_stay,2,0.0
ercp_with_stent_implantation,2,0.0
cardiovascular_failure_grade_1,2,0.0
cardiovascular_failure_grade_2,2,0.0
pseudocyst,2,0.0
ca_mmol_l,2,0.0
eus_drainage_with_pigtails,2,0.0
kidney_injury_akin3,2,0.0
comment4,2,0.0
no_food_intake_possible_for_24h,2,0.0
invasive_ventilation,2,0.0
cardiovascular_failure_grade_3,2,0.0
haps,2,0.0
cardiovascular_failure_grade_4,2,0.0
clostridioides_diff_infection_in_past,2,0.0
grade_of_stool,2,0.0
hepatic_failure,2,0.0
necrosis,2,0.0
glc_mg_dl,2,0.0
hematologic_failure,2,0.0
pm_none,2,0.0
no_complication,2,0.0
pleural_effusion,2,0.0
abdominal_pain_vas,2,0.0
infected_collection,2,0.0
specific_current_antibiotics,2,0.0
opioid_dose,2,0.0
sirs,2,0.0
mock_eu,2,0.0
bristol_type,2,0.0
katseq_number_of_cells,2,0.0
mercury_concentration,2,0.0
chemical_oxygen_demand,2,0.0
relationship_to_oxygen,2,0.0
total_carbon,2,0.0
total_nitrogen_method,2,0.0
total_soil_nitrogen,2,0.0
treatment_response,2,0.0
geodetic_system,2,0.0
454_regions,2,0.0
sequences_sequences_assembled,2,0.0
lib_type,2,0.0
sequences_sequences_predicted_genes,2,0.0
conduc_ms,2,0.0
sulfate_mgl,2,0.0
sampling_basin,2,0.0
sampling_depth,2,0.0
seq_url,2,0.0
no3_mg_per_kg_soil,2,0.0
percent_som,2,0.0
corresponding_16s_sample_title,2,0.0
sti_10m,2,0.0
tc_ppm,2,0.0
tic_ppm,2,0.0
downward_par,2,0.0
particulate_organic_carbon,2,0.0
particulate_nitrogen_total,2,0.0
dissolved_nitrogen_total,2,0.0
total_dissolved_nitrogen,2,0.0
current_vegetation,2,0.0
clinical_group,2,0.0
extractionkit_lot,2,0.0
water_lot,2,0.0
tm50_8_tool,2,0.0
processing_robot,2,0.0
tm300_8_tool,2,0.0
extraction_robot,2,0.0
mastermix_lot,2,0.0
plating,2,0.0
duplicated,2,0.0
tm1000_8_tool,2,0.0
primer_date,2,0.0
analysis_number_qiita1,2,0.0
sample_container,2,0.0
sample_content,2,0.0
sample_size_fraction_lower_threshold,2,0.0
indexing_layout,2,0.0
sample_filtration_time_min,2,0.0
event_method,2,0.0
event_comment,2,0.0
sample_size_fraction_upper_threshold,2,0.0
sample_quantity_l,2,0.0
sample_treatment_storage,2,0.0
site_description,2,0.0
nitrate_mg_per_l,2,0.0
nitrite_mg_per_l,2,0.0
soil_ctrl,2,0.0
expedition_number,2,0.0
sampling_expedition,2,0.0
physical_samp_avail_now,2,0.0
daily_replicate,2,0.0
reef_type,2,0.0
im_exposure,2,0.0
mayo_endoscopic_score,2,0.0
disease_duration,2,0.0
asa_exposure,2,0.0
tmt_label,2,0.0
current_biologic,2,0.0
endoscopy_date,2,0.0
stool_frequency,2,0.0
historic_extent,2,0.0
uceis_endoscopic_score,2,0.0
current_im,2,0.0
intact_crypts_without_erosions_or_ulcers,2,0.0
histologic_remission,2,0.0
sample_plate_mg,2,0.0
current_5asa,2,0.0
current_steroids,2,0.0
biologic_exposure,2,0.0
steroid_exposure,2,0.0
bacterial_count,2,0.0
surf_weetsuit,2,0.0
surf_loal_break_frequency,2,0.0
surf_travel_frequency,2,0.0
surf_frequency,2,0.0
surf_sunscreen,2,0.0
surf_sunscreen_frequency,2,0.0
surf_travel_distance,2,0.0
surf_wax,2,0.0
surf_local_break,2,0.0
surf_stance,2,0.0
surf_shower_frequency,2,0.0
surf_board_type,2,0.0
pm_shared_who_nutritionistdietician,2,0.0
pm_participation_reason_professional_interest_in_the_microbiome,2,0.0
pm_shared_who_posteddiscussed_on_data_sharing_platform_ie_open_humans,2,0.0
pm_participation_reason_interest_in_contributing_to_science,2,0.0
pm_shared_who,2,0.0
pm_shared_who_specialty_physician_eg_gastroenterologist,2,0.0
pm_lifestyle_change_how_change_in_alcohol_or_tobacco_use_ie_starting_stopping_or_changing_amount_consumed,2,0.0
pm_gastro_problems_frequent_more_than_once_a_week_constipation,2,0.0
pm_lifestyle_change_how_unspecified,2,0.0
pm_shared_who_family_members,2,0.0
pm_health,2,0.0
pm_lifestyle_change_how_change_in_diet_ie_taking_a_probiotic,2,0.0
pm_participation_reason_i_have_gastrointestinal_problems,2,0.0
pm_concern,2,0.0
pm_participation_reason_desire_to_improve_my_health,2,0.0
pm_shared_who_colleagues,2,0.0
pm_participation_reason_i_have_other_microbiomerelevant_health_problems,2,0.0
pm_shared_pcp_changes_what_change_in_behaviorallifestyle_recommendations_eg_start_probiotic,2,0.0
pm_shared_who_posteddiscussed_on_social_networking_site_ie_facebook,2,0.0
pm_participation_reason_people_in_my_family_or_social_network_have_done_it,2,0.0
pm_participation_reason_the_study_seemed_fun_and_entertaining,2,0.0
pm_lifestyle_change,2,0.0
pm_email,2,0.0
pm_shared_who_unspecified,2,0.0
pm_shared_pcp_changes,2,0.0
pm_recontact,2,0.0
pm_shared_who_primary_care_physician,2,0.0
pm_lifestyle_change_how_change_in_use_of_nutritional_supplements_or_vitamins,2,0.0
pm_gastro_problems_gastrointestinal_cancer,2,0.0
pm_lifestyle_change_how,2,0.0
pm_participation_reason_other,2,0.0
pm_shared_pcp_changes_what_referral_to_a_specialist_eg_gastroenterologist,2,0.0
pm_gender,2,0.0
pm_participation_reason_general_curiosityinterest_in_learning_about_my_microbiome,2,0.0
pm_shared_who_other,2,0.0
pm_shared_pcp_changes_what_other,2,0.0
pm_shared_pcp_changes_what,2,0.0
pm_shared_who_other_medical_or_health_professional,2,0.0
pm_understand_results,2,0.0
pm_participation_reason_unspecified,2,0.0
pm_experience_worth_it,2,0.0
pm_useful,2,0.0
pm_shared_pcp_changes_what_change_in_medication_ie_starting_stopping_or_changing_the_dose_of_a_prescription,2,0.0
pm_participation_reason,2,0.0
pm_shared_pcp,2,0.0
pm_education,2,0.0
pm_gastro_problems_i_have_had_surgery_on_my_intestines,2,0.0
pm_gastro_problems_unspecified,2,0.0
pm_shared_pcp_changes_what_unspecified,2,0.0
pm_shared,2,0.0
pm_age,2,0.0
pm_gastro_problems_other,2,0.0
pm_ethnicity,2,0.0
pm_name,2,0.0
pm_gastro_problems,2,0.0
pm_gastro_problems_irritable_bowel_syndrome_ibs,2,0.0
pm_gastro_problems_frequent_more_than_once_a_week_diarrhea,2,0.0
pm_lifestyle_change_how_other,2,0.0
pm_lifestyle_change_how_change_in_exercise,2,0.0
pm_shared_who_posteddiscussed_on_an_online_patienthealth_platform_ie_patientslikeme,2,0.0
pm_lifestyle_change_how_change_in_physical_environment_ie_adopting_or_getting_rid_of_a_pet_cleaning_more_or_less_often,2,0.0
pm_gastro_problems_crohns_disease_or_ulcerative_colitis,2,0.0
pm_shared_who_friends,2,0.0
pm_shared_pcp_changes_what_ordered_additional_labs_tests_or_procedures,2,0.0
niche,2,0.0
crop_rotation_1yr_since_present,2,0.0
course_sand_200_2000_m,2,0.0
silt_2_20_m,2,0.0
ph_level_h2o,2,0.0
links_to_additional_analysis,2,0.0
profile_position_base,2,0.0
fine_sand_20_200_m,2,0.0
other_comments,2,0.0
colour,2,0.0
gravel_2_0_mm,2,0.0
water_content_of_soil,2,0.0
crop_rotation_5yrs_since_present,2,0.0
history_flooding,2,0.0
crop_rotation_3yrs_since_present,2,0.0
history_fire,2,0.0
fire_intensity_if_known,2,0.0
ph_level_cacl2,2,0.0
clay_2_m,2,0.0
crop_rotation_4yrs_since_present,2,0.0
ammonium_nitrogen,2,0.0
crop_rotation_2yrs_since_present,2,0.0
other_med,2,0.0
oxford_nanopore_flowcell_type,2,0.0
oxford_nanopore_kit_type,2,0.0
basecaller_version,2,0.0
soil_compartment,2,0.0
crop_management,2,0.0
crop_growth_stage,2,0.0
soil_texture,2,0.0
day5rbs,2,0.0
d1nlr,2,0.0
current_sfs,2,0.0
day5sfs,2,0.0
trial_arm,2,0.0
day0mes,2,0.0
day3partialmayoreduction,2,0.0
day10partialmayo,2,0.0
days_since_start,2,0.0
nlr4_4,2,0.0
second_line_therapy,2,0.0
day0partial_mayo,2,0.0
hbot_session_numbers,2,0.0
day10mes,2,0.0
prior_tofacitinib,2,0.0
day3sfs,2,0.0
current_rbs,2,0.0
day3rbs,2,0.0
day0partialmayo,2,0.0
weight_for_mbx_mg,2,0.0
prior_anti_tnf,2,0.0
presence_of_blood,2,0.0
aliquot_for_mpx,2,0.0
day0sfs,2,0.0
in_hospital_progression_to_2nd_line_therapy,2,0.0
day5partialmayo,2,0.0
day5partialmayoreduction,2,0.0
day3partialmayo,2,0.0
current_partial_mayo,2,0.0
prior_vedo,2,0.0
day10sfs,2,0.0
aliquot_for_culturing,2,0.0
day10partialmayoreduction,2,0.0
found_in_shipment,2,0.0
aliquot_for_mgx,2,0.0
day0rbs,2,0.0
day10rbs,2,0.0
steroid_dependent,2,0.0
eligibilitypp_reason,2,0.0
cageid,2,0.0
infectiondate,2,0.0
samplingsite,2,0.0
experimentalgroup,2,0.0
studynumber,2,0.0
notebooknumber,2,0.0
projectid,2,0.0
treatmentid,2,0.0
samplingdate,2,0.0
animaltaillabel,2,0.0
samplingtimerelativetoinfection,2,0.0
infectionstatus,2,0.0
treatmentlabel,2,0.0
type_of_pets,2,0.0
total_spots,2,0.0
study_disease,2,0.0
s2_aq,2,0.0
k,2,0.0
lat_long,2,0.0
charge_exp_f_dpl12,2,0.0
mo,2,0.0
o2_aq,2,0.0
sampling_method_description,2,0.0
se,2,0.0
f,2,0.0
si,2,0.0
zn,2,0.0
mn,2,0.0
mg,2,0.0
sb,2,0.0
cs,2,0.0
ba,2,0.0
cl,2,0.0
pb,2,0.0
so4,2,0.0
s2o3,2,0.0
co2_aq,2,0.0
na,2,0.0
ch4_aq,2,0.0
b,2,0.0
as,2,0.0
po43,2,0.0
rb,2,0.0
sr,2,0.0
no3_aa,2,0.0
w,2,0.0
h2_aq,2,0.0
charge_exp_f_dpl13,2,0.0
ga,2,0.0
al,2,0.0
ionic,2,0.0
dic,2,0.0
li,2,0.0
fe,2,0.0
vial,2,0.0
sample_id_from_cruise,2,0.0
feedpercentacggm,2,0.0
grain_base_unbleached,2,0.0
grain_base_whole_wheat,2,0.0
seasnlty,2,0.0
grain_base_rye,2,0.0
sample_identifier_original,2,0.0
grain_base_bleached_wheat,2,0.0
host_width,2,0.0
nitrite_nitrate_um,2,0.0
pig_host_number,2,0.0
time_point_of_sample_collection,2,0.0
symbiont_taxid,2,0.0
symbiont,2,0.0
head_width,2,0.0
body_mass,2,0.0
radiation,2,0.0
body_length,2,0.0
sca_imt_status,2,0.0
sca_status,2,0.0
dna_preparation,2,0.0
manuscript_name,2,0.0
iron_mg_kg,2,0.0
aluminium,2,0.0
zinc_mg_kg,2,0.0
soluble_potassium_mg_kg,2,0.0
effective_cation_exchange_capacity_ecec_cmol_kg,2,0.0
electrical_conductivity_ds_m,2,0.0
exchangeable_magnesium_mg_kg,2,0.0
exchangeable_hydrogen_mg_kg,2,0.0
exchangeable_aluminium_mg_kg,2,0.0
chloride_estimate_equiv_mg_kg,2,0.0
copper_mg_kg,2,0.0
calcium_magnesium_ratio,2,0.0
exchangeable_sodium_mg_kg,2,0.0
soluble_phosphorus_mg_kg,2,0.0
ammonium_nitrogen_mg_kg_n,2,0.0
sulfur_mg_kg_s,2,0.0
soluble_calcium_mg_kg,2,0.0
phosphorus_bray_2_mg_kg_p,2,0.0
nitrate_nitrogen_mg_kg_n,2,0.0
silicon_mg_kg_si,2,0.0
phosphorus_colwell_mg_kg_p,2,0.0
manganese_mg_kg,2,0.0
sodium_esp,2,0.0
phosphorus_bray_1_mg_kg_p,2,0.0
hydrogen,2,0.0
boron_mg_kg,2,0.0
exchangeable_calcium_mg_kg,2,0.0
exchangeable_potassium_mg_kg,2,0.0
basic_colour,2,0.0
soluble_magnesium_mg_kg,2,0.0
days_in_lab_tank,2,0.0
external_carbon_source,2,0.0
collection_dates_six_months,2,0.0
hydrogen_sulfide,2,0.0
water_filtered,2,0.0
potential_density,2,0.0
days_stored_before_extraction,2,0.0
sum_ch4,2,0.0
shoot_root_ratio2017,2,0.0
harvest_hgt,2,0.0
root_biomass_2017,2,0.0
dth,2,0.0
preharvest_panicle_num,2,0.0
mature_panicle_num,2,0.0
shoot_biomass_2017,2,0.0
mcra_abund,2,0.0
collar_hgt,2,0.0
total_grain_wgt,2,0.0
daily_ch4,2,0.0
tiller_num,2,0.0
harvest_date_jd,2,0.0
original_sample_name,2,0.0
size_fraction_microns,2,0.0
expt,2,0.0
growth,2,0.0
de,2,0.0
amended_org_matter_percentage,2,0.0
10um_filtered,2,0.0
dive,2,0.0
pushcore,2,0.0
dose,2,0.0
sample_id_unique,2,0.0
inoc_strain,2,0.0
station,2,0.0
host_ncbi_tax,2,0.0
host_rearing_unit,2,0.0
feed_additive,2,0.0
zinc_diet_ppm,2,0.0
time_span_from_exposure_to_sampling,2,0.0
forward_reverse_reads,2,0.0
aquarium,2,0.0
treatment_attribute,2,0.0
host_mass,2,0.0
host_waist_circumference,2,0.0
16sdna_copies_per_ng,2,0.0
host_hip_circumference,2,0.0
treatment_arm,2,0.0
response_w4,2,0.0
sampleinfo,2,0.0
butyric_acid,2,0.0
acetic_acid,2,0.0
liver_sample_mass_g_dry_wt,2,0.0
liver_water_weight_g,2,0.0
liver_sample_mass_g_wet_wt,2,0.0
liver_wet_weight_g,2,0.0
liver_dry_weight_g,2,0.0
sediment_depth_cm,2,0.0
cheese,2,0.0
samp_size_l,2,0.0
exp,2,0.0
hp_serology,2,0.0
avg_daily_flow,2,0.0
publication_title,2,0.0
sewer_system_type,2,0.0
tot_phosphorus,2,0.0
target_molecules,2,0.0
sequencing_machine,2,0.0
min_filter_size,2,0.0
std_norm_factor,2,0.0
max_filter_size,2,0.0
u_u,2,0.0
sample_detail,2,0.0
consortia,2,0.0
plantstatus,2,0.0
extractionpart,2,0.0
plancetal_abruption_0_no_1_yes,2,0.0
moddepth,2,0.0
maisd_post_flail,2,0.0
preterm_labor_preterm_birth_would_be_a_larger_concern_if_that_is_tracked_0_no_1_yes,2,0.0
gestational_hypertension_yes_1_no_0,2,0.0
psi_p_cdi_parent_child_dysfunctional_interaction,2,0.0
alcohol_intage_0_no_1_yes,2,0.0
asthma_0_no_1_yes_1,2,0.0
preeclampsia_yes_1_no_0_1,2,0.0
med_issues_genitourinary_0_no_1_yes,2,0.0
psi_percentile_2,2,0.0
augmentation_labor_0_no_1_yes,2,0.0
augmentation_labor_0_no_1_yes_1,2,0.0
fh_no_history_0_no_1_yes,2,0.0
chronic_hypertension_yes_1_no_0,2,0.0
maisd_post_suck,2,0.0
maisd_pre_suck,2,0.0
psyc_hx_1_mood_disorder_mdd_0_no_1_yes,2,0.0
maisd_post_proximal_behaviors,2,0.0
week_of_delivery,2,0.0
caregiver_s_race_ethnicity_1_not_hispanic_or_latino_2_hispanic_or_latino_3_choose_not_to_disclosure_4_unable_to_provide,2,0.0
psi_percentile_3,2,0.0
maisd_pre_cry,2,0.0
choroid_plexus_cyst_0_no_1_yes_1,2,0.0
medical_issues_0_no_1_yes,2,0.0
med_issues_infectious_inflammatory_0_no_1_yes,2,0.0
twin_gestation_0_no_1_yes_1,2,0.0
psyc_hx_8_self_injourious_behavior_sib_si_sa_0_no_1_yes,2,0.0
smoking_0_never_smoker_1_yes_2_former_smoker_with_quit_date,2,0.0
med_issues_respiratory_asthma_polyp_nasal_0_no_1_yes,2,0.0
maisd_post_verbally_reassure,2,0.0
midpow,2,0.0
history_of_previous_neonatal_demise_0_no_1_yes,2,0.0
chlorioamnionitis_iai_intra_amniotic_infection_no_0_yes_1,2,0.0
maisd_post_cry,2,0.0
gestational_thrombocytopenia_0_no_1_yes,2,0.0
fh_sud_0_no_1_yes,2,0.0
employment_0_unemployed_1_employed,2,0.0
c_section_0_no_1_yes,2,0.0
vaginismus_0_no_1_yes_1,2,0.0
restless_leg_syndrome_0_no_1_yes_1,2,0.0
maisd_post_offer_object,2,0.0
psi_percentile_1,2,0.0
total_analysis_sec,2,0.0
bell_s_palsy_0_no_1_yes,2,0.0
choroid_plexus_cyst_0_no_1_yes,2,0.0
deletedwins,2,0.0
samples_id_microbiome_saliva_video,2,0.0
highpow,2,0.0
history_of_gestational_hypertension_0_no_1_yes,2,0.0
anemia_0_no_1_yes,2,0.0
history_of_gestational_hypertension_0_no_1_yes_1,2,0.0
pospartum_depression_0_no_1_yes,2,0.0
psi_pd_parental_distress,2,0.0
maisd_pre_offer_pacifier,2,0.0
hemorrhage_yes_1_no_0,2,0.0
med_issues_neuro_nervous_migraines_0_no_1_yes,2,0.0
restless_leg_syndrome_0_no_1_yes,2,0.0
late_term_0_no_1_yes,2,0.0
med_issues_endocrine_gi_digestive_diabetes_thyroid_high_cholesterol_gastroesophageal_0_no_1_yes,2,0.0
chronic_sacral_pain_0_no_1_yes,2,0.0
fh_adhd_add_0_no_1_yes,2,0.0
endometriosis_0_no_1_yes,2,0.0
fh_mood_dis_mdd_bipolar_0_no_1_yes,2,0.0
bilateral_carpal_tunnel_0_no_1_yes,2,0.0
antidepressants_during_prenancy_0_no_1_yes,2,0.0
maisd_pre_offer_food,2,0.0
fh_sleep_issues_0_no_1_yes,2,0.0
vaginal_delivery_0_no_1_yes,2,0.0
meconium_in_amniotic_fluid_hcc_0_no_1_yes_1,2,0.0
education_0_unknown_1_bachelor_degree_2_master_degree_3_doctorate_4_associate_degree_academic_program_5_professional_school_degree,2,0.0
maisd_post_offer_pacifier,2,0.0
date_of_4_month_appointment_and_time,2,0.0
2month_visit_phq_9_score,2,0.0
fh_anxiety_ocd_gad_0_no_1_yes,2,0.0
psyc_hx_2_psychosis_schizophrenia_0_no_1_yes,2,0.0
med_issues_other_0_no_1_yes,2,0.0
advanced_maternal_age_0_no_1_yes_1,2,0.0
maisd_pre_proximal_beh,2,0.0
maisd_pre_consume_food,2,0.0
med_issues_musculoskeletal_0_no_1_yes,2,0.0
psi_dc_difficult_child,2,0.0
excessive_weight_gain_during_pregnancy_yes_1_no_0_1,2,0.0
psi_total_stress,2,0.0
maisd_post_scream,2,0.0
psyc_hx_5_adjustment_disorder_0_no_1_yes,2,0.0
twin_gestation_0_no_1_yes,2,0.0
maisd_pre_flail,2,0.0
maisd_pre_not_visible_1,2,0.0
med_issues_cardiovascular_circulatory_htn_heart_dis_palpitations_0_no_1_yes,2,0.0
artificial_ruture_of_membranes_0_no_1_yes_1,2,0.0
history_of_congenital_heart_disease_0_no_1_yes,2,0.0
maisd_pre_offer_object,2,0.0
history_of_congenital_heart_disease_0_no_1_yes_1,2,0.0
ehlers_danlos_syndrome_0_no_1_yes,2,0.0
psyc_hx_9_sleep_issues_sleep_maintenance_insomnia_0_no_1_yes,2,0.0
fh_sib_si_sa_0_no_1_yes,2,0.0
maisd_post_maisd_post_rub_massage_pat,2,0.0
fh_psychosis_schizophrenia_0_no_1_yes,2,0.0
date_of_appointment_and_time,2,0.0
maisd_pre_kiss,2,0.0
maisd_pre_play_with_object_alone,2,0.0
notes_antidepressants,2,0.0
cargiver_age_current,2,0.0
date_of_phq_9,2,0.0
psychiatric_hx_0_no_1_yes,2,0.0
maisd_post_nurse,2,0.0
maisd_post_kiss,2,0.0
maisd_pre_verbally_reassure,2,0.0
maisd_pre_scream,2,0.0
maisd_pre_rock,2,0.0
psi_percentile,2,0.0
gerd_and_pupps_rash_0_no_1_yes,2,0.0
mother_s_race_1_white_2_choose_not_to_disclosure_3_asian_korean_4_aftican_american,2,0.0
chronic_sacral_pain_0_no_1_yes_1,2,0.0
gestational_hypertension_0_no_1_yes,2,0.0
plancetal_abruption_yes_1_no_0,2,0.0
complications_during_pregnancy_no_0_yes_1,2,0.0
gestational_diabetes_yes_1_no_0,2,0.0
vaginal_delivery_they_had_to_use_vacuum_or_foreceps_0_no_1_yes,2,0.0
bell_s_palsy_0_no_1_yes_1,2,0.0
nuchal_cord_0_no_1_yes_1,2,0.0
gestational_diabetes_0_no_1_yes,2,0.0
maisd_post_offer_food,2,0.0
maisd_post_engage_in_distraction,2,0.0
hypothyroidism_0_no_1_yes_1,2,0.0
low_bmi_0_no_1_yes,2,0.0
hemorrhage_yes_1_no_0_1,2,0.0
advanced_maternal_age_0_no_1_yes,2,0.0
endometriosis_0_no_1_yes_1,2,0.0
nuchal_cord_0_no_1_yes,2,0.0
obesity_registy_0_no_1_yes,2,0.0
psyc_hx_4_ptsd_0_no_1_yes,2,0.0
ehlers_danlos_syndrome_0_no_1_yes_1,2,0.0
maisd_post_smile_coo,2,0.0
maisd_pre_not_visible,2,0.0
maisd_post_not_visible,2,0.0
marital_status_social_history_0_single_mother_1_married_2_divorced,2,0.0
preeclampsia_yes_1_no_0,2,0.0
child_s_race_ethnicity_0_choose_not_to_disclose_1_white_2_unable_to_provide_3_asian_korean_4_asian_chinese_5_african_american,2,0.0
alcohol_intake_0_never_1_monthly_or_less_2_2_4_times_a_month_3_2_3_times_a_week_4_occasional,2,0.0
maisd_pre_nurse,2,0.0
length_of_recording,2,0.0
group_b_streptococcus_gbs_infection_no_0_yes_1,2,0.0
spontaneous_premature_rupture_of_membranse_preterm_delivery_could_0_no_1_yes,2,0.0
phq9_2month_score,2,0.0
artificial_ruture_of_membranes_0_no_1_yes,2,0.0
hx_of_abuse_0_no_history_1_history_of_physical_verbal_emotional_or_sexual_abuse,2,0.0
hx_of_sub_use_0_no_history_1_hx_of_sub_use,2,0.0
fh_ptsd_0_no_1_yes,2,0.0
factors_increase_risk_of_infection_8_spontaneous_premature_rupture_of_membranes_no_0_yes_1,2,0.0
med_issues_hematologic_0_no_1_yes,2,0.0
high_to_mid_ratio,2,0.0
psyc_hx_3_anxiety_ocd_gad_0_no_1_yes,2,0.0
meconium_in_amniotic_fluid_hcc_0_no_1_yes,2,0.0
bilateral_carpal_tunnel_0_no_1_yes_1,2,0.0
penicillin_allergy_0_no_1_yes_1,2,0.0
maisd_post_distract,2,0.0
maisd_post_rock,2,0.0
chlorioamnionitis_iai_intra_amniotic_infection_0_no_1_yes,2,0.0
excessive_weight_gain_during_pregnancy_yes_1_no_0,2,0.0
history_of_previous_neonatal_demise_0_no_1_yes_1,2,0.0
lowpow,2,0.0
gerd_and_pupps_rash_0_no_1_yes_1,2,0.0
totwins,2,0.0
maisd_pre_rub_massage_pat,2,0.0
psyc_hx_6_specific_phobia_0_no_1_yes,2,0.0
fh_dementia_0_no_1_yes,2,0.0
gestational_thrombocytopenia_0_no_1_yes_1,2,0.0
date_of_phq_9_1,2,0.0
psi_dr_defensive_responding,2,0.0
maisd_pre_smile_coo,2,0.0
maisd_post_consume_food,2,0.0
legal_sex_0_m_1_f,2,0.0
maisd_post_hug,2,0.0
maisd_post_play_with_object_alone,2,0.0
recdur,2,0.0
4_month_visit_phq_9_score,2,0.0
vaginismus_0_no_1_yes,2,0.0
asthma_0_no_1_yes,2,0.0
med_issues_immune_0_no_1_yes,2,0.0
penicillin_allergy_0_no_1_yes,2,0.0
hypothyroidism_0_no_1_yes,2,0.0
maisd_pre_engage_in_distraction,2,0.0
maisd_pre_hug,2,0.0
group_b_streptococcus_gbs_infection_0_no_1_yes,2,0.0
psyc_hx_7_sud_substance_use_disorder_0_no_1_yes,2,0.0
maisd_pre_distract,2,0.0
anemia_0_no_1_yes_1,2,0.0
low_bmi_0_no_1_yes_1,2,0.0
delivery_0_term_1_preterm_2_late_term,2,0.0
vbac_vaginal_birth_after_c_section_0_no_1_yes,2,0.0
fh_schizoaffective_disorder_0_no_1_yes,2,0.0
hx_of_sub_use_during_pregnancy_0_no_history,2,0.0
chronic_hypertension_0_no_1_yes,2,0.0
histology,2,0.0
tissue_origin,2,0.0
age_at_surgery,2,0.0
specimens,2,0.0
host_disease_stage,2,0.0
seq_file_name,2,0.0
amniotic_fluid_color,2,0.0
symptom_severity,2,0.0
gvhd,2,0.0
replicate_biological,2,0.0
pig_growth_stage,2,0.0
sra,2,0.0
fv_obs,2,0.0
suva_mg_c_l_1_m_1,2,0.0
e2e3_proportion,2,0.0
fv_variation,2,0.0
dem_data_ts,2,0.0
n3_srp_ug_l_1,2,0.0
data_s,2,0.0
i1_na_ug_l_1,2,0.0
i5_cl_ug_l_1,2,0.0
mb_obs,2,0.0
fi_proportion,2,0.0
sp_event_s,2,0.0
m_balance,2,0.0
tss_2,2,0.0
doc_ug_l_1,2,0.0
tss_1,2,0.0
hix_proportion,2,0.0
sn_data_ts,2,0.0
abs254_m_1,2,0.0
sba_cells_g_1,2,0.0
s350400_nm_1,2,0.0
fv_data_s,2,0.0
n2_tp_ug_l_1,2,0.0
s300700_nm_1,2,0.0
e4e6_proportion,2,0.0
oxy_isotope_per_mil,2,0.0
do_sat_saturation,2,0.0
ag_nmol_g_1_h_1,2,0.0
data_ts,2,0.0
tss_5,2,0.0
s275295_nm_1,2,0.0
coble_m_ru,2,0.0
bg_nmol_g_1_h_1,2,0.0
coble_c_ru,2,0.0
wba_cells_ml_1,2,0.0
chla_ug_g_1,2,0.0
sp_event,2,0.0
w_co2_matm,2,0.0
n6_no2_ug_l_1,2,0.0
abs300_m_1,2,0.0
lap_nmol_g_1_h_1,2,0.0
mb_data_s,2,0.0
dem_data,2,0.0
tss_3,2,0.0
sr_proportion,2,0.0
tss_4,2,0.0
bp_ngc_g_1_h_1,2,0.0
tss_5b,2,0.0
tss_5a,2,0.0
i3_mg_ug_l_1,2,0.0
n1_tn_ug_l_1,2,0.0
tss_5d,2,0.0
sn_data,2,0.0
hydro_isotope_per_mil,2,0.0
coble_t_ru,2,0.0
i4_ca_ug_l_1,2,0.0
coble_a_ru,2,0.0
n4_nh4_ug_l_1,2,0.0
nag_nmol_g_1_h_1,2,0.0
conductivity_us_cm_1,2,0.0
respiration_mg_02_g_1_h_1,2,0.0
bix_proportion,2,0.0
ap_nmol_g_1_h_1,2,0.0
n5_no3_ug_l_1,2,0.0
do_mg_l_1,2,0.0
turb_ntu,2,0.0
tss_5c,2,0.0
i6_so4_ug_l_1,2,0.0
i2_k_ug_l_1,2,0.0
eps_ugc_g_1,2,0.0
tdca,2,0.0
glca,2,0.0
gdca,2,0.0
lca,2,0.0
cdca,2,0.0
dca,2,0.0
gca,2,0.0
tca,2,0.0
tlca,2,0.0
udca,2,0.0
gcdca,2,0.0
tcdca,2,0.0
total,2,0.0
time_hours,2,0.0
picoeukaryotes_cells_per_ml,2,0.0
healthlong,2,0.0
phaeophytin_mg_per_l,2,0.0
sworcoral,2,0.0
zonenum,2,0.0
coral,2,0.0
nitriteandnitrate_um,2,0.0
hard_coral,2,0.0
providedby,2,0.0
ctd_cast_time_utc,2,0.0
sponge,2,0.0
localtime,2,0.0
sctldprevalence,2,0.0
calcified_macroalgae,2,0.0
fl_region,2,0.0
collaborator_siteid,2,0.0
coralspecies,2,0.0
habitat,2,0.0
non_biological,2,0.0
turf_algae,2,0.0
chlorophyll_mg_per_l,2,0.0
soft_coral,2,0.0
stationid,2,0.0
dissolved_oxygen_at_depth_mg_per_liter,2,0.0
unpigmented_cells_per_ml,2,0.0
dissolved_oxygen_at_depth_percent_saturation,2,0.0
fleshy_macroalgae,2,0.0
invertebrates,2,0.0
qubitconc,2,0.0
crustose_coralline_algae,2,0.0
other_invertebrates,2,0.0
healthbinary,2,0.0
npoc_um,2,0.0
cyanobacteria,2,0.0
depth_ft,2,0.0
seagrass,2,0.0
basdai_improvement,2,0.0
calprotectin12,2,0.0
study_site,2,0.0
crp12,2,0.0
drug_withdrawn,2,0.0
calprotectin0,2,0.0
calprotectin6,2,0.0
calprotectin36,2,0.0
remission12,2,0.0
crp52,2,0.0
calprotectin52,2,0.0
investigator,2,0.0
age_study_initiation,2,0.0
remission36,2,0.0
remission_0,2,0.0
crp0,2,0.0
crp6,2,0.0
remission52,2,0.0
crp24,2,0.0
remission6,2,0.0
crp36,2,0.0
calprotectin24,2,0.0
remission24,2,0.0
gender_and_age,2,0.0
sample_labels,2,0.0
sequentialid,2,0.0
cur_vegetation_cultivar,2,0.0
description3,2,0.0
tap,2,0.0
sample_information,2,0.0
mda,2,0.0
overlying_creekwater_low_tide_no3_plus_no2_um,2,0.0
overlying_creekwater_low_tide_po4_um,2,0.0
overlying_creekwater_low_tide_nh4_um,2,0.0
sediment_percentc_by_weight,2,0.0
sediment_d15n,2,0.0
overlying_creekwater_low_tide_ph,2,0.0
sediment_d13c,2,0.0
sediment_percentn_by_weight,2,0.0
overlying_creekwater_low_tide_salinity_ppt,2,0.0
approximate_distance_m_along_creek_from_headwater_sample,2,0.0
bioreactor_chamber,2,0.0
bioreactor_cell,2,0.0
library_preparation_kit,2,0.0
quality_control_details,2,0.0
quality_control_method,2,0.0
quality_control_issues,2,0.0
quality_control_method_version,2,0.0
amplicon_size,2,0.0
cell_fraction,2,0.0
time_after_wetting,2,0.0
experiment_replicate,2,0.0
experiment_timepoint,2,0.0
experiment_group,2,0.0
time_col,2,0.0
spikein_org,2,0.0
spikein_count,2,0.0
samp_rep_biol,2,0.0
dame,2,0.0
mup_genotype,2,0.0
date_of_birth_dob,2,0.0
species_composition,2,0.0
potential_vs_she,2,0.0
experiment_no,2,0.0
electrogenic,2,0.0
volume_collected_l,2,0.0
n_treatment,2,0.0
co2_treatment,2,0.0
biocide_used,2,0.0
area_samp_size,2,0.0
env_monitoring_zone,2,0.0
nucleic_acid_number,2,0.0
component_organism_1,2,0.0
component_organism_6,2,0.0
component_organism_3,2,0.0
component_organism_5,2,0.0
component_organism_4,2,0.0
component_organism_2,2,0.0
room_location,2,0.0
omic,2,0.0
control_type,2,0.0
describe,2,0.0
cow_breed,2,0.0
root_biomass,2,0.0
leaf_water_content,2,0.0
shoot_biomass,2,0.0
air_pm_concen,2,0.0
sample_distinguisher,2,0.0
soil_temperature_degrees_celsius,2,0.0
desc,2,0.0
diffdays,2,0.0
capsuleid,2,0.0
final_response,2,0.0
seqid,2,0.0
response_iresist,2,0.0
sample0,2,0.0
group_rp,2,0.0
treatment_fmt,2,0.0
remission,2,0.0
treatment_stage,2,0.0
sample_name_and_depth_in_meter,2,0.0
formation,2,0.0
subgroup3,2,0.0
subgroup2,2,0.0
overallgroup,2,0.0
age_at_visit,2,0.0
lettuce_number,2,0.0
backflush_or_biofilm_sonic_volume_ml_1,2,0.0
intra_atp_gmean_ng_per_cm2,2,0.0
barcode_reverse,2,0.0
sul1_avg_gc,2,0.0
free_cl2_mg_l,2,0.0
blatem_avg_gc,2,0.0
avg_cells_per_ml_gstd_sgpi,2,0.0
disinfectant,2,0.0
s16_avg_well_copies,2,0.0
s16_avg_gc,2,0.0
dna_ext_conc_ng_ul,2,0.0
total_cl2_mg_l,2,0.0
project_type,2,0.0
backflush_or_biofilm_sonic_volume_ml,2,0.0
flow_cytometer,2,0.0
total_atp_gmean_ng_per_cm2,2,0.0
dna_ext_tot_ug,2,0.0
extra_atp_gmean_ng_per_cm2,2,0.0
avg_cells_per_ml_gmean_sgpi,2,0.0
sul1_avg_well_copies,2,0.0
band_in_gel_amplicons,2,0.0
deuf_block_method,2,0.0
total_atp_gmean_nm,2,0.0
ext_batch,2,0.0
pcr_rxn_dna_total_ng,2,0.0
intra_atp_gmean_nm,2,0.0
acanthamoeba_avg_gc,2,0.0
total_filtered_l,2,0.0
intra_atp_gstd_nm,2,0.0
barcode_forward,2,0.0
avg_cells_per_ml_gstd_sg,2,0.0
extra_atp_gmean_nm,2,0.0
avg_cells_per_ml_gmean_sg,2,0.0
total_atp_gstd_nm,2,0.0
icc_to_tcc,2,0.0
dna_recovery_eff_perc,2,0.0
biofilm_area_collected_cm2,2,0.0
template_dilution_factor_16s,2,0.0
extra_atp_gstd_nm,2,0.0
16s_rrna_qpcr_copies_g,2,0.0
propionic_acid_mgcodeq_l,2,0.0
mlch4_lreactor,2,0.0
acetic_acid_mgcodeq_l,2,0.0
lagtime_h,2,0.0
rmax_ml_gvsadded_h,2,0.0
h2,2,0.0
tanadded_mg_l,2,0.0
butyric_acid_mgcodeq_l,2,0.0
ch4yield_ml_gvsadded,2,0.0
caproic_acid_mgcodeq_l,2,0.0
isobutyric_acid_mgcodeq_l,2,0.0
vfatotal_mgcodeq_l,2,0.0
co2,2,0.0
valeric_acid_mgcodeq_l,2,0.0
ch4,2,0.0
isovaleric_acid_mgcodeq_l,2,0.0
recvoery_day,2,0.0
seq_run,2,0.0
ibdstatus,2,0.0
group_replicate,2,0.0
total_number_of_seizures,2,0.0
average_seizure_duration,2,0.0
seizure_frequency_number_seizures_day,2,0.0
precipitation,2,0.0
rainfall_regm,2,0.0
note_phys_mag_bs,2,0.0
sortchem,2,0.0
jgi_study,2,0.0
ice_cover,2,0.0
years_since_restoration,2,0.0
randomised_to,2,0.0
type_of_intervention,2,0.0
sample_order_in_patient,2,0.0
before_after,2,0.0
mouseidentifier,2,0.0
familyid_personinfo_sampleinfo,2,0.0
host_comfecal_sample_male_old_n_name,2,0.0
testing,2,0.0
initial_escherichia_coli_colonization,2,0.0
keyseq,2,0.0
flow_sequence,2,0.0
lagoonid,2,0.0
n_undecane_ppm,2,0.0
n_octane_ppm,2,0.0
n_octacosane_ppm,2,0.0
n_pentacosane_ppm,2,0.0
lithium_ppm,2,0.0
n_tetratriacontane_ppm,2,0.0
n_dodecane_ppm,2,0.0
cadmium_ppm,2,0.0
n_hexatriacontane_ppm,2,0.0
flouride_ppm,2,0.0
bromide_ppm,2,0.0
benzo_a_anthracene_ppm,2,0.0
n_heptacosane_ppm,2,0.0
n_octatriacontane_ppm,2,0.0
tph_c6_c9_ppm,2,0.0
benzo_ghi_perylene_ppm,2,0.0
n_tetradecane_ppm,2,0.0
n_pentadecane_ppm,2,0.0
n_docosane_ppm,2,0.0
n_triacontane_ppm,2,0.0
chloride_ppm,2,0.0
benzo_a_pyrene_ppm,2,0.0
n_heptadecane_ppm,2,0.0
n_heptatriacontane_ppm,2,0.0
phosphate_ppm,2,0.0
n_tetracosane_ppm,2,0.0
n_octadecane_ppm,2,0.0
pristane_ppm,2,0.0
n_hentriacontane_ppm,2,0.0
n_tridecane_ppm,2,0.0
tph_c10_c36_ppm,2,0.0
naphthalene_ppm,2,0.0
phenanthrene_ppm,2,0.0
n_hexacosane_ppm,2,0.0
n_nonane_ppm,2,0.0
tph_c6_c36_total_ppm,2,0.0
n_tetracontane_ppm,2,0.0
sodium_ppm,2,0.0
n_tricosane_ppm,2,0.0
phytane_ppm,2,0.0
n_eicosane_ppm,2,0.0
n_nonadecane_ppm,2,0.0
n_tritriacontane_ppm,2,0.0
n_nonacosane_ppm,2,0.0
fluoranthene_ppm,2,0.0
indeno_1_2_3cd_pyrene_ppm,2,0.0
n_pentatriacontane_ppm,2,0.0
iron_ppm,2,0.0
sulphate_ppm,2,0.0
eh_mv,2,0.0
nitrite_ppm,2,0.0
n_decane_ppm,2,0.0
n_dotriacontane_ppm,2,0.0
chrysene_ppm,2,0.0
ammonium_ppm,2,0.0
n_hexadecane_ppm,2,0.0
n_heneicosane_ppm,2,0.0
nitrate_ppm,2,0.0
benzo_k_fluoranthene_ppm,2,0.0
replicateno,2,0.0
anthracene_ppm,2,0.0
current_antibiotics_3t,2,0.0
heix5_wholegrain,2,0.0
hscrp_mgl,2,0.0
pufa182linoleicacidg,2,0.0
caloriesfrompufa,2,0.0
heix4_wholefruit,2,0.0
heix8_seaplant_prot,2,0.0
solubledietaryfiberg,2,0.0
cesd_hi_low,2,0.0
pufa225docosapentaenoicacid,2,0.0
caloriesfromsfa,2,0.0
caloriesfrommufa,2,0.0
heix3_totalfruit,2,0.0
il6_pg_ml,2,0.0
totaltransfattyacidstrans,2,0.0
totalsaturatedfattyacidssfa,2,0.0
pufa183linolenicacidg,2,0.0
heix6_totaldairy,2,0.0
il1b_pg_ml,2,0.0
igram_group,2,0.0
tnfalpha_pg_ml,2,0.0
pufa183n3alphalinolenica,2,0.0
prepreg_bmi,2,0.0
heix2_green_and_bean,2,0.0
caloriesfromfat,2,0.0
heix1_totalveg,2,0.0
heix10_sodium,2,0.0
pufa184parinaricacidg,2,0.0
heix9_fattyacid,2,0.0
heix11_refinedgrain,2,0.0
pufa226docosahexaenoicacid,2,0.0
cholesterolmg,2,0.0
ace_total_score,2,0.0
insolubledietaryfiberg,2,0.0
heix12_addedsugars,2,0.0
pufa205eicosapentaenoicacid,2,0.0
ace_hi_low,2,0.0
hei2015_total_score,2,0.0
totalpolyunsaturatedfattyacid,2,0.0
totalmonounsaturatedfattyacid,2,0.0
totaldietaryfiberg,2,0.0
cesdscore,2,0.0
totalfatg,2,0.0
heix7_totprot,2,0.0
energykcal,2,0.0
heix13_satfats,2,0.0
pufa204arachidonicacidg,2,0.0
completed_fmt,2,0.0
tpm,2,0.0
host_social_group,2,0.0
samples_pooled,2,0.0
absorption_240nm_sample,2,0.0
o2_percent_saturation,2,0.0
doc_mg_per_l,2,0.0
parafac_4_fmax_1,2,0.0
total_suspended_solids_mg_per_l,2,0.0
p_total_um,2,0.0
parafac_4_fmax_4,2,0.0
vegetative_cover_percent,2,0.0
light_intensity_umol,2,0.0
parafac_4_fmax_3,2,0.0
tank_depth_cm,2,0.0
total_tank_volume_ml,2,0.0
n_total_um,2,0.0
total_detrital_volume_ml,2,0.0
n2o_um,2,0.0
parafac_4_fmax_2,2,0.0
lumen_mucin,2,0.0
step,2,0.0
gg,2,0.0
virus,2,0.0
internal_notes,2,0.0
internal_sample_name,2,0.0
sample_name_amplicon_sequencing,2,0.0
facility_name,2,0.0
moisture,2,0.0
gastroinstest_disord,2,0.0
group2,2,0.0
distinguishing_field,2,0.0
name_in_img,2,0.0
histological_diagnosis,2,0.0
identification_by_its_of_fungi_isolated,2,0.0
foliar_symptoms,2,0.0
wood_disease_symptoms,2,0.0
incubation_time_days,2,0.0
amended_substrate,2,0.0
sulfate_stimulated,2,0.0
hive_origin,2,0.0
days_post_surgery,2,0.0
surgical_arm,2,0.0
sample_name_organism_isolation_source_collection_data_geographic_location_latitude_longitude,2,0.0
fecal_donor_genotype,2,0.0
days_after_aom_start,2,0.0
timeaftertransplantation,2,0.0
subject_wutx,2,0.0
site_code,2,0.0
dissolved_solids,2,0.0
clarification,2,0.0
nitrate_nitrite_um,2,0.0
hepb,2,0.0
ct,2,0.0
sample_protocol_size_fraction_lower_threshold_device,1,0.0
sample_protocol_size_fraction_upper_threshold_device,1,0.0
soil_texture_method,1,0.0
pooling_of_dna_extracts_if_done,1,0.0
soil_texture_measurement,1,0.0
decription,1,0.0
rutgeerts,1,0.0
pouchitis,1,0.0
pcr_conc,1,0.0
pcr_concentration,1,0.0
age_of_first_use_ecs,1,0.0
platform_model,1,0.0
ammonium_concentration,1,0.0
seawater_density,1,0.0
nitrite_concentration,1,0.0
phosphate_concentration,1,0.0
bisulfide_concentration,1,0.0
nitrate_concentration,1,0.0
inti_1,1,0.0
season_sample_type,1,0.0
qnrs,1,0.0
ecoli_mpn_100ml,1,0.0
ermb,1,0.0
coassembly,1,0.0
station_id_season_sample_type,1,0.0
dna_extraction_qubit_ng_ul,1,0.0
tetq,1,0.0
oxygen_mg_l,1,0.0
sul2,1,0.0
fecal_coliforms_mpn_100ml,1,0.0
efaecalis_mpn_100ml,1,0.0
station_id_sample_type,1,0.0
station_id_season,1,0.0
nsfqi,1,0.0
teta,1,0.0
pooled,1,0.0
sample_storage_duration_months,1,0.0
conductivity_us_cm2,1,0.0
turbidity_unt,1,0.0
sequencing_kit,1,0.0
blatem,1,0.0
sul1,1,0.0
cf_ef_ratio,1,0.0
dfra12,1,0.0
color_upt_co,1,0.0
sample_disease_status,1,0.0
extreme_unusual_properties_heavy_metals,1,0.0
dissolved_inorganic_carbon,1,0.0
sample_checklist_description,1,0.0
sample_checklist,1,0.0
observed_biotic_relationship,1,0.0
host_specificity,1,0.0
host_cellular_location,1,0.0
mode_of_transmission,1,0.0
geographic_location_latitude_unit_decimal_degrees,1,0.0
geographic_location_longitude_unit_decimal_degrees,1,0.0
mouse_notes,1,0.0
isala_no,1,0.0
type_individual,1,0.0
type_timepoint,1,0.0
imu_individual,1,0.0
nucleic_acid_purification,1,0.0
donation,1,0.0
imu_donation,1,0.0
sample_collection_type,1,0.0
initial_sample_storage_location_before_processing,1,0.0
initial_sample_storage_temperature_before_processing,1,0.0
sample_storage_conditions,1,0.0
total_organic_carbon_method,1,0.0
ammonium_ppb,1,0.0
tot_nitro_mgkg,1,0.0
tot_carb_mgkg,1,0.0
seq_make,1,0.0
seq_model,1,0.0
total_phosphorous,1,0.0
silicon,1,0.0
ph_plant,1,0.0
k_ppm,1,0.0
no2_ppm,1,0.0
lab_conductivity_s_cm,1,0.0
cooling_tower_efficiency,1,0.0
no3_ppm,1,0.0
plant_cl_ppm,1,0.0
atp,1,0.0
so4_ppm,1,0.0
nh4_ppm,1,0.0
dry_bulb_temp,1,0.0
wet_bulb_temp,1,0.0
br_ppm,1,0.0
ca_ppm,1,0.0
no3_ppm_sam_f_dpl434,1,0.0
po4_ppm,1,0.0
na_ppm,1,0.0
lab_cl_ppm,1,0.0
plant_conductivity,1,0.0
ph_lab,1,0.0
salmofan_score,1,0.0
cataract_y_n_0,1,0.0
no_wounds,1,0.0
fork_length,1,0.0
gonads_0_5,1,0.0
melanin_fillet_0_3,1,0.0
deformity_y_n_0,1,0.0
feed_type,1,0.0
melanin_organs_0_3,1,0.0
fish_no,1,0.0
tape_worm_0_3,1,0.0
gutted_weight,1,0.0
live_weight,1,0.0
geographic,1,0.0
farming,1,0.0
nitrile_nitrite,1,0.0
air_environmental_package,1,0.0
soil_type_method,1,0.0
soil_taxonomic_local_classification_method,1,0.0
cca_contact_percent,1,0.0
tissue_loss_percent,1,0.0
taxonomy_string_with_clade,1,0.0
turf_contact_percent,1,0.0
field_host_name,1,0.0
visibility_method,1,0.0
depth_method,1,0.0
binary_cca_contact,1,0.0
taxonomy_string,1,0.0
cyanobacteria_contact,1,0.0
cyanobacteria_percent,1,0.0
binary_turf_contact,1,0.0
field_host_clade_sensu_fukami,1,0.0
binary_macroalgal_contact,1,0.0
cyanobacteria_overgrown,1,0.0
binary_tissue_loss,1,0.0
compartment_replicates,1,0.0
cca_overgrown,1,0.0
parrotfish_bites,1,0.0
binary_algal_contact,1,0.0
outgroup,1,0.0
sediment_contact,1,0.0
n_algal_contacts,1,0.0
seagrass_contact,1,0.0
turf_overgrown,1,0.0
disease_percent,1,0.0
visibility,1,0.0
field_host_clade_sensu_fukami_numeric,1,0.0
binary_disease,1,0.0
sample_group_allskin,1,0.0
skin_site,1,0.0
ever_fire_affected,1,0.0
date_fire_elick_2011,1,0.0
agp_resubmission_analysis,1,0.0
biologic_exposure_type,1,0.0
im_type,1,0.0
current_biologic_type,1,0.0
diss_mg,1,0.0
diss_pb,1,0.0
sulphite,1,0.0
toc,1,0.0
total_s,1,0.0
tetrathionates,1,0.0
tot_thiosalts,1,0.0
diss_cu,1,0.0
diss_ca,1,0.0
total_solids,1,0.0
diss_al,1,0.0
diss_k,1,0.0
tot_p,1,0.0
nitrates,1,0.0
dissolve_oxygen,1,0.0
diss_na,1,0.0
redox,1,0.0
tds,1,0.0
diss_zn,1,0.0
sulphate,1,0.0
mean_peak_friction_velocity,1,0.0
mean_friction_velocity,1,0.0
source_name,1,0.0
experimental_factor_age,1,0.0
organism_substance,1,0.0
brushing_event,1,0.0
stool_grade,1,0.0
phys_bs,1,0.0
area_of_sampling_site,1,0.0
story,1,0.0
immunomodulatory,1,0.0
platelet_counts_1000,1,0.0
mucosal_healing_d10,1,0.0
ers_d10,1,0.0
hemoglobin_units,1,0.0
endoscopic_remission_d10,1,0.0
crp_d5_units,1,0.0
crp_d5,1,0.0
colomectomy,1,0.0
ers_d5,1,0.0
crp_change_d3,1,0.0
ers_change_d5,1,0.0
ers_d5_units,1,0.0
response_d3,1,0.0
clinical_remission_d3,1,0.0
crp_change_d5_units,1,0.0
crp_d3_units,1,0.0
crp_d0_units,1,0.0
endoscopy_d10,1,0.0
hemoglobin,1,0.0
response_daytruefalse,1,0.0
ers_d0,1,0.0
clinical_remission_d5,1,0.0
clinical_remission_d10,1,0.0
ers_d0_units,1,0.0
albumin,1,0.0
response_d5,1,0.0
ers_change_d5_units,1,0.0
albumin_units,1,0.0
crp_d10,1,0.0
endoscopy_d0,1,0.0
ers_d10_units,1,0.0
crp_d0,1,0.0
crp_change_d3_units,1,0.0
crp_d10_units,1,0.0
crp_d3,1,0.0
crp_change_d5,1,0.0
fermented_produce_commercial_other_1,1,0.0
fermented_consumed_other_1,1,0.0
fermented_other,1,0.0
covid_occupation,1,0.0
reverse_md5,1,0.0
forward_md5,1,0.0
type_milk_feed_in_sample,1,0.0
dad_allergies,1,0.0
sibling_1_allergies,1,0.0
pmin,1,0.0
total_c,1,0.0
total_n,1,0.0
plength,1,0.0
tmax,1,0.0
cn_ratio,1,0.0
don,1,0.0
tlength,1,0.0
pmax,1,0.0
tmin,1,0.0
map,1,0.0
key_sequence,1,0.0
collection_place,1,0.0
nat_host,1,0.0
date_mm_dd_yy,1,0.0
habitat_type,1,0.0
sample_depth_m,1,0.0
descrip_and_date,1,0.0
ch4_concentration_um,1,0.0
o2_gradient_um_per_mm,1,0.0
pma_treated,1,0.0
location_in_microcosm,1,0.0
temperature_shock,1,0.0
comments,1,0.0
donor_disease_status,1,0.0
growth_conditions,1,0.0
mapping_method,1,0.0
completeness_estimated,1,0.0
assembly_method,1,0.0
mapping_method_version,1,0.0
assembly_method_version,1,0.0
quality_assessment_method_version,1,0.0
contamination_estimated,1,0.0
quality_assessment_method,1,0.0
isiolation_source,1,0.0
dna4,1,0.0
dna3,1,0.0
dna2,1,0.0
dna1,1,0.0
rumen_ph,1,0.0
total_vfa,1,0.0
raw_seq_count,1,0.0
days,1,0.0
number_of_reads,1,0.0
decomposition_time_d,1,0.0
fish_origin,1,0.0
water_sediment_origin,1,0.0
individuals,1,0.0
replicate_2,1,0.0
sampling_week,1,0.0
source_water,1,0.0
treatment_start_date,1,0.0
type_material,1,0.0
orgmod_note,1,0.0
stress_replicate,1,0.0
plot_number,1,0.0
museum_isolated,1,0.0
skeletal_collection,1,0.0
e_coli_isolate_relative_abundance,1,0.0
pipe_material,1,0.0
donor_ethnicity,1,0.0
days_from_diet,1,0.0
body_fat_percentage,1,0.0
bmi_classification,1,0.0
nh4_mg_kg_soil,1,0.0
stress_model,1,0.0
additional_metadata_at,1,0.0
substrate_added,1,0.0
eim,1,0.0
hbi_total,1,0.0
pcb_concentration,1,0.0
water_column_layer,1,0.0
calculated_dna_concentration,1,0.0
mda_description,1,0.0
spartina_phenotype,1,0.0
biological_samples,1,0.0
fecal_proteolytic_activity,1,0.0
proteolytic_activity_classification,1,0.0
vaginal_lubricant_use,1,0.0
sti_history,1,0.0
douche,1,0.0
gene,1,0.0
time_point_unit_ontology,1,0.0
administration_interval,1,0.0
cage_type,1,0.0
temperature_unit,1,0.0
source_ontology,1,0.0
dose_unit,1,0.0
age_unit,1,0.0
housing_humidity,1,0.0
sex_ontology,1,0.0
start_age,1,0.0
vehicle_substance_ontology,1,0.0
administration_route_ontology,1,0.0
feed_description,1,0.0
time_point_unit,1,0.0
administration_interval_unit,1,0.0
age_unit_ontology,1,0.0
dose_unit_ontology,1,0.0
toxic_substance_ontology,1,0.0
toxic_substance_purity,1,0.0
housing_temperature,1,0.0
end_age,1,0.0
strain_ontology,1,0.0
organism_ontology,1,0.0
administration_interval_unit_ontology,1,0.0
feed_source,1,0.0
bedding,1,0.0
vehicle_substance,1,0.0
humidity_unit,1,0.0
temperature_unit_ontology,1,0.0
light_cycle,1,0.0
toxic_substance,1,0.0
feed_catalog_no,1,0.0
administration_number,1,0.0
humidity_unit_ontology,1,0.0
mag_bin,1,0.0
numer_type_name,1,0.0
originalname,1,0.0
centrifugation,1,0.0
gentamicin_treated,1,0.0
replatation,1,0.0
normalized_dose,1,0.0
internal_label,1,0.0
personvisit,1,0.0
16s_copies,1,0.0
experienmental_type,1,0.0
host_replicate_num,1,0.0
sediment_type,1,0.0
distance_from_hot_spring,1,0.0
use_for_mag_abundance_analyses,1,0.0
oiling_status,1,0.0
plastic,1,0.0
bin_name,1,0.0
fraction_m,1,0.0
experimental_replicate_number,1,0.0
sample_processing,1,0.0
sexual,1,0.0
cocoons,1,0.0
juvenile,1,0.0
characterization_method,1,0.0
ew_biomass,1,0.0
layer_weight,1,0.0
dnase_treated,1,0.0
plant_genotype,1,0.0
hive_number,1,0.0
collected_b,1,0.0
pa_o_16_0_20_2_11z_14z,1,0.0
val,1,0.0
c18_1_mg_l,1,0.0
coenzyme_q9,1,0.0
lcfa_g_l,1,0.0
dg_16_0_0_0_16_0,1,0.0
dg_14_1_9z_18_4_0_0,1,0.0
gly,1,0.0
foam_height_in,1,0.0
protein_g_l,1,0.0
dg_14_0_20_5_0_0,1,0.0
manure_layer,1,0.0
propioic_acid,1,0.0
vitamin_k2,1,0.0
c16_0_mg_l,1,0.0
c18_2_mg_l,1,0.0
foaming_status,1,0.0
sample_temp_c,1,0.0
total_depth_in,1,0.0
cer_d18_0_26_0,1,0.0
barn_type,1,0.0
tba_conc_umol_l,1,0.0
ps_o_18_0_18_0,1,0.0
ethylamine,1,0.0
present_in_non_trans_non_treated_c_layer_from_61_quality_metabarcoding_samples,1,0.0
lcfa_mg_l,1,0.0
manure_depth_in,1,0.0
coenzyme_q10_na_adduct,1,0.0
tyramine,1,0.0
dg_13_0_20_5_0_0,1,0.0
cer_d20_0_24_0,1,0.0
pe_14_0_14_1_9z,1,0.0
ile_leu,1,0.0
p_cresol,1,0.0
armillatin,1,0.0
isoba,1,0.0
dg_22_4_22_5_0_0,1,0.0
sample_lab_name,1,0.0
phe,1,0.0
pe_13_0_14_1_9z,1,0.0
c18_0_mg_l,1,0.0
dimethylamphetamine,1,0.0
temp_col,1,0.0
library_construction,1,0.0
sagc_filename,1,0.0
age_of_biofilm,1,0.0
silica,1,0.0
figure_1_location_identifier,1,0.0
seq_method,1,0.0
seq_target,1,0.0
metadata,1,0.0
tot_diss_phosph,1,0.0
diss_org_phosph,1,0.0
well_age_days,1,0.0
well_number,1,0.0
frac_hit_status,1,0.0
hydrocarbon_region,1,0.0
site_preservation_and_library,1,0.0
dam_timepoint,1,0.0
mayo_score,1,0.0
subplot,1,0.0
water_treatment,1,0.0
plant_component,1,0.0
island,1,0.0
replicata,1,0.0
shotgun_file_name,1,0.0
v4_file_name,1,0.0
background_disease,1,0.0
alt_elev,1,0.0
in_paper,1,0.0
mode,1,0.0
urogenit_disord,1,0.0
filename_2,1,0.0
filename_1,1,0.0
temp_degrees_c,1,0.0
biomass_cell_ml,1,0.0
methane_mmol_l,1,0.0
sulfide_mmol_l,1,0.0
pressure_decibar,1,0.0
spring_sample_type_number,1,0.0
microbial_treatment,1,0.0
temperature_treatment,1,0.0
maximum_filter_pore_size,1,0.0
mininum_filter_pore_size,1,0.0
day_length_h,1,0.0
bact_abundance_10_6_cells_ml,1,0.0
diss_org_carb_um,1,0.0
chlorophyll_ng_ul,1,0.0
filter_fraction_um,1,0.0
bac_prod_pmol_l_h,1,0.0
source_material,1,0.0
helicobacter_pylori_status_by_culture,1,0.0
histopathology_score_of_gastric_biopsy,1,0.0
gastric_disease_by_histopathology,1,0.0
risk_group,1,0.0
town_of_origin_in_colombia_south_america,1,0.0
par_m_m2_sec_log10,1,0.0
d_o_saturation,1,0.0
elevation_meters,1,0.0
par_m_m2_sec,1,0.0
depth_meters,1,0.0
par_m_m2_sec_ln,1,0.0
d_o_mg_l,1,0.0
conductivity_s,1,0.0
total_phosphorus_mg_per_kg,1,0.0
site_group,1,0.0
sodium_ammac_cmol_per_kg,1,0.0
zinc_mg_per_kg,1,0.0
pbi_plus_col_p,1,0.0
ph_cacl2,1,0.0
sample_location_description,1,0.0
manganese_mg_per_kg,1,0.0
copper_mg_per_kg,1,0.0
potassium_ammac_cmol_per_kg,1,0.0
dgt_p_ug_per_l,1,0.0
iron_mg_per_kg,1,0.0
sample_material,1,0.0
exchangeable_aluminium_cmol_per_kg,1,0.0
aluminium_percent,1,0.0
potassium_ammac_mg_per_kg,1,0.0
mir_aus_soil_texture,1,0.0
sodium_percent,1,0.0
calcium_ammac_mg_per_kg,1,0.0
magnesium_ammac_cmol_per_kg,1,0.0
calcium_ammac_cmol_per_kg,1,0.0
organic_carbon_wb_percent,1,0.0
restoration_state,1,0.0
k_to_mg_ratio,1,0.0
ammonium_n_mg_per_kg,1,0.0
kcl_sulfur_mg_per_kg,1,0.0
nitrate_n_mg_per_kg,1,0.0
mir_clay_percent,1,0.0
positive_vs_negative_reference,1,0.0
hydrogen_percent,1,0.0
tds_mg_per_l,1,0.0
exchangeable_acidity_cmol_per_kg,1,0.0
gravimetric_moisture_percent,1,0.0
ecec_cmol_kg,1,0.0
exchangeable_hydrogen_cmol_per_kg,1,0.0
mir_silt_2to20_micron_percent,1,0.0
ca_to_mg_ratio,1,0.0
ecr,1,0.0
boron_mg_per_kg,1,0.0
total_nitrogen_dumas_percent,1,0.0
mir_sand_over20micron_percent,1,0.0
magnesium_percent,1,0.0
sodium_ammac_mg_per_kg,1,0.0
ph_1to5_water,1,0.0
calcium_percent,1,0.0
bank_position,1,0.0
salinity_ec_1_to_5_ds_per_m,1,0.0
ece_ds_per_m,1,0.0
colwell_phosphorus_mg_per_kg,1,0.0
potassium_percent,1,0.0
magnesium_ammac_mg_per_kg,1,0.0
longest_contig_bp,1,0.0
mean_contig_length_bp,1,0.0
n50_contigs,1,0.0
longest_scaffold_bp,1,0.0
mean_scaffold_length_bp,1,0.0
contigs,1,0.0
translation_table,1,0.0
gc_std_scaffolds_1kbp,1,0.0
predicted_genes,1,0.0
coding_density,1,0.0
scaffolds,1,0.0
strain_heterogeneity,1,0.0
n50_scaffolds,1,0.0
genome_size_bp,1,0.0
gc,1,0.0
ambiguous_bases,1,0.0
marker_sets,1,0.0
markers,1,0.0
genomes,1,0.0
no_of_replicate,1,0.0
altsampleid,1,0.0
species_in_mixed_culture,1,0.0
sequencing_lane_assignment,1,0.0
nuc_treatment,1,0.0
sample_ratio,1,0.0
different_time_points,1,0.0
a1,1,0.0
dnase_treatment,1,0.0
depth_unit,1,0.0
resistance,1,0.0
barcode_identifier,1,0.0
description_of_the_sample,1,0.0
temp_name,1,0.0
sample_number_from_site,1,0.0
site_sampled,1,0.0
local_scale_experimental_context,1,0.0
organic_matter_content,1,0.0
amendment,1,0.0
time_of_collection_hr_min,1,0.0
samp_capt_status,1,0.0
carrier,1,0.0
detailed_sample_location,1,0.0
library_prep_method,1,0.0
case_control_match_group,1,0.0
antibiotics_exposure,1,0.0
stressor,1,0.0
pore_size,1,0.0
original_name,1,0.0
propionic_acid,1,0.0
milk_fat,1,0.0
milk_yield,1,0.0
isolation_soource,1,0.0
skicon_score,1,0.0
sebumeter_score,1,0.0
no_of_plants,1,0.0
room_spacialization,1,0.0
nearest_plants,1,0.0
sample_preservative,1,0.0
host_reproductive_status,1,0.0
food_prior_contact,1,0.0
treatment_timepoint,1,0.0
sampling_time_in_h_after_starting_point,1,0.0
treatment_storage_conditions,1,0.0
symbiont_host_role,1,0.0
detail,1,0.0
1,1,0.0
tem,1,0.0
iron_ii,1,0.0
redox_state,1,0.0
wwtp_type,1,0.0
market_shenzhen,1,0.0
unique_attr,1,0.0
submitter_organization,1,0.0
submitter_name,1,0.0
experimental_infection,1,0.0
3_methyl_indole_skatole_nmol_g,1,0.0
total_indoles_nmol_g,1,0.0
indole_acetate_nmol_g,1,0.0
indole_acrylate_nmol_g,1,0.0
indole_propionate_nmol_g,1,0.0
indole_carbox_aldehyde_nmol_g,1,0.0
indole_nmol_g,1,0.0
indole_lactate_nmol_g,1,0.0
tryptamine_nmol_g,1,0.0
hours_of_sunshine_per_year,1,0.0
cageid_pre_separation,1,0.0
age_of_mouse,1,0.0
age_at_baseline,1,0.0
breeding_pair,1,0.0
probeset,1,0.0
sample_reference,1,0.0
property,1,0.0
custom,1,0.0
units_of_specimen_weight,1,0.0
specimen_weight,1,0.0
labor_status,1,0.0
location_in_treatment_plant,1,0.0
shoot_weight,1,0.0
hcr_temp,1,0.0
sulfate_fw,1,0.0
basin_name,1,0.0
hc_produced,1,0.0
hcr,1,0.0
api,1,0.0
additional_info,1,0.0
vfa_fw,1,0.0
reactors,1,0.0
details,1,0.0
dataset_number,1,0.0
pool_number,1,0.0
replicate_name,1,0.0
added_disruptor,1,0.0
incubation_day,1,0.0
nitrite_h20_ppb,1,0.0
zymosampleid,1,0.0
zymowell,1,0.0
zymoplate,1,0.0
extractionkitlot,1,0.0
samplesubtype,1,0.0
corenumber,1,0.0
phosphorous_h20,1,0.0
samplesubsubtype,1,0.0
randomizedextractiongroup,1,0.0
ph_h20,1,0.0
extractionkittype,1,0.0
dna_concentration_ng_ul,1,0.0
originalsampleid,1,0.0
lattitude,1,0.0
ammonia_h20_mgperl,1,0.0
extractiondate,1,0.0
zymoshiplocation,1,0.0
nitrate_h20_mgperl,1,0.0
specificsampleid,1,0.0
salinity_h20,1,0.0
samplespecifictype,1,0.0
feeding_type_at_one_month,1,0.0
custom_attributes,1,0.0
local_time,1,0.0
transmittance,1,0.0
microbial_abundance_meth,1,0.0
microbial_abundance,1,0.0
mouse_genotype,1,0.0
host_am,1,0.0
significance_number,1,0.0
depth_mbsf,1,0.0
methane_mm,1,0.0
table_of_contents,1,0.0
ammonium_mm,1,0.0
sulfate_mm,1,0.0
gastric_endoscopy,1,0.0
helicobacter_pylori_status_by_clotest,1,0.0
raw_data2,1,0.0
raw_data1,1,0.0
fmt_input,1,0.0
day_post_infection,1,0.0
cdifficile_cfu,1,0.0
percent_weight_dpi,1,0.0
carbohydrate_source,1,0.0
fiber_source,1,0.0
fat_to_carbohdyrate_and_protein_ratio,1,0.0
additional_fat_source,1,0.0
additional_fiber_source,1,0.0
fat_source,1,0.0
protein_source,1,0.0
shorthand,1,0.0
urea,1,0.0
cow,1,0.0
3_nop,1,0.0
chamber,1,0.0
ear_tag,1,0.0
distinguishing_information,1,0.0
pet_material,1,0.0
sample_n,1,0.0
type_of_prokaryotes,1,0.0
short_name,1,0.0
sample_plot,1,0.0
months_since_chemo,1,0.0
time_point_and_tubing_treatment,1,0.0
alkalinity_method,1,0.0
strains_added,1,0.0
sub_replicate,1,0.0
raw_data_name,1,0.0
geo_loc_name_country,1,0.0
intestinal_g6pase_activity,1,0.0
glucose_intolerance_ogtt,1,0.0
liver_body_weight_ratio,1,0.0
hepatic_glycogen,1,0.0
experiment_name,1,0.0
exposure_period_days,1,0.0
fasting_blood_glucose,1,0.0
sample_category,1,0.0
geo_loc_name_country_continent,1,0.0
initial_age_weeks,1,0.0
body_weight,1,0.0
hepatic_g6pase_activity,1,0.0
libraryselection,1,0.0
mice_number,1,0.0
control_treatment,1,0.0
final_age_weeks,1,0.0
vehicles,1,0.0
subcohort,1,0.0
birth_date,1,0.0
mod_to_severe,1,0.0
pruritus_severity,1,0.0
allergy_status,1,0.0
file1,1,0.0
file2,1,0.0
cultivation_regimes,1,0.0
sample_aliquot,1,0.0
description_flied,1,0.0
replicated,1,0.0
pre_post_thaw,1,0.0
samp_size_mg,1,0.0
sequence_method,1,0.0
recist,1,0.0
samples_attributes,1,0.0
sample_metadata,1,0.0
sample_site_and_type,1,0.0
bd_susceptiblity,1,0.0
bd_status,1,0.0
sample_ids,1,0.0
experimental_groups,1,0.0
title_short_description,1,0.0
couple,1,0.0
lab_name,1,0.0
incubation_temp_degrees_c,1,0.0
incubation_time,1,0.0
ahls,1,0.0
identified,1,0.0
beam_trans,1,0.0
surf_irradiance,1,0.0
diss_oxy,1,0.0
corr_irradiance,1,0.0
beam_atten,1,0.0
sampling_cruise,1,0.0
sigma_theta,1,0.0
oxy_sat,1,0.0
object_status,1,0.0
wga_kit,1,0.0
whole_genome_amplification_kit,1,0.0
pet_farm_animal,1,0.0
diet_last_six_month,1,0.0
study_complt_stat,1,0.0
travel_out_six_month,1,0.0
maternal_health_stat,1,0.0
kidney_disord,1,0.0
foetal_health_stat,1,0.0
weight_loss_3_month,1,0.0
nose_throat_disord,1,0.0
twin_sibling,1,0.0
blood_blood_disord,1,0.0
permit_status,1,0.0
instance,1,0.0
uploaddate,1,0.0
hhs_region,1,0.0
mecfs1_control0,1,0.0
stool_colletion_time,1,0.0
mecfsibs2_mecfswoibs1_control0,1,0.0
innoculants,1,0.0
host_subspecies,1,0.0
sequencing_approach,1,0.0
manner_of_death,1,0.0
estimated_pmi,1,0.0
death_site_type,1,0.0
host_antimicrobial_since_last_sample,1,0.0
host_other_current_medications,1,0.0
dietary_intervention,1,0.0
secretor_status,1,0.0
replicat,1,0.0
identified_organisms,1,0.0
file1_md5sum,1,0.0
collectionday,1,0.0
file2_md5sum,1,0.0
mean_blood_pressure,1,0.0
sediment_depth,1,0.0
dissolvedoxygen_percentage,1,0.0
treatment_by,1,0.0
treatment_where,1,0.0
patient_sample_number,1,0.0
days_relative_bmt,1,0.0
publication_timepoint,1,0.0
configuration,1,0.0
fraction_size,1,0.0
temperature_degree_c,1,0.0
oxygen_um,1,0.0
h2s_um,1,0.0
particulate_sulfur_um,1,0.0
tzvs_um,1,0.0
slag_leachate_replicate,1,0.0
transect_coordinate,1,0.0
n_total_ug,1,0.0
c_total_ug,1,0.0
chlorophyll_ugl,1,0.0
