hash,n_samples,frac_samples
669202649185700,43863,0.8237492487980769
147004444281823,25454,0.47802734375
670753777388780,25297,0.4750788762019231
367819507964260,22803,0.4282414362980769
903252061588912,22421,0.4210674579326923
513033632309738,21522,0.40418419471153844
643715241030010,21400,0.40189302884615385
670110047493419,21272,0.3994891826923077
361216987084545,21045,0.39522611177884615
277967939584293,20056,0.3766526442307692
764402641828743,18476,0.3469801682692308
569972802073625,18319,0.34403170072115385
450376530198784,18236,0.3424729567307692
674079023459983,18232,0.34239783653846156
699950381670396,18163,0.34110201322115385
824166945197479,17883,0.33584359975961536
210795735986023,17790,0.33409705528846156
623594446193970,17560,0.3297776442307692
162784038597570,17383,0.32645357572115385
788199583564462,17277,0.324462890625
310648977046564,17205,0.32311072716346156
535844452591407,17182,0.3226787860576923
327618769624642,17177,0.3225848858173077
597599215800560,17112,0.3213641826923077
49700335357486,17085,0.3208571213942308
116127169502189,17026,0.3197490985576923
208672950157769,16877,0.3169508713942308
572405071905040,16811,0.31571138822115385
690835525442770,16654,0.3127629206730769
797635333575726,16644,0.3125751201923077
318009588364252,16630,0.3123121995192308
920021865215314,16600,0.3117487980769231
215663507471527,16581,0.31139197716346156
817220227227013,16570,0.31118539663461536
417819945634449,16562,0.31103515625
648217910062972,16520,0.3102463942307692
427120034046877,16499,0.30985201322115385
89819735130958,16491,0.30970177283653844
837644878180523,16485,0.3095890925480769
794435432476143,16480,0.3094951923076923
155639728714201,16473,0.30936373197115385
535604613327756,16459,0.3091008112980769
817538286678241,16370,0.3074293870192308
44620376073198,16331,0.3066969651442308
444897543943913,16325,0.3065842848557692
823502104686649,16306,0.3062274639423077
770302194216050,16280,0.3057391826923077
362534745206252,16197,0.3041804387019231
516769299414523,16197,0.3041804387019231
233845088409243,16194,0.3041240985576923
97939883238545,16191,0.30406775841346156
552784618234932,16180,0.30386117788461536
651309851648360,16174,0.30374849759615385
139612861837547,16164,0.30356069711538464
294321320169909,16153,0.30335411658653844
822344193578075,16140,0.30310997596153844
788905341152332,16132,0.3029597355769231
227282637949865,16094,0.30224609375
711134002608102,16087,0.30211463341346156
34079770802272,16045,0.3013258713942308
109231219412818,16011,0.30068734975961536
650137602005707,16010,0.30066856971153844
108400589039199,16004,0.3005558894230769
38927900663536,16002,0.3005183293269231
592235889037318,15961,0.2997483473557692
689449745689593,15956,0.29965444711538464
608584090679252,15950,0.2995417668269231
9610713771972,15949,0.29952298677884615
728167359660358,15922,0.2990159254807692
483079136942386,15897,0.29854642427884615
798064210177116,15859,0.2978327824519231
277299733803542,15852,0.29770132211538464
674873727852359,15845,0.29756986177884615
17036921391989,15815,0.29700646033653844
237759169802759,15793,0.29659329927884615
400159360962361,15764,0.29604867788461536
388035300648988,15745,0.29569185697115385
875955041698346,15734,0.2954852764423077
456029045862899,15725,0.29531625600961536
242134147633638,15724,0.29529747596153844
746369352391602,15718,0.2951847956730769
489603515590273,15711,0.29505333533653844
298364452579527,15701,0.2948655348557692
92402492496726,15700,0.2948467548076923
449165939150399,15645,0.29381385216346156
343431552878972,15630,0.2935321514423077
575061810010434,15562,0.2922551081730769
304890739273949,15510,0.2912785456730769
548227937796113,15382,0.2888746995192308
566535575880159,15339,0.2880671574519231
742456693188733,15278,0.2869215745192308
705390657543355,15270,0.28677133413461536
366827848656890,15263,0.2866398737980769
854163078402860,15214,0.2857196514423077
650548429851833,15211,0.2856633112980769
170457784226646,15143,0.28438626802884615
367399523584424,15127,0.28408578725961536
403071454091083,15088,0.28335336538461536
600449839687493,15078,0.28316556490384615
34696458853376,15049,0.28262094350961536
225436703799265,15048,0.28260216346153844
21021847738370,15044,0.2825270432692308
185638801975455,14979,0.2813063401442308
664693964517241,14943,0.28063025841346156
232787020497999,14936,0.2804987980769231
196658063364944,14870,0.27925931490384615
369530454848395,14846,0.27880859375
587944038067831,14768,0.27734375
108719854850361,14758,0.2771559495192308
878208709445799,14743,0.2768742487980769
519291721872673,14710,0.27625450721153844
840917183449026,14686,0.2758037860576923
56170707326481,14659,0.27529672475961536
257144174863394,14636,0.27486478365384615
503578160655379,14633,0.27480844350961536
39186758059518,14605,0.27428260216346156
878466587849312,14539,0.27304311899038464
463778408936416,14536,0.27298677884615385
299105307103174,14535,0.2729679987980769
782868946533202,14512,0.2725360576923077
673518642899483,14503,0.27236703725961536
642538203283085,14437,0.27112755408653844
332810534374075,14433,0.2710524338942308
800570191595145,14420,0.2708082932692308
307672778452152,14395,0.2703387920673077
98887912153311,14378,0.27001953125
167066212864643,14375,0.2699631911057692
112008293847352,14369,0.2698505108173077
871683712834974,14366,0.2697941706730769
122730601445332,14302,0.26859224759615385
56643530363443,14280,0.26817908653846156
829336191805623,14270,0.2679912860576923
31651217898887,14263,0.26785982572115385
149640511506075,14227,0.26718374399038464
444080765004416,14197,0.2666203425480769
670774804760485,14175,0.26620718149038464
560290165538664,14170,0.26611328125
305855874175479,14157,0.265869140625
112172521285601,14102,0.2648362379807692
544490303211392,14074,0.26431039663461536
617056642127065,14036,0.2635967548076923
136483461923595,14034,0.26355919471153844
345400893794116,14018,0.2632587139423077
552323281020371,13998,0.2628831129807692
905575569881331,13984,0.2626201923076923
252384966566993,13974,0.2624323918269231
243474969289728,13955,0.26207557091346156
53198203628588,13929,0.26158728966346156
453662567122971,13910,0.26123046875
455345316629156,13885,0.2607609675480769
898846380565484,13873,0.26053560697115385
160341176046944,13863,0.26034780649038464
189304177974813,13853,0.26016000600961536
267858760448539,13846,0.2600285456730769
461182894933744,13826,0.25965294471153844
609512483119862,13804,0.25923978365384615
852827558318964,13802,0.2592022235576923
321068595047170,13793,0.259033203125
425532308126797,13792,0.2590144230769231
143641113576073,13766,0.2585261418269231
904873843420061,13753,0.2582820012019231
161070945697905,13751,0.2582444411057692
589918863674935,13749,0.25820688100961536
550084800001692,13726,0.25777493990384615
626908814859231,13721,0.25768103966346156
733163784840860,13715,0.257568359375
379268439922890,13702,0.25732421875
646362630990678,13677,0.2568547175480769
115070619772734,13665,0.25662935697115385
92232421382070,13654,0.2564227764423077
137071996704777,13650,0.25634765625
313502888368110,13642,0.25619741586538464
856507126716022,13640,0.2561598557692308
634336363430380,13637,0.256103515625
612351709459012,13625,0.2558781550480769
858092377865167,13613,0.25565279447115385
631087100515334,13600,0.25540865384615385
159413272644298,13590,0.25522085336538464
156464172640196,13584,0.2551081730769231
173793442537351,13570,0.25484525240384615
376487782065627,13563,0.2547137920673077
34503061882572,13560,0.2546574519230769
247475782495281,13528,0.25405649038461536
380312891457821,13525,0.25400015024038464
474012770324396,13524,0.2539813701923077
23694924848822,13523,0.2539625901442308
34956579778679,13523,0.2539625901442308
835740767906402,13523,0.2539625901442308
154963865524914,13522,0.25394381009615385
165204847762967,13517,0.2538499098557692
534317170884854,13513,0.25377478966346156
809688229419038,13503,0.2535869891826923
66629010358248,13482,0.2531926081730769
733533045482072,13482,0.2531926081730769
570881685231874,13480,0.2531550480769231
430747728384727,13473,0.25302358774038464
281414347491324,13468,0.2529296875
881584971544554,13465,0.2528733473557692
521004733252858,13463,0.25283578725961536
872156819398708,13449,0.25257286658653844
22831830087196,13437,0.25234750600961536
22452262381903,13434,0.25229116586538464
88081132330291,13425,0.2521221454326923
434513308489132,13421,0.25204702524038464
743670246828212,13390,0.25146484375
383356316169916,13389,0.2514460637019231
147723125207678,13384,0.25135216346153844
58139930457019,13382,0.25131460336538464
163228226709703,13375,0.25118314302884615
288726607852007,13370,0.25108924278846156
126292938395263,13366,0.25101412259615385
368391094682487,13357,0.25084510216346156
500063934500490,13346,0.25063852163461536
768280712827921,13328,0.2503004807692308
573249178669693,13327,0.25028170072115385
312035850178271,13322,0.2501878004807692
833660923731972,13322,0.2501878004807692
77161738810264,13313,0.2500187800480769
895725347483161,13313,0.2500187800480769
580480224466863,13306,0.24988731971153846
446640009822728,13299,0.249755859375
456285247191683,13298,0.24973707932692307
543405929783140,13283,0.24945537860576922
845858276464474,13283,0.24945537860576922
300420904865763,13270,0.24921123798076922
223741543918786,13261,0.24904221754807693
549185559219202,13242,0.2486853966346154
110894517505046,13239,0.2486290564903846
140319118199710,13234,0.24853515625
181141648778458,13234,0.24853515625
307145677617826,13226,0.2483849158653846
139996753260337,13208,0.248046875
775861289426922,13203,0.2479529747596154
34898462446213,13200,0.2478966346153846
785889209262348,13189,0.24769005408653846
832640724203449,13188,0.24767127403846154
737902441166929,13182,0.24755859375
610412703282342,13175,0.24742713341346154
25467119875090,13168,0.24729567307692307
742093251041125,13167,0.24727689302884615
195477276026997,13160,0.24714543269230768
742120110020624,13158,0.24710787259615385
274167170765114,13155,0.24705153245192307
413479828844451,13145,0.24686373197115385
419033300731898,13141,0.24678861177884615
446561256653547,13138,0.2467322716346154
215854050802497,13134,0.24665715144230768
343273656107231,13128,0.24654447115384615
64613162899135,13122,0.2464317908653846
516870491152737,13120,0.24639423076923078
481264012993789,13116,0.24631911057692307
429710046384715,13107,0.24615009014423078
913170301186791,13106,0.24613131009615385
680080312533458,13103,0.24607496995192307
327760614782432,13100,0.24601862980769232
142740670420716,13096,0.2459435096153846
377671737068966,13093,0.24588716947115385
121166426214980,13090,0.24583082932692307
264106864260826,13081,0.24566180889423078
208199491560821,13079,0.24562424879807693
214848332818208,13068,0.24541766826923078
422124845136744,13057,0.2452110877403846
113329687613304,13056,0.24519230769230768
547512300962759,13054,0.24515474759615385
678971833695174,13053,0.24513596754807693
318543029088682,13052,0.2451171875
607779264418172,13040,0.24489182692307693
15230597434874,13025,0.24461012620192307
768149939763535,13025,0.24461012620192307
361000352310813,13016,0.24444110576923078
915146996292819,13016,0.24444110576923078
190186237965936,13006,0.24425330528846154
490738808268514,12996,0.24406550480769232
655841438007557,12996,0.24406550480769232
357147683624996,12994,0.24402794471153846
552162746584789,12989,0.24393404447115385
148694827714177,12979,0.2437462439903846
272470015845417,12971,0.24359600360576922
650063354722612,12966,0.2435021033653846
793048779545031,12963,0.24344576322115385
125106488186494,12952,0.24323918269230768
460409090480828,12938,0.24297626201923078
648677755596693,12928,0.24278846153846154
517375457351290,12923,0.24269456129807693
196664902862562,12910,0.24245042067307693
604029017352300,12908,0.24241286057692307
635857105850507,12907,0.24239408052884615
857200875628394,12904,0.2423377403846154
210398115110249,12897,0.24220628004807693
424929017654380,12897,0.24220628004807693
480982333285504,12896,0.2421875
278644054199675,12871,0.24171799879807693
296135457737363,12867,0.24164287860576922
52983963727407,12864,0.24158653846153846
368231249024867,12851,0.24134239783653846
855519546023503,12849,0.2413048377403846
760789305395819,12843,0.24119215745192307
698432030579853,12835,0.24104191706730768
625024771986334,12832,0.24098557692307693
378698719270152,12827,0.24089167668269232
272514280162749,12796,0.24030949519230768
872697237597725,12778,0.23997145432692307
54207391874112,12768,0.23978365384615385
589288143679706,12766,0.23974609375
610038660316420,12762,0.23967097355769232
300466094382003,12760,0.23963341346153846
510585281351092,12749,0.23942683293269232
5994515773676,12747,0.23938927283653846
922277825453839,12744,0.23933293269230768
89926378199646,12743,0.23931415264423078
860740747663950,12730,0.23907001201923078
861782987858426,12726,0.23899489182692307
818934217474617,12723,0.23893855168269232
849162847996330,12717,0.23882587139423078
32100832287280,12715,0.23878831129807693
813867806203948,12712,0.23873197115384615
585147637403174,12705,0.23860051081730768
780061880136718,12702,0.23854417067307693
119619492213410,12682,0.23816856971153846
239044113705317,12682,0.23816856971153846
552913222179815,12665,0.23784930889423078
103322844166386,12653,0.23762394831730768
700192713160338,12647,0.23751126802884615
692211218917691,12621,0.23702298677884615
157643945885597,12620,0.23700420673076922
826440820220162,12600,0.23662860576923078
34077169558746,12538,0.23546424278846154
158156887253051,12536,0.23542668269230768
313839243602200,12532,0.2353515625
54716384921675,12513,0.23499474158653846
288462280173868,12510,0.23493840144230768
743739070385416,12499,0.23473182091346154
271907056950107,12498,0.2347130408653846
820995100106406,12493,0.234619140625
788032507218641,12485,0.2344689002403846
670109555004678,12484,0.23445012019230768
520160864342480,12464,0.23407451923076922
385000873345310,12453,0.23386793870192307
98008960848460,12427,0.23337965745192307
273883281224345,12400,0.23287259615384615
671745229212489,12399,0.23285381610576922
664822726592950,12398,0.23283503605769232
475002982902777,12376,0.232421875
368639424021763,12369,0.23229041466346154
668662458062494,12365,0.23221529447115385
471222622502095,12352,0.23197115384615385
97477546357273,12348,0.23189603365384615
196285422542607,12333,0.23161433293269232
185051152594302,12322,0.23140775240384615
742574574084405,12309,0.23116361177884615
638169468165723,12308,0.23114483173076922
740493520445643,12307,0.23112605168269232
190318184361119,12278,0.23058143028846154
569156488842066,12266,0.23035606971153846
893161194415137,12266,0.23035606971153846
520948555258089,12248,0.23001802884615385
700978464272255,12238,0.2298302283653846
857989553039646,12223,0.22954852764423078
299306576097215,12205,0.22921048677884615
181339770045884,12196,0.22904146634615385
854977633120181,12194,0.22900390625
681715677451269,12132,0.22783954326923078
333929573311730,12123,0.22767052283653846
723815504326341,12123,0.22767052283653846
326874044041860,12110,0.22742638221153846
825123583859624,12106,0.22735126201923078
640298690107209,12098,0.2272010216346154
325992142811118,12097,0.22718224158653846
323155713816289,12092,0.22708834134615385
806151983660999,12085,0.2269568810096154
486383004535513,12084,0.22693810096153846
237371417980342,12077,0.226806640625
151431575589820,12066,0.22660006009615385
286322652422440,12060,0.22648737980769232
778222416811703,12059,0.2264685997596154
664192411042398,12057,0.22643103966346154
344347105919413,12056,0.2264122596153846
358074299686061,12047,0.22624323918269232
230102953448914,12042,0.22614933894230768
133492747343355,12038,0.22607421875
302537484777922,12019,0.22571739783653846
629482674592842,12018,0.22569861778846154
541445240425406,12013,0.22560471754807693
173102198039096,12012,0.2255859375
44110938282875,12007,0.2254920372596154
712951284031993,11967,0.22474083533653846
155475246870361,11965,0.2247032752403846
702242059602632,11949,0.22440279447115385
622003053662514,11946,0.22434645432692307
653736487401706,11946,0.22434645432692307
799290481419114,11927,0.22398963341346154
475302412921279,11918,0.22382061298076922
498441746818792,11915,0.22376427283653846
793233119685666,11894,0.22336989182692307
281967535676759,11888,0.22325721153846154
554587383556708,11885,0.22320087139423078
627193280176622,11883,0.22316331129807693
582974361540567,11839,0.22233698918269232
153348617458407,11815,0.22188626802884615
847058417220882,11805,0.22169846754807693
679354777768086,11802,0.22164212740384615
356302255057650,11786,0.2213416466346154
117523364763774,11783,0.2212853064903846
531392906412676,11767,0.22098482572115385
281966290832739,11765,0.220947265625
207829121485329,11753,0.22072190504807693
720835060966614,11740,0.22047776442307693
828186266963837,11740,0.22047776442307693
218263465276973,11712,0.21995192307692307
330862582582256,11710,0.21991436298076922
509900680545633,11707,0.21985802283653846
593595066658452,11707,0.21985802283653846
677724991939732,11707,0.21985802283653846
155386635885846,11705,0.2198204627403846
235859342923732,11696,0.21965144230769232
919675897688175,11692,0.2195763221153846
537908252242728,11686,0.21946364182692307
50830791384534,11682,0.2193885216346154
548173433280290,11679,0.2193321814903846
10038290925125,11667,0.21910682091346154
725949237399096,11660,0.21897536057692307
718792304503760,11658,0.21893780048076922
39243879582193,11655,0.21888146033653846
663852917809931,11652,0.21882512019230768
387073766583757,11650,0.21878756009615385
433137214344646,11640,0.2185997596153846
376383225879555,11629,0.21839317908653846
217954502025759,11625,0.21831805889423078
475702062765181,11618,0.21818659855769232
265549335239798,11613,0.21809269831730768
390820699648525,11607,0.21798001802884615
77684131794466,11602,0.21788611778846154
222289584648160,11600,0.21784855769230768
458062472618481,11594,0.21773587740384615
426810469330218,11584,0.21754807692307693
427117782527130,11568,0.21724759615384615
492509945114215,11568,0.21724759615384615
377885261006369,11549,0.2168907752403846
575146726675807,11537,0.21666541466346154
315230945949754,11524,0.21642127403846154
897682969592517,11523,0.2164024939903846
205067688250081,11517,0.21628981370192307
169004508348342,11508,0.21612079326923078
807208663380028,11507,0.21610201322115385
579375806441677,11505,0.216064453125
108634061272776,11498,0.21593299278846154
12223597833845,11497,0.2159142127403846
331861558264737,11497,0.2159142127403846
858568566869129,11493,0.21583909254807693
383722347510152,11490,0.21578275240384615
885486364960488,11490,0.21578275240384615
518004176507422,11482,0.21563251201923078
427839141765977,11465,0.21531325120192307
130567333760490,11454,0.21510667067307693
29665938880435,11450,0.21503155048076922
481336084504029,11446,0.21495643028846154
253412403179605,11416,0.21439302884615385
526848127979019,11415,0.21437424879807693
382477850503997,11414,0.21435546875
911644869452486,11404,0.21416766826923078
830359388649846,11403,0.21414888822115385
238299766530554,11384,0.21379206730769232
745360148446439,11373,0.21358548677884615
918994038626141,11373,0.21358548677884615
765612776062897,11372,0.21356670673076922
780212681073821,11372,0.21356670673076922
274624704426050,11369,0.21351036658653846
859483890673367,11369,0.21351036658653846
792972410179073,11357,0.2132850060096154
329692709791552,11356,0.21326622596153846
382534077908926,11354,0.2132286658653846
99706236174393,11335,0.21287184495192307
604026479138409,11314,0.21247746394230768
389339577709166,11305,0.2123084435096154
873106025377622,11300,0.21221454326923078
711739982932297,11299,0.21219576322115385
414824383009183,11298,0.21217698317307693
178239646421591,11291,0.21204552283653846
751351867407451,11291,0.21204552283653846
901984735190884,11272,0.21168870192307693
821516904641611,11263,0.2115196814903846
517074170358541,11261,0.21148212139423078
677183637271773,11259,0.21144456129807693
676048137053608,11257,0.21140700120192307
518214292194167,11247,0.21121920072115385
369814822806790,11242,0.21112530048076922
695410534734330,11229,0.21088115985576922
556204838536072,11222,0.21074969951923078
537027078180876,11218,0.21067457932692307
59195727209723,11215,0.21061823918269232
412892399237100,11210,0.21052433894230768
911222284957053,11201,0.2103553185096154
313876759789341,11200,0.21033653846153846
647892789504774,11197,0.21028019831730768
185460444387084,11193,0.210205078125
724543140061664,11191,0.21016751802884615
82173656570004,11190,0.21014873798076922
54035422987152,11181,0.20997971754807693
160738722163249,11176,0.20988581730769232
777801731713715,11173,0.20982947716346154
641976953724115,11163,0.20964167668269232
534120558663234,11161,0.20960411658653846
912547346534245,11160,0.20958533653846154
673972463092925,11153,0.20945387620192307
184774560241791,11136,0.2091346153846154
5288306979850,11128,0.208984375
462070683262854,11128,0.208984375
615164974205501,11128,0.208984375
169673345180382,11115,0.208740234375
674832671146857,11115,0.208740234375
242714674881280,11112,0.20868389423076922
218333827905276,11110,0.2086463341346154
462435088722709,11110,0.2086463341346154
343194182795078,11107,0.2085899939903846
645070430833210,11106,0.20857121394230768
403866369705753,11089,0.208251953125
207216360444883,11088,0.20823317307692307
776406660819594,11088,0.20823317307692307
30629371515433,11082,0.20812049278846154
637758046398028,11073,0.20795147235576922
561217823737218,11068,0.2078575721153846
847335383457371,11068,0.2078575721153846
282011206842479,11057,0.20765099158653846
189894046718382,11050,0.20751953125
922202442592149,11050,0.20751953125
365676443441373,11042,0.2073692908653846
568908671319153,11040,0.20733173076923078
445963163848266,11035,0.20723783052884615
675291291096509,11030,0.20714393028846154
73377034381251,11026,0.20706881009615385
7459515921998,11024,0.20703125
302193981058076,11018,0.20691856971153846
239113278210018,11004,0.20665564903846154
653615123504382,10998,0.20654296875
371363557968037,10995,0.20648662860576922
309727973246773,10982,0.20624248798076922
614307166333924,10977,0.2061485877403846
472581887164250,10970,0.20601712740384615
174662938113324,10963,0.20588566706730768
489870921641870,10961,0.20584810697115385
845062231708833,10959,0.205810546875
604213888445059,10957,0.20577298677884615
749878317443095,10957,0.20577298677884615
337869487247886,10956,0.20575420673076922
297415085266213,10954,0.2057166466346154
238581016581106,10938,0.2054161658653846
429391528010321,10938,0.2054161658653846
594585321602200,10937,0.20539738581730768
178665774780292,10935,0.20535982572115385
375638819625470,10931,0.20528470552884615
208581489031982,10928,0.2052283653846154
553380662467385,10928,0.2052283653846154
403921735176340,10924,0.20515324519230768
434549256743084,10914,0.20496544471153846
546024527051130,10912,0.2049278846153846
674628471827603,10904,0.20477764423076922
839422895407723,10891,0.20453350360576922
272467308162147,10882,0.20436448317307693
573419187374339,10881,0.204345703125
161797221883988,10875,0.20423302283653846
838675161831313,10873,0.2041954627403846
256063593357872,10871,0.20415790264423078
140227444240669,10865,0.20404522235576922
401117881798691,10858,0.20391376201923078
542848979930914,10836,0.20350060096153846
843654064406065,10827,0.20333158052884615
215273813807551,10825,0.20329402043269232
899483012429414,10811,0.2030310997596154
294522482832086,10809,0.20299353966346154
657185905527402,10800,0.20282451923076922
605154772285585,10798,0.2027869591346154
109403590947686,10793,0.20269305889423078
393697599702151,10783,0.20250525841346154
398776444462624,10767,0.20220477764423078
675678905020767,10765,0.20216721754807693
192044150682259,10760,0.20207331730769232
504494702355347,10757,0.20201697716346154
403570580598265,10756,0.2019981971153846
417295778902030,10748,0.20184795673076922
524620704098264,10747,0.20182917668269232
314307447703210,10743,0.2017540564903846
654710347274263,10730,0.2015099158653846
641949981734274,10727,0.20145357572115385
574200224488004,10714,0.20120943509615385
270618298389687,10700,0.20094651442307693
344707854318901,10697,0.20089017427884615
547849450853236,10683,0.20062725360576922
362633744909071,10672,0.20042067307692307
633433962688025,10671,0.20040189302884615
907221782206364,10662,0.20023287259615385
691882056124208,10661,0.20021409254807693
871731082925099,10661,0.20021409254807693
729211466578102,10653,0.20006385216346154
726167880841277,10650,0.20000751201923078
218652446974087,10640,0.19981971153846154
208811273023938,10637,0.19976337139423078
9061051479453,10628,0.19959435096153846
30898749386547,10628,0.19959435096153846
209702081525166,10625,0.19953801081730768
685772256307835,10622,0.19948167067307693
632682794107244,10621,0.199462890625
664441878751307,10619,0.19942533052884615
656200575167758,10611,0.19927509014423078
478931294085308,10601,0.19908728966346154
644891132064500,10597,0.19901216947115385
613774473639092,10567,0.19844876802884615
119720979769766,10564,0.1983924278846154
100302141595654,10561,0.1983360877403846
396750342542433,10561,0.1983360877403846
128577571960865,10550,0.19812950721153846
921883938801003,10547,0.19807316706730768
477125007854828,10541,0.19796048677884615
195243537278285,10538,0.1979041466346154
514441716668877,10518,0.19752854567307693
196258262438722,10508,0.19734074519230768
832309472051977,10506,0.19730318509615385
652282162158702,10500,0.19719050480769232
546438964399765,10498,0.19715294471153846
338997124013794,10484,0.19689002403846154
727664789115742,10476,0.19673978365384615
460635455810461,10472,0.19666466346153846
312172919083293,10465,0.196533203125
272290280970360,10456,0.19636418269230768
197784229394065,10451,0.19627028245192307
916268165888076,10450,0.19625150240384615
653471286931824,10445,0.19615760216346154
384868714830287,10438,0.19602614182692307
389377793930006,10432,0.19591346153846154
148355572601057,10431,0.1958946814903846
783498218001984,10430,0.19587590144230768
552648414530740,10429,0.19585712139423078
389206233354322,10427,0.19581956129807693
411743460255364,10408,0.1954627403846154
693884347905184,10405,0.1954064002403846
528275464178526,10401,0.19533128004807693
713898633904391,10396,0.19523737980769232
566631769567171,10378,0.19489933894230768
326302028705054,10371,0.19476787860576922
95906656864369,10366,0.1946739783653846
620641517067075,10366,0.1946739783653846
354546748829298,10359,0.19454251802884615
90023434152092,10353,0.1944298377403846
865352741456749,10353,0.1944298377403846
444095872859107,10350,0.19437349759615385
431358130410992,10342,0.19422325721153846
663462366932727,10337,0.19412935697115385
107053405000175,10336,0.19411057692307693
169039750540809,10327,0.1939415564903846
353864063184569,10327,0.1939415564903846
728384561212069,10326,0.19392277644230768
286373300446183,10322,0.19384765625
922047784696827,10321,0.19382887620192307
490559979250758,10320,0.19381009615384615
554960309372211,10318,0.19377253605769232
888950431066642,10317,0.1937537560096154
837456611877045,10300,0.19343449519230768
473029279136390,10295,0.19334059495192307
234177470028718,10293,0.19330303485576922
418961268365128,10289,0.19322791466346154
70640962870729,10288,0.1932091346153846
339988135883619,10286,0.19317157451923078
183824657621076,10284,0.19313401442307693
515242551437426,10284,0.19313401442307693
906736231739451,10274,0.19294621394230768
115108818768315,10271,0.19288987379807693
380114367954549,10268,0.19283353365384615
573768347519725,10267,0.19281475360576922
687687959964591,10266,0.19279597355769232
526425494762168,10262,0.1927208533653846
435502108323225,10252,0.1925330528846154
345022751842271,10248,0.19245793269230768
868343478713899,10234,0.19219501201923078
762588277397120,10226,0.1920447716346154
543687665675333,10215,0.19183819110576922
106970816899006,10212,0.19178185096153846
818434847277942,10198,0.19151893028846154
573455241717100,10197,0.1915001502403846
396570323488942,10194,0.19144381009615385
474458060711332,10192,0.19140625
398277442642003,10181,0.19119966947115385
811144511615766,10175,0.19108698918269232
134287984272243,10171,0.1910118689903846
276405290181005,10169,0.19097430889423078
396385983883980,10168,0.19095552884615385
606765984625806,10168,0.19095552884615385
651449531039782,10164,0.19088040865384615
612013169762180,10161,0.1908240685096154
615177590146825,10156,0.19073016826923078
178785620689655,10147,0.19056114783653846
187503336259300,10141,0.19044846754807693
6739711137298,10140,0.1904296875
175404792957003,10138,0.19039212740384615
512742046027000,10134,0.19031700721153846
196209216665350,10133,0.19029822716346154
794478131316965,10132,0.1902794471153846
292205682828551,10130,0.19024188701923078
841476653889392,10126,0.19016676682692307
674337937169984,10123,0.19011042668269232
349552311948931,10122,0.1900916466346154
768909658446173,10118,0.19001652644230768
601545748360578,10110,0.18986628605769232
472952330362189,10109,0.1898475060096154
374113178106547,10107,0.18980994591346154
150261507487047,10104,0.18975360576923078
426730732435082,10100,0.18967848557692307
76010774260612,10095,0.18958458533653846
160329504850244,10094,0.18956580528846154
777211076807562,10079,0.18928410456730768
584089337645789,10073,0.18917142427884615
889865526745791,10070,0.1891150841346154
785791300256593,10064,0.18900240384615385
395948237497269,10063,0.18898362379807693
501014856313739,10057,0.1888709435096154
292982716763840,10049,0.188720703125
679646623039117,10049,0.188720703125
99819682322587,10048,0.18870192307692307
387600832499700,10039,0.18853290264423078
356246878507130,10030,0.18836388221153846
198470664110286,10029,0.18834510216346154
640282319302909,10029,0.18834510216346154
722809253877322,10014,0.18806340144230768
563000210669451,10013,0.18804462139423078
796438572580955,10012,0.18802584134615385
308651507924196,10010,0.18798828125
639379275425022,10010,0.18798828125
580469903609090,10007,0.18793194110576922
10270161349909,10004,0.18787560096153846
867515482016552,9999,0.18778170072115385
312871313003396,9997,0.187744140625
216685798199329,9994,0.18768780048076922
634390734288906,9993,0.18766902043269232
647083179640400,9990,0.18761268028846154
261061548687877,9985,0.18751878004807693
909493728480385,9984,0.1875
104139121878851,9983,0.18748121995192307
222425615468407,9982,0.18746243990384615
695830760324042,9978,0.18738731971153846
192495014081435,9973,0.18729341947115385
439597302509004,9971,0.187255859375
806940499986513,9968,0.18719951923076922
872702728102399,9961,0.18706805889423078
786008729723093,9960,0.18704927884615385
409348542587729,9956,0.18697415865384615
202174104955944,9952,0.18689903846153846
235148440828981,9950,0.1868614783653846
556877327001191,9949,0.18684269831730768
240112397007516,9947,0.18680513822115385
273744056949604,9938,0.18663611778846154
147192108990904,9935,0.18657977764423078
596353441326059,9932,0.1865234375
198560060461987,9927,0.1864295372596154
665792425386478,9924,0.1863731971153846
554773826507717,9923,0.18635441706730768
849704671176602,9923,0.18635441706730768
46200416605535,9913,0.18616661658653846
104220867395396,9912,0.18614783653846154
365934789633806,9911,0.1861290564903846
484997149675188,9900,0.18592247596153846
470171358102440,9898,0.1858849158653846
793822129002012,9897,0.18586613581730768
619529065473650,9895,0.18582857572115385
384747760122634,9890,0.18573467548076922
382706626161061,9889,0.18571589543269232
644591805659205,9889,0.18571589543269232
92257540276579,9886,0.18565955528846154
825804310771509,9886,0.18565955528846154
325120018735675,9883,0.18560321514423078
368918314477749,9883,0.18560321514423078
763479838364256,9880,0.185546875
95528205715438,9877,0.18549053485576922
165162251520407,9877,0.18549053485576922
913130131540154,9874,0.18543419471153846
381519105317350,9873,0.18541541466346154
726925489362480,9873,0.18541541466346154
623095475027846,9872,0.1853966346153846
892262672510982,9870,0.18535907451923078
160075259429817,9866,0.18528395432692307
387555196816635,9866,0.18528395432692307
818127333558320,9858,0.18513371394230768
900811493664862,9856,0.18509615384615385
216623164740656,9854,0.18505859375
58741984348609,9850,0.18498347355769232
556973947633868,9849,0.1849646935096154
465057801927272,9848,0.18494591346153846
473839479270460,9842,0.18483323317307693
708731837030768,9842,0.18483323317307693
196554251539848,9839,0.18477689302884615
779852310603700,9834,0.18468299278846154
362756491000924,9832,0.18464543269230768
590115408089351,9832,0.18464543269230768
663247704753839,9829,0.18458909254807693
903887655698262,9829,0.18458909254807693
225487182059083,9826,0.18453275240384615
832461946154817,9825,0.18451397235576922
603173711645581,9821,0.18443885216346154
1652243004613,9818,0.18438251201923078
140633625740719,9817,0.18436373197115385
652328365378372,9817,0.18436373197115385
50636091282048,9816,0.18434495192307693
767278987429944,9813,0.18428861177884615
838670789147421,9809,0.18421349158653846
50099298945835,9807,0.1841759314903846
391493082325454,9807,0.1841759314903846
70929646640932,9805,0.18413837139423078
417597709441068,9800,0.18404447115384615
189213351549125,9799,0.18402569110576922
703137372282060,9798,0.18400691105769232
859837201534949,9798,0.18400691105769232
125424224506850,9797,0.1839881310096154
722961437301637,9793,0.18391301081730768
174292267448415,9791,0.18387545072115385
528053016460348,9791,0.18387545072115385
26696320621246,9785,0.18376277043269232
605896203560341,9780,0.18366887019230768
529381494408273,9777,0.18361253004807693
231653392850138,9776,0.18359375
889717469806014,9772,0.18351862980769232
566106424790102,9770,0.18348106971153846
136594019016497,9768,0.1834435096153846
911720696354951,9767,0.18342472956730768
23273731015509,9762,0.18333082932692307
464380400409143,9762,0.18333082932692307
585959841896444,9759,0.18327448918269232
809309132952898,9759,0.18327448918269232
264860626108603,9757,0.18323692908653846
908587311105601,9757,0.18323692908653846
551906947004265,9755,0.1831993689903846
555480866288574,9753,0.18316180889423078
907265414091323,9753,0.18316180889423078
564359906472108,9751,0.18312424879807693
106036387156068,9746,0.18303034855769232
107037393898407,9745,0.1830115685096154
15011238510980,9744,0.18299278846153846
547944778298653,9743,0.18297400841346154
312874392370377,9739,0.18289888822115385
879083684298316,9738,0.18288010817307693
160796074669507,9737,0.182861328125
142209299494553,9731,0.18274864783653846
880218139427612,9731,0.18274864783653846
614700553792687,9726,0.18265474759615385
367344687355996,9725,0.18263596754807693
422541580347842,9722,0.18257962740384615
516166688735346,9720,0.18254206730769232
432687547303767,9716,0.1824669471153846
550117891715163,9714,0.18242938701923078
49477743006610,9711,0.182373046875
61180771129022,9704,0.18224158653846154
205786136256063,9704,0.18224158653846154
169900846626571,9702,0.18220402644230768
255393749398996,9700,0.18216646634615385
310543584856138,9697,0.18211012620192307
156693358939031,9696,0.18209134615384615
431862922316210,9694,0.18205378605769232
719617967050450,9693,0.1820350060096154
448453628387764,9691,0.18199744591346154
381863624433656,9689,0.18195988581730768
392207938705282,9689,0.18195988581730768
185600699824282,9688,0.18194110576923078
293446710939773,9687,0.18192232572115385
663432641601587,9687,0.18192232572115385
45899665897718,9686,0.18190354567307693
841701517361785,9685,0.181884765625
287211417745216,9682,0.18182842548076922
679145746077850,9680,0.1817908653846154
394449845063615,9677,0.1817345252403846
809255326872537,9669,0.18158428485576922
793418758260467,9666,0.18152794471153846
443518331442544,9660,0.18141526442307693
213705439577144,9654,0.1813025841346154
794565518467481,9651,0.1812462439903846
193765954687343,9646,0.18115234375
807097036929928,9643,0.18109600360576922
823982839180760,9643,0.18109600360576922
323507748423382,9639,0.18102088341346154
164240771424756,9637,0.18098332331730768
590693654197389,9636,0.18096454326923078
694580606470150,9634,0.18092698317307693
47195221954898,9633,0.180908203125
226464979720071,9633,0.180908203125
243988418863322,9631,0.18087064302884615
509931521592048,9626,0.18077674278846154
87368737700326,9624,0.18073918269230768
610719231073071,9621,0.18068284254807693
104773273931783,9620,0.1806640625
475881760180645,9618,0.18062650240384615
781271648429386,9615,0.1805701622596154
75113424117148,9612,0.1805138221153846
910149294522813,9611,0.18049504206730768
698728274572185,9610,0.18047626201923078
918870842727506,9603,0.18034480168269232
343859713079497,9600,0.18028846153846154
141864664157071,9599,0.1802696814903846
773308468247198,9591,0.18011944110576922
340381411596173,9589,0.1800818810096154
767110528549150,9588,0.18006310096153846
165698698394499,9586,0.1800255408653846
497534395097369,9583,0.17996920072115385
762535715779305,9581,0.179931640625
891528098088283,9579,0.17989408052884615
902165233862735,9578,0.17987530048076922
869918047107428,9574,0.17980018028846154
745464456594579,9572,0.17976262019230768
159039507783176,9563,0.1795935997596154
15418944142827,9556,0.17946213942307693
452642630116130,9553,0.17940579927884615
499843515048110,9553,0.17940579927884615
381565913303289,9550,0.1793494591346154
253171136370136,9549,0.17933067908653846
114452154762736,9547,0.1792931189903846
514649029911850,9540,0.17916165865384615
655277654625427,9540,0.17916165865384615
266187439994599,9536,0.17908653846153846
719379605775587,9531,0.17899263822115385
292048075326775,9527,0.17891751802884615
601823418701789,9524,0.1788611778846154
297681540361090,9519,0.17876727764423078
767200954379453,9517,0.17872971754807693
883405110523883,9515,0.17869215745192307
368967768069442,9513,0.17865459735576922
894790838681691,9513,0.17865459735576922
132089026102199,9504,0.17848557692307693
489375276722321,9503,0.178466796875
627754299131836,9498,0.1783728966346154
613310818895865,9497,0.17835411658653846
816288234779833,9490,0.17822265625
53046533950956,9489,0.17820387620192307
689745238129143,9489,0.17820387620192307
46225335646832,9487,0.17816631610576922
678491060538857,9487,0.17816631610576922
151585147847367,9486,0.17814753605769232
103809222448456,9485,0.1781287560096154
818720975763728,9482,0.1780724158653846
371398961825766,9481,0.17805363581730768
116436108072803,9476,0.17795973557692307
216422193201971,9473,0.17790339543269232
834173282895914,9466,0.17777193509615385
375947156459183,9463,0.17771559495192307
579741617081488,9462,0.17769681490384615
896116774691105,9456,0.1775841346153846
812727465948869,9452,0.17750901442307693
913338037005104,9451,0.177490234375
60392623159167,9449,0.17745267427884615
914308033480262,9447,0.17741511418269232
226291913108558,9443,0.1773399939903846
432118521614652,9440,0.17728365384615385
413573625286464,9438,0.17724609375
115802007739799,9436,0.17720853365384615
99158052302772,9435,0.17718975360576922
832511031758075,9432,0.17713341346153846
742672501965721,9431,0.17711463341346154
765742315269720,9431,0.17711463341346154
383093118277321,9429,0.17707707331730768
525527350406171,9429,0.17707707331730768
660716944449011,9428,0.17705829326923078
919616816918253,9427,0.17703951322115385
678021759865581,9422,0.17694561298076922
522443896719219,9416,0.17683293269230768
874571598616101,9415,0.17681415264423078
435301189182052,9412,0.1767578125
783532510201531,9412,0.1767578125
343511606170443,9410,0.17672025240384615
598614947886771,9408,0.17668269230769232
390106376745619,9406,0.17664513221153846
518187878279958,9406,0.17664513221153846
698611822565762,9403,0.17658879206730768
310128826283480,9402,0.17657001201923078
524387895548993,9397,0.17647611177884615
818576012795651,9397,0.17647611177884615
561416387341433,9393,0.17640099158653846
283135482169641,9392,0.17638221153846154
652052249587564,9391,0.1763634314903846
683165572445754,9391,0.1763634314903846
575346044034147,9390,0.17634465144230768
603673761491650,9387,0.17628831129807693
172903924919073,9386,0.17626953125
563949795891945,9386,0.17626953125
674403757493696,9385,0.17625075120192307
787515338038222,9385,0.17625075120192307
70181633751331,9384,0.17623197115384615
476736464406339,9383,0.17621319110576922
767153902496653,9383,0.17621319110576922
771109399242584,9380,0.17615685096153846
499888415565566,9378,0.1761192908653846
421797086562641,9376,0.17608173076923078
594698960183152,9376,0.17608173076923078
367917352551347,9373,0.176025390625
4491612660163,9371,0.17598783052884615
244192311320831,9361,0.17580003004807693
586077931965513,9359,0.17576246995192307
410057818493171,9349,0.17557466947115385
182864305532917,9348,0.17555588942307693
583260290343335,9341,0.17542442908653846
796951708140400,9336,0.17533052884615385
52766782441426,9335,0.17531174879807693
915316653568216,9335,0.17531174879807693
347893169315498,9328,0.17518028846153846
595120177661256,9326,0.1751427283653846
360322010591953,9324,0.17510516826923078
257482521227605,9322,0.17506760817307693
696306219017823,9322,0.17506760817307693
841169438543895,9322,0.17506760817307693
725918885878473,9317,0.17497370793269232
814173072777539,9317,0.17497370793269232
833023497061969,9309,0.17482346754807693
589012071603963,9305,0.17474834735576922
197479837833409,9304,0.17472956730769232
254158187932000,9302,0.17469200721153846
52736921055694,9299,0.17463566706730768
886506552558769,9297,0.17459810697115385
191246052076237,9296,0.17457932692307693
555849123648892,9294,0.17454176682692307
880409663662483,9284,0.17435396634615385
506084364117245,9280,0.17427884615384615
900161794199155,9279,0.17426006610576922
254598702555174,9274,0.1741661658653846
279033847585659,9273,0.17414738581730768
690416196007173,9273,0.17414738581730768
344006276063911,9272,0.17412860576923078
499415999020462,9272,0.17412860576923078
351697546473002,9271,0.17410982572115385
53719831156937,9269,0.174072265625
568117253936037,9269,0.174072265625
860640197059960,9269,0.174072265625
556799381462689,9267,0.17403470552884615
630904148539580,9266,0.17401592548076922
418835159902566,9263,0.17395958533653846
812740614040889,9263,0.17395958533653846
86156275549697,9262,0.17394080528846154
158792187621192,9260,0.17390324519230768
504508462690115,9260,0.17390324519230768
804644963518497,9259,0.17388446514423078
611549152019118,9257,0.17384690504807693
871223265413641,9251,0.1737342247596154
611248272352814,9247,0.17365910456730768
314651558090189,9243,0.173583984375
787230573363493,9235,0.1734337439903846
707462641441241,9233,0.17339618389423078
583350333207780,9229,0.17332106370192307
124286651737231,9227,0.17328350360576922
639372281287687,9227,0.17328350360576922
802190277269682,9225,0.1732459435096154
250312428359186,9224,0.17322716346153846
257011087209456,9219,0.17313326322115385
401679526187146,9218,0.17311448317307693
799954925728680,9217,0.173095703125
734320882924053,9205,0.17287034254807693
670399941110292,9201,0.17279522235576922
569894349320812,9196,0.1727013221153846
558430565965346,9194,0.17266376201923078
236267219857830,9193,0.17264498197115385
750081150330730,9193,0.17264498197115385
648677719499065,9187,0.17253230168269232
402072331482186,9185,0.17249474158653846
679684100317535,9184,0.17247596153846154
693487117727115,9182,0.17243840144230768
30479755324431,9178,0.17236328125
126641586475862,9177,0.17234450120192307
27321344908875,9176,0.17232572115384615
495594065033656,9174,0.17228816105769232
344407729519982,9171,0.17223182091346154
252675408996859,9168,0.17217548076923078
233693768318200,9167,0.17215670072115385
258872628023258,9164,0.17210036057692307
299919239697351,9160,0.1720252403846154
5878728193792,9159,0.17200646033653846
791818924479612,9158,0.17198768028846154
457134819706358,9157,0.1719689002403846
348284661049497,9155,0.17193134014423078
273265593147553,9150,0.17183743990384615
394648486950235,9148,0.17179987980769232
716351301578029,9148,0.17179987980769232
549990611363096,9147,0.1717810997596154
677720399018828,9146,0.17176231971153846
128971632368165,9145,0.17174353966346154
33747870910949,9139,0.171630859375
704123486874906,9139,0.171630859375
160544511566970,9136,0.17157451923076922
479707162128104,9133,0.17151817908653846
129208125595750,9132,0.17149939903846154
112861598873255,9131,0.1714806189903846
71967054025509,9128,0.17142427884615385
139476144363313,9122,0.17131159855769232
361118363605246,9117,0.17121769831730768
745451934856467,9116,0.17119891826923078
65354365513979,9114,0.17116135817307693
292701200917423,9111,0.17110501802884615
420366474665739,9111,0.17110501802884615
491759795155896,9108,0.1710486778846154
892072268876206,9107,0.17102989783653846
172940525624111,9106,0.17101111778846154
914392109808678,9106,0.17101111778846154
865664826608011,9104,0.17097355769230768
835199590226468,9100,0.1708984375
871763345802425,9097,0.17084209735576922
657541984328717,9096,0.17082331730769232
561127128382557,9093,0.17076697716346154
313709598390017,9091,0.17072941706730768
473924178714490,9087,0.170654296875
67299224600329,9085,0.17061673677884615
408699440506123,9079,0.1705040564903846
628274914634374,9078,0.17048527644230768
62762011967378,9076,0.17044771634615385
605707962667482,9076,0.17044771634615385
169743786764901,9075,0.17042893629807693
184948849040886,9075,0.17042893629807693
423981749161617,9070,0.17033503605769232
530994694526646,9070,0.17033503605769232
680635166155154,9070,0.17033503605769232
785757974319368,9070,0.17033503605769232
446628679811575,9066,0.1702599158653846
374145632273177,9064,0.17022235576923078
214316590724694,9063,0.17020357572115385
43733861304623,9060,0.17014723557692307
650436630445282,9058,0.17010967548076922
252315567093739,9057,0.17009089543269232
19094369443291,9056,0.1700721153846154
569470664230200,9055,0.17005333533653846
484426436415031,9054,0.17003455528846154
869032083204950,9047,0.16990309495192307
310264028985377,9046,0.16988431490384615
382684060595028,9046,0.16988431490384615
824856490828281,9043,0.1698279747596154
855757803853590,9043,0.1698279747596154
583081824139761,9040,0.1697716346153846
84218703730650,9038,0.16973407451923078
208496134589858,9037,0.16971529447115385
290788849816810,9033,0.16964017427884615
905270165151254,9030,0.1695838341346154
51257965564757,9027,0.1695274939903846
904515806096718,9027,0.1695274939903846
589726310897988,9024,0.16947115384615385
714657742953682,9021,0.16941481370192307
555142962534482,9020,0.16939603365384615
10520661846414,9019,0.16937725360576922
40082693966555,9016,0.16932091346153846
661478880316710,9016,0.16932091346153846
11514728762888,9014,0.1692833533653846
513628175044015,9014,0.1692833533653846
841838798423977,9012,0.16924579326923078
454041785484393,9010,0.16920823317307693
117981477521380,9008,0.16917067307692307
20690295611963,9007,0.16915189302884615
187749480975441,9004,0.1690955528846154
214389734430443,9004,0.1690955528846154
708819282385090,9004,0.1690955528846154
187880881704405,9003,0.16907677283653846
429882820810939,9003,0.16907677283653846
414887886466360,9000,0.16902043269230768
533424617076858,9000,0.16902043269230768
476971590928205,8999,0.16900165264423078
471060839859323,8998,0.16898287259615385
823246082139474,8998,0.16898287259615385
748561240000313,8996,0.1689453125
25132189268697,8994,0.16890775240384615
726665132291427,8991,0.1688514122596154
207710725035038,8990,0.16883263221153846
824007575371104,8989,0.16881385216346154
580825930761792,8985,0.16873873197115385
582697052812940,8984,0.16871995192307693
805456829708457,8983,0.168701171875
630653842133329,8981,0.16866361177884615
329233795860105,8980,0.16864483173076922
598417332314721,8978,0.1686072716346154
293657848154315,8977,0.16858849158653846
355836817124209,8977,0.16858849158653846
863538813146329,8977,0.16858849158653846
231202260220188,8976,0.16856971153846154
233772825625215,8974,0.16853215144230768
661835489826497,8973,0.16851337139423078
528662870752553,8972,0.16849459134615385
909570799338462,8972,0.16849459134615385
761885202149019,8971,0.16847581129807693
733865815482882,8967,0.16840069110576922
549379247822863,8964,0.16834435096153846
757977211405655,8962,0.1683067908653846
416023864602494,8958,0.16823167067307693
120940956985383,8951,0.16810021033653846
592517808945384,8951,0.16810021033653846
105541157490335,8950,0.16808143028846154
143174264538985,8947,0.16802509014423078
858675045432570,8944,0.16796875
281597755766767,8940,0.16789362980769232
115219083623393,8937,0.16783728966346154
872016175292171,8936,0.1678185096153846
891695368877557,8934,0.16778094951923078
902228841187265,8931,0.167724609375
362797989513206,8926,0.1676307091346154
470162480270336,8926,0.1676307091346154
526771278970477,8924,0.16759314903846154
244751477821557,8920,0.16751802884615385
406702559830251,8918,0.16748046875
248665604341749,8915,0.16742412860576922
731229689333468,8915,0.16742412860576922
240897071474159,8910,0.1673302283653846
890949816560490,8910,0.1673302283653846
414416764904469,8907,0.16727388822115385
281528446677902,8905,0.167236328125
603789343378136,8905,0.167236328125
304094809942237,8904,0.16721754807692307
140757770470970,8903,0.16719876802884615
374445591615277,8900,0.1671424278846154
607017416938620,8900,0.1671424278846154
629744133149209,8900,0.1671424278846154
811195821834677,8900,0.1671424278846154
657340504956533,8896,0.16706730769230768
348417932930423,8895,0.16704852764423078
903042465787576,8887,0.1668982872596154
34713748853404,8883,0.16682316706730768
632230610388924,8880,0.16676682692307693
839006347944568,8880,0.16676682692307693
913146043111726,8880,0.16676682692307693
237448511748184,8879,0.166748046875
621847283595148,8877,0.16671048677884615
63681965509000,8874,0.1666541466346154
161302366887713,8873,0.16663536658653846
426221930219062,8872,0.16661658653846154
710046652634137,8871,0.1665978064903846
900160095321705,8871,0.1665978064903846
458536148524056,8870,0.16657902644230768
715382533994799,8870,0.16657902644230768
463421832509996,8868,0.16654146634615385
253911902926961,8862,0.16642878605769232
651061322033669,8860,0.16639122596153846
397266685900139,8858,0.1663536658653846
175667550201084,8855,0.16629732572115385
494869129790369,8854,0.16627854567307693
159614126152056,8853,0.166259765625
373126116573613,8850,0.16620342548076922
481182722853865,8848,0.1661658653846154
578518056803543,8845,0.1661095252403846
97179197815705,8841,0.16603440504807693
236747361880727,8840,0.166015625
688574418814666,8839,0.16599684495192307
261314260131533,8837,0.16595928485576922
103909417255171,8830,0.16582782451923078
560720536847241,8827,0.165771484375
491740881792112,8826,0.16575270432692307
100323765558174,8823,0.16569636418269232
96889830525702,8822,0.1656775841346154
276901364151650,8821,0.16565880408653846
287286376850280,8820,0.16564002403846154
784201625778539,8820,0.16564002403846154
642179192110488,8815,0.16554612379807693
686734846833281,8815,0.16554612379807693
89802024543260,8814,0.16552734375
840524612288076,8812,0.16548978365384615
828018442063479,8811,0.16547100360576922
902556149277480,8811,0.16547100360576922
298170910996830,8810,0.16545222355769232
619158418804275,8808,0.16541466346153846
809592848756481,8805,0.16535832331730768
775783326114573,8802,0.16530198317307693
345402517493134,8800,0.16526442307692307
34202169730653,8799,0.16524564302884615
174995957253025,8793,0.1651329627403846
672406442521904,8791,0.16509540264423078
57125713599464,8790,0.16507662259615385
295396556309162,8788,0.1650390625
851893157832587,8781,0.16490760216346154
913605512087705,8780,0.1648888221153846
224721874818912,8775,0.164794921875
678174060602313,8773,0.16475736177884615
299358696745701,8769,0.16468224158653846
729136894574358,8768,0.16466346153846154
139363068496307,8767,0.1646446814903846
537914426232925,8767,0.1646446814903846
661031135420474,8767,0.1646446814903846
780271024010995,8767,0.1646446814903846
119971828382061,8757,0.1644568810096154
348564553277967,8754,0.1644005408653846
915690143379660,8753,0.16438176081730768
685913087672940,8752,0.16436298076923078
826152426006113,8751,0.16434420072115385
139978366130184,8749,0.164306640625
499959881489831,8748,0.16428786057692307
245757593863366,8743,0.16419396033653846
319423304721147,8743,0.16419396033653846
38867658538081,8741,0.1641564002403846
225667263180247,8741,0.1641564002403846
63272127345152,8739,0.16411884014423078
448951933031407,8739,0.16411884014423078
721810642348200,8736,0.1640625
693237368292786,8735,0.16404371995192307
332597838445945,8733,0.16400615985576922
705068448120641,8731,0.1639685997596154
810808140563677,8731,0.1639685997596154
560620456890959,8725,0.16385591947115385
118765805266409,8721,0.16378079927884615
47466007164649,8719,0.16374323918269232
242462808403703,8718,0.1637244591346154
440243459344724,8718,0.1637244591346154
675461307794312,8718,0.1637244591346154
18760439770061,8712,0.16361177884615385
111507505471534,8712,0.16361177884615385
267906859249541,8711,0.16359299879807693
248231638967089,8710,0.16357421875
823664334398211,8710,0.16357421875
120523112209373,8706,0.16349909855769232
502237709958368,8706,0.16349909855769232
507282212251751,8703,0.16344275841346154
112204705851285,8695,0.16329251802884615
793915618126773,8694,0.16327373798076922
921395290335451,8693,0.16325495793269232
656699520030299,8692,0.1632361778846154
396793466437422,8688,0.16316105769230768
752799065445143,8688,0.16316105769230768
902986619350056,8686,0.16312349759615385
199608871616021,8681,0.16302959735576922
828491804927424,8681,0.16302959735576922
853176827029254,8680,0.16301081730769232
431161668089638,8677,0.16295447716346154
77549254025842,8676,0.1629356971153846
372758293248776,8675,0.16291691706730768
655585893185983,8673,0.16287935697115385
326881097220080,8670,0.16282301682692307
93107580355054,8669,0.16280423677884615
861205840975090,8666,0.1627478966346154
91697681009459,8665,0.16272911658653846
122832342778848,8665,0.16272911658653846
126197520173073,8665,0.16272911658653846
797924070747989,8663,0.1626915564903846
32569568977358,8659,0.16261643629807693
432844662122509,8659,0.16261643629807693
856924094782784,8657,0.16257887620192307
918342181239861,8657,0.16257887620192307
415345469865169,8656,0.16256009615384615
395113186430911,8651,0.16246619591346154
593363284208371,8651,0.16246619591346154
167521684117351,8647,0.16239107572115385
211240491219486,8647,0.16239107572115385
592161063137954,8644,0.16233473557692307
775369730486961,8643,0.16231595552884615
183617744343121,8640,0.1622596153846154
604330073089984,8639,0.16224083533653846
582452792464389,8637,0.1622032752403846
544766650017394,8635,0.16216571514423078
406942244435428,8633,0.16212815504807693
664426292945729,8632,0.162109375
719988126268413,8628,0.16203425480769232
900934337340212,8625,0.16197791466346154
175693972512137,8624,0.1619591346153846
190754988110721,8624,0.1619591346153846
618626545117654,8623,0.16194035456730768
831335234606793,8622,0.16192157451923078
74489233734748,8619,0.161865234375
699435942161840,8617,0.16182767427884615
862228833000723,8617,0.16182767427884615
836954038403694,8614,0.1617713341346154
668352572276912,8610,0.16169621394230768
719574787422648,8610,0.16169621394230768
742922821306384,8609,0.16167743389423078
635169394383583,8601,0.1615271935096154
443294916314296,8599,0.16148963341346154
593406664965765,8599,0.16148963341346154
107501752132327,8597,0.16145207331730768
436569326349829,8596,0.16143329326923078
366242507107392,8595,0.16141451322115385
675532627359618,8593,0.161376953125
168425020153458,8592,0.16135817307692307
239760952761980,8589,0.16130183293269232
856336539118208,8588,0.1612830528846154
859479389579694,8588,0.1612830528846154
527875215305116,8583,0.16118915264423078
822674120246187,8583,0.16118915264423078
326192957853252,8582,0.16117037259615385
244905287692247,8581,0.16115159254807693
444080106298585,8575,0.1610389122596154
735044142702532,8575,0.1610389122596154
172638998667894,8573,0.16100135216346154
282332949787484,8572,0.1609825721153846
217347399224713,8571,0.16096379206730768
176902136005677,8568,0.16090745192307693
194997095165326,8568,0.16090745192307693
398458301403657,8564,0.16083233173076922
62794585953358,8563,0.16081355168269232
611293864197565,8556,0.16068209134615385
127037322512206,8555,0.16066331129807693
205640339610638,8553,0.16062575120192307
880116227548801,8553,0.16062575120192307
7504968134,8552,0.16060697115384615
718820978008403,8550,0.16056941105769232
888321945372702,8545,0.16047551081730768
867385927175681,8542,0.16041917067307693
375990630026348,8539,0.16036283052884615
21778439652635,8533,0.1602501502403846
354978270411905,8533,0.1602501502403846
699271219719709,8532,0.16023137019230768
776390946760535,8531,0.16021259014423078
852895664345507,8530,0.16019381009615385
155036177458864,8528,0.16015625
464560023955944,8528,0.16015625
585145493448445,8528,0.16015625
431774309895431,8527,0.16013746995192307
135187459670778,8526,0.16011868990384615
304909318548039,8526,0.16011868990384615
393732697583324,8525,0.16009990985576922
393760993712400,8525,0.16009990985576922
657746709664867,8525,0.16009990985576922
876372631082080,8525,0.16009990985576922
167509662075255,8523,0.1600623497596154
717255144482273,8520,0.1600060096153846
437466264881323,8518,0.15996844951923078
526639986378395,8516,0.15993088942307693
531258348153175,8515,0.159912109375
682864178764193,8515,0.159912109375
82492238481326,8510,0.1598182091346154
329268030099295,8510,0.1598182091346154
484863206416754,8509,0.15979942908653846
666070961393208,8507,0.1597618689903846
868286582568379,8507,0.1597618689903846
161902101254078,8505,0.15972430889423078
744508541390639,8501,0.15964918870192307
202536019835785,8500,0.15963040865384615
460858039039684,8499,0.15961162860576922
291548597263080,8498,0.15959284855769232
842662289096124,8497,0.1595740685096154
478196990454867,8494,0.1595177283653846
895149891492432,8494,0.1595177283653846
344985887495481,8489,0.159423828125
657300555237995,8489,0.159423828125
832474500253595,8487,0.15938626802884615
472329636339385,8486,0.15936748798076922
547143967297442,8486,0.15936748798076922
37696121096047,8485,0.15934870793269232
696721461688881,8484,0.1593299278846154
916642731102300,8484,0.1593299278846154
307621991924106,8482,0.15929236778846154
393234608175166,8482,0.15929236778846154
755598712723722,8482,0.15929236778846154
818774744529985,8480,0.15925480769230768
348321866531560,8479,0.15923602764423078
448444874831146,8479,0.15923602764423078
504744340991653,8477,0.15919846754807693
522005268428749,8477,0.15919846754807693
257312562728838,8476,0.1591796875
404632318092396,8476,0.1591796875
662602781689770,8475,0.15916090745192307
87727324175241,8474,0.15914212740384615
280948900577207,8473,0.15912334735576922
345945989416192,8472,0.15910456730769232
700931361289312,8472,0.15910456730769232
308408172823279,8471,0.1590857872596154
561134165588624,8471,0.1590857872596154
26876593563960,8468,0.1590294471153846
556692507346164,8468,0.1590294471153846
228310903308361,8467,0.15901066706730768
529859362592655,8465,0.15897310697115385
869376972953053,8459,0.15886042668269232
174949292231152,8457,0.15882286658653846
280827099945892,8456,0.15880408653846154
572186073828265,8456,0.15880408653846154
735937482997762,8456,0.15880408653846154
681464030816771,8454,0.15876652644230768
459492889207205,8453,0.15874774639423078
686645103654843,8452,0.15872896634615385
573421641344375,8450,0.15869140625
66462053637440,8449,0.15867262620192307
450767420622757,8440,0.15850360576923078
799112787786585,8433,0.15837214543269232
206594933555899,8432,0.1583533653846154
164698896589798,8431,0.15833458533653846
551839203280357,8429,0.1582970252403846
602313530309964,8427,0.15825946514423078
124829216027687,8424,0.158203125
161553636074374,8423,0.15818434495192307
297115448509407,8423,0.15818434495192307
450543605830150,8423,0.15818434495192307
164379776286297,8420,0.15812800480769232
174385399571497,8416,0.1580528846153846
556493965385277,8413,0.15799654447115385
90946986191046,8411,0.157958984375
643749675262312,8409,0.15792142427884615
813280105298333,8409,0.15792142427884615
17654922434470,8405,0.15784630408653846
815920759800235,8402,0.15778996394230768
313274690081975,8400,0.15775240384615385
368865015299339,8399,0.15773362379807693
649169367963573,8398,0.15771484375
252013742242548,8396,0.15767728365384615
778758617211244,8395,0.15765850360576922
626655433581551,8392,0.15760216346153846
902961768738873,8392,0.15760216346153846
8056251796431,8391,0.15758338341346154
781663299876580,8391,0.15758338341346154
910276474029830,8391,0.15758338341346154
634653414788153,8390,0.1575646033653846
125788946922888,8387,0.15750826322115385
657343277697078,8386,0.15748948317307693
65633906609314,8385,0.157470703125
848897953394330,8383,0.15743314302884615
901460395185151,8383,0.15743314302884615
298749811673847,8381,0.15739558293269232
395570997811410,8376,0.15730168269230768
559792615716349,8373,0.15724534254807693
468350080252352,8372,0.1572265625
736886178803930,8371,0.15720778245192307
684987193182219,8369,0.15717022235576922
899634863391083,8368,0.15715144230769232
553376076709209,8367,0.1571326622596154
647427414202018,8366,0.15711388221153846
752317476119910,8363,0.15705754206730768
451622074346589,8362,0.15703876201923078
567466364752237,8361,0.15701998197115385
766717405025511,8361,0.15701998197115385
852499893681031,8361,0.15701998197115385
830141187413227,8360,0.15700120192307693
299231433042859,8359,0.156982421875
646703764193493,8358,0.15696364182692307
337972381315525,8357,0.15694486177884615
471818293321606,8356,0.15692608173076922
110461179200293,8355,0.15690730168269232
396352830063633,8355,0.15690730168269232
414689402857647,8353,0.15686974158653846
230038538354203,8352,0.15685096153846154
329524534831159,8351,0.1568321814903846
681992961766992,8349,0.15679462139423078
782321935808387,8348,0.15677584134615385
893326023666627,8348,0.15677584134615385
287971516818623,8346,0.15673828125
713937340161054,8344,0.15670072115384615
567098695591956,8341,0.1566443810096154
504001947980719,8336,0.15655048076923078
907953768852663,8336,0.15655048076923078
149427152459757,8335,0.15653170072115385
300261206796720,8335,0.15653170072115385
440658448005897,8335,0.15653170072115385
458814712578039,8335,0.15653170072115385
820789603110823,8335,0.15653170072115385
603778807206066,8334,0.15651292067307693
722422507652356,8331,0.15645658052884615
118434260570858,8330,0.15643780048076922
831679580837674,8330,0.15643780048076922
876309709575126,8330,0.15643780048076922
389764628511291,8325,0.1563439002403846
477776221566317,8321,0.15626878004807693
69113589947549,8320,0.15625
911347562135648,8320,0.15625
94241419110903,8319,0.15623121995192307
414778900940544,8319,0.15623121995192307
546079848855220,8317,0.15619365985576922
37977485614655,8316,0.15617487980769232
175948556406174,8316,0.15617487980769232
821103937185626,8316,0.15617487980769232
124375134504857,8314,0.15613731971153846
540282901759461,8313,0.15611853966346154
464637697397977,8311,0.15608097956730768
543620297087070,8311,0.15608097956730768
522927839509830,8307,0.156005859375
211985466175316,8305,0.15596829927884615
101293922894542,8304,0.15594951923076922
626040072203197,8301,0.15589317908653846
667756289016688,8300,0.15587439903846154
879972173862649,8293,0.15574293870192307
417731377159862,8290,0.15568659855769232
789451367317748,8290,0.15568659855769232
96099033784870,8289,0.1556678185096154
16820776698818,8287,0.15563025841346154
141173133049047,8287,0.15563025841346154
186138022321085,8283,0.15555513822115385
93998787829971,8281,0.155517578125
533203838324659,8281,0.155517578125
699547544447873,8279,0.15548001802884615
372778442652266,8278,0.15546123798076922
746885475617919,8278,0.15546123798076922
186704161884803,8276,0.1554236778846154
225747004461908,8276,0.1554236778846154
554149096470193,8276,0.1554236778846154
627923816300764,8275,0.15540489783653846
437607551383470,8274,0.15538611778846154
870198179294416,8273,0.1553673377403846
432781908962705,8271,0.15532977764423078
841233604264914,8271,0.15532977764423078
634897531137637,8268,0.1552734375
683058197010429,8268,0.1552734375
234937786533856,8267,0.15525465745192307
354454370932731,8267,0.15525465745192307
465632996383675,8266,0.15523587740384615
657554192884918,8265,0.15521709735576922
449499717197199,8264,0.15519831730769232
542209483699973,8262,0.15516075721153846
755475153775265,8262,0.15516075721153846
342647037490969,8260,0.1551231971153846
792742639655660,8259,0.15510441706730768
158182624698896,8257,0.15506685697115385
276611824478175,8257,0.15506685697115385
105321998835343,8256,0.15504807692307693
717561343085166,8256,0.15504807692307693
619570095490711,8253,0.15499173677884615
836596043065381,8249,0.15491661658653846
16676699073590,8248,0.15489783653846154
653100811263256,8248,0.15489783653846154
821963755527369,8246,0.15486027644230768
312309653921537,8245,0.15484149639423078
376601071338278,8245,0.15484149639423078
857334473483270,8245,0.15484149639423078
429635319874873,8243,0.15480393629807693
230863630347405,8242,0.15478515625
629428806902287,8239,0.15472881610576922
155482317837348,8237,0.1546912560096154
177684592763277,8235,0.15465369591346154
270271321155305,8232,0.15459735576923078
746795029272166,8232,0.15459735576923078
342075051791923,8231,0.15457857572115385
18872986204318,8230,0.15455979567307693
57095303207240,8229,0.154541015625
500785488141596,8227,0.15450345552884615
707336947359500,8227,0.15450345552884615
43288426247252,8226,0.15448467548076922
706272499942798,8225,0.15446589543269232
865579508576829,8221,0.1543907752403846
108903580937021,8220,0.15437199519230768
154816184872640,8220,0.15437199519230768
493317315608631,8218,0.15433443509615385
416665304513508,8217,0.15431565504807693
890618194336395,8217,0.15431565504807693
220492171304158,8216,0.154296875
279442667809900,8214,0.15425931490384615
478460927563268,8214,0.15425931490384615
231368354972144,8212,0.15422175480769232
18775456643387,8211,0.1542029747596154
32019665808240,8211,0.1542029747596154
347461445662983,8209,0.15416541466346154
120811029870326,8205,0.15409029447115385
797648741548210,8204,0.15407151442307693
585919071273751,8203,0.154052734375
826366464138497,8203,0.154052734375
634746067981994,8202,0.15403395432692307
379544071614327,8201,0.15401517427884615
167241822907259,8200,0.15399639423076922
203182175578547,8200,0.15399639423076922
386104642871269,8198,0.1539588341346154
790701632896266,8196,0.15392127403846154
266232199289868,8195,0.1539024939903846
87042381044006,8192,0.15384615384615385
240307457529216,8186,0.15373347355769232
49937894865321,8184,0.15369591346153846
41439456199324,8181,0.15363957331730768
545209822706345,8181,0.15363957331730768
55673707890508,8179,0.15360201322115385
723983455225768,8179,0.15360201322115385
853476535778638,8178,0.15358323317307693
756381928476677,8176,0.15354567307692307
390353223742655,8174,0.15350811298076922
311197524206558,8170,0.15343299278846154
812100375667994,8167,0.15337665264423078
482049701870101,8157,0.15318885216346154
273701955299695,8156,0.1531700721153846
31627743075764,8153,0.15311373197115385
674986477661879,8149,0.15303861177884615
765854961932814,8148,0.15301983173076922
765454998001649,8147,0.15300105168269232
684279590842147,8144,0.15294471153846154
862487362104979,8144,0.15294471153846154
288089051327285,8140,0.15286959134615385
574182915045479,8139,0.15285081129807693
489139586901149,8137,0.15281325120192307
263334335727111,8136,0.15279447115384615
311482837567584,8132,0.15271935096153846
70012635015594,8130,0.1526817908653846
799378320961844,8127,0.15262545072115385
490683378179087,8125,0.152587890625
772221178444924,8125,0.152587890625
900073690107525,8124,0.15256911057692307
917690753859929,8123,0.15255033052884615
823104287417997,8119,0.15247521033653846
561405611146941,8118,0.15245643028846154
302032955890613,8116,0.15241887019230768
685520885677494,8116,0.15241887019230768
914911406652757,8116,0.15241887019230768
882330949213120,8114,0.15238131009615385
667261967065214,8113,0.15236253004807693
45882198320425,8106,0.15223106971153846
541546429560437,8106,0.15223106971153846
215162712792630,8104,0.1521935096153846
755371611528412,8099,0.152099609375
564313184354719,8098,0.15208082932692307
541607243641918,8095,0.15202448918269232
312935577202055,8094,0.1520057091346154
678576044331382,8094,0.1520057091346154
199990318058777,8091,0.1519493689903846
118950684394284,8090,0.15193058894230768
734689681050222,8083,0.15179912860576922
273215332211842,8077,0.15168644831730768
887062305259571,8076,0.15166766826923078
131356641456013,8075,0.15164888822115385
196050699403813,8072,0.15159254807692307
818571523818131,8071,0.15157376802884615
459053828530826,8069,0.15153620793269232
194413265471084,8068,0.1515174278846154
705456301953462,8068,0.1515174278846154
497459325142787,8067,0.15149864783653846
136334506356350,8066,0.15147986778846154
598022736150820,8066,0.15147986778846154
122494949903590,8064,0.15144230769230768
222762552796582,8064,0.15144230769230768
452073219094687,8062,0.15140474759615385
774042508445844,8061,0.15138596754807693
220402218040137,8060,0.1513671875
472071191989494,8054,0.15125450721153846
165407402552951,8053,0.15123572716346154
54662195036321,8052,0.1512169471153846
536237711380640,8049,0.15116060697115385
562899619244840,8049,0.15116060697115385
817637325607177,8047,0.151123046875
644387479167309,8045,0.15108548677884615
807022721907498,8045,0.15108548677884615
225818179539493,8044,0.15106670673076922
397627056105496,8042,0.1510291466346154
876419039469904,8042,0.1510291466346154
14957931191535,8038,0.15095402644230768
814106313919983,8033,0.15086012620192307
814758548460674,8032,0.15084134615384615
679034881970328,8030,0.15080378605769232
753564191448251,8028,0.15076622596153846
47432275623785,8026,0.1507286658653846
59575262283917,8022,0.15065354567307693
102158369946166,8022,0.15065354567307693
256090473685943,8022,0.15065354567307693
810830750574037,8022,0.15065354567307693
765722902393081,8020,0.15061598557692307
214981297193985,8018,0.15057842548076922
592053923886115,8018,0.15057842548076922
282522417305028,8016,0.1505408653846154
71169916895135,8014,0.15050330528846154
232713166414895,8012,0.15046574519230768
847470869613516,8012,0.15046574519230768
324670585478993,8011,0.15044696514423078
841157455507497,8008,0.150390625
122723817439172,8007,0.15037184495192307
172654970866641,8007,0.15037184495192307
729786544349632,8007,0.15037184495192307
508018655835840,8006,0.15035306490384615
884267477517406,8004,0.15031550480769232
922051742474585,8003,0.1502967247596154
231977818497894,7999,0.15022160456730768
611094416876446,7990,0.1500525841346154
121374433949204,7988,0.15001502403846154
174751676319092,7988,0.15001502403846154
75808437787898,7987,0.1499962439903846
327397276663232,7986,0.14997746394230768
848322461441399,7986,0.14997746394230768
729428922423052,7983,0.14992112379807693
261403152474205,7982,0.14990234375
218057327783539,7980,0.14986478365384615
827557637712947,7978,0.14982722355769232
259957616679590,7977,0.1498084435096154
511258089162955,7976,0.14978966346153846
804155171635255,7976,0.14978966346153846
215384076755080,7969,0.149658203125
497607485039922,7968,0.14963942307692307
255649891614602,7966,0.14960186298076922
381855534745084,7966,0.14960186298076922
855292396772669,7966,0.14960186298076922
748157201842432,7965,0.14958308293269232
339396853378317,7963,0.14954552283653846
534076538411467,7963,0.14954552283653846
540538480588691,7963,0.14954552283653846
285944380536119,7959,0.14947040264423078
757957332712093,7959,0.14947040264423078
301174169934255,7957,0.14943284254807693
385650243198669,7956,0.1494140625
753692949695639,7956,0.1494140625
530814583673400,7954,0.14937650240384615
22748065549754,7952,0.14933894230769232
705657082429665,7952,0.14933894230769232
36286745028591,7951,0.1493201622596154
654037227697612,7945,0.14920748197115385
52044795789406,7942,0.14915114182692307
575074688612380,7942,0.14915114182692307
892912188199711,7942,0.14915114182692307
11416832453845,7937,0.14905724158653846
70674959984992,7935,0.1490196814903846
712179202957005,7934,0.14900090144230768
356647435024765,7933,0.14898212139423078
644114249523142,7931,0.14894456129807693
472803724949546,7928,0.14888822115384615
767515889414934,7928,0.14888822115384615
308295223285122,7926,0.14885066105769232
96114820987526,7922,0.1487755408653846
837028919241740,7922,0.1487755408653846
525163300872072,7921,0.14875676081730768
889004224649067,7916,0.14866286057692307
890468873506732,7910,0.14855018028846154
10739069740363,7902,0.14839993990384615
94727083921601,7901,0.14838115985576922
349648942474098,7899,0.1483435997596154
579719289847910,7899,0.1483435997596154
558764324703444,7896,0.1482872596153846
706054510763699,7896,0.1482872596153846
796931313193553,7896,0.1482872596153846
354953449097319,7892,0.14821213942307693
619137411315007,7892,0.14821213942307693
397410799123177,7890,0.14817457932692307
400482759122589,7890,0.14817457932692307
312462076486768,7887,0.14811823918269232
800663098379337,7887,0.14811823918269232
801761962137355,7886,0.1480994591346154
361009391825197,7881,0.14800555889423078
669823307180639,7878,0.14794921875
70155073113200,7876,0.14791165865384615
338037408749557,7876,0.14791165865384615
459661886577605,7875,0.14789287860576922
572325364076842,7875,0.14789287860576922
174502104356330,7873,0.1478553185096154
591200348190663,7872,0.14783653846153846
856112020193263,7872,0.14783653846153846
550326228619140,7871,0.14781775841346154
787607341041517,7871,0.14781775841346154
102328350974180,7870,0.1477989783653846
898070888710483,7867,0.14774263822115385
443082948810281,7866,0.14772385817307693
757724709391299,7864,0.14768629807692307
761788685551965,7864,0.14768629807692307
897994542713441,7864,0.14768629807692307
40444287406917,7860,0.1476111778846154
335532082712133,7859,0.14759239783653846
237491307048552,7857,0.1475548377403846
661751574755304,7855,0.14751727764423078
415788036103272,7854,0.14749849759615385
917115157965902,7853,0.14747971754807693
887865944745667,7852,0.1474609375
336933824326771,7851,0.14744215745192307
480402582406399,7849,0.14740459735576922
903991948052341,7849,0.14740459735576922
737524050571452,7845,0.14732947716346154
912168377400746,7841,0.14725435697115385
159175989797396,7839,0.147216796875
351946565402085,7839,0.147216796875
861219997199574,7839,0.147216796875
630791250889190,7838,0.14719801682692307
762692666020367,7834,0.1471228966346154
270495240852031,7825,0.14695387620192307
81670194079115,7823,0.14691631610576922
453178410459216,7823,0.14691631610576922
662746123864425,7821,0.1468787560096154
116685869638901,7817,0.14680363581730768
844713742019324,7817,0.14680363581730768
675043838389790,7814,0.14674729567307693
758002440823834,7813,0.146728515625
378159332451722,7812,0.14670973557692307
836920292355089,7810,0.14667217548076922
536823359965751,7808,0.1466346153846154
277061104353038,7806,0.14659705528846154
76585900716541,7803,0.14654071514423078
478587910762312,7803,0.14654071514423078
363135145369110,7801,0.14650315504807693
344391863814811,7799,0.14646559495192307
802377486305984,7798,0.14644681490384615
842312593279870,7798,0.14644681490384615
132465308965052,7793,0.14635291466346154
468758693754624,7789,0.14627779447115385
417962825865801,7786,0.14622145432692307
539368518063866,7785,0.14620267427884615
823438052741509,7785,0.14620267427884615
445784760519375,7782,0.1461463341346154
379004929630278,7780,0.14610877403846154
167932295682665,7778,0.14607121394230768
343834915080852,7778,0.14607121394230768
519467791660708,7778,0.14607121394230768
194823581416063,7777,0.14605243389423078
255637596609588,7777,0.14605243389423078
363638117903125,7777,0.14605243389423078
431596213216997,7776,0.14603365384615385
280847109289801,7774,0.14599609375
645171328749416,7774,0.14599609375
92099900772581,7773,0.14597731370192307
328856029769719,7773,0.14597731370192307
215413519286103,7772,0.14595853365384615
504054531843102,7771,0.14593975360576922
342403561266198,7768,0.14588341346153846
768227401465463,7768,0.14588341346153846
877778102056554,7767,0.14586463341346154
866610252666333,7766,0.1458458533653846
303128133962079,7765,0.14582707331730768
561544168669972,7765,0.14582707331730768
761182822974456,7763,0.14578951322115385
323995967350492,7760,0.14573317307692307
779530634855064,7760,0.14573317307692307
38408099133471,7755,0.14563927283653846
534993435183654,7755,0.14563927283653846
191815806404549,7754,0.14562049278846154
202746637957782,7752,0.14558293269230768
171844659746824,7750,0.14554537259615385
372393125045429,7748,0.1455078125
168377806280249,7745,0.14545147235576922
405084521334369,7745,0.14545147235576922
429585264325081,7745,0.14545147235576922
531847489909856,7745,0.14545147235576922
266406694848104,7743,0.1454139122596154
66660964394635,7740,0.1453575721153846
382958776519959,7736,0.14528245192307693
429185360758613,7735,0.145263671875
110177615114220,7734,0.14524489182692307
13585334892674,7733,0.14522611177884615
94115088603656,7733,0.14522611177884615
36713681161884,7732,0.14520733173076922
372592153948908,7732,0.14520733173076922
395119496242709,7730,0.1451697716346154
336658699366330,7729,0.14515099158653846
865077718216853,7729,0.14515099158653846
543880198204404,7726,0.14509465144230768
101653215694574,7724,0.14505709134615385
88776823865532,7723,0.14503831129807693
125436003076746,7723,0.14503831129807693
425780855467960,7723,0.14503831129807693
599287177810507,7719,0.14496319110576922
353017629152727,7717,0.1449256310096154
842415510820245,7716,0.14490685096153846
820179641366849,7715,0.14488807091346154
835301970683171,7715,0.14488807091346154
170428312776001,7712,0.14483173076923078
246871970976607,7705,0.14470027043269232
386763210731255,7705,0.14470027043269232
355144026839611,7704,0.1446814903846154
514360948284568,7702,0.14464393028846154
102306062105075,7700,0.14460637019230768
398433917908049,7698,0.14456881009615385
575076138224211,7696,0.14453125
640093116039924,7693,0.14447490985576922
131034050672562,7692,0.14445612980769232
769316232958423,7692,0.14445612980769232
37379771175342,7690,0.14441856971153846
341424086383903,7689,0.14439978966346154
419517528597329,7689,0.14439978966346154
901503291435103,7686,0.14434344951923078
65260376654221,7682,0.14426832932692307
754185279815942,7677,0.14417442908653846
554143496177643,7676,0.14415564903846154
459969469080180,7675,0.1441368689903846
710185207515331,7675,0.1441368689903846
571671114750994,7674,0.14411808894230768
504643367662767,7672,0.14408052884615385
270793892615746,7670,0.14404296875
542706388001919,7670,0.14404296875
641546688531277,7670,0.14404296875
912959040690104,7669,0.14402418870192307
147027938072336,7667,0.14398662860576922
331146747507657,7666,0.14396784855769232
613932640686888,7666,0.14396784855769232
126013764389283,7664,0.14393028846153846
270803123736986,7661,0.14387394831730768
250046567922979,7660,0.14385516826923078
598828562071066,7660,0.14385516826923078
145760845418624,7658,0.14381760817307693
221331188855047,7657,0.143798828125
163875308353163,7655,0.14376126802884615
573237314646556,7653,0.14372370793269232
579161677644446,7653,0.14372370793269232
666992952672927,7653,0.14372370793269232
679770791143799,7653,0.14372370793269232
605192561125106,7652,0.1437049278846154
633625356902305,7652,0.1437049278846154
499532801545737,7650,0.14366736778846154
386571421792780,7649,0.1436485877403846
790041469331902,7649,0.1436485877403846
791504090167449,7649,0.1436485877403846
407157273452949,7647,0.14361102764423078
126861533353172,7646,0.14359224759615385
642791217882662,7643,0.14353590745192307
438012865090555,7641,0.14349834735576922
489455505616329,7641,0.14349834735576922
214659442804169,7637,0.14342322716346154
366027509597506,7637,0.14342322716346154
750895908329738,7636,0.1434044471153846
784071219671129,7635,0.14338566706730768
824274187183021,7635,0.14338566706730768
275393749978782,7633,0.14334810697115385
266722618195177,7631,0.143310546875
81802429066483,7630,0.14329176682692307
282521669009209,7629,0.14327298677884615
254670084834214,7628,0.14325420673076922
277395007049871,7628,0.14325420673076922
254650969787473,7625,0.14319786658653846
315847360577965,7625,0.14319786658653846
746898067482904,7625,0.14319786658653846
815948199298303,7625,0.14319786658653846
903559813756688,7625,0.14319786658653846
783962918903998,7624,0.14317908653846154
348768663185199,7623,0.1431603064903846
817509628789408,7623,0.1431603064903846
832368940695965,7621,0.14312274639423078
858189803474183,7621,0.14312274639423078
73578877355311,7619,0.14308518629807693
7718735790319,7616,0.14302884615384615
395646968630174,7614,0.14299128605769232
419682152201340,7614,0.14299128605769232
892373130835954,7614,0.14299128605769232
288175482488772,7610,0.1429161658653846
869857748561388,7609,0.14289738581730768
752408503539005,7608,0.14287860576923078
770031503997506,7607,0.14285982572115385
114759141146518,7605,0.142822265625
156521706364144,7605,0.142822265625
379660856618512,7605,0.142822265625
632618609942304,7605,0.142822265625
469952764756349,7604,0.14280348557692307
516129491041766,7603,0.14278470552884615
43726982953061,7601,0.14274714543269232
770556631055604,7601,0.14274714543269232
262991555097973,7600,0.1427283653846154
629834858896028,7600,0.1427283653846154
720931662032928,7600,0.1427283653846154
179784528806703,7599,0.14270958533653846
610620907747296,7598,0.14269080528846154
813151413287291,7598,0.14269080528846154
799280136883525,7597,0.1426720252403846
503619444248389,7596,0.14265324519230768
855782017930196,7596,0.14265324519230768
31557770479752,7595,0.14263446514423078
808030796851608,7595,0.14263446514423078
148322433793004,7592,0.142578125
234203630683187,7585,0.14244666466346154
475478823200480,7585,0.14244666466346154
694659962053196,7585,0.14244666466346154
542547208452019,7584,0.1424278846153846
798129854052900,7581,0.14237154447115385
905754499150941,7581,0.14237154447115385
559067709530488,7580,0.14235276442307693
598964221992859,7580,0.14235276442307693
431542695215669,7579,0.142333984375
452257181550738,7579,0.142333984375
889949464937921,7579,0.142333984375
761931076690869,7577,0.14229642427884615
719684556217511,7576,0.14227764423076922
865294301400765,7576,0.14227764423076922
915422982385894,7575,0.14225886418269232
395143500559208,7572,0.14220252403846154
169355654811638,7570,0.14216496394230768
845014826052570,7568,0.14212740384615385
199841950752751,7567,0.14210862379807693
703592848856179,7567,0.14210862379807693
828032182059992,7565,0.14207106370192307
458667215773868,7564,0.14205228365384615
501698901931486,7564,0.14205228365384615
346888297238313,7562,0.14201472355769232
200892282344802,7561,0.1419959435096154
265679580246389,7560,0.14197716346153846
359373752158918,7556,0.14190204326923078
784517192926035,7555,0.14188326322115385
821915000371493,7554,0.14186448317307693
84231919337578,7550,0.14178936298076922
53673643683110,7549,0.14177058293269232
333118218937440,7546,0.14171424278846154
839696725285161,7542,0.14163912259615385
439952359371850,7541,0.14162034254807693
727828479359424,7538,0.14156400240384615
346489527496266,7536,0.14152644230769232
208038962196013,7535,0.1415076622596154
83186151526633,7533,0.14147010216346154
317675691822070,7531,0.14143254206730768
680379940604028,7530,0.14141376201923078
603242779227251,7528,0.14137620192307693
725896334253442,7528,0.14137620192307693
232706262691245,7524,0.14130108173076922
781451009221743,7523,0.14128230168269232
324383569074312,7522,0.1412635216346154
681713423048639,7521,0.14124474158653846
805701920588765,7520,0.14122596153846154
578224661471458,7519,0.1412071814903846
841577784477303,7519,0.1412071814903846
498386085447853,7517,0.14116962139423078
508017609891576,7517,0.14116962139423078
114490254710042,7513,0.14109450120192307
506700832206111,7513,0.14109450120192307
617417269376419,7509,0.1410193810096154
376888539159748,7507,0.14098182091346154
495758575797260,7506,0.1409630408653846
758847662790642,7502,0.14088792067307693
780863509878736,7502,0.14088792067307693
324819797075368,7501,0.140869140625
771604315605597,7501,0.140869140625
895587826394782,7501,0.140869140625
717729753064273,7497,0.14079402043269232
400333098458525,7495,0.14075646033653846
759982762361007,7495,0.14075646033653846
158192056623194,7494,0.14073768028846154
357600307700496,7491,0.14068134014423078
737264598989355,7490,0.14066256009615385
852553484309484,7490,0.14066256009615385
80478574495003,7489,0.14064378004807693
83187938343520,7488,0.140625
450763182110618,7488,0.140625
708447374693463,7488,0.140625
514368217408232,7487,0.14060621995192307
383090547212494,7486,0.14058743990384615
915369552755424,7484,0.14054987980769232
438530130066175,7483,0.1405310997596154
744456252430287,7483,0.1405310997596154
35211717646233,7482,0.14051231971153846
44468483292844,7482,0.14051231971153846
227354549662196,7482,0.14051231971153846
749182311377432,7482,0.14051231971153846
248191778960448,7481,0.14049353966346154
887658937196142,7480,0.1404747596153846
876372818547181,7478,0.14043719951923078
504236424373277,7474,0.14036207932692307
369310980537450,7473,0.14034329927884615
739468542858989,7473,0.14034329927884615
147495810950950,7472,0.14032451923076922
461443500412228,7471,0.14030573918269232
662997038166742,7471,0.14030573918269232
319087011781426,7470,0.1402869591346154
525676894375332,7470,0.1402869591346154
201280713589636,7469,0.14026817908653846
528197128609148,7469,0.14026817908653846
286608223938861,7468,0.14024939903846154
224784492270603,7461,0.14011793870192307
316116823927484,7461,0.14011793870192307
119820426353672,7460,0.14009915865384615
295573543410680,7460,0.14009915865384615
583300366440653,7460,0.14009915865384615
685533045835521,7457,0.1400428185096154
816786466472641,7455,0.14000525841346154
697822465782701,7454,0.1399864783653846
821587313119543,7454,0.1399864783653846
396916531753414,7453,0.13996769831730768
723910019894498,7453,0.13996769831730768
896781627583924,7452,0.13994891826923078
443703681086610,7451,0.13993013822115385
48303960477751,7450,0.13991135817307693
423237484460012,7448,0.13987379807692307
124886730548535,7442,0.13976111778846154
643020389590186,7438,0.13968599759615385
138257480551900,7436,0.1396484375
423350167704372,7433,0.13959209735576922
301224301355170,7431,0.1395545372596154
551091427357223,7431,0.1395545372596154
758972259066155,7431,0.1395545372596154
451111743680025,7430,0.13953575721153846
24566137330730,7429,0.13951697716346154
58825731374609,7427,0.13947941706730768
728830922280291,7424,0.13942307692307693
855106584780355,7423,0.139404296875
153925655939272,7422,0.13938551682692307
566921317575854,7422,0.13938551682692307
678306947901182,7420,0.13934795673076922
321813304567055,7419,0.13932917668269232
794377988919299,7418,0.1393103966346154
403512700263165,7415,0.1392540564903846
747693427686645,7414,0.13923527644230768
828034277318063,7414,0.13923527644230768
537108999099355,7413,0.13921649639423078
320230445685742,7410,0.13916015625
893525581920081,7406,0.13908503605769232
308805853733111,7399,0.13895357572115385
173208128341649,7398,0.13893479567307693
467001635162552,7398,0.13893479567307693
106208001016639,7395,0.13887845552884615
219871530416530,7393,0.13884089543269232
761759878087494,7392,0.1388221153846154
374463639749883,7391,0.13880333533653846
874253664085286,7390,0.13878455528846154
242824612662528,7389,0.1387657752403846
610289333987486,7389,0.1387657752403846
885534603492559,7389,0.1387657752403846
116160229027785,7388,0.13874699519230768
780528172888741,7388,0.13874699519230768
459798921216631,7387,0.13872821514423078
373443370697300,7385,0.13869065504807693
653951028962995,7385,0.13869065504807693
900122471658698,7384,0.138671875
334055234290739,7383,0.13865309495192307
888529308438162,7382,0.13863431490384615
479558485839970,7381,0.13861553485576922
572286139919033,7381,0.13861553485576922
865839089968036,7381,0.13861553485576922
879303147510542,7381,0.13861553485576922
899810432489433,7381,0.13861553485576922
650194095383241,7375,0.13850285456730768
94467813547943,7373,0.13846529447115385
625122535721640,7373,0.13846529447115385
293580286109011,7371,0.138427734375
442541090808534,7368,0.13837139423076922
714457412416854,7368,0.13837139423076922
38134627284560,7363,0.1382774939903846
188586898136336,7360,0.13822115384615385
11846478812640,7358,0.13818359375
70370675312741,7358,0.13818359375
751779504499796,7357,0.13816481370192307
102018965021502,7356,0.13814603365384615
398688077282236,7356,0.13814603365384615
704108097153412,7356,0.13814603365384615
150520840529905,7354,0.13810847355769232
708615185296078,7354,0.13810847355769232
760139580345284,7352,0.13807091346153846
35839563060359,7351,0.13805213341346154
525361195686190,7349,0.13801457331730768
754433002259008,7349,0.13801457331730768
687119653274063,7348,0.13799579326923078
155458273898665,7346,0.13795823317307693
72333686637678,7343,0.13790189302884615
867019643641762,7342,0.13788311298076922
823042703235534,7336,0.13777043269230768
414176331451358,7334,0.13773287259615385
97725122246740,7333,0.13771409254807693
308608958951635,7333,0.13771409254807693
453413526693539,7331,0.13767653245192307
502250996297227,7330,0.13765775240384615
244927002400013,7329,0.13763897235576922
627494592076635,7329,0.13763897235576922
57038481020229,7327,0.1376014122596154
312760379896112,7327,0.1376014122596154
726758320335897,7326,0.13758263221153846
92719812232156,7322,0.13750751201923078
42798057399332,7318,0.13743239182692307
463471724957579,7317,0.13741361177884615
879129537078300,7317,0.13741361177884615
389496696438959,7313,0.13733849158653846
150780086566676,7310,0.13728215144230768
58654754699787,7308,0.13724459134615385
553189146363285,7308,0.13724459134615385
636001814755545,7307,0.13722581129807693
377618668851960,7303,0.13715069110576922
903241448292042,7303,0.13715069110576922
643221678568691,7302,0.13713191105769232
455665747758328,7300,0.13709435096153846
572883461625653,7299,0.13707557091346154
621308983299062,7299,0.13707557091346154
863657665866711,7298,0.1370567908653846
764390838536245,7297,0.13703801081730768
565968304041921,7296,0.13701923076923078
705486998814144,7296,0.13701923076923078
804001827159717,7296,0.13701923076923078
822846992286409,7295,0.13700045072115385
667030376274133,7294,0.13698167067307693
388646198917653,7291,0.13692533052884615
809702426116353,7286,0.13683143028846154
831595539038153,7286,0.13683143028846154
679806499346066,7284,0.13679387019230768
303775174627314,7282,0.13675631009615385
388011287931178,7282,0.13675631009615385
661644393044318,7282,0.13675631009615385
868546299563397,7281,0.13673753004807693
19311594297117,7280,0.13671875
276807431757643,7280,0.13671875
370128413643003,7279,0.13669996995192307
503958748509833,7276,0.13664362980769232
535529846993104,7275,0.1366248497596154
753888749469142,7275,0.1366248497596154
564754396867123,7274,0.13660606971153846
766062748791787,7271,0.13654972956730768
264913852054176,7270,0.13653094951923078
724011823902566,7269,0.13651216947115385
455882408243608,7268,0.13649338942307693
448382253426283,7267,0.136474609375
678257712777159,7267,0.136474609375
718613686168671,7267,0.136474609375
582887977452881,7265,0.13643704927884615
690811337035507,7264,0.13641826923076922
53944186721291,7262,0.1363807091346154
386583218692780,7262,0.1363807091346154
166971187909713,7261,0.13636192908653846
124235852508136,7260,0.13634314903846154
498980133564683,7260,0.13634314903846154
354016901829413,7259,0.1363243689903846
567608127865628,7259,0.1363243689903846
164345961207542,7256,0.13626802884615385
579073876226658,7256,0.13626802884615385
408150105302203,7252,0.13619290865384615
455484983093982,7251,0.13617412860576922
814136408668738,7251,0.13617412860576922
297036697859248,7250,0.13615534855769232
801036637084817,7249,0.1361365685096154
697977014629391,7248,0.13611778846153846
834647436207491,7248,0.13611778846153846
105947078014017,7247,0.13609900841346154
218694129231250,7244,0.13604266826923078
241814990055110,7243,0.13602388822115385
893311285746273,7243,0.13602388822115385
683750010515545,7241,0.135986328125
748717651426304,7241,0.135986328125
756886715065362,7238,0.13592998798076922
912273008774802,7238,0.13592998798076922
800083953302506,7237,0.13591120793269232
267287882106188,7236,0.1358924278846154
490474926281285,7236,0.1358924278846154
45187617150028,7234,0.13585486778846154
305572838408585,7234,0.13585486778846154
457127005460570,7229,0.13576096754807693
782941337170512,7229,0.13576096754807693
631387737986695,7228,0.1357421875
422992423276545,7227,0.13572340745192307
885104283238214,7226,0.13570462740384615
58688533849742,7224,0.13566706730769232
13532825779858,7222,0.13562950721153846
105316625447999,7222,0.13562950721153846
127408596527272,7222,0.13562950721153846
598537319814122,7221,0.13561072716346154
567235161634738,7218,0.13555438701923078
904536060266619,7218,0.13555438701923078
142246905907858,7213,0.13546048677884615
62249294297158,7211,0.13542292668269232
63634069211533,7210,0.1354041466346154
541692752700045,7210,0.1354041466346154
648550939756264,7206,0.13532902644230768
467892351210526,7202,0.13525390625
17012496918706,7199,0.13519756610576922
597061342721133,7197,0.1351600060096154
743118337532557,7197,0.1351600060096154
206814318561348,7196,0.13514122596153846
663912761266477,7193,0.13508488581730768
651179740686557,7190,0.13502854567307693
92205936372712,7188,0.13499098557692307
348601715019808,7186,0.13495342548076922
458525202256526,7184,0.1349158653846154
388139508854432,7183,0.13489708533653846
891286890189105,7183,0.13489708533653846
2219168097973,7180,0.13484074519230768
360445978530580,7180,0.13484074519230768
772984998282926,7178,0.13480318509615385
234956970851044,7175,0.13474684495192307
780496258335391,7175,0.13474684495192307
210281299015258,7174,0.13472806490384615
289414559209660,7174,0.13472806490384615
33857394984793,7173,0.13470928485576922
62368357618835,7173,0.13470928485576922
262087353866622,7173,0.13470928485576922
282573154923277,7173,0.13470928485576922
320454190342,7171,0.1346717247596154
39759333710629,7170,0.13465294471153846
373172890580150,7168,0.1346153846153846
414036507530140,7168,0.1346153846153846
717461247791651,7168,0.1346153846153846
48458329776827,7166,0.13457782451923078
62998820795759,7166,0.13457782451923078
813253678885017,7166,0.13457782451923078
429066827680934,7165,0.13455904447115385
913523179184475,7162,0.13450270432692307
138562272289143,7161,0.13448392427884615
525175003548143,7159,0.13444636418269232
673066210920410,7159,0.13444636418269232
917495298690374,7159,0.13444636418269232
816398965611364,7158,0.1344275841346154
345051229250647,7155,0.1343712439903846
725729967188121,7153,0.13433368389423078
720890953565654,7152,0.13431490384615385
1986441761172,7147,0.13422100360576922
66201713251252,7147,0.13422100360576922
621574639865207,7147,0.13422100360576922
59717042870374,7146,0.13420222355769232
336611091941936,7145,0.1341834435096154
64255345878388,7144,0.13416466346153846
804752268383395,7144,0.13416466346153846
43369912924854,7138,0.13405198317307693
695946386298591,7137,0.134033203125
853112866386980,7137,0.134033203125
240147800748145,7136,0.13401442307692307
919459330366869,7134,0.13397686298076922
359125626388050,7127,0.13384540264423078
156396178058593,7125,0.13380784254807693
817203652016085,7125,0.13380784254807693
53671894545823,7123,0.13377028245192307
246817095059161,7122,0.13375150240384615
808826177799948,7122,0.13375150240384615
506227147529743,7121,0.13373272235576922
825116611607631,7121,0.13373272235576922
911552504689844,7121,0.13373272235576922
698323959604559,7120,0.13371394230769232
543382646175149,7119,0.1336951622596154
821629032764415,7119,0.1336951622596154
371629382130828,7117,0.13365760216346154
200579532883153,7116,0.1336388221153846
118043262623074,7114,0.13360126201923078
345909954098757,7114,0.13360126201923078
420298952244384,7114,0.13360126201923078
110625604597938,7113,0.13358248197115385
3019857182491,7111,0.133544921875
635396834370848,7108,0.13348858173076922
108504167887418,7107,0.13346980168269232
249958189300506,7103,0.1333946814903846
307731492833514,7103,0.1333946814903846
631693624531488,7100,0.13333834134615385
801264727448474,7100,0.13333834134615385
489515950559616,7099,0.13331956129807693
664632600475165,7099,0.13331956129807693
54840587760073,7098,0.13330078125
623801242453748,7097,0.13328200120192307
374817443410017,7095,0.13324444110576922
264902499324135,7094,0.13322566105769232
54541877696482,7092,0.13318810096153846
353456964178182,7092,0.13318810096153846
171592458117897,7089,0.13313176081730768
241183932541202,7086,0.13307542067307693
336381950103410,7083,0.13301908052884615
503261747821267,7083,0.13301908052884615
51630650498197,7080,0.1329627403846154
920758975723894,7080,0.1329627403846154
584783345486532,7079,0.13294396033653846
600404194349792,7079,0.13294396033653846
604821468845133,7079,0.13294396033653846
478074719578859,7078,0.13292518028846154
67321977065082,7077,0.1329064002403846
93857389441194,7077,0.1329064002403846
801079978261449,7076,0.13288762019230768
855338655618364,7076,0.13288762019230768
689350213455294,7075,0.13286884014423078
878826324868381,7075,0.13286884014423078
906062184915483,7075,0.13286884014423078
22305952782082,7074,0.13285006009615385
571929844262935,7074,0.13285006009615385
310255783678241,7073,0.13283128004807693
502032182294176,7071,0.13279371995192307
492741136599924,7069,0.13275615985576922
53032056820888,7068,0.13273737980769232
449162550735158,7068,0.13273737980769232
379071892355144,7067,0.1327185997596154
169759092993944,7066,0.13269981971153846
870550039115297,7066,0.13269981971153846
115050438378372,7065,0.13268103966346154
632467362383450,7064,0.1326622596153846
32827492550950,7063,0.13264347956730768
211570339248697,7063,0.13264347956730768
24527769711324,7062,0.13262469951923078
826172062570130,7058,0.13254957932692307
277672384381308,7053,0.13245567908653846
297787663833912,7053,0.13245567908653846
135063246236863,7052,0.13243689903846154
478962994065186,7051,0.1324181189903846
339601936027615,7050,0.13239933894230768
617210177986727,7049,0.13238055889423078
863300112519331,7049,0.13238055889423078
513192518088105,7048,0.13236177884615385
217728967174557,7047,0.13234299879807693
265955175864375,7047,0.13234299879807693
99704212612649,7045,0.13230543870192307
785147565426376,7045,0.13230543870192307
41462449849037,7044,0.13228665865384615
803772843980232,7044,0.13228665865384615
338144772121653,7041,0.1322303185096154
614551015285255,7040,0.13221153846153846
317630974614167,7038,0.1321739783653846
162159549772812,7037,0.13215519831730768
38174864792084,7036,0.13213641826923078
586379281729266,7036,0.13213641826923078
782655188742432,7035,0.13211763822115385
684952871218064,7034,0.13209885817307693
894605378705113,7033,0.132080078125
280028260142975,7032,0.13206129807692307
73461255424299,7030,0.13202373798076922
209016109346930,7030,0.13202373798076922
356746340711310,7030,0.13202373798076922
836625700054177,7030,0.13202373798076922
642733691278951,7027,0.13196739783653846
733588962041858,7024,0.13191105769230768
663731391136487,7023,0.13189227764423078
846511998877823,7023,0.13189227764423078
896560459190468,7023,0.13189227764423078
691191525978431,7021,0.13185471754807693
467596844864128,7020,0.1318359375
340582642937698,7018,0.13179837740384615
591415868795455,7018,0.13179837740384615
632152787169751,7018,0.13179837740384615
451463529208473,7017,0.13177959735576922
789605204967302,7016,0.13176081730769232
406724047404680,7015,0.1317420372596154
302245969323474,7014,0.13172325721153846
70384712986110,7010,0.13164813701923078
215564933663191,7010,0.13164813701923078
402399483194113,7009,0.13162935697115385
343198671735365,7007,0.131591796875
548429657021458,7007,0.131591796875
602227116811933,7007,0.131591796875
30232734724404,7005,0.13155423677884615
154074855644778,7004,0.13153545673076922
670121515872944,7004,0.13153545673076922
472638151216016,7003,0.13151667668269232
300651573402504,7001,0.13147911658653846
191183490130244,7000,0.13146033653846154
344844364461646,7000,0.13146033653846154
346221790630997,7000,0.13146033653846154
909335822763822,6999,0.1314415564903846
198188881620839,6997,0.13140399639423078
707200897554594,6997,0.13140399639423078
215206114463857,6996,0.13138521634615385
352539747667364,6993,0.13132887620192307
72533721069279,6990,0.13127253605769232
355321631075764,6989,0.1312537560096154
572453232209222,6988,0.13123497596153846
759581604987710,6985,0.13117863581730768
871586079154492,6985,0.13117863581730768
881457596467649,6985,0.13117863581730768
514759501494618,6984,0.13115985576923078
129077267991104,6983,0.13114107572115385
210588730354978,6981,0.131103515625
86605830438224,6980,0.13108473557692307
388790214489565,6980,0.13108473557692307
564394404740447,6980,0.13108473557692307
664778956232597,6980,0.13108473557692307
886265416497345,6980,0.13108473557692307
400766857380495,6977,0.13102839543269232
668975201854559,6974,0.13097205528846154
675494141472877,6973,0.1309532752403846
876086849899527,6972,0.13093449519230768
585731148020304,6970,0.13089693509615385
524642330391638,6969,0.13087815504807693
860855166756105,6969,0.13087815504807693
350106087553553,6968,0.130859375
257757420840968,6967,0.13084059495192307
856731104268569,6967,0.13084059495192307
822087572725630,6966,0.13082181490384615
765611257717578,6964,0.13078425480769232
432327083407637,6963,0.1307654747596154
626670104097084,6963,0.1307654747596154
838218196870532,6963,0.1307654747596154
117941638552266,6957,0.13065279447115385
144913846190517,6957,0.13065279447115385
388031248107152,6956,0.13063401442307693
16745824553225,6954,0.13059645432692307
910774882101469,6954,0.13059645432692307
54682162988062,6953,0.13057767427884615
361147457623488,6951,0.13054011418269232
189494068881966,6950,0.1305213341346154
361090352159292,6950,0.1305213341346154
508713202040891,6949,0.13050255408653846
565481548829880,6949,0.13050255408653846
445337982382147,6948,0.13048377403846154
88249947526821,6946,0.13044621394230768
770183018239192,6946,0.13044621394230768
203083360923951,6945,0.13042743389423078
374211316742321,6945,0.13042743389423078
904861990719532,6945,0.13042743389423078
289004497830165,6944,0.13040865384615385
63237161784383,6943,0.13038987379807693
492550879356590,6943,0.13038987379807693
645092188195128,6942,0.13037109375
884610251212996,6942,0.13037109375
120091325866312,6941,0.13035231370192307
143789415025987,6940,0.13033353365384615
518862775434335,6939,0.13031475360576922
54576035780063,6938,0.13029597355769232
254870046792607,6938,0.13029597355769232
356468287354170,6937,0.1302771935096154
241984801696826,6935,0.13023963341346154
74665576793230,6933,0.13020207331730768
367530144145543,6933,0.13020207331730768
607661662695679,6933,0.13020207331730768
916129943096522,6933,0.13020207331730768
917104146623216,6932,0.13018329326923078
89336805125337,6931,0.13016451322115385
391649004575062,6928,0.13010817307692307
752352750986720,6928,0.13010817307692307
121641122614564,6927,0.13008939302884615
166751126521596,6926,0.13007061298076922
476172596105522,6926,0.13007061298076922
387763721327414,6925,0.13005183293269232
789259243731520,6925,0.13005183293269232
178527231785283,6924,0.1300330528846154
858795363900793,6923,0.13001427283653846
314419770576010,6921,0.1299767127403846
418455128583800,6921,0.1299767127403846
694183302023496,6921,0.1299767127403846
514781129764781,6919,0.12993915264423078
545891056735169,6919,0.12993915264423078
79656856263297,6918,0.12992037259615385
239980398226667,6917,0.12990159254807693
125573478261304,6916,0.1298828125
55146786155280,6914,0.12984525240384615
10261903250666,6909,0.12975135216346154
716196297986441,6909,0.12975135216346154
639750122195515,6908,0.1297325721153846
144354673440036,6906,0.12969501201923078
828694987502925,6904,0.12965745192307693
577275092678573,6903,0.129638671875
101146731520077,6902,0.12961989182692307
175157962926107,6902,0.12961989182692307
598530391710651,6900,0.12958233173076922
683738721274924,6900,0.12958233173076922
30778782089998,6899,0.12956355168269232
836618146177727,6898,0.1295447716346154
260908940370872,6897,0.12952599158653846
728751726003539,6897,0.12952599158653846
305861671120080,6896,0.12950721153846154
342221974653284,6895,0.1294884314903846
288134431241328,6894,0.12946965144230768
570414806854502,6893,0.12945087139423078
85359312245341,6891,0.12941331129807693
786921209081754,6891,0.12941331129807693
603775010310402,6890,0.12939453125
851620324060168,6887,0.12933819110576922
281426042432354,6886,0.12931941105769232
239546007855124,6885,0.1293006310096154
894675889279912,6885,0.1293006310096154
346810867167383,6883,0.12926307091346154
433984661623660,6882,0.1292442908653846
12428986242383,6881,0.12922551081730768
61808806589562,6881,0.12922551081730768
133750250227656,6878,0.12916917067307693
324081419120820,6877,0.129150390625
514258412744997,6877,0.129150390625
128381354581293,6876,0.12913161057692307
587958439899176,6876,0.12913161057692307
221863744134275,6874,0.12909405048076922
767654741683192,6874,0.12909405048076922
201572765206265,6871,0.12903771033653846
464790342987326,6871,0.12903771033653846
534854672167360,6870,0.12901893028846154
817765557103665,6868,0.12898137019230768
123741218208392,6867,0.12896259014423078
75729949899282,6866,0.12894381009615385
391851176560241,6866,0.12894381009615385
117107742514291,6865,0.12892503004807693
790475023527863,6862,0.12886868990384615
237011703778814,6860,0.12883112980769232
327827084381149,6858,0.12879356971153846
381638881186803,6857,0.12877478966346154
87599892488680,6855,0.12873722956730768
486067122632365,6854,0.12871844951923078
596264126055904,6854,0.12871844951923078
672237120663604,6854,0.12871844951923078
856363173203692,6854,0.12871844951923078
455088283114744,6853,0.12869966947115385
892768026860432,6853,0.12869966947115385
77642001299506,6851,0.128662109375
147139286434350,6851,0.128662109375
675790934817671,6848,0.12860576923076922
306039233028003,6847,0.12858698918269232
679787892218135,6845,0.12854942908653846
61235935244223,6843,0.1285118689903846
7476800825463,6842,0.12849308894230768
338260819172090,6842,0.12849308894230768
601850005098283,6842,0.12849308894230768
75108584283552,6840,0.12845552884615385
155194428295144,6840,0.12845552884615385
742774914544463,6840,0.12845552884615385
756259346592004,6840,0.12845552884615385
840907522648261,6840,0.12845552884615385
799391955720298,6839,0.12843674879807693
488590630424223,6837,0.12839918870192307
484929319393841,6835,0.12836162860576922
835170378931474,6834,0.12834284855769232
132238317980636,6833,0.1283240685096154
187419419690960,6833,0.1283240685096154
670263993498723,6830,0.1282677283653846
131114402114250,6828,0.12823016826923078
788171661323941,6828,0.12823016826923078
843439858148956,6828,0.12823016826923078
66574602723619,6825,0.128173828125
495152564044020,6824,0.12815504807692307
121698267150018,6822,0.12811748798076922
641294634986765,6822,0.12811748798076922
191832307875270,6820,0.1280799278846154
345348926114057,6820,0.1280799278846154
484727849499647,6820,0.1280799278846154
93814812746592,6818,0.12804236778846154
623851309752856,6818,0.12804236778846154
892540702979401,6818,0.12804236778846154
307411456897453,6817,0.1280235877403846
411189824774947,6817,0.1280235877403846
646181045824981,6816,0.12800480769230768
63346964093379,6815,0.12798602764423078
334807536351441,6815,0.12798602764423078
226496762564313,6813,0.12794846754807693
374654287964443,6812,0.1279296875
575460261895394,6812,0.1279296875
216175255117031,6811,0.12791090745192307
324285823254418,6809,0.12787334735576922
361420933422304,6809,0.12787334735576922
894301581389560,6808,0.12785456730769232
395416773996638,6807,0.1278357872596154
226556923961236,6803,0.12776066706730768
647536999969214,6801,0.12772310697115385
293510503657770,6799,0.127685546875
467813509522513,6799,0.127685546875
814877030778345,6799,0.127685546875
244572627734920,6798,0.12766676682692307
313735857654498,6798,0.12766676682692307
792224767223795,6798,0.12766676682692307
8365181503012,6796,0.12762920673076922
282577747358523,6794,0.1275916466346154
744473210999239,6794,0.1275916466346154
756073927701798,6794,0.1275916466346154
611287635301739,6792,0.12755408653846154
347471654451737,6791,0.1275353064903846
556115675634104,6791,0.1275353064903846
577239954812008,6789,0.12749774639423078
391387655719399,6788,0.12747896634615385
605695612726105,6788,0.12747896634615385
781258440558106,6787,0.12746018629807693
5637562325687,6786,0.12744140625
76571528765926,6785,0.12742262620192307
501629928938072,6785,0.12742262620192307
634116040146159,6782,0.12736628605769232
698861783871960,6780,0.12732872596153846
757817175697815,6780,0.12732872596153846
164684901167477,6779,0.12730994591346154
253405700791097,6779,0.12730994591346154
279669763755744,6779,0.12730994591346154
241630618243255,6778,0.1272911658653846
793099851229973,6778,0.1272911658653846
881114537098274,6777,0.12727238581730768
5986402278272,6776,0.12725360576923078
706412795613592,6775,0.12723482572115385
752831103828809,6775,0.12723482572115385
786670583425251,6775,0.12723482572115385
211411184227829,6774,0.12721604567307693
355467961908572,6774,0.12721604567307693
782446663250597,6774,0.12721604567307693
190112979349368,6773,0.127197265625
525668903627787,6772,0.12717848557692307
254654088631661,6771,0.12715970552884615
231988338991897,6770,0.12714092548076922
865496787138748,6769,0.12712214543269232
572505533618722,6768,0.1271033653846154
831935852890992,6768,0.1271033653846154
876005571968617,6768,0.1271033653846154
739397034747182,6767,0.12708458533653846
789440854071826,6767,0.12708458533653846
884304015751486,6766,0.12706580528846154
104737643781586,6763,0.12700946514423078
693452941499342,6763,0.12700946514423078
6440519394480,6762,0.12699068509615385
516448454719203,6762,0.12699068509615385
637827495560788,6762,0.12699068509615385
803379733502942,6762,0.12699068509615385
854036603489328,6762,0.12699068509615385
455970384627079,6761,0.12697190504807693
561681179700135,6761,0.12697190504807693
74729018116029,6760,0.126953125
323058814225295,6760,0.126953125
751752567694946,6758,0.12691556490384615
854044740262625,6758,0.12691556490384615
1427741096871,6756,0.12687800480769232
762901028342534,6756,0.12687800480769232
485249252189085,6755,0.1268592247596154
860654897810307,6755,0.1268592247596154
590947198631725,6753,0.12682166466346154
343434125468276,6752,0.1268028846153846
332163018368053,6751,0.12678410456730768
371335974859653,6751,0.12678410456730768
609957181644030,6751,0.12678410456730768
508899839769628,6750,0.12676532451923078
538574486783989,6749,0.12674654447115385
228894082932305,6748,0.12672776442307693
330553118336383,6748,0.12672776442307693
66024925977810,6747,0.126708984375
758502397659367,6746,0.12669020432692307
826824115004757,6746,0.12669020432692307
600260646347008,6745,0.12667142427884615
828911236109910,6744,0.12665264423076922
71076411585373,6743,0.12663386418269232
566903687236252,6741,0.12659630408653846
68448078350912,6740,0.12657752403846154
169206349344826,6739,0.1265587439903846
598657561927980,6738,0.12653996394230768
815008263238084,6735,0.12648362379807693
374247976703493,6734,0.12646484375
447335160351262,6734,0.12646484375
577831161539337,6734,0.12646484375
513344334932711,6733,0.12644606370192307
329027055305056,6732,0.12642728365384615
813779243850584,6731,0.12640850360576922
894471110717281,6730,0.12638972355769232
12713717567525,6729,0.1263709435096154
648651489248694,6727,0.12633338341346154
668618916922783,6726,0.1263146033653846
793819373936934,6726,0.1263146033653846
242022964540636,6725,0.12629582331730768
510487443848184,6724,0.12627704326923078
266336144663077,6722,0.12623948317307693
853137532121434,6722,0.12623948317307693
874639450992202,6722,0.12623948317307693
166840958459808,6720,0.12620192307692307
386025589862581,6720,0.12620192307692307
738300546653813,6720,0.12620192307692307
208527161408503,6719,0.12618314302884615
332594861065265,6719,0.12618314302884615
853088320896734,6718,0.12616436298076922
770793550977402,6717,0.12614558293269232
39226753398740,6716,0.1261268028846154
706527845776236,6716,0.1261268028846154
908633541437114,6716,0.1261268028846154
259657927136223,6715,0.12610802283653846
486592865674144,6715,0.12610802283653846
692730744166119,6715,0.12610802283653846
46331602519297,6713,0.1260704627403846
795919827007253,6713,0.1260704627403846
651024067009729,6712,0.12605168269230768
12459445222610,6711,0.12603290264423078
651995179464,6710,0.12601412259615385
576566803417303,6710,0.12601412259615385
616681707622885,6710,0.12601412259615385
738744913375818,6710,0.12601412259615385
824932872283705,6710,0.12601412259615385
163690851452127,6709,0.12599534254807693
447237941371915,6709,0.12599534254807693
655442931925443,6709,0.12599534254807693
813588237831136,6708,0.1259765625
706315317215735,6707,0.12595778245192307
513236620926767,6706,0.12593900240384615
601140408010875,6706,0.12593900240384615
864259126520411,6706,0.12593900240384615
72132763161441,6705,0.12592022235576922
263266489656772,6705,0.12592022235576922
124505303948931,6703,0.1258826622596154
852043046263521,6702,0.12586388221153846
259630708205001,6701,0.12584510216346154
593403205513278,6701,0.12584510216346154
176857458863318,6700,0.1258263221153846
463732179902043,6700,0.1258263221153846
800004665182138,6700,0.1258263221153846
339862275453630,6699,0.12580754206730768
49483528719889,6698,0.12578876201923078
118605921613324,6695,0.125732421875
152106354428702,6695,0.125732421875
273325053498353,6695,0.125732421875
611397677813728,6695,0.125732421875
589375873974905,6692,0.12567608173076922
468616837801058,6691,0.12565730168269232
805650202496309,6691,0.12565730168269232
819823553531051,6689,0.12561974158653846
97555678420088,6688,0.12560096153846154
548090589604931,6688,0.12560096153846154
24026716943159,6687,0.1255821814903846
379122984722766,6687,0.1255821814903846
391165546036877,6686,0.12556340144230768
536680559660207,6685,0.12554462139423078
243572565621464,6684,0.12552584134615385
6859808151834,6683,0.12550706129807693
186353615550594,6683,0.12550706129807693
560562782111257,6683,0.12550706129807693
837304255386451,6683,0.12550706129807693
48282215201149,6682,0.12548828125
239904356589787,6682,0.12548828125
395219122186646,6681,0.12546950120192307
208973690012685,6680,0.12545072115384615
223279533493978,6679,0.12543194110576922
410866637295337,6679,0.12543194110576922
430608999563646,6679,0.12543194110576922
241157331200988,6677,0.1253943810096154
731597247963228,6677,0.1253943810096154
767326946209185,6677,0.1253943810096154
886734061899459,6676,0.12537560096153846
190911523486627,6675,0.12535682091346154
308822030318539,6674,0.1253380408653846
644178232198793,6674,0.1253380408653846
431755627763602,6673,0.12531926081730768
16105447778942,6671,0.12528170072115385
120627566969673,6671,0.12528170072115385
896009971632905,6671,0.12528170072115385
88624745584859,6670,0.12526292067307693
188556414140386,6670,0.12526292067307693
122645873568860,6668,0.12522536057692307
166133842967296,6668,0.12522536057692307
399600287853269,6668,0.12522536057692307
658378787123522,6668,0.12522536057692307
712161591434693,6668,0.12522536057692307
632962760381704,6667,0.12520658052884615
737892641212846,6667,0.12520658052884615
720409985200288,6666,0.12518780048076922
740859949885387,6665,0.12516902043269232
884075124547788,6664,0.1251502403846154
914546247584114,6664,0.1251502403846154
290027797129493,6663,0.12513146033653846
478872653551634,6663,0.12513146033653846
148948935181135,6662,0.12511268028846154
410362497204028,6661,0.1250939002403846
405693601696208,6659,0.12505634014423078
13235641750710,6658,0.12503756009615385
517844803225839,6658,0.12503756009615385
114183436507362,6657,0.12501878004807693
222919307405612,6657,0.12501878004807693
807677527745803,6657,0.12501878004807693
118017233328982,6656,0.125
29590432977390,6655,0.12498121995192307
727247295208515,6655,0.12498121995192307
2665011373793,6654,0.12496243990384616
123912031041117,6653,0.12494365985576923
125059464099999,6653,0.12494365985576923
462761960088290,6653,0.12494365985576923
300177767357354,6652,0.1249248798076923
366601580751992,6652,0.1249248798076923
76961815902460,6651,0.12490609975961539
237111117521258,6651,0.12490609975961539
588059932266784,6651,0.12490609975961539
855714311856504,6651,0.12490609975961539
910828662699738,6651,0.12490609975961539
516230702553667,6649,0.12486853966346154
652555683153808,6649,0.12486853966346154
77057453204378,6646,0.12481219951923077
766298322915407,6646,0.12481219951923077
898860418992351,6645,0.12479341947115384
567684298979824,6642,0.12473707932692307
21736902673850,6640,0.12469951923076923
761580844458575,6640,0.12469951923076923
818768336491050,6640,0.12469951923076923
905482577049896,6640,0.12469951923076923
445619935595250,6639,0.1246807391826923
869757714204839,6639,0.1246807391826923
516612391275781,6637,0.12464317908653846
528451149612531,6636,0.12462439903846154
547248014945371,6636,0.12462439903846154
678692316773229,6636,0.12462439903846154
799415629912891,6636,0.12462439903846154
195814031356788,6635,0.12460561899038461
282182862348174,6635,0.12460561899038461
300699440867334,6635,0.12460561899038461
126181528148975,6633,0.12456805889423077
564607372161179,6633,0.12456805889423077
227285858047338,6632,0.12454927884615384
296996195115201,6629,0.12449293870192307
528168400436177,6629,0.12449293870192307
586002599641574,6629,0.12449293870192307
681186520296138,6629,0.12449293870192307
111066463240231,6628,0.12447415865384616
608006457647364,6628,0.12447415865384616
719132200813975,6627,0.12445537860576923
352993016904342,6626,0.1244365985576923
565400309775977,6626,0.1244365985576923
848081835169981,6626,0.1244365985576923
671379446926382,6625,0.12441781850961539
504489788969874,6624,0.12439903846153846
906412375179748,6624,0.12439903846153846
686236657127772,6622,0.12436147836538461
449756690767575,6621,0.1243426983173077
506604122436407,6619,0.12430513822115384
854310903258228,6618,0.12428635817307693
613652444202337,6616,0.12424879807692307
690004263236472,6616,0.12424879807692307
868273583381807,6616,0.12424879807692307
201843738524987,6615,0.12423001802884616
433308953478730,6615,0.12423001802884616
103974562833566,6614,0.12421123798076923
280328111846396,6614,0.12421123798076923
770534119817089,6614,0.12421123798076923
13347849731110,6613,0.1241924579326923
116636534429230,6613,0.1241924579326923
543590030878888,6613,0.1241924579326923
563732596633339,6613,0.1241924579326923
891436701862758,6613,0.1241924579326923
355857088817752,6612,0.12417367788461539
648465292707024,6612,0.12417367788461539
708247122178982,6612,0.12417367788461539
792434502377841,6611,0.12415489783653846
263539689561381,6610,0.12413611778846154
456861008912863,6610,0.12413611778846154
264653818832988,6609,0.12411733774038461
311411185932683,6609,0.12411733774038461
265126648239907,6608,0.1240985576923077
485686019261642,6607,0.12407977764423077
865809699934175,6607,0.12407977764423077
456761582861740,6606,0.12406099759615384
460386594126842,6606,0.12406099759615384
603988219160524,6606,0.12406099759615384
271785889023545,6605,0.12404221754807693
780895302117144,6601,0.12396709735576923
191329548214188,6596,0.12387319711538461
408399683025553,6596,0.12387319711538461
771540998305131,6596,0.12387319711538461
580415258081852,6595,0.1238544170673077
228759565436260,6593,0.12381685697115384
689432479989094,6592,0.12379807692307693
774176781846631,6592,0.12379807692307693
64126541504994,6590,0.12376051682692307
69364090598884,6587,0.1237041766826923
168959461116368,6587,0.1237041766826923
605989240718786,6586,0.12368539663461539
679325289736618,6583,0.12362905649038461
371485057067995,6582,0.1236102764423077
604217011979916,6580,0.12357271634615384
367423814450377,6579,0.12355393629807693
457442646245528,6579,0.12355393629807693
78551797102063,6578,0.12353515625
302585983675600,6578,0.12353515625
412499397773631,6578,0.12353515625
503700143479259,6578,0.12353515625
60347789914506,6577,0.12351637620192307
879870347516692,6577,0.12351637620192307
795604100950083,6576,0.12349759615384616
104615848458422,6574,0.1234600360576923
162648733504038,6574,0.1234600360576923
300548098992678,6574,0.1234600360576923
511692894943592,6574,0.1234600360576923
557172915455320,6574,0.1234600360576923
737374179294464,6574,0.1234600360576923
294407665519461,6573,0.12344125600961539
215604063074577,6572,0.12342247596153846
158723536164494,6571,0.12340369591346154
227967568053164,6571,0.12340369591346154
257173316466565,6571,0.12340369591346154
578169321064570,6571,0.12340369591346154
799371835928677,6571,0.12340369591346154
272594959814252,6569,0.1233661358173077
380319208291823,6569,0.1233661358173077
343680631539878,6568,0.12334735576923077
157838146974784,6567,0.12332857572115384
713829988173338,6567,0.12332857572115384
840296499604071,6567,0.12332857572115384
302229549319494,6566,0.12330979567307693
307388327501910,6564,0.12327223557692307
406493912130875,6564,0.12327223557692307
415524966011019,6564,0.12327223557692307
437490281430237,6564,0.12327223557692307
797570197235550,6564,0.12327223557692307
318063230246635,6563,0.12325345552884616
195541743331905,6559,0.12317833533653846
524681447375299,6559,0.12317833533653846
891221151348916,6559,0.12317833533653846
52882823419175,6558,0.12315955528846154
141061169760207,6558,0.12315955528846154
477076461221501,6558,0.12315955528846154
840043611588083,6558,0.12315955528846154
453785874893762,6555,0.12310321514423077
626729116827715,6555,0.12310321514423077
399453148087899,6554,0.12308443509615384
883664181273662,6552,0.123046875
397495399388226,6551,0.12302809495192307
484981304515608,6551,0.12302809495192307
887770719342331,6551,0.12302809495192307
170542753965786,6550,0.12300931490384616
172743641263770,6550,0.12300931490384616
455180794811669,6548,0.1229717548076923
303870320357434,6545,0.12291541466346154
712231281015687,6545,0.12291541466346154
874002573235305,6545,0.12291541466346154
365351278987567,6544,0.12289663461538461
479258979068796,6544,0.12289663461538461
531087393883979,6544,0.12289663461538461
546497457491886,6543,0.1228778545673077
777245074965678,6543,0.1228778545673077
325937233134833,6541,0.12284029447115384
423969999874536,6541,0.12284029447115384
787381132070922,6539,0.122802734375
845120688547065,6539,0.122802734375
871198592116463,6539,0.122802734375
160931736758601,6538,0.12278395432692307
456618602794861,6538,0.12278395432692307
753750427375939,6538,0.12278395432692307
476819962088888,6536,0.12274639423076923
723242149911180,6536,0.12274639423076923
547157357364061,6535,0.1227276141826923
727324642985074,6535,0.1227276141826923
357270563322596,6534,0.12270883413461539
244394000881632,6531,0.12265249399038461
645250320554497,6530,0.1226337139423077
802882320586288,6530,0.1226337139423077
660754571100922,6529,0.12261493389423077
401360664645651,6528,0.12259615384615384
577539828795270,6528,0.12259615384615384
48777557889653,6527,0.12257737379807693
740180177986981,6526,0.12255859375
104805402635628,6521,0.12246469350961539
298953339222458,6520,0.12244591346153846
299017906023440,6520,0.12244591346153846
779130744645549,6520,0.12244591346153846
518088624638239,6519,0.12242713341346154
255055298222935,6518,0.12240835336538461
596334501338417,6518,0.12240835336538461
420134382561311,6517,0.1223895733173077
637682680864608,6517,0.1223895733173077
908989442619350,6517,0.1223895733173077
371122294190687,6516,0.12237079326923077
297129359726647,6515,0.12235201322115384
909873615172180,6515,0.12235201322115384
95218358384494,6514,0.12233323317307693
229895295525842,6514,0.12233323317307693
546763932709569,6514,0.12233323317307693
534630602482033,6513,0.122314453125
545680070219113,6513,0.122314453125
180525968359113,6511,0.12227689302884616
700604814342498,6510,0.12225811298076923
722207969143434,6510,0.12225811298076923
631606042582693,6509,0.1222393329326923
17145560865355,6508,0.12222055288461539
188709285010896,6508,0.12222055288461539
295825566632259,6508,0.12222055288461539
248157661304700,6507,0.12220177283653846
474168892321861,6506,0.12218299278846154
672145610425645,6506,0.12218299278846154
709426164833150,6506,0.12218299278846154
303748899685852,6504,0.1221454326923077
631742855672568,6504,0.1221454326923077
635081026532576,6504,0.1221454326923077
751278446116543,6504,0.1221454326923077
341277543467136,6503,0.12212665264423077
613031590286552,6501,0.12208909254807693
111628383626583,6500,0.1220703125
535934442816805,6500,0.1220703125
171808615975249,6499,0.12205153245192307
502842845291325,6498,0.12203275240384616
165782633853610,6497,0.12201397235576923
268212526815216,6496,0.1219951923076923
647679130271490,6496,0.1219951923076923
415483632690399,6495,0.12197641225961539
118226051097342,6493,0.12193885216346154
124174116064568,6493,0.12193885216346154
509420335634764,6490,0.12188251201923077
718481932739212,6490,0.12188251201923077
604053640485926,6488,0.12184495192307693
499264602141640,6487,0.121826171875
280573666934436,6486,0.12180739182692307
911466966906730,6486,0.12180739182692307
67190138869138,6485,0.12178861177884616
744010547979248,6484,0.12176983173076923
218957421774525,6482,0.12173227163461539
427127849999728,6481,0.12171349158653846
403388563898541,6480,0.12169471153846154
15014781126177,6479,0.12167593149038461
214639726690517,6478,0.1216571514423077
657309902778051,6478,0.1216571514423077
737688416140983,6477,0.12163837139423077
54940226293530,6476,0.12161959134615384
669268733846002,6476,0.12161959134615384
682159481563291,6476,0.12161959134615384
290822956359849,6475,0.12160081129807693
702400887447953,6475,0.12160081129807693
920643361581393,6475,0.12160081129807693
102312055826649,6473,0.12156325120192307
29330239123106,6471,0.12152569110576923
116785536744713,6471,0.12152569110576923
827583448490494,6470,0.1215069110576923
869701963511141,6469,0.12148813100961539
421037880791088,6468,0.12146935096153846
535112861101186,6468,0.12146935096153846
110222532729026,6467,0.12145057091346154
90543163511020,6466,0.12143179086538461
875688193105248,6464,0.12139423076923077
259943926075531,6462,0.12135667067307693
49325777662180,6461,0.121337890625
226718981961467,6461,0.121337890625
750668508107220,6460,0.12131911057692307
216219820585191,6457,0.1212627704326923
550421330644180,6457,0.1212627704326923
559621430741462,6457,0.1212627704326923
756310510896998,6456,0.12124399038461539
207469250995067,6454,0.12120643028846154
764646731346502,6454,0.12120643028846154
27107161410005,6453,0.12118765024038461
901144291390657,6453,0.12118765024038461
36117270657491,6452,0.1211688701923077
767573967383294,6452,0.1211688701923077
401045910319789,6450,0.12113131009615384
445206167136379,6450,0.12113131009615384
754226965579224,6450,0.12113131009615384
56297266523232,6449,0.12111253004807693
787771973001063,6449,0.12111253004807693
830465919669502,6449,0.12111253004807693
620385949158783,6448,0.12109375
485906679139421,6446,0.12105618990384616
376050807898643,6445,0.12103740985576923
567285134887002,6445,0.12103740985576923
497390838945320,6443,0.12099984975961539
74944467087199,6442,0.12098106971153846
661784931651164,6442,0.12098106971153846
1524229107534,6440,0.12094350961538461
146748190731483,6439,0.1209247295673077
800777500474333,6439,0.1209247295673077
281403622075425,6438,0.12090594951923077
864855613277595,6438,0.12090594951923077
657666490231920,6436,0.12086838942307693
42924281935829,6434,0.12083082932692307
210095537966653,6434,0.12083082932692307
232306478848640,6434,0.12083082932692307
467126324013802,6434,0.12083082932692307
669064168804764,6434,0.12083082932692307
115511297579549,6433,0.12081204927884616
274601347938200,6433,0.12081204927884616
600235817120457,6433,0.12081204927884616
229846768016214,6428,0.12071814903846154
224482943158735,6427,0.12069936899038461
43202963522961,6425,0.12066180889423077
473084441812077,6425,0.12066180889423077
745512674637520,6425,0.12066180889423077
804469802174574,6425,0.12066180889423077
895372218183698,6424,0.12064302884615384
273795402188489,6423,0.12062424879807693
553198951316068,6423,0.12062424879807693
771667517262753,6423,0.12062424879807693
844153493027017,6423,0.12062424879807693
858913723563248,6423,0.12062424879807693
566001190977808,6421,0.12058668870192307
152776663806351,6420,0.12056790865384616
366250710804254,6420,0.12056790865384616
531993860699271,6419,0.12054912860576923
566574611241685,6419,0.12054912860576923
558407531282438,6418,0.1205303485576923
529334588748497,6417,0.12051156850961539
668673477177172,6417,0.12051156850961539
78926588011219,6416,0.12049278846153846
189940472425899,6416,0.12049278846153846
343428788574602,6416,0.12049278846153846
417074993180030,6416,0.12049278846153846
169265427425028,6415,0.12047400841346154
173367808019914,6414,0.12045522836538461
425616028387664,6414,0.12045522836538461
491199194957989,6413,0.1204364483173077
500156343645926,6413,0.1204364483173077
25046384879616,6412,0.12041766826923077
737869742188049,6410,0.12038010817307693
360215301136873,6409,0.120361328125
852785726486473,6409,0.120361328125
101382954349177,6407,0.12032376802884616
249427779872356,6407,0.12032376802884616
502155093406436,6407,0.12032376802884616
686785722891754,6407,0.12032376802884616
746384192130801,6407,0.12032376802884616
905495302408828,6407,0.12032376802884616
285571689957772,6406,0.12030498798076923
383480042069925,6406,0.12030498798076923
421921577387264,6405,0.1202862079326923
651536894316334,6403,0.12024864783653846
8128682138789,6402,0.12022986778846154
622384642237671,6402,0.12022986778846154
178014664688874,6401,0.12021108774038461
118388390850230,6400,0.1201923076923077
287691381784181,6400,0.1201923076923077
349663232401440,6400,0.1201923076923077
123130160307654,6399,0.12017352764423077
211090364009630,6397,0.12013596754807693
855955667129546,6397,0.12013596754807693
124705036405751,6396,0.1201171875
129634224919303,6396,0.1201171875
579043166673351,6396,0.1201171875
897342285413960,6396,0.1201171875
413472159978073,6394,0.12007962740384616
676059922691368,6391,0.12002328725961539
817503358736187,6391,0.12002328725961539
22333615244613,6388,0.11996694711538461
206061316745234,6388,0.11996694711538461
448073041533715,6387,0.1199481670673077
233923534062001,6386,0.11992938701923077
170674178644838,6385,0.11991060697115384
735886549060599,6385,0.11991060697115384
881714712026189,6385,0.11991060697115384
40313907440857,6384,0.11989182692307693
351520717976046,6383,0.119873046875
870977594523574,6383,0.119873046875
902254932740453,6383,0.119873046875
100261272063311,6382,0.11985426682692307
561206084011688,6382,0.11985426682692307
568095200433591,6382,0.11985426682692307
670454201767434,6382,0.11985426682692307
730404811727902,6382,0.11985426682692307
754638993388801,6382,0.11985426682692307
237652201200654,6380,0.11981670673076923
63348083802713,6379,0.1197979266826923
239992640379434,6379,0.1197979266826923
291030794258777,6379,0.1197979266826923
398879073651077,6379,0.1197979266826923
573924421199120,6378,0.11977914663461539
94753835100500,6376,0.11974158653846154
717314964062807,6375,0.11972280649038461
887577109071523,6374,0.1197040264423077
222637165183411,6373,0.11968524639423077
71464399654234,6372,0.11966646634615384
341371839664262,6371,0.11964768629807693
574884399827878,6369,0.11961012620192307
704964300708592,6368,0.11959134615384616
185443517494712,6367,0.11957256610576923
636470989384783,6366,0.1195537860576923
525052977981744,6365,0.11953500600961539
404399837670226,6364,0.11951622596153846
185998069003769,6363,0.11949744591346154
780391763861442,6363,0.11949744591346154
547322936466169,6362,0.11947866586538461
877858422706654,6362,0.11947866586538461
551148681992816,6360,0.11944110576923077
184312674375994,6358,0.11940354567307693
544273360516797,6358,0.11940354567307693
511943624788799,6355,0.11934720552884616
145156649078224,6354,0.11932842548076923
787786584160853,6353,0.1193096454326923
37844761005677,6352,0.11929086538461539
47430271874923,6352,0.11929086538461539
519297635993414,6348,0.1192157451923077
848991240262277,6348,0.1192157451923077
272231763738445,6347,0.11919696514423077
862800528944920,6347,0.11919696514423077
273227355119291,6346,0.11917818509615384
80680558443220,6345,0.11915940504807693
919107200751076,6345,0.11915940504807693
303380071522472,6342,0.11910306490384616
731929550194684,6342,0.11910306490384616
160522426937094,6340,0.1190655048076923
187999313674260,6340,0.1190655048076923
718442666329785,6340,0.1190655048076923
879694733952507,6340,0.1190655048076923
579051594168952,6336,0.11899038461538461
345498940522073,6335,0.1189716045673077
513493587123311,6335,0.1189716045673077
753987159392095,6335,0.1189716045673077
627872952000694,6334,0.11895282451923077
588253333634741,6332,0.11891526442307693
763749611240343,6332,0.11891526442307693
599339536005003,6331,0.118896484375
170920035981006,6330,0.11887770432692307
745284678201123,6328,0.11884014423076923
163992868938692,6326,0.11880258413461539
193428713007835,6326,0.11880258413461539
853382957374000,6326,0.11880258413461539
784721544302449,6325,0.11878380408653846
416028633687640,6324,0.11876502403846154
622964523570403,6323,0.11874624399038461
764064762157532,6323,0.11874624399038461
703761036029024,6322,0.1187274639423077
935788157445,6319,0.11867112379807693
453344272642261,6319,0.11867112379807693
855892511218168,6319,0.11867112379807693
521210597691105,6318,0.11865234375
611117512116110,6318,0.11865234375
859155061877736,6317,0.11863356370192307
218639514327893,6316,0.11861478365384616
843829105041261,6316,0.11861478365384616
714825785420394,6315,0.11859600360576923
507677837265710,6314,0.1185772235576923
386007969054495,6313,0.11855844350961539
153203759160734,6312,0.11853966346153846
526868714222074,6312,0.11853966346153846
544838766322441,6312,0.11853966346153846
166389702909952,6311,0.11852088341346154
638957590550477,6311,0.11852088341346154
884012194119736,6311,0.11852088341346154
264031400153586,6310,0.11850210336538461
759852806881071,6309,0.1184833233173077
368197566622683,6308,0.11846454326923077
488244433168839,6308,0.11846454326923077
566253066572359,6308,0.11846454326923077
626073146415658,6307,0.11844576322115384
94117438858785,6306,0.11842698317307693
165594974673125,6306,0.11842698317307693
256462255804337,6306,0.11842698317307693
379020903226484,6306,0.11842698317307693
403400265088359,6305,0.118408203125
67186632810250,6304,0.11838942307692307
9519181881202,6302,0.11835186298076923
164663950294300,6301,0.1183330829326923
200336082364735,6301,0.1183330829326923
407088967525140,6301,0.1183330829326923
819557682204124,6301,0.1183330829326923
664244104898470,6300,0.11831430288461539
43536949735734,6299,0.11829552283653846
579567736012803,6299,0.11829552283653846
891896198976649,6298,0.11827674278846154
425677991651589,6297,0.11825796274038461
857138832116648,6296,0.1182391826923077
654172895802193,6295,0.11822040264423077
106825848467130,6294,0.11820162259615384
478519718461791,6293,0.11818284254807693
622719243132936,6293,0.11818284254807693
521317281827305,6292,0.1181640625
726056037311005,6292,0.1181640625
129827502860951,6291,0.11814528245192307
604694867927366,6291,0.11814528245192307
637279559783988,6289,0.11810772235576923
261875052493153,6288,0.1180889423076923
104444015811816,6287,0.11807016225961539
347530731673672,6287,0.11807016225961539
348871646039435,6287,0.11807016225961539
479018938723391,6285,0.11803260216346154
119122522663425,6284,0.11801382211538461
634887661389566,6284,0.11801382211538461
815381908630055,6284,0.11801382211538461
110242047482891,6283,0.1179950420673077
210843090744507,6282,0.11797626201923077
357484483057971,6282,0.11797626201923077
529124617627978,6282,0.11797626201923077
869745132786298,6282,0.11797626201923077
374198041800377,6281,0.11795748197115384
400343748484221,6280,0.11793870192307693
114560049289041,6279,0.117919921875
504747385376880,6279,0.117919921875
518453358561177,6279,0.117919921875
470363903289505,6278,0.11790114182692307
33517137022028,6277,0.11788236177884616
39393902965761,6276,0.11786358173076923
864094412673802,6276,0.11786358173076923
174394109326215,6275,0.1178448016826923
409890173027149,6275,0.1178448016826923
562722947174845,6275,0.1178448016826923
272646042106470,6274,0.11782602163461539
404732135837600,6274,0.11782602163461539
650764246296881,6274,0.11782602163461539
867578357589122,6274,0.11782602163461539
52988246790917,6273,0.11780724158653846
115653412445486,6273,0.11780724158653846
698524062356194,6273,0.11780724158653846
199222285823624,6272,0.11778846153846154
865579069660814,6272,0.11778846153846154
184392882493659,6271,0.11776968149038461
642944052172889,6271,0.11776968149038461
919892915976578,6271,0.11776968149038461
127112831553005,6270,0.1177509014423077
757812681529011,6270,0.1177509014423077
414669554251235,6269,0.11773212139423077
273158020732303,6268,0.11771334134615384
390758018961393,6268,0.11771334134615384
393089974893347,6268,0.11771334134615384
502486132775984,6268,0.11771334134615384
658639041736457,6268,0.11771334134615384
553279423434700,6267,0.11769456129807693
738857454031302,6266,0.11767578125
447184807549285,6265,0.11765700120192307
476755938562148,6264,0.11763822115384616
763923656244593,6264,0.11763822115384616
200297859858259,6263,0.11761944110576923
612645824534679,6261,0.11758188100961539
180735576918803,6260,0.11756310096153846
251893003670213,6260,0.11756310096153846
255345605713814,6259,0.11754432091346154
3118866710863,6258,0.11752554086538461
87801850259245,6258,0.11752554086538461
162658462824972,6257,0.1175067608173077
326860343588727,6257,0.1175067608173077
715518581904186,6257,0.1175067608173077
586336419362441,6256,0.11748798076923077
150475121523156,6254,0.11745042067307693
569810407867965,6254,0.11745042067307693
666557772773651,6254,0.11745042067307693
751972849699994,6254,0.11745042067307693
218760509159038,6252,0.11741286057692307
287163119406454,6252,0.11741286057692307
803677211502451,6252,0.11741286057692307
388771428566429,6251,0.11739408052884616
297741171176215,6250,0.11737530048076923
402875283196757,6249,0.1173565204326923
610563371283554,6249,0.1173565204326923
170198389691157,6248,0.11733774038461539
489215606755230,6248,0.11733774038461539
22234706644558,6247,0.11731896033653846
82878106654553,6246,0.11730018028846154
326670918271777,6246,0.11730018028846154
814087390091872,6246,0.11730018028846154
457007137417998,6245,0.11728140024038461
500671106689914,6243,0.11724384014423077
825043615219008,6243,0.11724384014423077
530955621444432,6242,0.11722506009615384
630159186554235,6242,0.11722506009615384
125036872507438,6241,0.11720628004807693
288770691353435,6241,0.11720628004807693
338739418539731,6241,0.11720628004807693
595122489403078,6240,0.1171875
112812500547933,6239,0.11716871995192307
574387470400025,6239,0.11716871995192307
604620422650353,6239,0.11716871995192307
7322825145010,6238,0.11714993990384616
439335549363284,6238,0.11714993990384616
733972722360350,6238,0.11714993990384616
482537677997822,6237,0.11713115985576923
860138537181883,6237,0.11713115985576923
80988917055587,6236,0.1171123798076923
177359218127390,6236,0.1171123798076923
222206541375826,6236,0.1171123798076923
241651076477357,6236,0.1171123798076923
567501861675527,6236,0.1171123798076923
44133580521880,6235,0.11709359975961539
136099851337845,6235,0.11709359975961539
166756849763324,6235,0.11709359975961539
230056677225227,6235,0.11709359975961539
845493115908572,6234,0.11707481971153846
478716932056784,6232,0.11703725961538461
702112189302248,6232,0.11703725961538461
43293034063768,6231,0.1170184795673077
346759236214636,6231,0.1170184795673077
633199069395524,6229,0.11698091947115384
613279817627094,6228,0.11696213942307693
838246753476325,6228,0.11696213942307693
547537613590426,6226,0.11692457932692307
339725252778601,6225,0.11690579927884616
607296009837066,6225,0.11690579927884616
785409708660357,6225,0.11690579927884616
98130172568823,6224,0.11688701923076923
367162585348465,6224,0.11688701923076923
381804686984265,6224,0.11688701923076923
46175154789969,6223,0.1168682391826923
317860606919420,6223,0.1168682391826923
9879401825847,6222,0.11684945913461539
663146143558811,6222,0.11684945913461539
836338907549906,6222,0.11684945913461539
472538854065475,6221,0.11683067908653846
542311451451726,6221,0.11683067908653846
860736886742864,6221,0.11683067908653846
644406515934920,6220,0.11681189903846154
140457060612922,6218,0.1167743389423077
587044789018564,6218,0.1167743389423077
114939867264357,6217,0.11675555889423077
680403681122439,6217,0.11675555889423077
866953881069771,6216,0.11673677884615384
384699438086295,6215,0.11671799879807693
552397907011742,6214,0.11669921875
389794778382033,6213,0.11668043870192307
638014634741630,6213,0.11668043870192307
794308343091810,6213,0.11668043870192307
140731267026786,6212,0.11666165865384616
612194618284039,6212,0.11666165865384616
479019297072234,6211,0.11664287860576923
738979693221594,6211,0.11664287860576923
5939833417339,6210,0.1166240985576923
228423383768670,6210,0.1166240985576923
793845290349263,6210,0.1166240985576923
156666284656163,6209,0.11660531850961539
542619745981419,6209,0.11660531850961539
756688400750236,6207,0.11656775841346154
136612491645203,6205,0.1165301983173077
494672140710049,6205,0.1165301983173077
69251648575183,6202,0.11647385817307693
678642439440266,6202,0.11647385817307693
220992870220773,6200,0.11643629807692307
398189697185268,6200,0.11643629807692307
868451951299274,6200,0.11643629807692307
920907313542643,6199,0.11641751802884616
775398622378329,6198,0.11639873798076923
348552612883811,6197,0.1163799579326923
823770199748833,6197,0.1163799579326923
146319834591673,6195,0.11634239783653846
345741054833297,6194,0.11632361778846154
500153085600989,6194,0.11632361778846154
795729416904082,6194,0.11632361778846154
393871218461388,6192,0.1162860576923077
674572731265489,6192,0.1162860576923077
25504263196161,6191,0.11626727764423077
753316614475707,6191,0.11626727764423077
44415273549628,6190,0.11624849759615384
851936244955123,6190,0.11624849759615384
47150301894518,6188,0.1162109375
538167515501638,6187,0.11619215745192307
663371602104737,6187,0.11619215745192307
161567826110176,6184,0.1161358173076923
203094701048393,6184,0.1161358173076923
130760353503606,6183,0.11611703725961539
75062728009223,6182,0.11609825721153846
858899945468339,6182,0.11609825721153846
883448344657125,6181,0.11607947716346154
134318070740597,6179,0.1160419170673077
136380799151626,6179,0.1160419170673077
277817302871358,6179,0.1160419170673077
185493251786168,6178,0.11602313701923077
818333910354132,6178,0.11602313701923077
68418974083824,6177,0.11600435697115384
637761341823816,6177,0.11600435697115384
710737169887596,6177,0.11600435697115384
858548035521781,6177,0.11600435697115384
686771970579251,6176,0.11598557692307693
342494827114695,6175,0.115966796875
830025982561518,6174,0.11594801682692307
564233893103054,6173,0.11592923677884616
525582499569813,6171,0.1158916766826923
13952221816821,6170,0.11587289663461539
31468658852977,6168,0.11583533653846154
205291351601907,6168,0.11583533653846154
586317251719667,6168,0.11583533653846154
639808027804917,6167,0.11581655649038461
659368332736372,6167,0.11581655649038461
383231346670986,6165,0.11577899639423077
683338149930471,6165,0.11577899639423077
895265499834419,6164,0.11576021634615384
173657171276507,6162,0.11572265625
785501752478228,6162,0.11572265625
268549649144099,6161,0.11570387620192307
486160151738208,6160,0.11568509615384616
70642687128809,6159,0.11566631610576923
274126975818140,6159,0.11566631610576923
334268998458206,6159,0.11566631610576923
525057855576437,6158,0.1156475360576923
656434401861096,6158,0.1156475360576923
58975402821976,6156,0.11560997596153846
594277381861288,6156,0.11560997596153846
826185810431632,6155,0.11559119591346154
849361678328763,6155,0.11559119591346154
517740125958943,6154,0.11557241586538461
53329935738931,6152,0.11553485576923077
168888141483328,6150,0.11549729567307693
743065941621776,6150,0.11549729567307693
896934243466486,6150,0.11549729567307693
526037478767594,6149,0.115478515625
697049961795821,6149,0.115478515625
551247754460401,6147,0.11544095552884616
646114898741416,6147,0.11544095552884616
774724955363775,6147,0.11544095552884616
51628755519075,6146,0.11542217548076923
448289090583504,6145,0.1154033954326923
464292964183857,6145,0.1154033954326923
738568138315409,6145,0.1154033954326923
519084465107975,6144,0.11538461538461539
258186611603343,6143,0.11536583533653846
677450839124757,6142,0.11534705528846154
317325160842560,6141,0.11532827524038461
503779011990977,6141,0.11532827524038461
132538413676251,6137,0.11525315504807693
161873904707824,6137,0.11525315504807693
308474560581164,6137,0.11525315504807693
12645709390364,6136,0.115234375
557156140017178,6135,0.11521559495192307
597149594172773,6134,0.11519681490384616
432745353805679,6133,0.11517803485576923
776401751612511,6133,0.11517803485576923
32584948585868,6132,0.1151592548076923
730503058925849,6130,0.11512169471153846
754086237161621,6130,0.11512169471153846
549701180279792,6129,0.11510291466346154
694175581771503,6129,0.11510291466346154
848034162717579,6129,0.11510291466346154
8857520469277,6127,0.1150653545673077
101841773954933,6127,0.1150653545673077
263949618188760,6127,0.1150653545673077
125079499533861,6126,0.11504657451923077
341782503076848,6126,0.11504657451923077
594628397315742,6126,0.11504657451923077
295627620761038,6125,0.11502779447115384
323657890862978,6125,0.11502779447115384
643325199274542,6125,0.11502779447115384
124717194605568,6124,0.11500901442307693
806690686274094,6124,0.11500901442307693
144683458029731,6123,0.114990234375
202146507998907,6123,0.114990234375
366449252256780,6123,0.114990234375
369206097465604,6123,0.114990234375
723692684636038,6123,0.114990234375
839437137908715,6123,0.114990234375
164005619472977,6122,0.11497145432692307
297073926070905,6122,0.11497145432692307
917413520092462,6122,0.11497145432692307
144311245162099,6121,0.11495267427884616
565568120309362,6121,0.11495267427884616
66484998380324,6120,0.11493389423076923
111926675209437,6120,0.11493389423076923
188743142108352,6120,0.11493389423076923
191371238243965,6120,0.11493389423076923
343420227801541,6120,0.11493389423076923
575635986442891,6120,0.11493389423076923
605136942434819,6120,0.11493389423076923
222741094093118,6119,0.1149151141826923
531004314966395,6119,0.1149151141826923
541183841582995,6119,0.1149151141826923
100967938602441,6118,0.11489633413461539
537582112299603,6118,0.11489633413461539
209950612447876,6117,0.11487755408653846
43824835225373,6116,0.11485877403846154
905022103240187,6116,0.11485877403846154
883704514200371,6115,0.11483999399038461
210693502971746,6113,0.11480243389423077
318853037736461,6111,0.11476487379807693
694593863657464,6111,0.11476487379807693
70219527265498,6110,0.11474609375
291067431163776,6110,0.11474609375
258324613121318,6109,0.11472731370192307
104504913243687,6108,0.11470853365384616
191852818502568,6108,0.11470853365384616
572411020082238,6108,0.11470853365384616
4348314029520,6107,0.11468975360576923
335632520994761,6107,0.11468975360576923
364601206095763,6107,0.11468975360576923
407590550527554,6107,0.11468975360576923
468214104896771,6106,0.1146709735576923
229252061216128,6105,0.11465219350961539
350005599607619,6105,0.11465219350961539
670667007934440,6105,0.11465219350961539
596768540973091,6104,0.11463341346153846
32995043298717,6102,0.11459585336538461
884262497659789,6102,0.11459585336538461
94395317403481,6101,0.1145770733173077
115519716407791,6101,0.1145770733173077
345658397997753,6101,0.1145770733173077
568145024489018,6101,0.1145770733173077
818131651689331,6101,0.1145770733173077
719693982702812,6099,0.11453951322115384
759472855994022,6099,0.11453951322115384
719577613376786,6098,0.11452073317307693
459877920796725,6096,0.11448317307692307
465207189578715,6096,0.11448317307692307
474186610730411,6096,0.11448317307692307
663189710409111,6096,0.11448317307692307
468769450741227,6095,0.11446439302884616
851815775328838,6095,0.11446439302884616
917662009685275,6093,0.1144268329326923
193934675564949,6092,0.11440805288461539
70006335480325,6091,0.11438927283653846
309996422969021,6090,0.11437049278846154
297122594391680,6089,0.11435171274038461
647906136882917,6088,0.1143329326923077
807216209153891,6087,0.11431415264423077
843977722676441,6087,0.11431415264423077
381779274426171,6082,0.11422025240384616
158581514173032,6081,0.11420147235576923
459924091315576,6081,0.11420147235576923
564440780264784,6080,0.1141826923076923
619871910926566,6080,0.1141826923076923
46866680499760,6078,0.11414513221153846
821386804154660,6078,0.11414513221153846
603638351994387,6077,0.11412635216346154
250367970712816,6075,0.1140887920673077
266092511208986,6075,0.1140887920673077
21961393481303,6074,0.11407001201923077
511078584172152,6074,0.11407001201923077
724398540882834,6074,0.11407001201923077
866243134581079,6074,0.11407001201923077
284824413359676,6072,0.11403245192307693
355047374455855,6072,0.11403245192307693
376844645176291,6072,0.11403245192307693
726350897379196,6072,0.11403245192307693
824934766671359,6072,0.11403245192307693
121997647123268,6071,0.114013671875
62960638174435,6070,0.11399489182692307
727181377980232,6070,0.11399489182692307
88863652458214,6069,0.11397611177884616
368873543591333,6068,0.11395733173076923
439122400758244,6068,0.11395733173076923
728681958889356,6068,0.11395733173076923
313147996785239,6067,0.1139385516826923
536691953985868,6067,0.1139385516826923
350961749878502,6065,0.11390099158653846
574043750913369,6065,0.11390099158653846
691756416326273,6065,0.11390099158653846
117016253786413,6064,0.11388221153846154
21753360893614,6063,0.11386343149038461
176652858631209,6063,0.11386343149038461
156187880344337,6062,0.1138446514423077
193587650878185,6062,0.1138446514423077
257069712846438,6062,0.1138446514423077
914780876827728,6062,0.1138446514423077
84384406716750,6061,0.11382587139423077
424809593634052,6060,0.11380709134615384
768892989410449,6060,0.11380709134615384
878213324448471,6060,0.11380709134615384
303145972265389,6059,0.11378831129807693
308412851164038,6059,0.11378831129807693
497177879299218,6059,0.11378831129807693
723169682703789,6059,0.11378831129807693
523665918566222,6058,0.11376953125
666844791999452,6056,0.11373197115384616
176099046137010,6055,0.11371319110576923
250813501188091,6055,0.11371319110576923
487934868638231,6055,0.11371319110576923
128403026381314,6054,0.1136944110576923
372806402750745,6054,0.1136944110576923
460343685086165,6054,0.1136944110576923
777561878928677,6053,0.11367563100961539
560783842030525,6051,0.11363807091346154
660017707175411,6051,0.11363807091346154
266707094576034,6050,0.11361929086538461
396251195488277,6050,0.11361929086538461
724598039515910,6049,0.1136005108173077
763521974085519,6048,0.11358173076923077
798504610283704,6048,0.11358173076923077
913698087771132,6048,0.11358173076923077
548065826210181,6046,0.11354417067307693
564834912207935,6045,0.113525390625
315568820448590,6043,0.11348783052884616
536362808182050,6043,0.11348783052884616
90149407569425,6042,0.11346905048076923
368369753933010,6041,0.1134502704326923
128501750506668,6040,0.11343149038461539
335117878407586,6040,0.11343149038461539
822862341860844,6040,0.11343149038461539
853582742826106,6039,0.11341271033653846
62129100450101,6038,0.11339393028846154
270071179263543,6037,0.11337515024038461
568461209933513,6037,0.11337515024038461
435204249322032,6036,0.1133563701923077
342214932766789,6035,0.11333759014423077
422255427467697,6033,0.11330003004807693
168055030796600,6032,0.11328125
669189411941624,6031,0.11326246995192307
136038619778393,6030,0.11324368990384616
173265914978639,6030,0.11324368990384616
552163443475685,6030,0.11324368990384616
614681079242724,6030,0.11324368990384616
817158513961602,6030,0.11324368990384616
839526753905806,6030,0.11324368990384616
907323309419608,6029,0.11322490985576923
268773784771065,6027,0.11318734975961539
337640702188663,6027,0.11318734975961539
423737113000307,6027,0.11318734975961539
609479700801116,6027,0.11318734975961539
837127524307637,6027,0.11318734975961539
500641339580662,6025,0.11314978966346154
536566364357775,6025,0.11314978966346154
675545677132947,6025,0.11314978966346154
728663909432672,6025,0.11314978966346154
47501594097175,6024,0.11313100961538461
525227133951252,6023,0.1131122295673077
5458252130166,6021,0.11307466947115384
124067259598570,6021,0.11307466947115384
368265861686762,6021,0.11307466947115384
809302324467143,6021,0.11307466947115384
255914230743063,6020,0.11305588942307693
890191895022368,6020,0.11305588942307693
139939933154063,6019,0.113037109375
536837986609296,6018,0.11301832932692307
25931649910509,6017,0.11299954927884616
213816148375973,6017,0.11299954927884616
437739802802039,6017,0.11299954927884616
478967105802150,6017,0.11299954927884616
743653847757860,6017,0.11299954927884616
115024823261917,6016,0.11298076923076923
587080851202605,6016,0.11298076923076923
128830487632665,6015,0.1129619891826923
793031749569434,6014,0.11294320913461539
314847154558449,6013,0.11292442908653846
722940726775487,6012,0.11290564903846154
907694972880874,6012,0.11290564903846154
607395518737490,6011,0.11288686899038461
602104379994399,6010,0.1128680889423077
829564181997943,6010,0.1128680889423077
251871279219344,6009,0.11284930889423077
795722150738499,6008,0.11283052884615384
845984473895659,6008,0.11283052884615384
754561796878040,6007,0.11281174879807693
70450439360713,6006,0.11279296875
467750622007544,6006,0.11279296875
873651305505309,6006,0.11279296875
761572256633728,6005,0.11277418870192307
337886380158317,6004,0.11275540865384616
517903748177260,6004,0.11275540865384616
311333194857860,6003,0.11273662860576923
152509179919286,6002,0.1127178485576923
720761232306912,6001,0.11269906850961539
522023256567324,6000,0.11268028846153846
214556308898032,5999,0.11266150841346154
442994826322252,5999,0.11266150841346154
905353201336022,5999,0.11266150841346154
33658782913204,5998,0.11264272836538461
680300019717309,5998,0.11264272836538461
844799758419187,5998,0.11264272836538461
797980055913814,5996,0.11260516826923077
295225451865253,5995,0.11258638822115384
436126862477353,5995,0.11258638822115384
719828395711763,5995,0.11258638822115384
324375620265399,5993,0.112548828125
791807955884201,5993,0.112548828125
25832387939812,5989,0.1124737079326923
132179628003083,5989,0.1124737079326923
173058770435370,5989,0.1124737079326923
324380432761172,5989,0.1124737079326923
42490375773541,5988,0.11245492788461539
16446242949669,5987,0.11243614783653846
532271909016747,5987,0.11243614783653846
78898692659124,5986,0.11241736778846154
105720521166670,5986,0.11241736778846154
807417363626570,5985,0.11239858774038461
56455502400123,5984,0.1123798076923077
82761935722865,5984,0.1123798076923077
499746724023278,5984,0.1123798076923077
827963692030131,5984,0.1123798076923077
474075148925648,5983,0.11236102764423077
553920739645532,5983,0.11236102764423077
134255778052080,5982,0.11234224759615384
286588803062354,5981,0.11232346754807693
378169475814189,5981,0.11232346754807693
547933184787801,5981,0.11232346754807693
124486269488263,5980,0.1123046875
496699098548559,5980,0.1123046875
725500634446087,5980,0.1123046875
375452178924528,5979,0.11228590745192307
389941950805971,5979,0.11228590745192307
517396736625805,5979,0.11228590745192307
561297930813556,5979,0.11228590745192307
248201148436068,5978,0.11226712740384616
633668609339796,5978,0.11226712740384616
129643741141578,5977,0.11224834735576923
396556390842339,5976,0.1122295673076923
121033923245480,5975,0.11221078725961539
150660299555231,5974,0.11219200721153846
357123116108490,5974,0.11219200721153846
381144462006152,5974,0.11219200721153846
453334963563752,5974,0.11219200721153846
661503508470843,5973,0.11217322716346154
154513005046509,5972,0.11215444711538461
285407856768261,5972,0.11215444711538461
386457205455722,5972,0.11215444711538461
729624466745726,5972,0.11215444711538461
223910775894112,5968,0.11207932692307693
748801696534346,5968,0.11207932692307693
291005712915842,5967,0.112060546875
577262018212035,5967,0.112060546875
840069885141265,5967,0.112060546875
842045065746753,5967,0.112060546875
93886685507326,5966,0.11204176682692307
381528217707372,5966,0.11204176682692307
279415734360963,5965,0.11202298677884616
339288093120225,5965,0.11202298677884616
371116228553305,5965,0.11202298677884616
180407362682475,5964,0.11200420673076923
206806666224193,5964,0.11200420673076923
535276229079356,5964,0.11200420673076923
888674252828135,5964,0.11200420673076923
446407292486271,5963,0.1119854266826923
345941392570803,5962,0.11196664663461539
688567568090243,5962,0.11196664663461539
866035833226338,5962,0.11196664663461539
229783110641935,5961,0.11194786658653846
400427941490093,5961,0.11194786658653846
432666075993020,5961,0.11194786658653846
864063290571095,5961,0.11194786658653846
562804951154942,5960,0.11192908653846154
40852139458548,5959,0.11191030649038461
517221211396314,5958,0.1118915264423077
793732005067640,5958,0.1118915264423077
246073702130977,5957,0.11187274639423077
263320085295259,5957,0.11187274639423077
853229759544936,5957,0.11187274639423077
693580738681990,5956,0.11185396634615384
488478949300224,5954,0.11181640625
583097636383386,5954,0.11181640625
38340148044009,5953,0.11179762620192307
312301840172692,5953,0.11179762620192307
595774249938797,5953,0.11179762620192307
779170047825188,5952,0.11177884615384616
55239278340375,5951,0.11176006610576923
132083265632632,5951,0.11176006610576923
566777689015250,5951,0.11176006610576923
757377901035901,5950,0.1117412860576923
375913223735217,5949,0.11172250600961539
838516890146563,5949,0.11172250600961539
290776492860814,5948,0.11170372596153846
215282686967752,5947,0.11168494591346154
560944823869420,5947,0.11168494591346154
706582072034318,5947,0.11168494591346154
345794134115632,5946,0.11166616586538461
248098686430684,5945,0.1116473858173077
381245223268812,5945,0.1116473858173077
444322978038914,5945,0.1116473858173077
700096962593023,5944,0.11162860576923077
457077055854601,5943,0.11160982572115384
460028235225974,5939,0.11153470552884616
853232471226890,5939,0.11153470552884616
195248466274534,5938,0.11151592548076923
716784532084231,5938,0.11151592548076923
849895594234605,5938,0.11151592548076923
471295341770630,5937,0.1114971454326923
262181201205315,5936,0.11147836538461539
875129783281290,5936,0.11147836538461539
258005098970355,5935,0.11145958533653846
858995748153725,5935,0.11145958533653846
80519412463421,5934,0.11144080528846154
571438988372921,5934,0.11144080528846154
741983250084544,5934,0.11144080528846154
118862474267605,5932,0.1114032451923077
136281977962366,5932,0.1114032451923077
363409422988464,5932,0.1114032451923077
718056402593728,5932,0.1114032451923077
514159817461111,5931,0.11138446514423077
572592768700504,5931,0.11138446514423077
575507740258525,5930,0.11136568509615384
816798045033450,5930,0.11136568509615384
372825143868071,5929,0.11134690504807693
414567791907791,5929,0.11134690504807693
41965081134178,5928,0.111328125
681122894731657,5928,0.111328125
848796753150723,5928,0.111328125
853388255189432,5928,0.111328125
841186035976035,5927,0.11130934495192307
899660239546930,5927,0.11130934495192307
187273206964881,5925,0.11127178485576923
463641985922,5924,0.1112530048076923
62175990094201,5924,0.1112530048076923
495201613499483,5924,0.1112530048076923
520116426670144,5924,0.1112530048076923
159806324320212,5922,0.11121544471153846
152774311534654,5921,0.11119666466346154
423299076315481,5921,0.11119666466346154
492767916456400,5921,0.11119666466346154
356981523970934,5919,0.1111591045673077
557598372727258,5919,0.1111591045673077
345727541033046,5918,0.11114032451923077
663934770507233,5917,0.11112154447115384
751836877717152,5917,0.11112154447115384
840524600146679,5917,0.11112154447115384
660763933429997,5916,0.11110276442307693
399928689427592,5915,0.111083984375
6710059671162,5914,0.11106520432692307
11910094635737,5914,0.11106520432692307
111115304959712,5914,0.11106520432692307
774841036283886,5914,0.11106520432692307
64025559063217,5912,0.11102764423076923
785677794600146,5911,0.1110088641826923
222353553646487,5910,0.11099008413461539
607980137518043,5910,0.11099008413461539
584640008193942,5909,0.11097130408653846
742649234175063,5909,0.11097130408653846
869404769680091,5909,0.11097130408653846
651320032999427,5905,0.11089618389423077
573906071102124,5904,0.11087740384615384
734517706015524,5904,0.11087740384615384
779693181180712,5903,0.11085862379807693
18881494938097,5902,0.11083984375
765336704634328,5902,0.11083984375
73968851467643,5901,0.11082106370192307
324579960448725,5901,0.11082106370192307
352186946892530,5901,0.11082106370192307
2756695559996,5900,0.11080228365384616
141558546991570,5900,0.11080228365384616
484887608156606,5900,0.11080228365384616
782269850787949,5900,0.11080228365384616
483389678403950,5899,0.11078350360576923
611504010165776,5898,0.1107647235576923
903778526062445,5896,0.11072716346153846
720724016071095,5895,0.11070838341346154
153902051283810,5891,0.11063326322115384
11770119318768,5890,0.11061448317307693
384116578645774,5890,0.11061448317307693
663032728480974,5890,0.11061448317307693
707454638375915,5890,0.11061448317307693
161663741706689,5889,0.110595703125
172830913867401,5888,0.11057692307692307
486820716612777,5888,0.11057692307692307
679227793357214,5886,0.11053936298076923
274927744871077,5885,0.1105205829326923
425474673388018,5885,0.1105205829326923
160962336693239,5884,0.11050180288461539
253159281158623,5884,0.11050180288461539
770988989771680,5883,0.11048302283653846
405859435853541,5882,0.11046424278846154
717749770981046,5882,0.11046424278846154
810775079992250,5882,0.11046424278846154
843229830694469,5882,0.11046424278846154
916606945803087,5882,0.11046424278846154
711054136086101,5881,0.11044546274038461
223858720456041,5880,0.1104266826923077
207476122721367,5879,0.11040790264423077
378571292807618,5876,0.1103515625
488963007265363,5876,0.1103515625
495970214906873,5876,0.1103515625
353537477580517,5875,0.11033278245192307
533111633839841,5875,0.11033278245192307
568516687806072,5875,0.11033278245192307
910731512077664,5875,0.11033278245192307
913019895036672,5874,0.11031400240384616
253702778204549,5872,0.1102764423076923
255299368304896,5872,0.1102764423076923
862643122695941,5872,0.1102764423076923
180165677036160,5871,0.11025766225961539
311601016385726,5871,0.11025766225961539
343538568537529,5871,0.11025766225961539
753873061034624,5871,0.11025766225961539
457756760451817,5869,0.11022010216346154
149456279785675,5868,0.11020132211538461
758063045301678,5868,0.11020132211538461
74346024572931,5867,0.1101825420673077
100410570135407,5867,0.1101825420673077
1529183360523,5866,0.11016376201923077
210977437506598,5866,0.11016376201923077
676494506492861,5866,0.11016376201923077
223359313939310,5865,0.11014498197115384
479795328397795,5865,0.11014498197115384
221903128515928,5863,0.110107421875
223249068104148,5863,0.110107421875
352237724069362,5863,0.110107421875
455583450267787,5862,0.11008864182692307
642346688879721,5862,0.11008864182692307
785190954599894,5862,0.11008864182692307
772386038296915,5861,0.11006986177884616
836363395870257,5861,0.11006986177884616
45390056386884,5860,0.11005108173076923
52502553901368,5860,0.11005108173076923
489062619946128,5860,0.11005108173076923
782473895978711,5860,0.11005108173076923
38820792042415,5859,0.1100323016826923
216561860275614,5858,0.11001352163461539
236278850050495,5858,0.11001352163461539
621631733963597,5858,0.11001352163461539
661294446636304,5854,0.1099384014423077
493742536926273,5852,0.10990084134615384
682304008343258,5850,0.10986328125
459924639279685,5849,0.10984450120192307
521630815987926,5849,0.10984450120192307
79564640503636,5848,0.10982572115384616
204957569843513,5848,0.10982572115384616
666101872911627,5848,0.10982572115384616
476425740913899,5847,0.10980694110576923
856977772436806,5847,0.10980694110576923
27107397391214,5846,0.1097881610576923
363970210361469,5846,0.1097881610576923
218407692748031,5844,0.10975060096153846
567289549127436,5844,0.10975060096153846
106880521272283,5843,0.10973182091346154
107180549433488,5843,0.10973182091346154
261926978864036,5843,0.10973182091346154
856010177183381,5843,0.10973182091346154
621365424383088,5842,0.10971304086538461
657863396340664,5842,0.10971304086538461
371596306134431,5841,0.1096942608173077
532381440137789,5840,0.10967548076923077
397980610663358,5838,0.10963792067307693
385237067852183,5837,0.109619140625
566369352126156,5837,0.109619140625
440045301084072,5836,0.10960036057692307
55809859663649,5832,0.10952524038461539
588248025956937,5832,0.10952524038461539
50768697711221,5831,0.10950646033653846
60815587847517,5831,0.10950646033653846
167143797550627,5831,0.10950646033653846
396030128833686,5831,0.10950646033653846
569164796111043,5830,0.10948768028846154
713785235599085,5830,0.10948768028846154
393239760687672,5829,0.10946890024038461
723095370864967,5829,0.10946890024038461
866389784850938,5829,0.10946890024038461
240228262049021,5828,0.1094501201923077
693067671160556,5828,0.1094501201923077
761287643776644,5828,0.1094501201923077
216908331667945,5827,0.10943134014423077
661123717532251,5827,0.10943134014423077
190484450223298,5826,0.10941256009615384
431244158678253,5826,0.10941256009615384
490565566349916,5826,0.10941256009615384
93596839234946,5825,0.10939378004807693
283722930629547,5825,0.10939378004807693
581472632154641,5825,0.10939378004807693
248508504479215,5824,0.109375
395418219019504,5824,0.109375
410142516559530,5824,0.109375
437274763145834,5824,0.109375
389707751759475,5822,0.10933743990384616
639081941215368,5822,0.10933743990384616
161489599709675,5821,0.10931865985576923
492761530078113,5821,0.10931865985576923
366312812351579,5820,0.1092998798076923
513605409093968,5818,0.10926231971153846
158456712480054,5817,0.10924353966346154
482655243278095,5816,0.10922475961538461
680085923884173,5816,0.10922475961538461
206677682133553,5815,0.1092059795673077
489844166417356,5814,0.10918719951923077
536594268139466,5813,0.10916841947115384
846865561458057,5813,0.10916841947115384
888404510755747,5813,0.10916841947115384
310441977570984,5812,0.10914963942307693
442704774159619,5812,0.10914963942307693
454048257170263,5812,0.10914963942307693
339517939563053,5810,0.10911207932692307
817631376259588,5810,0.10911207932692307
436418306952369,5809,0.10909329927884616
832486034884624,5809,0.10909329927884616
328544192720052,5808,0.10907451923076923
541625008566808,5808,0.10907451923076923
666375676313510,5808,0.10907451923076923
796319264041288,5808,0.10907451923076923
122900957572788,5806,0.10903695913461539
103020905532099,5805,0.10901817908653846
299300573537892,5805,0.10901817908653846
394735893731129,5805,0.10901817908653846
707981466286267,5805,0.10901817908653846
271581876678431,5804,0.10899939903846154
289718925709622,5804,0.10899939903846154
595725525280071,5804,0.10899939903846154
72412452554659,5803,0.10898061899038461
817365242535177,5803,0.10898061899038461
185889336746744,5801,0.10894305889423077
727894827036760,5800,0.10892427884615384
130259141029347,5799,0.10890549879807693
412390420675676,5799,0.10890549879807693
718181254402591,5799,0.10890549879807693
911427146271371,5798,0.10888671875
6658130751707,5797,0.10886793870192307
788810832531706,5797,0.10886793870192307
218517737675370,5796,0.10884915865384616
509471520177019,5796,0.10884915865384616
303058041784957,5795,0.10883037860576923
417023983337476,5795,0.10883037860576923
338278997964738,5794,0.1088115985576923
518105909465255,5794,0.1088115985576923
901065910256296,5794,0.1088115985576923
314559459966254,5792,0.10877403846153846
417229244194482,5792,0.10877403846153846
425038407080203,5792,0.10877403846153846
238566472139728,5790,0.10873647836538461
631003235720551,5790,0.10873647836538461
774918075358375,5790,0.10873647836538461
628425572454299,5788,0.10869891826923077
28518781763455,5787,0.10868013822115384
79126381013351,5787,0.10868013822115384
157899529586918,5787,0.10868013822115384
756965573501355,5787,0.10868013822115384
129983392014681,5786,0.10866135817307693
502624489874135,5786,0.10866135817307693
757871143894170,5785,0.108642578125
858740404704171,5785,0.108642578125
555157701236458,5784,0.10862379807692307
862807879338592,5784,0.10862379807692307
71644868535599,5783,0.10860501802884616
704529087962531,5783,0.10860501802884616
704546830733661,5783,0.10860501802884616
9860118336442,5782,0.10858623798076923
854481263636486,5782,0.10858623798076923
95950963219864,5781,0.1085674579326923
227002146660727,5781,0.1085674579326923
309402145856719,5781,0.1085674579326923
251352006423946,5780,0.10854867788461539
329818815381627,5780,0.10854867788461539
161292998061900,5779,0.10852989783653846
729451535256672,5779,0.10852989783653846
361737069433861,5778,0.10851111778846154
454296711038577,5777,0.10849233774038461
775733658280304,5777,0.10849233774038461
292630400471500,5775,0.10845477764423077
463110465250654,5775,0.10845477764423077
845350249278943,5775,0.10845477764423077
79774154127342,5774,0.10843599759615384
165865464173945,5773,0.10841721754807693
308954938678966,5773,0.10841721754807693
358313982533023,5773,0.10841721754807693
210021287307003,5772,0.1083984375
213114284460568,5772,0.1083984375
256820393775299,5772,0.1083984375
343654517489581,5772,0.1083984375
823092817877471,5772,0.1083984375
703972833121248,5771,0.10837965745192307
296032505336663,5770,0.10836087740384616
912905721598816,5770,0.10836087740384616
370087524132002,5769,0.10834209735576923
514226426310395,5768,0.1083233173076923
836867042617915,5768,0.1083233173076923
381629006386936,5767,0.10830453725961539
634240605659416,5766,0.10828575721153846
484673238355423,5765,0.10826697716346154
346263373554329,5764,0.10824819711538461
371415574605483,5764,0.10824819711538461
436827133242017,5764,0.10824819711538461
384329179222298,5762,0.10821063701923077
427904676525,5761,0.10819185697115384
345379745587234,5761,0.10819185697115384
52437983851006,5760,0.10817307692307693
117433469194723,5759,0.108154296875
213570610100289,5759,0.108154296875
361966072584608,5758,0.10813551682692307
421707895122677,5758,0.10813551682692307
14496811692308,5756,0.10809795673076923
306563113801188,5756,0.10809795673076923
498876240743072,5755,0.1080791766826923
282367243986884,5754,0.10806039663461539
726570697921051,5754,0.10806039663461539
793171498819806,5754,0.10806039663461539
107670833687337,5753,0.10804161658653846
356702076904200,5753,0.10804161658653846
465919128973794,5752,0.10802283653846154
874317290542420,5752,0.10802283653846154
270054394182907,5750,0.1079852764423077
625107436652525,5750,0.1079852764423077
264949722126718,5749,0.10796649639423077
390769796375369,5749,0.10796649639423077
484398439209827,5749,0.10796649639423077
536075577598658,5747,0.10792893629807693
866627284393330,5747,0.10792893629807693
111139581726577,5746,0.10791015625
219704009874314,5746,0.10791015625
630186441735920,5746,0.10791015625
30639388307580,5745,0.10789137620192307
542008019867624,5745,0.10789137620192307
9012862992073,5744,0.10787259615384616
409185661263287,5744,0.10787259615384616
476582044581983,5744,0.10787259615384616
9558867713443,5743,0.10785381610576923
603990501594571,5743,0.10785381610576923
882012510029154,5743,0.10785381610576923
558020587980091,5742,0.1078350360576923
814769326036670,5742,0.1078350360576923
164810017738021,5741,0.10781625600961539
246465022085203,5741,0.10781625600961539
666320790054693,5741,0.10781625600961539
702590425584156,5741,0.10781625600961539
735450629502704,5741,0.10781625600961539
4233332743542,5740,0.10779747596153846
217049436338142,5740,0.10779747596153846
305362912669851,5740,0.10779747596153846
782943722274233,5740,0.10779747596153846
241524474570796,5737,0.1077411358173077
674202553539930,5736,0.10772235576923077
901178805558636,5736,0.10772235576923077
29945814548067,5735,0.10770357572115384
489654153491350,5735,0.10770357572115384
605333964051218,5735,0.10770357572115384
58413771787840,5733,0.107666015625
210885832004297,5733,0.107666015625
237566213200513,5733,0.107666015625
851102583727351,5733,0.107666015625
407396403532272,5732,0.10764723557692307
366113496978066,5730,0.10760967548076923
751857857325016,5730,0.10760967548076923
86824413588866,5729,0.1075908954326923
524417813257075,5729,0.1075908954326923
612630849188273,5729,0.1075908954326923
702271688767321,5729,0.1075908954326923
108057554286480,5728,0.10757211538461539
221462426448526,5728,0.10757211538461539
552839332663638,5728,0.10757211538461539
878549212682125,5727,0.10755333533653846
184604045979639,5726,0.10753455528846154
70201147067241,5725,0.10751577524038461
295902609597090,5724,0.1074969951923077
75929242070199,5722,0.10745943509615384
80475641733992,5722,0.10745943509615384
637555212348566,5722,0.10745943509615384
70002813333268,5721,0.10744065504807693
225752805395305,5721,0.10744065504807693
685198641331296,5721,0.10744065504807693
724249537682583,5721,0.10744065504807693
6751128465217,5720,0.107421875
466248802799306,5718,0.10738431490384616
304908253998573,5717,0.10736553485576923
385702392249468,5717,0.10736553485576923
819866155423195,5717,0.10736553485576923
79449081335492,5715,0.10732797475961539
799225022606888,5715,0.10732797475961539
59320006025595,5714,0.10730919471153846
70533883056400,5714,0.10730919471153846
611354520526846,5714,0.10730919471153846
260797256254691,5713,0.10729041466346154
512054727661307,5712,0.10727163461538461
572782442242308,5712,0.10727163461538461
712186426596036,5712,0.10727163461538461
530501360332326,5711,0.1072528545673077
143634418613139,5710,0.10723407451923077
189694538832245,5710,0.10723407451923077
718619253101111,5710,0.10723407451923077
292797377961758,5709,0.10721529447115384
513417741578621,5709,0.10721529447115384
912805154627967,5709,0.10721529447115384
71816240063696,5708,0.10719651442307693
205837019848625,5708,0.10719651442307693
536456917540411,5708,0.10719651442307693
186022686250154,5707,0.107177734375
602476753743605,5707,0.107177734375
80993023200859,5706,0.10715895432692307
158404554485829,5706,0.10715895432692307
368519459724774,5706,0.10715895432692307
809013897496009,5706,0.10715895432692307
87698049823946,5705,0.10714017427884616
216388207304692,5705,0.10714017427884616
561988991128945,5705,0.10714017427884616
606615537661043,5705,0.10714017427884616
804781658641525,5705,0.10714017427884616
767246312930702,5704,0.10712139423076923
83299570124228,5703,0.1071026141826923
624278347484392,5703,0.1071026141826923
677287963515123,5703,0.1071026141826923
65550257671328,5702,0.10708383413461539
169659720616934,5702,0.10708383413461539
274772330366723,5702,0.10708383413461539
790131255184311,5702,0.10708383413461539
537821011665300,5701,0.10706505408653846
849173252057280,5701,0.10706505408653846
671454801540482,5700,0.10704627403846154
242336247767666,5699,0.10702749399038461
509513098105574,5699,0.10702749399038461
514337143274252,5699,0.10702749399038461
574273222461346,5699,0.10702749399038461
525156942706349,5698,0.1070087139423077
151621255969077,5697,0.10698993389423077
603357184424649,5697,0.10698993389423077
636660034229277,5697,0.10698993389423077
191320210837770,5696,0.10697115384615384
622375680134116,5695,0.10695237379807693
635701979535019,5694,0.10693359375
569159778816656,5693,0.10691481370192307
369471518117217,5692,0.10689603365384616
577640472440501,5692,0.10689603365384616
899614447182907,5692,0.10689603365384616
252807541402170,5691,0.10687725360576923
349961671747425,5691,0.10687725360576923
392650144175185,5690,0.1068584735576923
67033574724991,5688,0.10682091346153846
235934613922416,5688,0.10682091346153846
735217689992234,5687,0.10680213341346154
128747258030848,5686,0.10678335336538461
290169688544454,5686,0.10678335336538461
437645785448024,5685,0.1067645733173077
678391444843563,5684,0.10674579326923077
600476030138904,5681,0.106689453125
139202191814483,5680,0.10667067307692307
203059992776179,5679,0.10665189302884616
866374921545879,5679,0.10665189302884616
378354796599385,5678,0.10663311298076923
404564524959871,5678,0.10663311298076923
28898828479221,5677,0.1066143329326923
228237957574604,5677,0.1066143329326923
264332918410877,5677,0.1066143329326923
320436445094043,5674,0.10655799278846154
2928236577490,5673,0.10653921274038461
166555582940644,5673,0.10653921274038461
755382803776149,5673,0.10653921274038461
340005040656143,5672,0.1065204326923077
791298812012830,5672,0.1065204326923077
844279893195658,5671,0.10650165264423077
524718869029598,5670,0.10648287259615384
572065138386967,5670,0.10648287259615384
96099302961985,5669,0.10646409254807693
676710547951980,5669,0.10646409254807693
389481670108800,5668,0.1064453125
278156776346567,5666,0.10640775240384616
343339762685533,5666,0.10640775240384616
503622859544481,5666,0.10640775240384616
716100483441441,5666,0.10640775240384616
741732613130138,5666,0.10640775240384616
651244737507195,5664,0.1063701923076923
801269318585202,5664,0.1063701923076923
59062967130609,5663,0.10635141225961539
245925160534863,5663,0.10635141225961539
560459505977864,5663,0.10635141225961539
854872476783311,5663,0.10635141225961539
432215885729478,5662,0.10633263221153846
666131992084846,5661,0.10631385216346154
448345731163270,5660,0.10629507211538461
890184835787669,5659,0.1062762920673077
26801727531119,5658,0.10625751201923077
614761141009901,5658,0.10625751201923077
86499437302286,5657,0.10623873197115384
146525649250103,5657,0.10623873197115384
237151905648640,5657,0.10623873197115384
755129659835127,5657,0.10623873197115384
17987066397745,5656,0.10621995192307693
47046676855589,5656,0.10621995192307693
353957552815401,5656,0.10621995192307693
663716303928472,5656,0.10621995192307693
815035102720249,5656,0.10621995192307693
272651928298251,5655,0.106201171875
397553136217707,5655,0.106201171875
186800236063097,5654,0.10618239182692307
344079317606037,5654,0.10618239182692307
256414348780418,5653,0.10616361177884616
424583191597656,5653,0.10616361177884616
450350700237636,5653,0.10616361177884616
380355163612590,5652,0.10614483173076923
606979249655515,5652,0.10614483173076923
432582558486524,5650,0.10610727163461539
359007349325008,5649,0.10608849158653846
774139188696241,5649,0.10608849158653846
690439475906130,5648,0.10606971153846154
718714553692288,5648,0.10606971153846154
12826131728638,5647,0.10605093149038461
49539661402457,5647,0.10605093149038461
42993381886614,5646,0.1060321514423077
920787300262220,5646,0.1060321514423077
356283438003930,5645,0.10601337139423077
407645927850833,5645,0.10601337139423077
429458411984319,5645,0.10601337139423077
640165107866036,5645,0.10601337139423077
103273620447374,5643,0.10597581129807693
905619641915038,5643,0.10597581129807693
588025117692964,5642,0.10595703125
717717388464038,5642,0.10595703125
755119061374514,5642,0.10595703125
587500600077074,5641,0.10593825120192307
727704549381563,5641,0.10593825120192307
68232423687006,5640,0.10591947115384616
235222966146537,5639,0.10590069110576923
799956440032476,5639,0.10590069110576923
619644280944167,5638,0.1058819110576923
777883230793990,5638,0.1058819110576923
202546236110474,5637,0.10586313100961539
257166863784084,5637,0.10586313100961539
504518614716662,5637,0.10586313100961539
877767730461564,5637,0.10586313100961539
2311501172216,5636,0.10584435096153846
241016835075002,5636,0.10584435096153846
551833365063014,5636,0.10584435096153846
906546171236444,5636,0.10584435096153846
519414706712588,5635,0.10582557091346154
591295261774852,5635,0.10582557091346154
210597896138686,5634,0.10580679086538461
44118517533698,5633,0.1057880108173077
299319791110239,5633,0.1057880108173077
586220101364801,5633,0.1057880108173077
263452967310433,5632,0.10576923076923077
853666641385046,5632,0.10576923076923077
549932713835771,5631,0.10575045072115384
636128699964757,5631,0.10575045072115384
230627430843409,5630,0.10573167067307693
354248546989318,5630,0.10573167067307693
657966828883027,5630,0.10573167067307693
681150831897878,5630,0.10573167067307693
469673180250880,5625,0.1056377704326923
547789105006301,5624,0.10561899038461539
648580555608600,5624,0.10561899038461539
146670973817743,5623,0.10560021033653846
290666877918005,5623,0.10560021033653846
566213931563487,5623,0.10560021033653846
395271139081906,5622,0.10558143028846154
259235622401653,5621,0.10556265024038461
297797188402168,5620,0.1055438701923077
814347379027362,5620,0.1055438701923077
239327453958954,5619,0.10552509014423077
109121494701127,5618,0.10550631009615384
158440965951322,5618,0.10550631009615384
520356954149276,5618,0.10550631009615384
427367932639451,5617,0.10548753004807693
469516757895447,5617,0.10548753004807693
99968783441930,5615,0.10544996995192307
387816338123055,5614,0.10543118990384616
414861883735664,5614,0.10543118990384616
467682838330090,5614,0.10543118990384616
601374681221253,5614,0.10543118990384616
98647082827031,5613,0.10541240985576923
478782931363441,5613,0.10541240985576923
573973346510492,5612,0.1053936298076923
77426685808909,5611,0.10537484975961539
682766613556435,5611,0.10537484975961539
66799852904850,5609,0.10533728966346154
80923603267585,5609,0.10533728966346154
325190009264967,5609,0.10533728966346154
287083336605918,5608,0.10531850961538461
408523927264651,5608,0.10531850961538461
548924693319069,5608,0.10531850961538461
598498324130490,5608,0.10531850961538461
617696994743647,5608,0.10531850961538461
429631379645577,5607,0.1052997295673077
873745282905305,5607,0.1052997295673077
174540326341927,5606,0.10528094951923077
305026740959619,5606,0.10528094951923077
420691631922285,5606,0.10528094951923077
421348938145115,5606,0.10528094951923077
605220667753442,5606,0.10528094951923077
230255589794220,5605,0.10526216947115384
882679254222855,5605,0.10526216947115384
915249144419994,5605,0.10526216947115384
804962047050202,5604,0.10524338942307693
849902494413168,5604,0.10524338942307693
758672749638737,5603,0.105224609375
782019338862064,5603,0.105224609375
807797239906372,5603,0.105224609375
334597079656560,5602,0.10520582932692307
893646255854501,5602,0.10520582932692307
206701121519796,5601,0.10518704927884616
199833297276677,5600,0.10516826923076923
260926270985651,5600,0.10516826923076923
333249187049592,5599,0.1051494891826923
415656877180268,5599,0.1051494891826923
487196213861795,5599,0.1051494891826923
639762556283649,5599,0.1051494891826923
866399288563721,5598,0.10513070913461539
901593592504616,5598,0.10513070913461539
538720073247572,5596,0.10509314903846154
915242731039317,5596,0.10509314903846154
342066977943154,5595,0.10507436899038461
888118434739279,5595,0.10507436899038461
588702596108054,5594,0.1050555889423077
834888497782681,5594,0.1050555889423077
677600283286174,5591,0.10499924879807693
797061071461797,5591,0.10499924879807693
695655477502497,5590,0.10498046875
5078787317975,5589,0.10496168870192307
138257639396139,5589,0.10496168870192307
541039901340799,5589,0.10496168870192307
189333246935779,5587,0.10492412860576923
449392408125886,5587,0.10492412860576923
606559744391627,5586,0.1049053485576923
777982224189169,5586,0.1049053485576923
324277240161394,5585,0.10488656850961539
471254068022343,5585,0.10488656850961539
217826108103955,5584,0.10486778846153846
321537968757012,5584,0.10486778846153846
622217196134817,5584,0.10486778846153846
636343386476,5583,0.10484900841346154
490162975283546,5583,0.10484900841346154
627802897990819,5583,0.10484900841346154
446921866465856,5579,0.10477388822115384
126170351343615,5578,0.10475510817307693
278545192921570,5578,0.10475510817307693
352320529986796,5578,0.10475510817307693
571851313132287,5578,0.10475510817307693
696110695976017,5578,0.10475510817307693
15214158842844,5577,0.104736328125
889747946893240,5577,0.104736328125
632449134410304,5576,0.10471754807692307
41893521618276,5575,0.10469876802884616
459580795355277,5575,0.10469876802884616
237319124851548,5574,0.10467998798076923
283378970517211,5574,0.10467998798076923
712308738825726,5574,0.10467998798076923
853651948237063,5574,0.10467998798076923
578193280864793,5572,0.10464242788461539
350641598361674,5570,0.10460486778846154
444652963149822,5570,0.10460486778846154
782483508420882,5570,0.10460486778846154
284191221757762,5569,0.10458608774038461
323083418482559,5569,0.10458608774038461
426878694060007,5567,0.10454852764423077
431296715626247,5567,0.10454852764423077
536009189951585,5567,0.10454852764423077
545082481123059,5567,0.10454852764423077
580355627369335,5567,0.10454852764423077
793368791338357,5567,0.10454852764423077
203191659868814,5566,0.10452974759615384
502508926004683,5566,0.10452974759615384
743126903424789,5566,0.10452974759615384
805911440341794,5566,0.10452974759615384
851523924485715,5566,0.10452974759615384
101326220550325,5564,0.1044921875
400863646178769,5564,0.1044921875
495337783781877,5564,0.1044921875
541658560248164,5564,0.1044921875
201848765442664,5563,0.10447340745192307
480026881552341,5563,0.10447340745192307
787506632618368,5563,0.10447340745192307
217625441952465,5562,0.10445462740384616
329268967145594,5562,0.10445462740384616
333890184065124,5562,0.10445462740384616
782700842901630,5562,0.10445462740384616
901696573197903,5562,0.10445462740384616
363185895735327,5561,0.10443584735576923
425893196998109,5561,0.10443584735576923
132211785988215,5560,0.1044170673076923
416251287905188,5559,0.10439828725961539
673731379609920,5559,0.10439828725961539
864580434710804,5559,0.10439828725961539
427080488795993,5558,0.10437950721153846
728912767578458,5558,0.10437950721153846
451928442721602,5557,0.10436072716346154
627494701041394,5557,0.10436072716346154
865968352914336,5557,0.10436072716346154
918461222691473,5557,0.10436072716346154
878921323132489,5556,0.10434194711538461
50135573727099,5555,0.1043231670673077
140546547792968,5555,0.1043231670673077
233700454750800,5555,0.1043231670673077
869797391856931,5555,0.1043231670673077
40542018836945,5554,0.10430438701923077
689004057407566,5554,0.10430438701923077
377995435161931,5553,0.10428560697115384
367459270844398,5552,0.10426682692307693
795614660074766,5552,0.10426682692307693
456194853032941,5551,0.104248046875
578319808924488,5551,0.104248046875
768434180862135,5551,0.104248046875
2128990573862,5550,0.10422926682692307
98046068499122,5550,0.10422926682692307
885086393384012,5550,0.10422926682692307
452557617492488,5549,0.10421048677884616
633738958028687,5549,0.10421048677884616
15739894123551,5548,0.10419170673076923
366909323894012,5547,0.1041729266826923
597987265997825,5547,0.1041729266826923
309012907280619,5546,0.10415414663461539
393843278233548,5546,0.10415414663461539
554463620133250,5546,0.10415414663461539
820598759158855,5544,0.10411658653846154
306844912395178,5543,0.10409780649038461
589724455227312,5543,0.10409780649038461
48361221226569,5542,0.1040790264423077
246008223972412,5542,0.1040790264423077
369569437059579,5542,0.1040790264423077
423735151922334,5542,0.1040790264423077
502515291178337,5542,0.1040790264423077
281523516045033,5541,0.10406024639423077
675546456230004,5541,0.10406024639423077
302773161719670,5540,0.10404146634615384
410665229308812,5540,0.10404146634615384
677365262211086,5538,0.10400390625
99165114559749,5537,0.10398512620192307
334300224619627,5537,0.10398512620192307
521640005071827,5537,0.10398512620192307
577329845954794,5537,0.10398512620192307
117476361735413,5535,0.10394756610576923
574302580567815,5535,0.10394756610576923
578985123430023,5535,0.10394756610576923
782495549388445,5535,0.10394756610576923
261420379970251,5534,0.1039287860576923
615141099877218,5534,0.1039287860576923
726153845378030,5533,0.10391000600961539
140520104619592,5532,0.10389122596153846
40857588469909,5531,0.10387244591346154
50354279908299,5531,0.10387244591346154
220349975703898,5531,0.10387244591346154
524902583336673,5530,0.10385366586538461
552689554045990,5530,0.10385366586538461
761629156509427,5528,0.10381610576923077
327238236127484,5527,0.10379732572115384
920611861689377,5527,0.10379732572115384
262180826069491,5525,0.103759765625
235494696335916,5523,0.10372220552884616
269151603196405,5523,0.10372220552884616
421893092638794,5523,0.10372220552884616
229734680529020,5522,0.10370342548076923
362165909865990,5522,0.10370342548076923
773140367487601,5522,0.10370342548076923
438245304384824,5521,0.1036846454326923
861354634543537,5521,0.1036846454326923
841057536880189,5520,0.10366586538461539
223341589508245,5519,0.10364708533653846
524414152509134,5519,0.10364708533653846
156530742149732,5518,0.10362830528846154
495027708146662,5518,0.10362830528846154
678307026135426,5518,0.10362830528846154
816451533284197,5518,0.10362830528846154
706573318740052,5517,0.10360952524038461
885071143188000,5517,0.10360952524038461
826020174400895,5515,0.10357196514423077
834127069355620,5515,0.10357196514423077
673280927149692,5514,0.10355318509615384
911503926416271,5514,0.10355318509615384
313919197604920,5513,0.10353440504807693
83709578226995,5512,0.103515625
397469410066943,5512,0.103515625
843142715796242,5511,0.10349684495192307
172630084169352,5510,0.10347806490384616
656706081671457,5510,0.10347806490384616
766828389049059,5509,0.10345928485576923
689621799146399,5508,0.1034405048076923
301939174065007,5507,0.10342172475961539
466296692782880,5507,0.10342172475961539
860706204971491,5507,0.10342172475961539
389687712706379,5506,0.10340294471153846
706547905236572,5505,0.10338416466346154
757989215022607,5505,0.10338416466346154
17970763496445,5504,0.10336538461538461
125654081737127,5504,0.10336538461538461
587462401744047,5503,0.1033466045673077
623999065708739,5503,0.1033466045673077
617620409559895,5502,0.10332782451923077
457280732885214,5501,0.10330904447115384
304819761049704,5500,0.10329026442307693
413621772696939,5500,0.10329026442307693
755617069986387,5500,0.10329026442307693
365404645358421,5499,0.103271484375
833522323779724,5499,0.103271484375
301044141701830,5498,0.10325270432692307
204714936360556,5497,0.10323392427884616
399619145617964,5497,0.10323392427884616
879142556945921,5497,0.10323392427884616
203093787778875,5495,0.1031963641826923
330246339658421,5495,0.1031963641826923
612923391808502,5495,0.1031963641826923
681012222523365,5495,0.1031963641826923
762901376284364,5495,0.1031963641826923
481583534082140,5494,0.10317758413461539
40240558316407,5493,0.10315880408653846
137618048393086,5493,0.10315880408653846
211742225060735,5493,0.10315880408653846
399688179289389,5493,0.10315880408653846
714695165846409,5493,0.10315880408653846
176720493321501,5492,0.10314002403846154
467928764750645,5490,0.1031024639423077
822377554282969,5490,0.1031024639423077
149241906676818,5489,0.10308368389423077
361743165446699,5489,0.10308368389423077
378037548702369,5488,0.10306490384615384
496057071025179,5488,0.10306490384615384
679742677360443,5488,0.10306490384615384
729673760979739,5488,0.10306490384615384
116111432615981,5487,0.10304612379807693
381170074396948,5487,0.10304612379807693
674895787672993,5487,0.10304612379807693
59487708868459,5486,0.10302734375
160625758219069,5486,0.10302734375
867435095756175,5486,0.10302734375
875301706948434,5486,0.10302734375
133524050521647,5485,0.10300856370192307
277216017089019,5485,0.10300856370192307
215024688462964,5484,0.10298978365384616
561187482125654,5484,0.10298978365384616
113538919223072,5483,0.10297100360576923
166398937542480,5483,0.10297100360576923
250792316339307,5483,0.10297100360576923
647742165379432,5483,0.10297100360576923
893940949792968,5482,0.1029522235576923
138612117314736,5481,0.10293344350961539
191256606539483,5479,0.10289588341346154
911230561875801,5479,0.10289588341346154
351979043791992,5478,0.10287710336538461
783870908450076,5478,0.10287710336538461
478554275126469,5477,0.1028583233173077
873642602962238,5477,0.1028583233173077
379578405274248,5476,0.10283954326923077
31347531211939,5475,0.10282076322115384
40996168340566,5475,0.10282076322115384
186557374532706,5475,0.10282076322115384
203280129691017,5475,0.10282076322115384
408026970528771,5475,0.10282076322115384
526494532425006,5475,0.10282076322115384
101366399200975,5474,0.10280198317307693
311365903190248,5474,0.10280198317307693
865383011882739,5474,0.10280198317307693
598898515492157,5473,0.102783203125
769643539291578,5472,0.10276442307692307
335997926495025,5471,0.10274564302884616
828239405126495,5471,0.10274564302884616
162529755864091,5469,0.1027080829326923
162033175445621,5468,0.10268930288461539
609868744441689,5468,0.10268930288461539
321784565089057,5467,0.10267052283653846
703736835511898,5467,0.10267052283653846
8819221916777,5466,0.10265174278846154
142081426233799,5466,0.10265174278846154
802690001191111,5466,0.10265174278846154
353904713822741,5465,0.10263296274038461
546315670752117,5465,0.10263296274038461
723802095074471,5465,0.10263296274038461
488946967880823,5464,0.1026141826923077
910491733625785,5464,0.1026141826923077
165645491187807,5463,0.10259540264423077
208825183643688,5463,0.10259540264423077
849986596383256,5463,0.10259540264423077
192585034011293,5462,0.10257662259615384
807708758993213,5462,0.10257662259615384
863539461915799,5462,0.10257662259615384
54939056339362,5461,0.10255784254807693
373458540571537,5461,0.10255784254807693
241407972873491,5459,0.10252028245192307
298890263866283,5459,0.10252028245192307
361234617250187,5459,0.10252028245192307
98345208130885,5458,0.10250150240384616
661667232503013,5458,0.10250150240384616
564152469252125,5457,0.10248272235576923
862876933092911,5457,0.10248272235576923
648552416306623,5456,0.1024639423076923
749384685195317,5455,0.10244516225961539
42521241157847,5454,0.10242638221153846
502547433065443,5454,0.10242638221153846
887993056400833,5454,0.10242638221153846
717026098661256,5452,0.10238882211538461
131324425462607,5450,0.10235126201923077
723518538713829,5449,0.10233248197115384
46191208241410,5448,0.10231370192307693
132057649895500,5448,0.10231370192307693
133340462652222,5448,0.10231370192307693
398469543307602,5448,0.10231370192307693
600325447214586,5448,0.10231370192307693
749491879821397,5448,0.10231370192307693
889063873652119,5448,0.10231370192307693
913604921847589,5448,0.10231370192307693
674760228794222,5447,0.102294921875
8495278593280,5446,0.10227614182692307
475317008942691,5445,0.10225736177884616
68829366005292,5444,0.10223858173076923
462854034029477,5444,0.10223858173076923
329823586161120,5443,0.1022198016826923
534755550911371,5443,0.1022198016826923
632904709848238,5442,0.10220102163461539
94924200228648,5440,0.10216346153846154
363015568491295,5440,0.10216346153846154
810035220088801,5440,0.10216346153846154
847302620982998,5440,0.10216346153846154
674298261105079,5439,0.10214468149038461
848551355527982,5438,0.1021259014423077
327759821453034,5437,0.10210712139423077
90563378068175,5436,0.10208834134615384
272493233702021,5436,0.10208834134615384
518289544696640,5436,0.10208834134615384
704345758664982,5436,0.10208834134615384
178100864884082,5435,0.10206956129807693
320477600367737,5435,0.10206956129807693
339368192652506,5435,0.10206956129807693
673775303377613,5435,0.10206956129807693
170174484295621,5434,0.10205078125
655246984422294,5433,0.10203200120192307
313370405838496,5432,0.10201322115384616
631405351262652,5432,0.10201322115384616
707158019921393,5432,0.10201322115384616
695494916568899,5431,0.10199444110576923
582164095261208,5430,0.1019756610576923
871714189107294,5430,0.1019756610576923
442087844286503,5429,0.10195688100961539
724434587204403,5429,0.10195688100961539
773342160053524,5429,0.10195688100961539
100297594092114,5428,0.10193810096153846
487875703053689,5428,0.10193810096153846
123151164837461,5425,0.1018817608173077
147739420710712,5425,0.1018817608173077
307967708974936,5425,0.1018817608173077
679947601632559,5424,0.10186298076923077
795748579322119,5424,0.10186298076923077
787997697034157,5423,0.10184420072115384
97403324974795,5422,0.10182542067307693
173751838991672,5422,0.10182542067307693
618695567745730,5421,0.101806640625
261236287395553,5420,0.10178786057692307
781669998303723,5419,0.10176908052884616
906651643234496,5419,0.10176908052884616
67284209972714,5418,0.10175030048076923
305486926364180,5418,0.10175030048076923
840375544893265,5418,0.10175030048076923
586949530290302,5417,0.1017315204326923
741338890199688,5417,0.1017315204326923
209238363624379,5416,0.10171274038461539
751901484720629,5416,0.10171274038461539
218310450986294,5415,0.10169396033653846
763727298172622,5415,0.10169396033653846
66019858047392,5413,0.10165640024038461
443518909608685,5413,0.10165640024038461
547651984722340,5413,0.10165640024038461
711872179879465,5413,0.10165640024038461
61770787751971,5412,0.1016376201923077
343704281049454,5411,0.10161884014423077
440156936837896,5411,0.10161884014423077
887041842315416,5411,0.10161884014423077
357005843393093,5410,0.10160006009615384
383726178555030,5410,0.10160006009615384
122907239420507,5408,0.1015625
564613222809112,5408,0.1015625
187887456567974,5407,0.10154371995192307
210234428525241,5407,0.10154371995192307
558959564689815,5407,0.10154371995192307
752710432278066,5407,0.10154371995192307
235058810733750,5406,0.10152493990384616
519428754384264,5406,0.10152493990384616
780786020583621,5405,0.10150615985576923
864139215024242,5405,0.10150615985576923
405709718585974,5404,0.1014873798076923
267693084200850,5403,0.10146859975961539
342508200981443,5403,0.10146859975961539
96776939514272,5402,0.10144981971153846
673857395170099,5402,0.10144981971153846
671743164159573,5401,0.10143103966346154
9809298299282,5400,0.10141225961538461
106978330274472,5400,0.10141225961538461
340362161204466,5400,0.10141225961538461
653032854329972,5400,0.10141225961538461
4924479053767,5399,0.1013934795673077
237461422943171,5397,0.10135591947115384
397285940438542,5397,0.10135591947115384
570964545039248,5397,0.10135591947115384
790760819764333,5395,0.101318359375
444070394237461,5394,0.10129957932692307
834878923406757,5394,0.10129957932692307
841748446274983,5394,0.10129957932692307
46901171469407,5393,0.10128079927884616
258854769984877,5393,0.10128079927884616
408278752083037,5393,0.10128079927884616
546401430968323,5393,0.10128079927884616
162748573242712,5391,0.1012432391826923
127197995008481,5390,0.10122445913461539
771485312910617,5390,0.10122445913461539
70856898650437,5389,0.10120567908653846
169529979779728,5389,0.10120567908653846
739483499700812,5389,0.10120567908653846
210213286863729,5388,0.10118689903846154
140019161249009,5387,0.10116811899038461
299111933981471,5387,0.10116811899038461
464423258449359,5387,0.10116811899038461
803216505383899,5387,0.10116811899038461
97018574599296,5386,0.1011493389423077
333808102117683,5386,0.1011493389423077
547924166581708,5386,0.1011493389423077
577685121389049,5386,0.1011493389423077
652863772936686,5386,0.1011493389423077
668380165586683,5385,0.10113055889423077
708059319424336,5385,0.10113055889423077
759039375666637,5385,0.10113055889423077
340281592680750,5383,0.10109299879807693
1057031441683,5382,0.10107421875
168918814047710,5382,0.10107421875
169640301295483,5382,0.10107421875
221431503649983,5382,0.10107421875
632123934834450,5382,0.10107421875
891483761717816,5382,0.10107421875
10150574977947,5381,0.10105543870192307
40304597919527,5381,0.10105543870192307
102248861076524,5378,0.1009990985576923
746040925332410,5378,0.1009990985576923
742597585071592,5377,0.10098031850961539
780949167598215,5377,0.10098031850961539
252337272729734,5376,0.10096153846153846
484148568317670,5376,0.10096153846153846
12615529015161,5375,0.10094275841346154
284729118592070,5375,0.10094275841346154
567552117911630,5375,0.10094275841346154
590516280250004,5374,0.10092397836538461
807713035928587,5373,0.1009051983173077
151731071532300,5372,0.10088641826923077
663612871534027,5372,0.10088641826923077
5464980253232,5371,0.10086763822115384
346270452985000,5371,0.10086763822115384
374774161403767,5371,0.10086763822115384
900825556121156,5371,0.10086763822115384
477876503096601,5369,0.100830078125
811463604038542,5369,0.100830078125
348619105771782,5368,0.10081129807692307
576801175044511,5368,0.10081129807692307
11793634831628,5367,0.10079251802884616
754883082847680,5367,0.10079251802884616
352964644291034,5366,0.10077373798076923
333254969592653,5365,0.1007549579326923
633416518985468,5365,0.1007549579326923
662054688960278,5365,0.1007549579326923
667067953153015,5364,0.10073617788461539
436562544425213,5363,0.10071739783653846
197180354747278,5362,0.10069861778846154
427328829876383,5362,0.10069861778846154
589614215260034,5362,0.10069861778846154
733042263912645,5362,0.10069861778846154
869168343180671,5362,0.10069861778846154
21406206592751,5361,0.10067983774038461
173097040634872,5361,0.10067983774038461
576710017335851,5360,0.1006610576923077
331921956694834,5359,0.10064227764423077
550215326976989,5359,0.10064227764423077
399576892683419,5358,0.10062349759615384
662187760055494,5358,0.10062349759615384
808101157712905,5358,0.10062349759615384
635334565012345,5356,0.1005859375
203543396957128,5355,0.10056715745192307
321971684644846,5353,0.10052959735576923
664631806901811,5353,0.10052959735576923
345407148531918,5352,0.1005108173076923
435636781171363,5352,0.1005108173076923
79914469440922,5351,0.10049203725961539
683622373093832,5351,0.10049203725961539
292768422468870,5350,0.10047325721153846
752200245182653,5350,0.10047325721153846
490686811628485,5349,0.10045447716346154
725692123923607,5349,0.10045447716346154
778652192674831,5349,0.10045447716346154
899611784773993,5349,0.10045447716346154
181824883043372,5348,0.10043569711538461
187270801766955,5348,0.10043569711538461
360265232594616,5348,0.10043569711538461
497389316254594,5348,0.10043569711538461
889373131781511,5348,0.10043569711538461
890511259313099,5348,0.10043569711538461
40840250651798,5347,0.1004169170673077
447053551560432,5347,0.1004169170673077
461903929454022,5347,0.1004169170673077
