hash,n_samples,frac_samples
602460195259448,31975,0.6004920372596154
795643185200239,30996,0.5821063701923077
179017549978741,30208,0.5673076923076923
96725241706654,29164,0.5477013221153846
291332461471958,28397,0.5332970252403846
497799624405460,25653,0.4817645733173077
49210086272841,24607,0.46212064302884615
774154066533576,24373,0.45772611177884615
743192852351728,23823,0.44739708533653844
806884410428910,23667,0.44446739783653844
552955488301762,23571,0.44266451322115385
544326831245460,23504,0.44140625
314432802456807,23141,0.4345890925480769
79270984158446,23121,0.43421349158653844
802091719168107,22961,0.4312086838942308
669987396218489,22848,0.42908653846153844
663792080711771,22797,0.42812875600961536
481636631693457,22595,0.4243351862980769
881456100293412,22472,0.42202524038461536
211726635845285,22409,0.4208420973557692
302092356827461,22334,0.41943359375
738487638776305,21954,0.4122971754807692
453285660392816,21952,0.41225961538461536
133515856625908,21831,0.4099872295673077
119967503267409,21809,0.40957406850961536
273294679123084,21751,0.40848482572115385
815267276529317,21308,0.4001652644230769
580305535782572,21293,0.3998835637019231
657325074320620,21058,0.39547025240384615
205461222791455,20930,0.39306640625
749749934392630,20900,0.3925030048076923
82548567920446,20712,0.3889723557692308
634230191623116,20606,0.3869816706730769
478753714525497,20598,0.38683143028846156
830529053178974,20369,0.38253079927884615
752583860645884,20360,0.38236177884615385
876589597174538,20231,0.3799391526442308
421733680050218,20109,0.37764798677884615
606728826313551,20098,0.37744140625
88490019099958,20024,0.3760516826923077
77985413510565,19786,0.37158203125
344064764772518,19784,0.37154447115384615
204721784858903,19743,0.3707744891826923
374649336477329,19612,0.36831430288461536
384230312607227,19612,0.36831430288461536
95498887120547,19602,0.36812650240384615
777997422627172,19468,0.36560997596153844
894113210741161,19428,0.36485877403846156
315666061371287,19204,0.3606520432692308
215934227567510,19194,0.36046424278846156
672737289929281,19025,0.35729041466346156
751358161473337,19001,0.35683969350961536
502815608271122,18814,0.3533278245192308
683676924614421,18781,0.3527080829326923
515340693469737,18775,0.3525954026442308
196715276498823,18727,0.35169396033653844
68098516986591,18726,0.35167518028846156
852347423756305,18691,0.3510178786057692
444467017608374,18680,0.3508112980769231
85507427940245,18642,0.35009765625
902398716500194,18627,0.34981595552884615
654255429287689,18499,0.347412109375
136901727762350,18472,0.3469050480769231
611204963789148,18467,0.34681114783653844
689291317962838,18454,0.34656700721153844
847729002880719,18356,0.3447265625
708096049109121,18300,0.3436748798076923
449367423868212,18267,0.34305513822115385
111566751392519,18200,0.341796875
154813184195028,18161,0.341064453125
241457678583636,18045,0.3388859675480769
185332357433361,18013,0.33828500600961536
597350002701628,17990,0.33785306490384615
67073271245544,17986,0.33777794471153844
156362925128915,17943,0.3369704026442308
312562418889078,17916,0.33646334134615385
173531186100918,17830,0.33484825721153844
424362087979725,17823,0.334716796875
706749732483975,17774,0.3337965745192308
159249373196643,17747,0.33328951322115385
39692033842510,17744,0.3332331730769231
155164956417898,17743,0.33321439302884615
503482152741598,17717,0.33272611177884615
567286241035025,17610,0.33071664663461536
287096598716147,17590,0.3303410456730769
557957860291977,17590,0.3303410456730769
178899761369057,17575,0.3300593449519231
552364840063041,17543,0.32945838341346156
470419263258443,17511,0.328857421875
219742003538225,17507,0.3287823016826923
531479607816288,17504,0.32872596153846156
327418417754244,17472,0.328125
35733519987905,17368,0.326171875
415867090982227,17364,0.3260967548076923
336508973894742,17362,0.32605919471153844
589197321804820,17313,0.3251389723557692
468500810985562,17276,0.3244441105769231
299779655531859,17259,0.32412484975961536
861834225241993,17228,0.3235426682692308
800688407264416,17197,0.32296048677884615
777232968803709,17092,0.3209885817307692
97546345143481,17082,0.32080078125
897239607127774,17053,0.3202561598557692
250632934213050,17048,0.32016225961538464
150845581963991,17039,0.3199932391826923
481717594632064,17022,0.31967397836538464
601658137269393,16988,0.3190354567307692
376762371288544,16956,0.3184344951923077
822260386663378,16925,0.3178523137019231
569434963792246,16874,0.31689453125
114588433168132,16871,0.3168381911057692
655487996988745,16840,0.31625600961538464
704204263498079,16836,0.3161808894230769
412793782930058,16793,0.3153733473557692
726609871295418,16793,0.3153733473557692
216771478375846,16723,0.31405874399038464
695102845561060,16696,0.3135516826923077
818723380299102,16676,0.3131760817307692
759378520190259,16651,0.31270658052884615
746516923769293,16649,0.3126690204326923
819289356355823,16633,0.31236853966346156
595438519534299,16616,0.31204927884615385
36309122046707,16554,0.31088491586538464
769022115859563,16539,0.3106032151442308
292516425782387,16511,0.3100773737980769
426477334782163,16498,0.3098332331730769
76104982123757,16468,0.3092698317307692
577369989852090,16413,0.30823692908653844
613429201031732,16351,0.3070725661057692
434057825423702,16339,0.30684720552884615
698038191274786,16336,0.30679086538461536
638145122184784,16331,0.3066969651442308
599774738725220,16329,0.3066594050480769
432314144928668,16319,0.3064716045673077
78213792521688,16312,0.3063401442307692
244372581344676,16309,0.30628380408653844
902786401818381,16302,0.30615234375
143554294230741,16278,0.30570162259615385
454118121006424,16266,0.3054762620192308
809951932662310,16255,0.30526968149038464
881816474237440,16241,0.3050067608173077
375343896264402,16239,0.30496920072115385
808078528943546,16237,0.304931640625
837644316542109,16232,0.30483774038461536
426690409018889,16218,0.30457481971153844
31823765547012,16210,0.3044245793269231
430077383589440,16210,0.3044245793269231
180684130966230,16205,0.30433067908653844
578190752318918,16190,0.30404897836538464
722758189658962,16183,0.30391751802884615
174502523704361,16182,0.3038987379807692
71231717093663,16177,0.30380483774038464
742205723597275,16175,0.3037672776442308
249624017221978,16167,0.30361703725961536
916805923395960,16161,0.30350435697115385
757432765078340,16159,0.303466796875
234799495540095,16152,0.30333533653846156
252845930140081,16150,0.3032977764423077
196704795608979,16144,0.30318509615384615
657290321493047,16140,0.30310997596153844
34096980919788,16139,0.30309119591346156
832396627283704,16129,0.3029033954326923
101446929232267,16122,0.30277193509615385
630219619543153,16111,0.3025653545673077
52856740321833,16109,0.30252779447115385
847194283578952,16107,0.302490234375
234192741702601,16105,0.30245267427884615
218845295290552,16094,0.30224609375
473637083229713,16091,0.3021897536057692
644239381428281,16085,0.3020770733173077
703541564826132,16085,0.3020770733173077
662777059887510,16078,0.3019456129807692
125473662959247,16077,0.3019268329326923
238448060485480,16076,0.30190805288461536
819297481995781,16066,0.30172025240384615
467499229989734,16054,0.3014948918269231
858419826379747,16053,0.30147611177884615
559287142951713,16046,0.3013446514423077
91096916146646,16045,0.3013258713942308
543653756296594,16032,0.3010817307692308
457229815947406,16028,0.3010066105769231
854832471735085,16021,0.30087515024038464
265977415287966,16007,0.3006122295673077
183733816682580,16002,0.3005183293269231
113761031737408,16001,0.30049954927884615
555999348206413,16001,0.30049954927884615
406186045309112,15980,0.3001051682692308
283943756295006,15978,0.3000676081730769
73098729169347,15977,0.300048828125
120632663562544,15976,0.3000300480769231
895054205294212,15969,0.29989858774038464
468649455805874,15960,0.2997295673076923
706740528215399,15952,0.2995793269230769
908178908818716,15947,0.2994854266826923
240727708923583,15941,0.2993727463942308
783244243069517,15934,0.2992412860576923
245651557777735,15928,0.2991286057692308
514488238144722,15927,0.29910982572115385
600255995873307,15927,0.29910982572115385
573409175261384,15919,0.29895958533653844
854778286234753,15917,0.29892202524038464
875493496268565,15917,0.29892202524038464
352067685990509,15915,0.2988844651442308
684028431275857,15914,0.29886568509615385
888924320898421,15908,0.2987530048076923
297800913293832,15903,0.2986591045673077
167993694650999,15897,0.29854642427884615
843319605228591,15894,0.29849008413461536
906912857976375,15889,0.2983961838942308
813710181469513,15872,0.2980769230769231
121224174918315,15866,0.29796424278846156
218585446020515,15866,0.29796424278846156
441610485256745,15862,0.29788912259615385
36102321985401,15848,0.2976262019230769
533687866660358,15838,0.2974384014423077
461378568205144,15837,0.2974196213942308
856826136010753,15820,0.2971003605769231
114135288062320,15803,0.29678109975961536
735013546422345,15803,0.29678109975961536
377294906215254,15799,0.2967059795673077
130850740686838,15798,0.2966871995192308
188786747560030,15796,0.2966496394230769
345725461649346,15792,0.2965745192307692
223209918763601,15790,0.29653695913461536
75424434842393,15786,0.2964618389423077
520634474428407,15786,0.2964618389423077
792527103917973,15783,0.2964054987980769
358092816500052,15774,0.29623647836538464
670297997796277,15772,0.2961989182692308
270300464943688,15765,0.2960674579326923
686507368357636,15762,0.29601111778846156
110640904084611,15758,0.29593599759615385
670822665532345,15743,0.295654296875
257034866910966,15742,0.2956355168269231
284701300048770,15742,0.2956355168269231
324377341422332,15735,0.29550405649038464
353586065178889,15729,0.2953913762019231
536067756605284,15725,0.29531625600961536
748795818113377,15720,0.2952223557692308
447034771229614,15716,0.2951472355769231
128113127946104,15713,0.2950908954326923
241918927360029,15712,0.29507211538461536
342258036917308,15711,0.29505333533653844
900098842779812,15704,0.294921875
529261209262733,15700,0.2948467548076923
876498032719677,15699,0.29482797475961536
571362463832482,15685,0.29456505408653844
172763113372288,15680,0.29447115384615385
640070785327244,15680,0.29447115384615385
115991269627680,15679,0.2944523737980769
715316163613901,15676,0.29439603365384615
263173642100696,15670,0.29428335336538464
273726203329037,15665,0.294189453125
225456529002842,15658,0.29405799278846156
668419544500743,15658,0.29405799278846156
757136832777323,15655,0.2940016526442308
121163441709364,15654,0.29398287259615385
450335314955155,15653,0.2939640925480769
30669049613801,15641,0.29373873197115385
295214943557250,15634,0.29360727163461536
210450318801567,15628,0.29349459134615385
472642494876620,15616,0.2932692307692308
457204733962162,15600,0.29296875
294252881432006,15593,0.29283728966346156
138189062951172,15552,0.2920673076923077
176516538003712,15545,0.2919358473557692
771257918949774,15545,0.2919358473557692
870309708690523,15539,0.2918231670673077
917646912867420,15525,0.2915602463942308
847923341360295,15521,0.2914851262019231
816006884155364,15519,0.2914475661057692
396080671484701,15518,0.2914287860576923
423274856076179,15518,0.2914287860576923
446376796394961,15516,0.29139122596153844
479001164871739,15507,0.29122220552884615
415448515846739,15503,0.29114708533653844
340616383199004,15495,0.2909968449519231
75384210178215,15488,0.29086538461538464
46876697049833,15482,0.2907527043269231
759398495904322,15478,0.29067758413461536
791892208892731,15473,0.2905836838942308
123696641650751,15470,0.29052734375
671534139178414,15469,0.2905085637019231
22637658270325,15461,0.2903583233173077
248365636479342,15453,0.2902080829326923
348510949663929,15450,0.29015174278846156
731235148702953,15424,0.28966346153846156
745307750133412,15414,0.2894756610576923
327763324772495,15410,0.28940054086538464
237587670679511,15409,0.2893817608173077
509526165625710,15393,0.2890812800480769
54546203759511,15390,0.28902493990384615
581879625673973,15384,0.28891225961538464
126709255979945,15376,0.2887620192307692
852480865585991,15364,0.28853665865384615
307845786614762,15354,0.2883488581730769
237868991696647,15348,0.28823617788461536
813034288115749,15330,0.2878981370192308
210733716431301,15329,0.28787935697115385
711022982365414,15328,0.2878605769230769
674509751601016,15321,0.28772911658653844
487916994632913,15318,0.2876727764423077
130791701075956,15313,0.2875788762019231
222385993585189,15304,0.2874098557692308
460982964605468,15298,0.2872971754807692
97177313241479,15292,0.2871844951923077
401006403574404,15289,0.2871281550480769
269686440398781,15287,0.2870905949519231
247219639222646,15279,0.2869403545673077
672933195793014,15265,0.2866774338942308
85341094428344,15262,0.28662109375
244364960946009,15259,0.2865647536057692
240600382028784,15252,0.2864332932692308
115918079768189,15235,0.2861140324519231
781653441354267,15215,0.28573843149038464
851504942796347,15208,0.28560697115384615
146484074982987,15196,0.2853816105769231
520492176923683,15190,0.28526893028846156
708167959453191,15190,0.28526893028846156
372076041183201,15185,0.2851750300480769
469106601810993,15173,0.28494966947115385
827930300653966,15160,0.28470552884615385
593074677972215,15159,0.2846867487980769
823742352373488,15153,0.28457406850961536
612459377292041,15126,0.28406700721153844
789140632926785,15109,0.2837477463942308
795874644234314,15098,0.28354116586538464
105420533424406,15087,0.28333458533653844
264378740623897,15083,0.2832594651442308
739532439593273,15075,0.28310922475961536
593367857406300,15074,0.28309044471153844
690208037730666,15068,0.2829777644230769
214491773393615,15067,0.282958984375
178815809120006,15061,0.28284630408653844
142699000279709,15059,0.28280874399038464
231816274095109,15053,0.2826960637019231
25481251528119,15051,0.2826585036057692
634722148381521,15051,0.2826585036057692
762638058217343,15044,0.2825270432692308
339576699272890,15043,0.28250826322115385
422854986894382,15032,0.2823016826923077
147425027608252,15031,0.2822829026442308
145397706878453,15030,0.28226412259615385
4377898093452,15009,0.28186974158653844
331641444474198,15000,0.28170072115384615
899241734903453,14987,0.28145658052884615
817885414347232,14982,0.28136268028846156
756958834208700,14973,0.2811936598557692
253063740848467,14967,0.2810809795673077
442355488507196,14956,0.28087439903846156
909424489668093,14947,0.2807053786057692
897511472875407,14943,0.28063025841346156
101376985040940,14940,0.2805739182692308
266632060687359,14937,0.280517578125
596027471167031,14933,0.2804424579326923
503623014745150,14927,0.2803297776442308
14744060426645,14914,0.2800856370192308
147101602647377,14912,0.2800480769230769
825753273218958,14911,0.280029296875
890371609065246,14906,0.27993539663461536
518860294337477,14898,0.27978515625
297041681611019,14896,0.27974759615384615
147643011790505,14888,0.2795973557692308
493970861731320,14884,0.2795222355769231
871745226864293,14880,0.27944711538461536
1208800124800,14878,0.27940955528846156
360103575479538,14871,0.2792780949519231
900741373559954,14870,0.27925931490384615
646375916397523,14861,0.27909029447115385
487388557193686,14827,0.27845177283653844
284761842666815,14808,0.2780949519230769
315773407385652,14795,0.2778508112980769
795562973298848,14778,0.2775315504807692
569637724735803,14776,0.27749399038461536
38729506079332,14775,0.27747521033653844
97393884770679,14775,0.27747521033653844
776999005404499,14770,0.27738131009615385
565046884930016,14756,0.2771183894230769
11287284155983,14750,0.27700570913461536
420910975552024,14744,0.27689302884615385
469824387278715,14728,0.2765925480769231
856094617225886,14716,0.2763671875
761328043519930,14714,0.27632962740384615
306574578276962,14709,0.27623572716346156
711350891662173,14691,0.2758976862980769
524573976051660,14678,0.2756535456730769
643628292129615,14644,0.27501502403846156
119541758853828,14624,0.2746394230769231
48421130366978,14612,0.2744140625
34085530071870,14604,0.27426382211538464
199146229290180,14604,0.27426382211538464
523939828382346,14600,0.2741887019230769
613156533302736,14590,0.2740009014423077
311412587987305,14583,0.2738694411057692
864042090965912,14580,0.27381310096153844
678789036259743,14570,0.2736253004807692
632023085583949,14560,0.2734375
65338416967315,14555,0.27334359975961536
749829187969417,14547,0.273193359375
313221931699701,14536,0.27298677884615385
712144378625098,14536,0.27298677884615385
56851546507372,14526,0.27279897836538464
59387351191213,14525,0.2727801983173077
855936350122941,14515,0.27259239783653844
284590370776809,14507,0.2724421574519231
400879239358029,14503,0.27236703725961536
65266324339304,14499,0.2722919170673077
124374695229909,14495,0.272216796875
324196535464717,14492,0.2721604567307692
424695500810649,14491,0.2721416766826923
866142594600849,14486,0.2720477764423077
712694357941543,14483,0.2719914362980769
652110673524776,14471,0.27176607572115385
464465280514622,14450,0.27137169471153844
705279289960477,14450,0.27137169471153844
626790549163772,14448,0.27133413461538464
12245597510293,14445,0.27127779447115385
489688002771612,14433,0.2710524338942308
178989598111537,14430,0.27099609375
34232212329686,14397,0.27037635216346156
921664732202706,14385,0.27015099158653844
729022693992526,14378,0.27001953125
101475292296590,14364,0.2697566105769231
291375764024087,14353,0.2695500300480769
255126764488028,14345,0.26939978966346156
143059293143094,14338,0.2692683293269231
52239383267742,14335,0.2692119891826923
157084494660957,14331,0.26913686899038464
609713130355759,14318,0.26889272836538464
63885739145809,14316,0.2688551682692308
518256018838869,14306,0.26866736778846156
753562115759146,14297,0.2684983473557692
51998436175384,14288,0.2683293269230769
179823895795721,14282,0.26821664663461536
270768737790790,14258,0.2677659254807692
906842465835037,14225,0.2671461838942308
638371746894290,14213,0.2669208233173077
154297576784294,14209,0.266845703125
410451342057269,14200,0.2666766826923077
893801746186022,14197,0.2666203425480769
871284597354609,14196,0.2666015625
79607278677178,14165,0.26601938100961536
609870280147841,14160,0.2659254807692308
799537440388421,14134,0.2654371995192308
361975426300220,14115,0.2650803786057692
622332784231381,14112,0.26502403846153844
312731244774684,14090,0.26461087740384615
149015341407491,14089,0.2645920973557692
782502174634135,14089,0.2645920973557692
808717752904610,14086,0.26453575721153844
467472542855672,14084,0.26449819711538464
493738199391758,14083,0.2644794170673077
192769643956330,14081,0.26444185697115385
921688516612014,14079,0.264404296875
732320466804444,14076,0.2643479567307692
829103294106959,14076,0.2643479567307692
780849268329359,14068,0.26419771634615385
9790087112764,14056,0.2639723557692308
111555236391894,14047,0.26380333533653844
100110794967703,14044,0.2637469951923077
920892800267717,14041,0.2636906550480769
298161045055860,14036,0.2635967548076923
589848944191805,14022,0.26333383413461536
526679367484716,14015,0.2632023737980769
28476928782906,13990,0.26273287259615385
125209517689487,13983,0.26260141225961536
43240718513390,13971,0.2623760516826923
150951353629155,13962,0.26220703125
318369634015533,13950,0.2619816706730769
761495032486190,13949,0.261962890625
701515084460819,13942,0.26183143028846156
888780319382873,13912,0.26126802884615385
166986677542121,13907,0.2611741286057692
624442351702308,13894,0.2609299879807692
916546545786893,13892,0.26089242788461536
19879149380363,13886,0.26077974759615385
899246297906113,13886,0.26077974759615385
845382846374052,13884,0.2607421875
879229579474504,13877,0.26061072716346156
882217341519864,13860,0.26029146634615385
703120291180139,13841,0.2599346454326923
456373084127733,13827,0.25967172475961536
541359102173920,13826,0.25965294471153844
281207155816312,13814,0.25942758413461536
586184966875780,13810,0.2593524639423077
25091617831410,13804,0.25923978365384615
596143035569004,13800,0.25916466346153844
84316392734623,13799,0.25914588341346156
895319253856167,13796,0.2590895432692308
491393799721287,13794,0.2590519831730769
624174776253687,13793,0.259033203125
261327205371887,13792,0.2590144230769231
272764816892320,13790,0.2589768629807692
777388093798669,13790,0.2589768629807692
258586849132359,13774,0.25867638221153844
841858720997300,13774,0.25867638221153844
567568300561043,13770,0.2586012620192308
657457135796370,13768,0.2585637019230769
751178333672236,13768,0.2585637019230769
836780967009771,13763,0.2584698016826923
308469257200988,13762,0.25845102163461536
795893404876228,13754,0.25830078125
846723305122223,13745,0.2581317608173077
665268687658893,13737,0.2579815204326923
590004762202038,13736,0.25796274038461536
626517858546060,13736,0.25796274038461536
87111630952016,13733,0.25790640024038464
109575562492642,13730,0.25785006009615385
168971091678840,13730,0.25785006009615385
671367753258847,13727,0.2577937199519231
403532222134066,13722,0.25769981971153844
145385551087221,13716,0.2575871394230769
543505223093284,13716,0.2575871394230769
631287377977012,13716,0.2575871394230769
885933381065232,13711,0.2574932391826923
504270436699351,13706,0.2573993389423077
470325073932853,13703,0.2573429987980769
875916006486364,13702,0.25732421875
759851666293548,13700,0.25728665865384615
88268076604365,13683,0.25696739783653844
427344537006952,13678,0.25687349759615385
202832858773282,13675,0.2568171574519231
103384676865140,13667,0.2566669170673077
441220114140546,13661,0.25655423677884615
55480409487021,13656,0.25646033653846156
890072399735608,13649,0.2563288762019231
354829009062004,13645,0.25625375600961536
662437604415193,13645,0.25625375600961536
494709235896874,13636,0.2560847355769231
129965733127499,13634,0.2560471754807692
207922288047445,13630,0.25597205528846156
809056114975564,13617,0.25572791466346156
302964030308245,13610,0.2555964543269231
915251283715268,13605,0.25550255408653844
666292754391484,13604,0.25548377403846156
579245255727974,13602,0.2554462139423077
313530229419211,13601,0.2554274338942308
317311591171566,13596,0.25533353365384615
349480550809155,13575,0.2549391526442308
679970039909995,13575,0.2549391526442308
42350229464125,13567,0.25478891225961536
255674403488380,13564,0.25473257211538464
587311539372870,13563,0.2547137920673077
474533366358566,13555,0.2545635516826923
396065719212949,13553,0.25452599158653844
5349093464206,13549,0.2544508713942308
230125292434081,13547,0.2544133112980769
247753024462700,13546,0.25439453125
644485801194603,13541,0.25430063100961536
918996947796404,13533,0.254150390625
301559178758772,13529,0.2540752704326923
231989661608321,13528,0.25405649038461536
92201315771344,13523,0.2539625901442308
247710398376454,13522,0.25394381009615385
410494892227018,13519,0.2538874699519231
644874072228540,13513,0.25377478966346156
766544463976532,13513,0.25377478966346156
69682272851706,13499,0.25351186899038464
399339899560419,13499,0.25351186899038464
825643538031066,13489,0.25332406850961536
878300550429160,13489,0.25332406850961536
831137003681670,13487,0.25328650841346156
291142228856888,13475,0.25306114783653844
838701606894748,13473,0.25302358774038464
743779174766146,13464,0.2528545673076923
59884171207300,13457,0.25272310697115385
213489559738784,13455,0.252685546875
647676260244028,13453,0.25264798677884615
770739251433273,13446,0.2525165264423077
242142790805770,13442,0.25244140625
757755618129130,13439,0.2523850661057692
37478112017917,13432,0.2522536057692308
631200238701760,13431,0.25223482572115385
598267244594943,13429,0.252197265625
920031568227363,13418,0.25199068509615385
361094129385496,13412,0.2518780048076923
782189902517963,13411,0.25185922475961536
421479729677657,13404,0.2517277644230769
873423029162698,13398,0.25161508413461536
128158360800720,13395,0.25155874399038464
883092682576927,13386,0.2513897235576923
692867619491867,13384,0.25135216346153844
737664974201195,13381,0.2512958233173077
151959343208120,13377,0.251220703125
807913537336870,13375,0.25118314302884615
397534278656652,13370,0.25108924278846156
612872655472958,13370,0.25108924278846156
469358408053235,13369,0.25107046274038464
610725866864222,13363,0.2509577824519231
202627906979919,13361,0.2509202223557692
256211495454987,13361,0.2509202223557692
167193899331850,13359,0.25088266225961536
548719785611010,13357,0.25084510216346156
45320918635720,13354,0.2507887620192308
363085376649605,13346,0.25063852163461536
20556336320128,13340,0.25052584134615385
731755193234958,13332,0.25037560096153844
638026912665424,13329,0.2503192608173077
646526396741649,13322,0.2501878004807692
914910838656029,13318,0.25011268028846156
605664839967339,13313,0.2500187800480769
691610133829049,13311,0.24998121995192307
377027196201813,13306,0.24988731971153846
542338260137056,13304,0.2498497596153846
855312019238248,13303,0.24983097956730768
195252993245137,13292,0.24962439903846154
704265157360723,13286,0.24951171875
899499844151240,13278,0.2493614783653846
745405812956148,13276,0.24932391826923078
193008575538536,13265,0.2491173377403846
51929716559180,13254,0.24891075721153846
375295575573939,13240,0.24864783653846154
807863736747037,13234,0.24853515625
870730931974499,13226,0.2483849158653846
230769153001419,13225,0.24836613581730768
355436474716181,13221,0.248291015625
802674271665350,13217,0.24821589543269232
187407710637824,13215,0.24817833533653846
607391201501502,13214,0.24815955528846154
591867930293859,13213,0.2481407752403846
428341735673816,13207,0.24802809495192307
625250885445119,13207,0.24802809495192307
860056552005328,13196,0.24782151442307693
628096679985816,13194,0.24778395432692307
179035461350875,13186,0.24763371394230768
885794420864164,13186,0.24763371394230768
385580729671517,13178,0.24748347355769232
810464069623291,13175,0.24742713341346154
476122234743568,13171,0.24735201322115385
873442640179686,13170,0.24733323317307693
764541447589578,13165,0.24723933293269232
101424786435646,13161,0.2471642127403846
138357523535816,13159,0.24712665264423078
237909159606716,13149,0.24693885216346154
305687036591650,13148,0.2469200721153846
779201648278140,13148,0.2469200721153846
434015355530988,13147,0.24690129206730768
74946092753368,13143,0.246826171875
593158526858237,13142,0.24680739182692307
280639746675784,13141,0.24678861177884615
703058648401278,13139,0.24675105168269232
760800244611873,13138,0.2467322716346154
438745614484961,13137,0.24671349158653846
6058025284818,13136,0.24669471153846154
368576396534541,13133,0.24663837139423078
341475160083329,13131,0.24660081129807693
643783629397394,13131,0.24660081129807693
5382900270823,13130,0.24658203125
392292256235072,13124,0.24646935096153846
416525761011681,13122,0.2464317908653846
209397432553214,13118,0.24635667067307693
858730824133855,13117,0.246337890625
82716655179949,13116,0.24631911057692307
269180647158899,13115,0.24630033052884615
441591743349861,13113,0.24626277043269232
248022049658940,13106,0.24613131009615385
799482327756059,13103,0.24607496995192307
188139356026482,13094,0.24590594951923078
267889812981903,13094,0.24590594951923078
201292730174655,13091,0.245849609375
177479207333073,13090,0.24583082932692307
242112223068462,13086,0.2457557091346154
675442305700037,13080,0.24564302884615385
697495749687655,13071,0.24547400841346154
236663153329905,13070,0.2454552283653846
30933904686291,13066,0.24538010817307693
232598447949597,13066,0.24538010817307693
788450406638193,13062,0.24530498798076922
483616880621557,13054,0.24515474759615385
597406983784853,13046,0.24500450721153846
757887124968915,13046,0.24500450721153846
419581528424213,13044,0.2449669471153846
455097179621639,13043,0.24494816706730768
596959169497422,13041,0.24491060697115385
46941358826155,13035,0.24479792668269232
548304297108361,13031,0.2447228064903846
914792643232064,13031,0.2447228064903846
385161627327419,13026,0.24462890625
557087515861559,13026,0.24462890625
284126542935397,13025,0.24461012620192307
247906516150625,13022,0.24455378605769232
12292515988369,13019,0.24449744591346154
261727187620538,13010,0.24432842548076922
669987488636708,13008,0.2442908653846154
700988744199714,13008,0.2442908653846154
161110084967120,13006,0.24425330528846154
66565299892246,13005,0.2442345252403846
211661083630383,13005,0.2442345252403846
335061821033881,13003,0.24419696514423078
402830333889438,12997,0.24408428485576922
351478459496538,12995,0.2440467247596154
318648392819555,12988,0.24391526442307693
865672467362595,12988,0.24391526442307693
877952549860428,12983,0.24382136418269232
78499733343878,12971,0.24359600360576922
261006345944780,12966,0.2435021033653846
129365462620781,12958,0.24335186298076922
107101583417444,12956,0.2433143028846154
401828535878625,12954,0.24327674278846154
3998019349040,12945,0.24310772235576922
106285672323950,12939,0.24299504206730768
919454188728594,12937,0.24295748197115385
103815078408773,12935,0.242919921875
418057675038638,12931,0.24284480168269232
866175228521280,12931,0.24284480168269232
775649846478603,12917,0.2425818810096154
396097394142327,12911,0.24246920072115385
796177447485236,12911,0.24246920072115385
628908053660156,12910,0.24245042067307693
391578886119659,12909,0.242431640625
746731476950616,12904,0.2423377403846154
3034524277227,12894,0.24214993990384615
392180701811036,12894,0.24214993990384615
786524043644601,12890,0.24207481971153846
888123533778905,12888,0.2420372596153846
844689902190766,12884,0.24196213942307693
525270931415103,12883,0.241943359375
542141067838534,12880,0.24188701923076922
355602984712172,12879,0.24186823918269232
132035434946517,12876,0.24181189903846154
590925464760957,12874,0.24177433894230768
154259256299948,12873,0.24175555889423078
864728422395720,12873,0.24175555889423078
635002863133685,12872,0.24173677884615385
213899591385665,12869,0.24168043870192307
274199312238474,12868,0.24166165865384615
820784869357277,12868,0.24166165865384615
9181401875178,12859,0.24149263822115385
847957330640337,12856,0.24143629807692307
724547192364890,12853,0.24137995793269232
10583793337687,12851,0.24134239783653846
739006906642947,12849,0.2413048377403846
604465539530576,12847,0.24126727764423078
175697705315569,12843,0.24119215745192307
365687188247257,12842,0.24117337740384615
441129890029314,12839,0.2411170372596154
148840017086836,12838,0.24109825721153846
232362573021115,12837,0.24107947716346154
863786508869466,12837,0.24107947716346154
10962687456647,12836,0.2410606971153846
558521231139508,12836,0.2410606971153846
785822595065262,12836,0.2410606971153846
684950275790831,12834,0.24102313701923078
683135214954745,12831,0.240966796875
37705678092936,12820,0.24076021634615385
554426194418813,12814,0.24064753605769232
706016318563549,12802,0.24042217548076922
852462257280584,12800,0.2403846153846154
665599115742956,12799,0.24036583533653846
526696428346561,12798,0.24034705528846154
73762975059361,12791,0.24021559495192307
259647391138363,12791,0.24021559495192307
895120273214680,12790,0.24019681490384615
800148547649936,12785,0.24010291466346154
867438681008628,12785,0.24010291466346154
116147867630184,12783,0.24006535456730768
283087982659121,12773,0.23987755408653846
291953661414220,12771,0.2398399939903846
339231343931987,12768,0.23978365384615385
701503229648555,12762,0.23967097355769232
277450307997861,12760,0.23963341346153846
329400953951183,12760,0.23963341346153846
358563588332818,12758,0.2395958533653846
885255892637286,12757,0.23957707331730768
642717903781305,12753,0.239501953125
51656972475783,12751,0.23946439302884615
782925166820685,12751,0.23946439302884615
469812726805825,12748,0.2394080528846154
57612152567142,12745,0.2393517127403846
731307562653422,12743,0.23931415264423078
592260829339024,12739,0.23923903245192307
862459390521617,12737,0.23920147235576922
877871736394560,12736,0.23918269230769232
496260411637244,12733,0.23912635216346154
20037259295338,12732,0.2391075721153846
548093918905565,12732,0.2391075721153846
587726318194532,12730,0.23907001201923078
641787470994657,12730,0.23907001201923078
164745321929663,12726,0.23899489182692307
434203455910012,12726,0.23899489182692307
558305790113967,12726,0.23899489182692307
67565980280043,12725,0.23897611177884615
161469340179369,12724,0.23895733173076922
122716316908139,12719,0.2388634314903846
693700696903095,12718,0.23884465144230768
625163184618782,12714,0.23876953125
567839703485254,12711,0.23871319110576922
77350949929352,12710,0.23869441105769232
487538865266377,12710,0.23869441105769232
309508098756904,12699,0.23848783052884615
773852513245684,12699,0.23848783052884615
180557282133131,12698,0.23846905048076922
733078237413409,12698,0.23846905048076922
395349238704599,12697,0.23845027043269232
785558832628577,12692,0.23835637019230768
57180441673242,12691,0.23833759014423078
411653836843124,12691,0.23833759014423078
442421007713019,12689,0.23830003004807693
606592446285705,12688,0.23828125
703211881488586,12687,0.23826246995192307
613290303365710,12685,0.23822490985576922
768443729067775,12685,0.23822490985576922
463536443035650,12681,0.23814978966346154
273876376199129,12680,0.2381310096153846
593137370935430,12672,0.23798076923076922
700785776682361,12670,0.2379432091346154
328479553694017,12664,0.23783052884615385
762984235466189,12664,0.23783052884615385
515238719667589,12661,0.23777418870192307
843079905120586,12660,0.23775540865384615
597116786845965,12655,0.23766150841346154
822695594549021,12654,0.2376427283653846
562826006237754,12648,0.23753004807692307
806507889857487,12643,0.23743614783653846
825970944967447,12642,0.23741736778846154
561113447468634,12632,0.23722956730769232
803060550154280,12632,0.23722956730769232
467782904609467,12630,0.23719200721153846
909724680671001,12627,0.23713566706730768
426951382862907,12624,0.23707932692307693
858786488447293,12621,0.23702298677884615
403070331878410,12618,0.2369666466346154
813017513424397,12612,0.23685396634615385
889893895011147,12611,0.23683518629807693
74574199604328,12601,0.23664738581730768
474906602308659,12601,0.23664738581730768
20217966091876,12596,0.23655348557692307
429324797277461,12595,0.23653470552884615
804966562529259,12594,0.23651592548076922
437245926339347,12592,0.2364783653846154
255099199940868,12591,0.23645958533653846
665885095061460,12591,0.23645958533653846
37666540577919,12589,0.2364220252403846
44155231003593,12588,0.23640324519230768
609687053798626,12588,0.23640324519230768
102540628635191,12587,0.23638446514423078
780172956853232,12571,0.236083984375
113555504029893,12569,0.23604642427884615
699725007066192,12556,0.23580228365384615
840222065939511,12555,0.23578350360576922
706843201499287,12553,0.2357459435096154
192234287245047,12551,0.23570838341346154
495278581922352,12551,0.23570838341346154
748315146600630,12548,0.23565204326923078
465035683190569,12547,0.23563326322115385
393526721515963,12542,0.23553936298076922
318001914253254,12541,0.23552058293269232
272399341625897,12534,0.23538912259615385
702861923560779,12525,0.23522010216346154
523658163863637,12524,0.2352013221153846
247857205116968,12521,0.23514498197115385
364885205412678,12521,0.23514498197115385
682582832020257,12517,0.23506986177884615
147330146762496,12515,0.23503230168269232
668665013016922,12513,0.23499474158653846
100623690148332,12506,0.23486328125
820753100541207,12503,0.23480694110576922
830156920004079,12500,0.23475060096153846
471790257829147,12499,0.23473182091346154
900392510912527,12499,0.23473182091346154
455963550255087,12491,0.23458158052884615
93103734050299,12488,0.2345252403846154
69959064819152,12479,0.23435621995192307
835962103194547,12479,0.23435621995192307
747409113284138,12477,0.23431865985576922
488264185690703,12476,0.23429987980769232
58162473115549,12472,0.2342247596153846
745937652803909,12472,0.2342247596153846
258782644983630,12471,0.23420597956730768
466951928152007,12469,0.23416841947115385
155616807543775,12467,0.234130859375
614952639833365,12463,0.23405573918269232
355407437195882,12458,0.23396183894230768
26917453135336,12454,0.23388671875
643611599262505,12454,0.23388671875
516259899861954,12453,0.23386793870192307
326910316588029,12449,0.2337928185096154
690351419183194,12448,0.23377403846153846
369735866672454,12443,0.23368013822115385
787765502583803,12440,0.23362379807692307
765672799792455,12439,0.23360501802884615
914840401156814,12434,0.23351111778846154
847191447811587,12433,0.2334923377403846
634393120822294,12432,0.23347355769230768
157939941262327,12431,0.23345477764423078
674760805665582,12427,0.23337965745192307
329426035494757,12418,0.23321063701923078
660849706429345,12417,0.23319185697115385
469664935115688,12416,0.23317307692307693
71300388266804,12409,0.23304161658653846
637388618792413,12406,0.23298527644230768
67511826235628,12404,0.23294771634615385
494792594449054,12401,0.23289137620192307
236377870818345,12398,0.23283503605769232
464303793944257,12392,0.23272235576923078
148197928906646,12390,0.23268479567307693
497680530687501,12386,0.23260967548076922
749283305898245,12384,0.2325721153846154
51527787257428,12382,0.23253455528846154
136581037305145,12379,0.23247821514423078
660960889868846,12374,0.23238431490384615
544767853248439,12370,0.23230919471153846
188614092994873,12368,0.2322716346153846
656781569565286,12366,0.23223407451923078
549116379158133,12362,0.23215895432692307
843714710173715,12352,0.23197115384615385
876091112111884,12350,0.23193359375
55846395888417,12348,0.23189603365384615
148571504459095,12346,0.23185847355769232
259076473010823,12345,0.2318396935096154
196008460822590,12341,0.23176457331730768
197640570796196,12332,0.2315955528846154
778511450709699,12331,0.23157677283653846
13266564625657,12329,0.2315392127403846
485476753669289,12328,0.23152043269230768
235815371351669,12326,0.23148287259615385
108290215662756,12324,0.2314453125
735390937403766,12323,0.23142653245192307
782898962402911,12319,0.2313514122596154
14339263376150,12318,0.23133263221153846
355630950162346,12308,0.23114483173076922
432859369681469,12308,0.23114483173076922
502564953535465,12297,0.23093825120192307
373013362936668,12294,0.23088191105769232
367127148228807,12289,0.23078801081730768
109958766765601,12288,0.23076923076923078
513896531567964,12277,0.2305626502403846
448998457170182,12275,0.23052509014423078
827062826311368,12269,0.23041240985576922
884033641906466,12266,0.23035606971153846
280732462931826,12264,0.2303185096153846
471490189811172,12264,0.2303185096153846
675566647140088,12264,0.2303185096153846
768704381568632,12242,0.22990534855769232
264653959832689,12240,0.22986778846153846
831432848172858,12240,0.22986778846153846
187528443947350,12238,0.2298302283653846
248093233149628,12236,0.22979266826923078
271280320063544,12226,0.22960486778846154
591572616076703,12220,0.2294921875
31610874534497,12219,0.22947340745192307
609854509636705,12213,0.22936072716346154
722935050397762,12206,0.22922926682692307
439134016678062,12202,0.2291541466346154
885301457852190,12201,0.22913536658653846
869501234045455,12199,0.2290978064903846
740192438785872,12198,0.22907902644230768
656586668880871,12194,0.22900390625
18902964203836,12192,0.22896634615384615
692564520303148,12186,0.2288536658653846
62288455394523,12183,0.22879732572115385
387706416633919,12180,0.22874098557692307
57199388461034,12176,0.2286658653846154
317857933093310,12176,0.2286658653846154
140895959555218,12172,0.22859074519230768
246027470520721,12169,0.22853440504807693
761970143721144,12167,0.22849684495192307
447725988249082,12165,0.22845928485576922
399485910158113,12163,0.2284217247596154
565409253574920,12162,0.22840294471153846
878242146460350,12156,0.22829026442307693
379685670546958,12148,0.22814002403846154
598889561919305,12146,0.22810246394230768
483254932722288,12142,0.22802734375
446127710231361,12137,0.2279334435096154
687738646742071,12123,0.22767052283653846
518170598814162,12116,0.2275390625
74273160858876,12111,0.2274451622596154
204708961075732,12106,0.22735126201923078
850707991369093,12104,0.22731370192307693
573027571814022,12102,0.22727614182692307
214381519780818,12097,0.22718224158653846
909299744843919,12097,0.22718224158653846
783953409767231,12092,0.22708834134615385
468742325163047,12088,0.22701322115384615
832286822624853,12088,0.22701322115384615
215598601837922,12087,0.22699444110576922
799163363634115,12083,0.22691932091346154
920833329154177,12083,0.22691932091346154
483657010690251,12077,0.226806640625
539339628358576,12076,0.22678786057692307
240294976667620,12062,0.22652493990384615
836069408755837,12059,0.2264685997596154
258091022491654,12055,0.22639347956730768
166386121268036,12046,0.2262244591346154
818082393885927,12046,0.2262244591346154
882916204414128,12044,0.22618689903846154
671874493672434,12042,0.22614933894230768
202925749360897,12041,0.22613055889423078
139551193807592,12039,0.22609299879807693
177293921175516,12030,0.2259239783653846
337027923131592,12005,0.22545447716346154
560872074381481,12001,0.22537935697115385
335699678135488,11996,0.22528545673076922
292464806057124,11995,0.22526667668269232
294655858658428,11995,0.22526667668269232
666304776478628,11991,0.2251915564903846
126151026892281,11987,0.22511643629807693
267667397917884,11980,0.22498497596153846
565630020897657,11980,0.22498497596153846
470840875044336,11965,0.2247032752403846
116083067457950,11962,0.22464693509615385
680583310541661,11958,0.22457181490384615
242360648100481,11957,0.22455303485576922
830415117984616,11954,0.22449669471153846
89630798338200,11949,0.22440279447115385
715799320602420,11947,0.224365234375
372401516557349,11939,0.2242149939903846
192136386387575,11937,0.22417743389423078
126604116404169,11928,0.22400841346153846
762852751358385,11921,0.223876953125
148642626354099,11913,0.2237267127403846
789159956549696,11910,0.22367037259615385
423630949867159,11896,0.22340745192307693
398856624542558,11887,0.2232384314903846
222025364561474,11883,0.22316331129807693
849787876593842,11880,0.22310697115384615
838600784367362,11872,0.22295673076923078
485014962046164,11870,0.22291917067307693
803558529635138,11869,0.222900390625
3999510773132,11863,0.22278771033653846
440529763556683,11862,0.22276893028846154
653220632775301,11861,0.2227501502403846
429788106816918,11860,0.22273137019230768
443697194123198,11860,0.22273137019230768
411026954974624,11859,0.22271259014423078
517978060235118,11844,0.22243088942307693
734690116286699,11844,0.22243088942307693
6774786313051,11843,0.222412109375
321799634780690,11843,0.222412109375
670881478243608,11842,0.22239332932692307
619509357527033,11839,0.22233698918269232
668635866303596,11837,0.22229942908653846
80841053106667,11836,0.22228064903846154
901711573223573,11836,0.22228064903846154
508397619761970,11833,0.22222430889423078
299564912290326,11830,0.22216796875
16173410689739,11821,0.22199894831730768
473351511590424,11817,0.221923828125
694569280839700,11815,0.22188626802884615
839810874994889,11815,0.22188626802884615
255623119545603,11810,0.22179236778846154
367074433388951,11809,0.2217735877403846
172925206393607,11807,0.22173602764423078
326901713382304,11804,0.2216796875
586574111225406,11800,0.22160456730769232
901919123412098,11799,0.2215857872596154
353905239910544,11798,0.22156700721153846
155541959443033,11797,0.22154822716346154
832603068138811,11797,0.22154822716346154
367961969721066,11796,0.2215294471153846
110063002135687,11791,0.221435546875
625963758110433,11778,0.22119140625
516076242282746,11772,0.22107872596153846
625601748946677,11772,0.22107872596153846
105194982995536,11771,0.22105994591346154
743405434593452,11764,0.22092848557692307
835016981943105,11763,0.22090970552884615
139686938438174,11757,0.2207970252403846
216626709483206,11757,0.2207970252403846
94185877336248,11756,0.22077824519230768
48776021266341,11753,0.22072190504807693
442265692157625,11746,0.22059044471153846
582925734506859,11744,0.2205528846153846
291260901718208,11740,0.22047776442307693
42458194779010,11739,0.220458984375
196042944567582,11737,0.22042142427884615
4009324101302,11735,0.22038386418269232
302989093998245,11731,0.2203087439903846
172421206196873,11730,0.22028996394230768
204542316262614,11729,0.22027118389423078
89129342375934,11725,0.22019606370192307
30100822274858,11724,0.22017728365384615
375664355701881,11723,0.22015850360576922
246356760240609,11719,0.22008338341346154
826892316227393,11717,0.22004582331730768
68650218675087,11713,0.219970703125
503750971399794,11710,0.21991436298076922
735809634932705,11710,0.21991436298076922
604056129866068,11705,0.2198204627403846
442884312403277,11701,0.21974534254807693
409558828868681,11700,0.2197265625
404458047727826,11695,0.2196326622596154
430534437763894,11693,0.21959510216346154
165385589372688,11690,0.21953876201923078
745702349320582,11688,0.21950120192307693
868570568403661,11687,0.219482421875
652606509328456,11684,0.21942608173076922
697088355885714,11680,0.21935096153846154
470623338932520,11676,0.21927584134615385
659619873747487,11673,0.21921950120192307
615365284389006,11672,0.21920072115384615
652115982192378,11668,0.21912560096153846
405961604558104,11667,0.21910682091346154
12615828473069,11663,0.21903170072115385
338828281452158,11663,0.21903170072115385
49058668936597,11659,0.21895658052884615
600636538607298,11659,0.21895658052884615
168290519048288,11658,0.21893780048076922
242056373249294,11653,0.2188439002403846
130835221506578,11650,0.21878756009615385
624437244944953,11649,0.21876878004807693
352983018391644,11642,0.21863731971153846
769374192309091,11641,0.21861853966346154
389614403728153,11638,0.21856219951923078
749531773372337,11636,0.21852463942307693
307263917579641,11635,0.218505859375
735151383102642,11628,0.21837439903846154
563063528034959,11626,0.21833683894230768
670416390393663,11623,0.21828049879807693
466157612885050,11615,0.21813025841346154
174796673949838,11612,0.21807391826923078
375132422035383,11612,0.21807391826923078
696536784049079,11610,0.21803635817307693
848138356453091,11608,0.21799879807692307
398440462762209,11599,0.21782977764423078
767764541523546,11592,0.21769831730769232
338582204213858,11584,0.21754807692307693
86329156011656,11574,0.21736027644230768
440631616390481,11574,0.21736027644230768
913722067256108,11574,0.21736027644230768
22928675247636,11573,0.21734149639423078
877530500716731,11573,0.21734149639423078
861476375309451,11572,0.21732271634615385
294153047002686,11571,0.21730393629807693
353156422872256,11567,0.21722881610576922
126733080182633,11563,0.21715369591346154
843175707257161,11563,0.21715369591346154
717115839874346,11558,0.21705979567307693
100882622331776,11555,0.21700345552884615
620300427059266,11550,0.21690955528846154
176362556600210,11545,0.21681565504807693
585437073214497,11544,0.216796875
781530193177709,11538,0.21668419471153846
840033962788419,11535,0.21662785456730768
583511751455681,11533,0.21659029447115385
711341217172279,11531,0.216552734375
714332849579269,11529,0.21651517427884615
422510497423429,11525,0.21644005408653846
739582225637052,11524,0.21642127403846154
100277282464691,11522,0.21638371394230768
308633949481143,11517,0.21628981370192307
504930432081963,11517,0.21628981370192307
617815597116667,11517,0.21628981370192307
775553268807368,11517,0.21628981370192307
358546557903242,11510,0.2161583533653846
419659325541869,11509,0.21613957331730768
889954810582495,11506,0.21608323317307693
792874357413669,11500,0.2159705528846154
517226689648707,11499,0.21595177283653846
334709456374327,11493,0.21583909254807693
98707925359814,11492,0.2158203125
803306953866170,11491,0.21580153245192307
826458828005648,11490,0.21578275240384615
382194558142658,11485,0.21568885216346154
91756107625964,11484,0.2156700721153846
419101575597058,11484,0.2156700721153846
814612790803029,11479,0.215576171875
504460653137989,11477,0.21553861177884615
467093671896882,11476,0.21551983173076922
417430160483392,11470,0.21540715144230768
173516154634481,11468,0.21536959134615385
93473499706896,11466,0.21533203125
822643952115087,11464,0.21529447115384615
419393258373361,11461,0.2152381310096154
81123481222964,11457,0.21516301081730768
503844965729841,11449,0.21501277043269232
39065338380226,11446,0.21495643028846154
624147867432393,11445,0.2149376502403846
681977823304171,11441,0.21486253004807693
453714218221260,11435,0.2147498497596154
834550674905355,11429,0.21463716947115385
822854660260721,11426,0.21458082932692307
339584174570588,11424,0.21454326923076922
793962042494507,11423,0.21452448918269232
152360115488427,11418,0.21443058894230768
404378912732295,11413,0.21433668870192307
341942684348776,11408,0.21424278846153846
115357756403058,11407,0.21422400841346154
152369189268325,11403,0.21414888822115385
431678935778712,11401,0.214111328125
889535022887014,11391,0.21392352764423078
551973889391225,11388,0.2138671875
57260605153804,11387,0.21384840745192307
51906417115396,11386,0.21382962740384615
672344198205637,11378,0.21367938701923078
69919486289648,11373,0.21358548677884615
280411038821095,11372,0.21356670673076922
921214767031686,11365,0.21343524639423078
878044277424541,11363,0.21339768629807693
537083954858037,11360,0.21334134615384615
226130835257577,11345,0.21305964543269232
508799867985271,11343,0.21302208533653846
772900795226624,11342,0.21300330528846154
516457092200460,11339,0.21294696514423078
917601865730125,11339,0.21294696514423078
319525573517523,11333,0.21283428485576922
124353776179053,11327,0.21272160456730768
730629390950081,11325,0.21268404447115385
15517044012091,11321,0.21260892427884615
316820455060828,11320,0.21259014423076922
40135498918500,11316,0.21251502403846154
608537385452079,11315,0.2124962439903846
446965622568801,11310,0.21240234375
728797616253706,11305,0.2123084435096154
784319610425994,11304,0.21228966346153846
86463258198792,11303,0.21227088341346154
294237552778272,11303,0.21227088341346154
633814217726496,11303,0.21227088341346154
703438461910068,11297,0.212158203125
395008004621659,11296,0.21213942307692307
562511941111425,11280,0.21183894230769232
720898951344724,11276,0.2117638221153846
878469836860293,11275,0.21174504206730768
897499235775907,11273,0.21170748197115385
859177567838437,11267,0.21159480168269232
749411879206278,11265,0.21155724158653846
384185354953470,11262,0.21150090144230768
512149280641210,11256,0.21138822115384615
839141497349270,11256,0.21138822115384615
292897396476746,11255,0.21136944110576922
579850385408668,11254,0.21135066105769232
171617626941035,11251,0.21129432091346154
545663614923652,11248,0.21123798076923078
528211125253431,11245,0.211181640625
651608491838389,11241,0.21110652043269232
700489922707708,11238,0.21105018028846154
293487777797530,11233,0.21095628004807693
424628550825941,11227,0.2108435997596154
211333650570977,11225,0.21080603966346154
220214639580855,11219,0.210693359375
124930174245682,11218,0.21067457932692307
201215232080587,11216,0.21063701923076922
421876348473168,11213,0.21058067908653846
88751754557877,11211,0.2105431189903846
15148528000842,11210,0.21052433894230768
341897464707336,11203,0.21039287860576922
707695217455219,11200,0.21033653846153846
378289746537797,11197,0.21028019831730768
625488553210,11196,0.21026141826923078
607551883143286,11194,0.21022385817307693
547452744173070,11185,0.2100548377403846
88865698289765,11183,0.21001727764423078
752257736001335,11181,0.20997971754807693
197575030066358,11180,0.2099609375
235347781385039,11178,0.20992337740384615
468284020115626,11178,0.20992337740384615
705405268247632,11176,0.20988581730769232
749041428388337,11176,0.20988581730769232
422947212042877,11175,0.2098670372596154
613755438475857,11170,0.20977313701923078
146661886389852,11169,0.20975435697115385
259792665080827,11167,0.209716796875
392604799114303,11167,0.209716796875
436990697686269,11164,0.20966045673076922
676691030762476,11164,0.20966045673076922
702990671695494,11162,0.2096228966346154
118218868517011,11159,0.2095665564903846
238771393476564,11159,0.2095665564903846
825762572538195,11159,0.2095665564903846
386024835118575,11153,0.20945387620192307
756816258922113,11151,0.20941631610576922
684024447224219,11149,0.2093787560096154
694069253972423,11140,0.20920973557692307
52790471704746,11132,0.20905949519230768
668491203814547,11131,0.20904071514423078
48103271206025,11126,0.20894681490384615
598874614492606,11124,0.20890925480769232
532745757145478,11118,0.20879657451923078
576553034093937,11116,0.20875901442307693
193366832236413,11114,0.20872145432692307
436517095826458,11112,0.20868389423076922
327169028185961,11109,0.20862755408653846
276536416111133,11106,0.20857121394230768
528143766596882,11105,0.20855243389423078
148817373868610,11104,0.20853365384615385
607837711836569,11101,0.20847731370192307
162288857391482,11097,0.2084021935096154
254493774173024,11095,0.20836463341346154
585162800844870,11093,0.20832707331730768
111915308581682,11088,0.20823317307692307
839653959568977,11085,0.20817683293269232
237066975420579,11084,0.2081580528846154
517344741271744,11079,0.20806415264423078
293312434655744,11075,0.20798903245192307
512966209330316,11072,0.20793269230769232
886611579686204,11070,0.20789513221153846
92648354542032,11068,0.2078575721153846
487073562775403,11068,0.2078575721153846
877946028188697,11065,0.20780123197115385
258893978566711,11063,0.207763671875
899475012172566,11055,0.2076134314903846
917458553681853,11054,0.20759465144230768
739705608199740,11047,0.20746319110576922
162617225709598,11045,0.2074256310096154
277281614772104,11042,0.2073692908653846
148840985218387,11039,0.20731295072115385
364646662217298,11039,0.20731295072115385
372534104519983,11036,0.20725661057692307
674473133015979,11034,0.20721905048076922
153927289928209,11030,0.20714393028846154
194495028657641,11027,0.20708759014423078
468431871176911,11026,0.20706881009615385
582659220706537,11022,0.20699368990384615
537077388692212,11021,0.20697490985576922
542130567050605,11020,0.20695612980769232
600754090802642,11019,0.2069373497596154
177592815923777,11018,0.20691856971153846
584954472719915,11010,0.20676832932692307
316541450188673,11008,0.20673076923076922
44414888510493,11007,0.20671198918269232
45710496834223,11007,0.20671198918269232
328341981993040,11007,0.20671198918269232
378962078918983,11005,0.20667442908653846
338413710874872,11004,0.20665564903846154
832200157488714,11004,0.20665564903846154
34394883984329,11002,0.20661808894230768
461912430080637,11002,0.20661808894230768
721462531595536,11000,0.20658052884615385
29834692124896,10999,0.20656174879807693
350485332719311,10998,0.20654296875
293639649580573,10997,0.20652418870192307
308688109572004,10996,0.20650540865384615
709687436558434,10993,0.2064490685096154
555182504271416,10985,0.206298828125
403470889335737,10984,0.20628004807692307
466168934601494,10981,0.20622370793269232
618830511858109,10978,0.20616736778846154
897630399310549,10972,0.2060546875
675013217058832,10971,0.20603590745192307
888988433552749,10969,0.20599834735576922
635413420051836,10968,0.20597956730769232
616347515602546,10966,0.20594200721153846
768258705345145,10966,0.20594200721153846
447480757679200,10962,0.20586688701923078
789468874837864,10960,0.20582932692307693
128951954892024,10948,0.20560396634615385
888116521064419,10946,0.20556640625
366635578581361,10939,0.20543494591346154
51898086850766,10938,0.2054161658653846
378476175924685,10935,0.20535982572115385
380554884338527,10931,0.20528470552884615
541943285639401,10931,0.20528470552884615
328068004638166,10928,0.2052283653846154
637422842855606,10922,0.20511568509615385
783368776649493,10922,0.20511568509615385
20032871814915,10918,0.20504056490384615
364554492761017,10917,0.20502178485576922
454557458707165,10915,0.2049842247596154
870993926882387,10915,0.2049842247596154
241901135141312,10912,0.2049278846153846
165948824098758,10909,0.20487154447115385
41450600945313,10907,0.204833984375
232485916736231,10907,0.204833984375
392713098465035,10906,0.20481520432692307
221723589336905,10905,0.20479642427884615
182610665143648,10900,0.20470252403846154
751215909249155,10899,0.2046837439903846
82238321628588,10897,0.20464618389423078
158738703403368,10896,0.20462740384615385
485385672463605,10895,0.20460862379807693
54949973762547,10893,0.20457106370192307
547663528330393,10892,0.20455228365384615
775535566923925,10889,0.2044959435096154
888036281491100,10889,0.2044959435096154
584557932347168,10887,0.20445838341346154
237758248055051,10886,0.2044396033653846
706045810862951,10885,0.20442082331730768
108168779685287,10884,0.20440204326923078
281964488916727,10882,0.20436448317307693
285957959402585,10878,0.20428936298076922
379631748206945,10878,0.20428936298076922
421487101670072,10874,0.20421424278846154
480004683700473,10870,0.20413912259615385
824885533706116,10870,0.20413912259615385
512973144571707,10869,0.20412034254807693
443497888204994,10867,0.20408278245192307
128306463659556,10864,0.20402644230769232
169942786948822,10863,0.2040076622596154
522926607127231,10860,0.2039513221153846
578968378734991,10859,0.20393254206730768
584709843909952,10856,0.20387620192307693
486591380574266,10855,0.203857421875
143261634397553,10852,0.20380108173076922
453039432874308,10847,0.2037071814903846
542014393985783,10841,0.20359450120192307
263840528168933,10835,0.20348182091346154
67916751497725,10831,0.20340670072115385
455959916441315,10823,0.20325646033653846
519074073515647,10821,0.2032189002403846
691037558499704,10817,0.20314378004807693
850224766764493,10813,0.20306865985576922
617740574176250,10812,0.20304987980769232
798215563410534,10802,0.20286207932692307
81355854981749,10799,0.20280573918269232
765565640245098,10797,0.20276817908653846
857370950177517,10793,0.20269305889423078
68990503250920,10787,0.20258037860576922
186607520276018,10785,0.2025428185096154
531251735174691,10784,0.20252403846153846
83294785328919,10783,0.20250525841346154
664221472703147,10782,0.2024864783653846
145610296774492,10777,0.202392578125
847795843789029,10777,0.202392578125
305791319202619,10775,0.20235501802884615
632280276519302,10772,0.2022986778846154
85331100205832,10766,0.20218599759615385
889776691815032,10763,0.20212965745192307
250588207097700,10750,0.20188551682692307
413701329048733,10749,0.20186673677884615
650872258945227,10745,0.20179161658653846
577593728428931,10744,0.20177283653846154
280104697479441,10738,0.20166015625
193342235984682,10737,0.20164137620192307
851872082746057,10736,0.20162259615384615
389137742867125,10732,0.20154747596153846
535995267246469,10731,0.20152869591346154
800804303094036,10731,0.20152869591346154
154310302758882,10730,0.2015099158653846
579826498319417,10726,0.20143479567307693
618106055573694,10725,0.201416015625
202103415717123,10724,0.20139723557692307
875166829150987,10723,0.20137845552884615
820726241815360,10719,0.20130333533653846
313085923506209,10717,0.2012657752403846
416211874382652,10715,0.20122821514423078
261501035617598,10713,0.20119065504807693
653429407485943,10710,0.20113431490384615
429042240165032,10709,0.20111553485576922
362672266166830,10708,0.20109675480769232
289026565911250,10702,0.20098407451923078
596203951929639,10700,0.20094651442307693
305429127786285,10696,0.20087139423076922
710626467888585,10696,0.20087139423076922
347556717912477,10687,0.20070237379807693
153031483367646,10685,0.20066481370192307
435638877361008,10682,0.20060847355769232
22841301553504,10681,0.2005896935096154
851212320678671,10680,0.20057091346153846
804853738026424,10679,0.20055213341346154
241939779259548,10676,0.20049579326923078
606841083096788,10675,0.20047701322115385
504498643282510,10673,0.200439453125
568603050672821,10669,0.20036433293269232
665292144182040,10668,0.2003455528846154
739188929774525,10666,0.20030799278846154
128379953029827,10665,0.2002892127403846
39319907876780,10664,0.20027043269230768
851828040086076,10664,0.20027043269230768
590191615768244,10662,0.20023287259615385
348849370231178,10660,0.2001953125
400699745928409,10658,0.20015775240384615
357185143857870,10657,0.20013897235576922
505863099668527,10656,0.20012019230769232
368942543997363,10655,0.2001014122596154
115181949432269,10653,0.20006385216346154
354397149156279,10653,0.20006385216346154
747616672677834,10646,0.19993239182692307
416459687778112,10645,0.19991361177884615
447464985741904,10641,0.19983849158653846
380662928130150,10640,0.19981971153846154
14478484726844,10638,0.19978215144230768
59172010708094,10638,0.19978215144230768
281900928618302,10638,0.19978215144230768
178467913906167,10636,0.19974459134615385
424374493474775,10635,0.19972581129807693
682284349538864,10634,0.19970703125
435738439934368,10627,0.19957557091346154
462172688511444,10627,0.19957557091346154
251950542093313,10626,0.1995567908653846
34678814334211,10625,0.19953801081730768
380874020177262,10616,0.1993689903846154
713006965386267,10615,0.19935021033653846
696451082406411,10613,0.1993126502403846
128654222214773,10604,0.19914362980769232
216204681984902,10604,0.19914362980769232
747183500147918,10602,0.19910606971153846
374189990402952,10600,0.1990685096153846
603290597755600,10598,0.19903094951923078
687047414097730,10598,0.19903094951923078
25774124610657,10597,0.19901216947115385
574155943444349,10597,0.19901216947115385
850958068484744,10596,0.19899338942307693
895649523106680,10596,0.19899338942307693
677535837151344,10591,0.19889948918269232
361340361583971,10588,0.19884314903846154
210399294217455,10586,0.19880558894230768
279120842530417,10584,0.19876802884615385
170815654049620,10582,0.19873046875
153678245484711,10580,0.19869290865384615
630943139190225,10580,0.19869290865384615
627607382611502,10579,0.19867412860576922
719277581128760,10579,0.19867412860576922
889922458748317,10575,0.19859900841346154
386670782603843,10569,0.198486328125
14179335125905,10565,0.19841120793269232
907241523361905,10564,0.1983924278846154
552561245226013,10563,0.19837364783653846
566806269072649,10561,0.1983360877403846
845789123065884,10560,0.19831730769230768
762734351184651,10552,0.19816706730769232
862589906902010,10552,0.19816706730769232
569485861812757,10549,0.19811072716346154
489483172655292,10545,0.19803560697115385
142785771307397,10544,0.19801682692307693
865915497655205,10542,0.19797926682692307
685299316352130,10538,0.1979041466346154
700380244417956,10537,0.19788536658653846
755314969302933,10536,0.19786658653846154
582311280791012,10534,0.19782902644230768
385323116372506,10531,0.19777268629807693
902585277695274,10527,0.19769756610576922
436655729700104,10526,0.19767878605769232
288718691528312,10521,0.19758488581730768
696842477531803,10517,0.197509765625
767648432958836,10516,0.19749098557692307
75214692710398,10513,0.19743464543269232
636781913199489,10513,0.19743464543269232
619391958037999,10512,0.1974158653846154
674493914625165,10512,0.1974158653846154
675132582332026,10508,0.19734074519230768
657885642104899,10504,0.197265625
350501154821749,10503,0.19724684495192307
403884663661801,10503,0.19724684495192307
285422620204231,10500,0.19719050480769232
409076634781543,10496,0.1971153846153846
791337301027543,10495,0.19709660456730768
874851403239560,10494,0.19707782451923078
596107213868768,10493,0.19705904447115385
429359438081044,10492,0.19704026442307693
761547349962204,10492,0.19704026442307693
381836892907911,10491,0.197021484375
323008293184080,10484,0.19689002403846154
659984130272697,10483,0.1968712439903846
859155915011450,10483,0.1968712439903846
839281937694699,10480,0.19681490384615385
89259905121672,10478,0.19677734375
863240963070818,10478,0.19677734375
235163080114389,10477,0.19675856370192307
801017131936852,10474,0.19670222355769232
200675350688857,10473,0.1966834435096154
315189095084783,10471,0.19664588341346154
655399600045536,10471,0.19664588341346154
46955323488776,10468,0.19658954326923078
22070560606395,10467,0.19657076322115385
670061333721679,10466,0.19655198317307693
77763477896729,10461,0.19645808293269232
53488664960010,10454,0.19632662259615385
853761805485319,10454,0.19632662259615385
473780844088824,10453,0.19630784254807693
737741555919907,10453,0.19630784254807693
463653940645236,10451,0.19627028245192307
660843531333754,10450,0.19625150240384615
514368608815335,10448,0.19621394230769232
460791823031565,10447,0.1961951622596154
162893119534094,10446,0.19617638221153846
551669808495142,10446,0.19617638221153846
412029303852084,10445,0.19615760216346154
303376836790836,10443,0.19612004206730768
782800392086634,10441,0.19608248197115385
220608724849185,10439,0.196044921875
484641471257548,10439,0.196044921875
59180609490786,10438,0.19602614182692307
689222884830479,10435,0.19596980168269232
514488357330476,10430,0.19587590144230768
392615028749875,10427,0.19581956129807693
6276828850945,10425,0.19578200120192307
350633923892330,10424,0.19576322115384615
438362761357619,10424,0.19576322115384615
316527247769141,10422,0.19572566105769232
906274355384986,10421,0.1957068810096154
693330023328416,10420,0.19568810096153846
479263379683770,10415,0.19559420072115385
908041196227968,10415,0.19559420072115385
881769398590777,10414,0.19557542067307693
662579872468502,10406,0.19542518028846154
290380865450216,10400,0.1953125
142712911775193,10399,0.19529371995192307
558318866395431,10399,0.19529371995192307
235285800357497,10397,0.19525615985576922
488237948815276,10396,0.19523737980769232
144500087036776,10394,0.19519981971153846
583252609356549,10392,0.1951622596153846
46927298107331,10391,0.19514347956730768
54548349804812,10387,0.195068359375
624744800266187,10386,0.19504957932692307
259889930004476,10385,0.19503079927884615
345945961852377,10385,0.19503079927884615
198100786407296,10379,0.1949181189903846
806276388431118,10379,0.1949181189903846
585105555400709,10378,0.19489933894230768
655043650486882,10378,0.19489933894230768
32309987197566,10377,0.19488055889423078
732882765549048,10377,0.19488055889423078
762730168278240,10376,0.19486177884615385
97488535756522,10374,0.19482421875
362752713982992,10368,0.19471153846153846
542914746727721,10365,0.19465519831730768
338202228527712,10361,0.194580078125
272267752065110,10359,0.19454251802884615
619639250760624,10356,0.1944861778846154
713900454378530,10356,0.1944861778846154
832987077837236,10355,0.19446739783653846
406547375360328,10353,0.1944298377403846
178100310854032,10352,0.19441105769230768
468456070000594,10351,0.19439227764423078
224236125955357,10350,0.19437349759615385
229309064668828,10349,0.19435471754807693
209908599352921,10348,0.1943359375
237455064005899,10346,0.19429837740384615
448917605332524,10344,0.19426081730769232
865654838582071,10343,0.1942420372596154
509767053215271,10342,0.19422325721153846
434031663095537,10337,0.19412935697115385
818938711476776,10331,0.19401667668269232
720364071900048,10325,0.19390399639423078
100407269565238,10324,0.19388521634615385
720837516112169,10322,0.19384765625
50191885427512,10320,0.19381009615384615
597593653414737,10320,0.19381009615384615
500220596336670,10319,0.19379131610576922
775127662142333,10317,0.1937537560096154
689659583905632,10314,0.1936974158653846
80264034840967,10312,0.19365985576923078
507596159411050,10311,0.19364107572115385
292005922832090,10307,0.19356595552884615
187657846826065,10306,0.19354717548076922
317570446842251,10303,0.19349083533653846
862444090698946,10301,0.1934532752403846
472509594740854,10297,0.19337815504807693
727719694262302,10295,0.19334059495192307
708959042556914,10292,0.19328425480769232
728036914103086,10291,0.1932654747596154
629134753091215,10290,0.19324669471153846
464043725356063,10285,0.19315279447115385
383948611335241,10281,0.19307767427884615
502545864698715,10281,0.19307767427884615
501979823607440,10280,0.19305889423076922
463751359113458,10279,0.19304011418269232
371538744622127,10278,0.1930213341346154
548636238245620,10276,0.19298377403846154
672717544024296,10276,0.19298377403846154
630324992045545,10275,0.1929649939903846
413346337169626,10270,0.19287109375
351300134924869,10269,0.19285231370192307
198847015653531,10267,0.19281475360576922
471817921050178,10262,0.1927208533653846
655477647798844,10259,0.19266451322115385
71781983666331,10256,0.19260817307692307
406995045418505,10256,0.19260817307692307
332006188197934,10254,0.19257061298076922
185809345100771,10253,0.19255183293269232
493943627917021,10252,0.1925330528846154
17202828011837,10247,0.19243915264423078
698131639255975,10245,0.19240159254807693
197170516982200,10244,0.1923828125
357751704993249,10244,0.1923828125
564859637858962,10242,0.19234525240384615
157127824332135,10239,0.1922889122596154
867562348361070,10237,0.19225135216346154
583460248755250,10236,0.1922325721153846
691040299955667,10236,0.1922325721153846
388283349226282,10234,0.19219501201923078
37060991892431,10230,0.19211989182692307
610753695463990,10230,0.19211989182692307
104732234878483,10225,0.19202599158653846
685753516776651,10218,0.19189453125
82372761825894,10217,0.19187575120192307
505444330303592,10217,0.19187575120192307
534763609138805,10216,0.19185697115384615
704092668601176,10214,0.19181941105769232
193485826420400,10212,0.19178185096153846
815370713293844,10210,0.1917442908653846
828929572907735,10208,0.19170673076923078
81095808248845,10207,0.19168795072115385
135350985439098,10205,0.191650390625
650922390717591,10204,0.19163161057692307
205102146783605,10202,0.19159405048076922
257381202023902,10201,0.19157527043269232
895420746028747,10201,0.19157527043269232
612522193371004,10200,0.1915564903846154
17897604941300,10199,0.19153771033653846
165003781418466,10199,0.19153771033653846
467781308500900,10195,0.19146259014423078
804291116761915,10195,0.19146259014423078
83708464974835,10190,0.19136868990384615
245872513697265,10190,0.19136868990384615
602771886818418,10189,0.19134990985576922
191646435717549,10185,0.19127478966346154
668355158401051,10184,0.1912560096153846
186622380199433,10183,0.19123722956730768
634581439263955,10183,0.19123722956730768
664025024725890,10181,0.19119966947115385
524727516340128,10179,0.191162109375
744108716882237,10179,0.191162109375
120618087341683,10178,0.19114332932692307
284237308144206,10177,0.19112454927884615
379032916803407,10175,0.19108698918269232
65270224037914,10173,0.19104942908653846
653504726986694,10172,0.19103064903846154
577779914695479,10171,0.1910118689903846
406979102987858,10169,0.19097430889423078
153777676910874,10165,0.19089918870192307
576472718913575,10163,0.19086162860576922
409023255099450,10162,0.19084284855769232
148283410623998,10160,0.19080528846153846
556414671871663,10158,0.1907677283653846
560153802119643,10155,0.19071138822115385
616784486687348,10155,0.19071138822115385
102528177177977,10152,0.19065504807692307
567538221166994,10152,0.19065504807692307
910223992701390,10149,0.19059870793269232
777601033172671,10148,0.1905799278846154
649049973671084,10144,0.19050480769230768
206095264839690,10143,0.19048602764423078
60613541365092,10141,0.19044846754807693
46000271550060,10140,0.1904296875
560132800407850,10136,0.19035456730769232
855378103225140,10134,0.19031700721153846
762769825022331,10132,0.1902794471153846
454038730656786,10130,0.19024188701923078
448922896500088,10128,0.19020432692307693
469071767745478,10127,0.190185546875
627714075305251,10127,0.190185546875
638147825446291,10126,0.19016676682692307
283057089745491,10125,0.19014798677884615
770051133756947,10123,0.19011042668269232
150487960390741,10122,0.1900916466346154
573981115745989,10121,0.19007286658653846
276424064014283,10120,0.19005408653846154
170754061946087,10119,0.1900353064903846
735757827135673,10114,0.18994140625
204400632671758,10113,0.18992262620192307
818749660710217,10111,0.18988506610576922
712848891571760,10110,0.18986628605769232
257242752067754,10108,0.18982872596153846
420209194187766,10097,0.18962214543269232
600003596932669,10096,0.1896033653846154
445715115435693,10094,0.18956580528846154
343336638155555,10092,0.18952824519230768
96657020433111,10090,0.18949068509615385
307516430944511,10089,0.18947190504807693
309600816860809,10089,0.18947190504807693
445066197751023,10087,0.18943434495192307
665867127652094,10085,0.18939678485576922
721647298595166,10083,0.1893592247596154
142533215543228,10082,0.18934044471153846
653000308342121,10081,0.18932166466346154
779718489666583,10077,0.18924654447115385
801339235687423,10075,0.189208984375
628574527330431,10074,0.18919020432692307
862861770730996,10074,0.18919020432692307
317876449873142,10073,0.18917142427884615
631390275296795,10070,0.1891150841346154
191633107369662,10069,0.18909630408653846
416198173631427,10069,0.18909630408653846
356504996240629,10068,0.18907752403846154
246355588111079,10064,0.18900240384615385
384532915953480,10064,0.18900240384615385
612006938856203,10064,0.18900240384615385
72960283602567,10063,0.18898362379807693
479446135302465,10058,0.18888972355769232
921635139572152,10058,0.18888972355769232
422002011226488,10056,0.18885216346153846
202580568034814,10055,0.18883338341346154
799107846160269,10054,0.1888146033653846
895891227962367,10052,0.18877704326923078
217604190205248,10051,0.18875826322115385
668571917435688,10051,0.18875826322115385
312162345420011,10049,0.188720703125
97056051856658,10047,0.18868314302884615
833261356152527,10047,0.18868314302884615
795489121703978,10045,0.18864558293269232
911794972227618,10045,0.18864558293269232
303895426747075,10043,0.18860802283653846
466547969138915,10042,0.18858924278846154
256414420791541,10041,0.1885704627403846
327574617127341,10041,0.1885704627403846
546650680770721,10041,0.1885704627403846
810174483533720,10041,0.1885704627403846
385316184467683,10039,0.18853290264423078
626311170769998,10039,0.18853290264423078
319794807389972,10037,0.18849534254807693
478472014468123,10036,0.1884765625
670500641241354,10036,0.1884765625
499531074532307,10034,0.18843900240384615
823526864376835,10034,0.18843900240384615
829367266732122,10034,0.18843900240384615
484384746029719,10033,0.18842022235576922
91905357786699,10032,0.18840144230769232
194183714390253,10031,0.1883826622596154
916432282524690,10029,0.18834510216346154
299783446039782,10027,0.18830754206730768
464693935960271,10023,0.188232421875
886689512247438,10022,0.18821364182692307
381145197199606,10021,0.18819486177884615
758239714335727,10020,0.18817608173076922
437730933896340,10019,0.18815730168269232
758600453994244,10018,0.1881385216346154
893322793672030,10017,0.18811974158653846
1883014804665,10015,0.1880821814903846
332262889299757,10015,0.1880821814903846
343182238036965,10015,0.1880821814903846
3143867960085,10013,0.18804462139423078
128282716292943,10006,0.18791316105769232
378642452051768,10005,0.1878943810096154
579189160312948,10005,0.1878943810096154
669059242613682,10004,0.18787560096153846
497951031189031,10003,0.18785682091346154
217729858005651,10001,0.18781926081730768
108243712346335,10000,0.18780048076923078
599086324424426,9999,0.18778170072115385
846258222909090,9999,0.18778170072115385
517352686568061,9998,0.18776292067307693
298165422562210,9996,0.18772536057692307
850445183503655,9996,0.18772536057692307
685006416145847,9994,0.18768780048076922
561026582618120,9988,0.18757512019230768
762734884903520,9984,0.1875
124810652512175,9983,0.18748121995192307
918960461812788,9983,0.18748121995192307
65968264510330,9982,0.18746243990384615
444312254061681,9982,0.18746243990384615
718900620177634,9982,0.18746243990384615
593700643720294,9981,0.18744365985576922
813063097110052,9981,0.18744365985576922
284021959939214,9980,0.18742487980769232
724448123611165,9978,0.18738731971153846
404077601549225,9977,0.18736853966346154
688794857510781,9977,0.18736853966346154
67707655454486,9975,0.18733097956730768
133265625550842,9974,0.18731219951923078
562943984119426,9970,0.18723707932692307
566927366713802,9970,0.18723707932692307
579421484638665,9970,0.18723707932692307
904946171583600,9970,0.18723707932692307
113766207666469,9969,0.18721829927884615
813232614854967,9968,0.18719951923076922
848851485116369,9968,0.18719951923076922
513760893394376,9966,0.1871619591346154
549313687095079,9963,0.1871056189903846
79100862283919,9960,0.18704927884615385
644461438776198,9960,0.18704927884615385
918650175262971,9960,0.18704927884615385
813385759658590,9959,0.18703049879807693
239536517820285,9958,0.18701171875
419840682949187,9957,0.18699293870192307
893000330115749,9957,0.18699293870192307
369920516734533,9955,0.18695537860576922
179395926477243,9953,0.1869178185096154
562880024208582,9953,0.1869178185096154
148903383810133,9949,0.18684269831730768
261221580650597,9949,0.18684269831730768
585045111685000,9947,0.18680513822115385
155184364441005,9943,0.18673001802884615
113297982397190,9942,0.18671123798076922
137994850127426,9942,0.18671123798076922
122712435438609,9938,0.18663611778846154
416222160343521,9937,0.1866173377403846
892396541202439,9935,0.18657977764423078
690766453267169,9933,0.18654221754807693
914401656809285,9932,0.1865234375
95259850781393,9931,0.18650465745192307
321572380318478,9931,0.18650465745192307
492939714879519,9931,0.18650465745192307
500472555277491,9931,0.18650465745192307
432450061981649,9929,0.18646709735576922
337685644884937,9927,0.1864295372596154
121404484210675,9926,0.18641075721153846
554545394825120,9926,0.18641075721153846
98761710582433,9925,0.18639197716346154
512346821438384,9923,0.18635441706730768
676795480690485,9921,0.18631685697115385
277057025224685,9919,0.186279296875
497355018879171,9910,0.18611027644230768
882032871917398,9910,0.18611027644230768
492835266687442,9909,0.18609149639423078
85063291569240,9904,0.18599759615384615
78088854389149,9902,0.18596003605769232
497221538355968,9901,0.1859412560096154
216565958839683,9900,0.18592247596153846
284711282598839,9897,0.18586613581730768
243976549097549,9892,0.18577223557692307
521182017738461,9892,0.18577223557692307
511500235278114,9889,0.18571589543269232
334004749868582,9888,0.1856971153846154
484693097486850,9888,0.1856971153846154
159068598958319,9887,0.18567833533653846
520921056618809,9887,0.18567833533653846
742322962353418,9886,0.18565955528846154
146694104023316,9883,0.18560321514423078
630176161310794,9880,0.185546875
808232723526022,9880,0.185546875
409786283193161,9879,0.18552809495192307
460756376373053,9877,0.18549053485576922
912385117407679,9872,0.1853966346153846
133252902706267,9871,0.18537785456730768
771440944219691,9867,0.185302734375
59110270254090,9866,0.18528395432692307
580569278838083,9866,0.18528395432692307
811362741587138,9863,0.18522761418269232
848357440464847,9858,0.18513371394230768
691302047516739,9856,0.18509615384615385
238533857218868,9854,0.18505859375
895255618216844,9854,0.18505859375
587766955636940,9853,0.18503981370192307
192635199873159,9852,0.18502103365384615
661316876141124,9851,0.18500225360576922
213340363990511,9850,0.18498347355769232
880210650111817,9848,0.18494591346153846
664752849230384,9847,0.18492713341346154
421040893942619,9840,0.18479567307692307
418095638037534,9839,0.18477689302884615
243458560404387,9837,0.18473933293269232
442473815383648,9837,0.18473933293269232
841628632507937,9837,0.18473933293269232
700205628472704,9835,0.18470177283653846
640230369149978,9831,0.18462665264423078
99433074592065,9830,0.18460787259615385
135329497082191,9830,0.18460787259615385
85770858906766,9826,0.18453275240384615
359891523642538,9826,0.18453275240384615
635803481774638,9826,0.18453275240384615
236465933234276,9824,0.18449519230769232
758425453707677,9823,0.1844764122596154
377639289593627,9822,0.18445763221153846
861935491955145,9820,0.1844200721153846
129866463926736,9819,0.18440129206730768
123426936905967,9816,0.18434495192307693
109219691825821,9814,0.18430739182692307
338148116947007,9812,0.18426983173076922
475406454593292,9812,0.18426983173076922
689443908447206,9811,0.18425105168269232
737641052500653,9808,0.18419471153846154
666687747455608,9806,0.18415715144230768
156581199622651,9802,0.18408203125
377758961850609,9801,0.18406325120192307
718176906568489,9801,0.18406325120192307
58022473992114,9800,0.18404447115384615
450913712073843,9799,0.18402569110576922
871011037325423,9799,0.18402569110576922
231953140856874,9797,0.1839881310096154
839848723181413,9797,0.1839881310096154
183264807425967,9796,0.18396935096153846
468514803699102,9796,0.18396935096153846
504142446719808,9795,0.18395057091346154
271043563210597,9793,0.18391301081730768
616321047744962,9793,0.18391301081730768
794502870366097,9787,0.18380033052884615
185435830407105,9781,0.1836876502403846
542295875355660,9781,0.1836876502403846
897516708676181,9781,0.1836876502403846
274562186251878,9780,0.18366887019230768
708761579167047,9780,0.18366887019230768
371447582258768,9777,0.18361253004807693
656348292788993,9776,0.18359375
103801373437027,9774,0.18355618990384615
222833832221665,9773,0.18353740985576922
298663323077381,9772,0.18351862980769232
347555522602191,9772,0.18351862980769232
373555205872411,9771,0.1834998497596154
588992870861894,9770,0.18348106971153846
644221391873974,9766,0.18340594951923078
825994381303966,9766,0.18340594951923078
9702631202185,9765,0.18338716947115385
758027221615709,9764,0.18336838942307693
689202570158975,9763,0.183349609375
514392975363486,9759,0.18327448918269232
666031155035018,9759,0.18327448918269232
512033727870264,9755,0.1831993689903846
765148793575231,9754,0.18318058894230768
130684050048542,9753,0.18316180889423078
446300341180525,9752,0.18314302884615385
576570822153989,9752,0.18314302884615385
844061450243601,9750,0.18310546875
253479133940670,9748,0.18306790865384615
353204803731256,9748,0.18306790865384615
878602159578287,9747,0.18304912860576922
339884165337764,9745,0.1830115685096154
226575600888425,9740,0.18291766826923078
605867253933195,9739,0.18289888822115385
523880860037774,9738,0.18288010817307693
616784317093719,9737,0.182861328125
193710642902758,9732,0.1827674278846154
740436365537740,9732,0.1827674278846154
228338467372823,9729,0.1827110877403846
716717412789654,9728,0.18269230769230768
150158931793840,9727,0.18267352764423078
64487460662645,9726,0.18265474759615385
768416717282997,9726,0.18265474759615385
16556069876206,9724,0.1826171875
463581320481045,9723,0.18259840745192307
556189893103649,9721,0.18256084735576922
633359541238347,9719,0.1825232872596154
717276610596392,9718,0.18250450721153846
703999468457509,9716,0.1824669471153846
258539924260905,9714,0.18242938701923078
533075847654859,9713,0.18241060697115385
471648102064914,9711,0.182373046875
828857345860690,9711,0.182373046875
354240349122057,9709,0.18233548677884615
755165944776257,9706,0.1822791466346154
510041654185627,9704,0.18224158653846154
13662778826364,9702,0.18220402644230768
24126930030006,9700,0.18216646634615385
209753051197723,9697,0.18211012620192307
692219066555009,9696,0.18209134615384615
877532163756316,9695,0.18207256610576922
738736196942737,9694,0.18205378605769232
697422553530261,9693,0.1820350060096154
254202974627137,9690,0.1819786658653846
2517810409282,9689,0.18195988581730768
125587141949819,9687,0.18192232572115385
258104362081132,9686,0.18190354567307693
662772349360753,9686,0.18190354567307693
669682527285498,9684,0.18186598557692307
695451390375862,9684,0.18186598557692307
19391479877403,9683,0.18184720552884615
235843989673113,9683,0.18184720552884615
902802903845572,9683,0.18184720552884615
100852087229248,9682,0.18182842548076922
209982414709433,9681,0.18180964543269232
666046089973622,9681,0.18180964543269232
862968665113088,9681,0.18180964543269232
478276537253062,9680,0.1817908653846154
664907171525342,9680,0.1817908653846154
257552266349101,9678,0.18175330528846154
394326936145488,9677,0.1817345252403846
202193907935057,9675,0.18169696514423078
379799486432692,9675,0.18169696514423078
245767528103457,9672,0.181640625
331356921470105,9671,0.18162184495192307
49902269275942,9669,0.18158428485576922
91079257902388,9668,0.18156550480769232
512120626854993,9667,0.1815467247596154
169825375896436,9666,0.18152794471153846
658554399426630,9665,0.18150916466346154
105536683282190,9664,0.1814903846153846
785750717607694,9663,0.18147160456730768
558685580888223,9662,0.18145282451923078
342590820662999,9659,0.181396484375
291336709709241,9658,0.18137770432692307
406519097536888,9658,0.18137770432692307
662664310590408,9657,0.18135892427884615
9797732724097,9652,0.18126502403846154
826940627934169,9650,0.18122746394230768
912938213236716,9649,0.18120868389423078
758408281463618,9647,0.18117112379807693
91978854597154,9641,0.1810584435096154
890009810797316,9641,0.1810584435096154
818171818200438,9638,0.1810021033653846
736189671079234,9637,0.18098332331730768
401990269978973,9634,0.18092698317307693
557817318168151,9632,0.18088942307692307
902487315598426,9632,0.18088942307692307
333448266276363,9631,0.18087064302884615
624377922179973,9631,0.18087064302884615
541339580569532,9630,0.18085186298076922
831651023364251,9630,0.18085186298076922
836006225473573,9627,0.18079552283653846
191321654273111,9626,0.18077674278846154
317172900983585,9626,0.18077674278846154
135243856990576,9625,0.1807579627403846
694265678555877,9625,0.1807579627403846
732991751803460,9623,0.18072040264423078
916117917467482,9623,0.18072040264423078
7286094787917,9622,0.18070162259615385
548431874933530,9622,0.18070162259615385
660657083300795,9621,0.18068284254807693
607049489363994,9616,0.18058894230769232
856473136210873,9614,0.18055138221153846
519022754742435,9613,0.18053260216346154
560035719343509,9612,0.1805138221153846
199915286182807,9610,0.18047626201923078
595787910116563,9610,0.18047626201923078
850571785932585,9607,0.180419921875
62439270931091,9605,0.18038236177884615
443738249029256,9605,0.18038236177884615
282905601309511,9598,0.18025090144230768
347077451354447,9598,0.18025090144230768
617871783568719,9598,0.18025090144230768
493257074450397,9597,0.18023212139423078
39804498366064,9596,0.18021334134615385
443585780068263,9595,0.18019456129807693
427466697524987,9591,0.18011944110576922
582211389291220,9591,0.18011944110576922
410652873094460,9589,0.1800818810096154
541923862534136,9589,0.1800818810096154
789340672254332,9589,0.1800818810096154
847535410767552,9588,0.18006310096153846
307803935884499,9587,0.18004432091346154
476097849887950,9587,0.18004432091346154
703769061868717,9587,0.18004432091346154
16022098349117,9585,0.18000676081730768
487332974087448,9585,0.18000676081730768
525838944357946,9585,0.18000676081730768
176979182319566,9581,0.179931640625
734220249010611,9576,0.1798377403846154
898565907074172,9574,0.17980018028846154
360935825477592,9573,0.1797814002403846
855787223445794,9570,0.17972506009615385
854561343130587,9569,0.17970628004807693
337345870503161,9567,0.17966871995192307
389459189137985,9564,0.17961237980769232
79511933034470,9563,0.1795935997596154
342764255214362,9561,0.17955603966346154
429045116034432,9561,0.17955603966346154
563267161580151,9561,0.17955603966346154
551603550924827,9556,0.17946213942307693
6660285760636,9555,0.179443359375
42443981596465,9555,0.179443359375
514044919856811,9555,0.179443359375
269133703716995,9554,0.17942457932692307
356703985618424,9554,0.17942457932692307
837068759332159,9553,0.17940579927884615
161348846201501,9551,0.17936823918269232
227963991404131,9551,0.17936823918269232
309145972061737,9551,0.17936823918269232
644741221223875,9551,0.17936823918269232
123389497781105,9549,0.17933067908653846
518409819320795,9549,0.17933067908653846
570634951682622,9549,0.17933067908653846
398905282963731,9548,0.17931189903846154
808333579112571,9548,0.17931189903846154
413680270523969,9547,0.1792931189903846
789688796640259,9547,0.1792931189903846
916883155440242,9546,0.17927433894230768
915897374768103,9545,0.17925555889423078
843221369295539,9544,0.17923677884615385
298799898542562,9543,0.17921799879807693
646905153600606,9540,0.17916165865384615
836041906491827,9540,0.17916165865384615
18422114290364,9539,0.17914287860576922
183384399008926,9539,0.17914287860576922
806358614161795,9539,0.17914287860576922
183821044994506,9535,0.17906775841346154
144513238033834,9534,0.1790489783653846
389867730887869,9534,0.1790489783653846
676481800632824,9530,0.17897385817307693
153382119106564,9528,0.17893629807692307
210149878388830,9528,0.17893629807692307
766943778957449,9526,0.17889873798076922
425388007458381,9525,0.17887995793269232
900028855120814,9525,0.17887995793269232
786933663980139,9524,0.1788611778846154
640097189731955,9523,0.17884239783653846
866369509158726,9523,0.17884239783653846
206063530247519,9522,0.17882361778846154
555934916354885,9522,0.17882361778846154
688486974812393,9521,0.1788048377403846
103514488550430,9520,0.17878605769230768
222322173166558,9519,0.17876727764423078
390849105513430,9519,0.17876727764423078
513574306932874,9519,0.17876727764423078
616596052941018,9519,0.17876727764423078
493438071570822,9516,0.1787109375
874577336728274,9515,0.17869215745192307
575388776433955,9511,0.1786170372596154
120065463617993,9509,0.17857947716346154
615579277928066,9502,0.17844801682692307
324480642436927,9500,0.17841045673076922
569124579387198,9499,0.17839167668269232
582847977988559,9499,0.17839167668269232
232077905144219,9497,0.17835411658653846
81616110767523,9495,0.1783165564903846
490413496215242,9495,0.1783165564903846
496970389324867,9492,0.17826021634615385
25185726909311,9490,0.17822265625
526332288736258,9490,0.17822265625
242721229123315,9489,0.17820387620192307
324239865947793,9489,0.17820387620192307
242532321597503,9487,0.17816631610576922
819739264752980,9487,0.17816631610576922
522050996739483,9482,0.1780724158653846
786593279568503,9482,0.1780724158653846
912012390204750,9482,0.1780724158653846
373978544467801,9477,0.177978515625
441037496733416,9477,0.177978515625
399087171976183,9476,0.17795973557692307
695137553221342,9476,0.17795973557692307
93642439637991,9475,0.17794095552884615
691228489163445,9475,0.17794095552884615
893513062582869,9475,0.17794095552884615
746417257648128,9473,0.17790339543269232
155241413999681,9471,0.17786583533653846
293007512097583,9471,0.17786583533653846
488576538751133,9470,0.17784705528846154
821739807097611,9470,0.17784705528846154
270639335426623,9469,0.1778282752403846
607714767495665,9466,0.17777193509615385
889042491834406,9466,0.17777193509615385
227372569615187,9465,0.17775315504807693
860677005623987,9464,0.177734375
809868001410012,9462,0.17769681490384615
811886649796953,9462,0.17769681490384615
754300533074091,9460,0.17765925480769232
173029347988190,9458,0.17762169471153846
28426739170885,9456,0.1775841346153846
508253585182170,9454,0.17754657451923078
535379626584927,9453,0.17752779447115385
401559506544700,9452,0.17750901442307693
690005008334218,9452,0.17750901442307693
192800075053795,9451,0.177490234375
641711626636004,9451,0.177490234375
776943211074529,9450,0.17747145432692307
206484679845745,9449,0.17745267427884615
585422440115245,9449,0.17745267427884615
690727871422699,9449,0.17745267427884615
294998828059157,9446,0.1773963341346154
364799086256091,9446,0.1773963341346154
260114034630817,9445,0.17737755408653846
679868945327083,9445,0.17737755408653846
637551180835275,9443,0.1773399939903846
206505560075777,9442,0.17732121394230768
125858530616450,9440,0.17728365384615385
411431512549244,9439,0.17726487379807693
633076408571204,9438,0.17724609375
31400986903968,9437,0.17722731370192307
853707896996185,9435,0.17718975360576922
397323581278686,9432,0.17713341346153846
402029877167709,9431,0.17711463341346154
820891365899581,9431,0.17711463341346154
701428458441567,9430,0.1770958533653846
740536476419862,9427,0.17703951322115385
538858771179314,9426,0.17702073317307693
794083158137911,9426,0.17702073317307693
499764512819110,9424,0.17698317307692307
837799832218745,9424,0.17698317307692307
330258052901861,9423,0.17696439302884615
684440745327291,9420,0.1769080528846154
849115805365253,9419,0.17688927283653846
861895626167082,9419,0.17688927283653846
14347590413096,9418,0.17687049278846154
714446981704279,9418,0.17687049278846154
556907103515373,9415,0.17681415264423078
660359364932725,9415,0.17681415264423078
129971089034979,9411,0.17673903245192307
653459127452414,9411,0.17673903245192307
205929185548667,9409,0.17670147235576922
279327392185672,9408,0.17668269230769232
462474169935089,9408,0.17668269230769232
645401822321814,9408,0.17668269230769232
659422769232288,9408,0.17668269230769232
217534799357139,9407,0.1766639122596154
597920759798619,9406,0.17664513221153846
704373473201451,9406,0.17664513221153846
111261091728374,9403,0.17658879206730768
404393038377550,9402,0.17657001201923078
97919312189884,9401,0.17655123197115385
816678966796264,9401,0.17655123197115385
136835807652834,9397,0.17647611177884615
471664445083314,9397,0.17647611177884615
900315515067593,9394,0.1764197716346154
127436653365510,9391,0.1763634314903846
271617223767324,9389,0.17632587139423078
502027744425291,9386,0.17626953125
48860210203259,9384,0.17623197115384615
551453753454321,9381,0.1761756310096154
180521313087688,9379,0.17613807091346154
808794676774052,9379,0.17613807091346154
62701367779178,9378,0.1761192908653846
373688429310661,9378,0.1761192908653846
389216125284956,9377,0.17610051081730768
87638974433188,9376,0.17608173076923078
54762866922467,9375,0.17606295072115385
355904992113395,9375,0.17606295072115385
661967449306836,9373,0.176025390625
909603362358293,9373,0.176025390625
410343557886193,9372,0.17600661057692307
612105576363000,9369,0.17595027043269232
19070343398138,9368,0.1759314903846154
473062355918068,9368,0.1759314903846154
410224802696837,9367,0.17591271033653846
615067939730417,9367,0.17591271033653846
161990298711663,9366,0.17589393028846154
271108285740491,9364,0.17585637019230768
907492298865668,9364,0.17585637019230768
487174652739036,9363,0.17583759014423078
861672307092105,9362,0.17581881009615385
68259011165253,9360,0.17578125
641791728422697,9359,0.17576246995192307
788577018255334,9359,0.17576246995192307
324133370719109,9357,0.17572490985576922
325477712940574,9356,0.17570612980769232
762300584561939,9356,0.17570612980769232
828576991269101,9356,0.17570612980769232
671604520688981,9355,0.1756873497596154
128643584395496,9354,0.17566856971153846
596152649199318,9354,0.17566856971153846
886161819549650,9354,0.17566856971153846
59961775718291,9350,0.17559344951923078
503563686821730,9350,0.17559344951923078
130760877085268,9348,0.17555588942307693
563584113528602,9345,0.17549954927884615
627008802733958,9345,0.17549954927884615
795818652820860,9345,0.17549954927884615
68330551636795,9344,0.17548076923076922
903314442035572,9340,0.17540564903846154
217723667928332,9339,0.1753868689903846
80099965341810,9335,0.17531174879807693
240448060191806,9334,0.17529296875
527967639841791,9332,0.17525540865384615
582896618403110,9332,0.17525540865384615
892175038430932,9332,0.17525540865384615
426895777406914,9331,0.17523662860576922
28429286957097,9330,0.17521784855769232
463905217154688,9330,0.17521784855769232
7948983894517,9327,0.17516150841346154
707347905890568,9327,0.17516150841346154
155462648219042,9324,0.17510516826923078
573868347253301,9324,0.17510516826923078
152618138028560,9318,0.17499248798076922
623997413513482,9317,0.17497370793269232
835576062518647,9317,0.17497370793269232
128406505819973,9315,0.17493614783653846
476105703421539,9314,0.17491736778846154
448140467816402,9311,0.17486102764423078
456619910763735,9311,0.17486102764423078
523892715779210,9311,0.17486102764423078
856582036158627,9311,0.17486102764423078
56822602261875,9310,0.17484224759615385
197259747415924,9310,0.17484224759615385
530384784583861,9306,0.17476712740384615
557989378499144,9305,0.17474834735576922
244545781152188,9302,0.17469200721153846
569815288503945,9302,0.17469200721153846
50513185549871,9301,0.17467322716346154
529684287086944,9301,0.17467322716346154
588468738897050,9300,0.1746544471153846
136056212712030,9299,0.17463566706730768
348999866520068,9299,0.17463566706730768
414023960715710,9298,0.17461688701923078
642407905510296,9298,0.17461688701923078
103110513578576,9297,0.17459810697115385
352585353871914,9297,0.17459810697115385
590988476101416,9297,0.17459810697115385
545306070949730,9295,0.174560546875
127220736269205,9294,0.17454176682692307
136161464065037,9293,0.17452298677884615
757921313192573,9293,0.17452298677884615
675209560006422,9291,0.17448542668269232
675583805393278,9291,0.17448542668269232
676037675149215,9291,0.17448542668269232
576010514968702,9290,0.1744666466346154
661840661199189,9290,0.1744666466346154
288163090619571,9289,0.17444786658653846
695533170911492,9287,0.1744103064903846
716746825172097,9287,0.1744103064903846
29040788470791,9286,0.17439152644230768
352638380617315,9286,0.17439152644230768
791195030603357,9286,0.17439152644230768
334718349154990,9284,0.17435396634615385
836832367937035,9284,0.17435396634615385
290073484349009,9283,0.17433518629807693
897861841108806,9282,0.17431640625
577196330070552,9280,0.17427884615384615
916010238461168,9280,0.17427884615384615
419477520518196,9279,0.17426006610576922
553963424311682,9278,0.17424128605769232
648784598588102,9278,0.17424128605769232
727381882840909,9278,0.17424128605769232
701527417814461,9277,0.1742225060096154
471942531421382,9276,0.17420372596153846
608263720225542,9276,0.17420372596153846
776648976314328,9276,0.17420372596153846
889379630485063,9276,0.17420372596153846
567896418374492,9275,0.17418494591346154
427181895890705,9273,0.17414738581730768
724196957347440,9272,0.17412860576923078
170455124612872,9271,0.17410982572115385
894586095683214,9271,0.17410982572115385
177537611234699,9270,0.17409104567307693
311683740110150,9268,0.17405348557692307
102688617371155,9267,0.17403470552884615
385594299106287,9267,0.17403470552884615
424954582376378,9267,0.17403470552884615
175672232333243,9265,0.17399714543269232
737274877436634,9265,0.17399714543269232
183065004126096,9262,0.17394080528846154
475750623824787,9262,0.17394080528846154
575485086797146,9255,0.17380934495192307
227982749077590,9253,0.17377178485576922
549614987362848,9250,0.17371544471153846
109371582399978,9248,0.1736778846153846
768884355335866,9247,0.17365910456730768
121097190380158,9245,0.17362154447115385
359219597672110,9243,0.173583984375
681369280328694,9243,0.173583984375
303248013519144,9241,0.17354642427884615
489845810524213,9241,0.17354642427884615
669024973823099,9239,0.17350886418269232
42467930598200,9236,0.17345252403846154
910804987413796,9236,0.17345252403846154
45160219768023,9235,0.1734337439903846
636955482521953,9233,0.17339618389423078
478118658301172,9232,0.17337740384615385
35855199266134,9231,0.17335862379807693
384596164504530,9231,0.17335862379807693
833557466825113,9228,0.17330228365384615
410125705083192,9227,0.17328350360576922
90395335934158,9226,0.17326472355769232
675972194369710,9226,0.17326472355769232
143474229298474,9224,0.17322716346153846
667069214289801,9224,0.17322716346153846
411755412350162,9223,0.17320838341346154
492282627629730,9223,0.17320838341346154
752643022654151,9223,0.17320838341346154
307052134399007,9222,0.1731896033653846
495210844239651,9219,0.17313326322115385
199078695396293,9218,0.17311448317307693
742219902081071,9216,0.17307692307692307
759996152474874,9216,0.17307692307692307
723907445177691,9215,0.17305814302884615
655410079667644,9213,0.17302058293269232
209588846309377,9210,0.17296424278846154
650687159176427,9210,0.17296424278846154
849271864153750,9210,0.17296424278846154
792708626687841,9209,0.1729454627403846
907801294429608,9209,0.1729454627403846
166992622542013,9207,0.17290790264423078
373336435381696,9207,0.17290790264423078
261314458636663,9206,0.17288912259615385
850818922557358,9206,0.17288912259615385
369314991805047,9205,0.17287034254807693
661901053912415,9205,0.17287034254807693
70419185217642,9204,0.1728515625
443704360506358,9204,0.1728515625
361290524155978,9202,0.17281400240384615
40177782756854,9201,0.17279522235576922
195797163003826,9200,0.17277644230769232
451818484883089,9200,0.17277644230769232
502658784379736,9200,0.17277644230769232
50202159093488,9196,0.1727013221153846
252451372303720,9188,0.17255108173076922
384555792123304,9188,0.17255108173076922
900367262751119,9188,0.17255108173076922
47236633278010,9187,0.17253230168269232
405367154691750,9187,0.17253230168269232
507394628398153,9187,0.17253230168269232
719285095446458,9186,0.1725135216346154
879449442357263,9186,0.1725135216346154
584628914542887,9185,0.17249474158653846
395390844155667,9182,0.17243840144230768
755297392747434,9180,0.17240084134615385
39645315536486,9179,0.17238206129807693
296422246775002,9177,0.17234450120192307
795443687659143,9177,0.17234450120192307
652749649139105,9176,0.17232572115384615
799357322461809,9175,0.17230694110576922
138667658333822,9173,0.1722693810096154
269155863443432,9172,0.17225060096153846
822435460687111,9169,0.17219426081730768
857309465461281,9169,0.17219426081730768
190272889032281,9168,0.17217548076923078
575255490205223,9168,0.17217548076923078
892302892601666,9167,0.17215670072115385
557525046517971,9166,0.17213792067307693
780525696808941,9163,0.17208158052884615
536384692942990,9162,0.17206280048076922
809858361659862,9162,0.17206280048076922
115391558162673,9158,0.17198768028846154
752002809049633,9158,0.17198768028846154
480673534537869,9157,0.1719689002403846
790938642184775,9157,0.1719689002403846
584840580528887,9155,0.17193134014423078
294684946220261,9154,0.17191256009615385
349849309405811,9154,0.17191256009615385
199049313848965,9152,0.171875
886779914356561,9152,0.171875
42744695596070,9151,0.17185621995192307
619293843762658,9151,0.17185621995192307
796451414153823,9149,0.17181865985576922
818219537534440,9147,0.1717810997596154
871316751805073,9146,0.17176231971153846
331194921439061,9145,0.17174353966346154
406356229488927,9145,0.17174353966346154
560454112949134,9145,0.17174353966346154
351792682326985,9143,0.17170597956730768
467802016156273,9142,0.17168719951923078
576429185331866,9142,0.17168719951923078
520154336703441,9141,0.17166841947115385
777167292788979,9141,0.17166841947115385
484068626075496,9140,0.17164963942307693
497376992950059,9139,0.171630859375
899870911803992,9138,0.17161207932692307
353637474869475,9136,0.17157451923076922
430576404773177,9134,0.1715369591346154
387723057689298,9133,0.17151817908653846
79394595073569,9132,0.17149939903846154
299504123903781,9131,0.1714806189903846
636742707317403,9131,0.1714806189903846
170720360923447,9129,0.17144305889423078
910794552414137,9129,0.17144305889423078
539114389347202,9127,0.17140549879807693
712648818410205,9127,0.17140549879807693
867620491537882,9126,0.17138671875
84602831208676,9122,0.17131159855769232
718292760338094,9122,0.17131159855769232
161657255543311,9121,0.1712928185096154
345567650546130,9121,0.1712928185096154
549019619607978,9121,0.1712928185096154
876233225707299,9121,0.1712928185096154
150638139563225,9120,0.17127403846153846
313287290942646,9120,0.17127403846153846
404314921877092,9116,0.17119891826923078
44959660340247,9115,0.17118013822115385
571534481210208,9115,0.17118013822115385
758294281913161,9115,0.17118013822115385
534309045898257,9114,0.17116135817307693
811387634491260,9113,0.171142578125
607518275965249,9111,0.17110501802884615
842669166021986,9110,0.17108623798076922
121756601097144,9106,0.17101111778846154
158636184067254,9106,0.17101111778846154
236176270727330,9104,0.17097355769230768
513337047566272,9104,0.17097355769230768
831232918401190,9100,0.1708984375
286094543341556,9098,0.17086087740384615
597180723304861,9098,0.17086087740384615
618599123697225,9098,0.17086087740384615
153233646186041,9097,0.17084209735576922
565119465955208,9095,0.1708045372596154
72034196756021,9093,0.17076697716346154
660861031530794,9090,0.17071063701923078
748570353706523,9090,0.17071063701923078
288616079295244,9089,0.17069185697115385
524162578410732,9089,0.17069185697115385
589039209618361,9088,0.17067307692307693
723515910041914,9088,0.17067307692307693
835217428181938,9087,0.170654296875
511015379072461,9086,0.17063551682692307
446017635169591,9084,0.17059795673076922
450880002115652,9084,0.17059795673076922
527897718960585,9084,0.17059795673076922
169919547861285,9079,0.1705040564903846
191526683993747,9079,0.1705040564903846
300525871348483,9078,0.17048527644230768
82215207623330,9077,0.17046649639423078
274681668912848,9076,0.17044771634615385
397277117596032,9076,0.17044771634615385
106430882220907,9073,0.17039137620192307
867323649250365,9073,0.17039137620192307
785747415939696,9072,0.17037259615384615
367195404000052,9069,0.1703162560096154
908831641065021,9068,0.17029747596153846
172744854988069,9067,0.17027869591346154
600448679862965,9067,0.17027869591346154
558147575554627,9066,0.1702599158653846
87718053015694,9065,0.17024113581730768
1225446085578,9062,0.17018479567307693
756109311430413,9062,0.17018479567307693
443907444656260,9058,0.17010967548076922
311995431792475,9056,0.1700721153846154
369413543589381,9056,0.1700721153846154
864923684745691,9056,0.1700721153846154
69235438551910,9052,0.16999699519230768
290843639833365,9051,0.16997821514423078
879209341096787,9051,0.16997821514423078
105096972499006,9050,0.16995943509615385
43397429866533,9048,0.169921875
192530720646796,9048,0.169921875
417477690346415,9048,0.169921875
460561584504587,9048,0.169921875
627547366608576,9046,0.16988431490384615
647733822452813,9044,0.16984675480769232
491537465345248,9042,0.16980919471153846
651749536258425,9039,0.16975285456730768
489448026876094,9038,0.16973407451923078
717873216270481,9037,0.16971529447115385
763682197713806,9037,0.16971529447115385
105165523481881,9036,0.16969651442307693
371606673096134,9036,0.16969651442307693
405261906838289,9036,0.16969651442307693
787477492330077,9036,0.16969651442307693
589587488509122,9035,0.169677734375
844009904875573,9035,0.169677734375
10365329621948,9033,0.16964017427884615
126313990384633,9032,0.16962139423076922
832402871406765,9032,0.16962139423076922
840160148066075,9032,0.16962139423076922
119016052752249,9031,0.16960261418269232
788760239045585,9031,0.16960261418269232
14291201687896,9027,0.1695274939903846
545054432877655,9027,0.1695274939903846
747741781268399,9027,0.1695274939903846
362644689669298,9025,0.16948993389423078
54214033962966,9024,0.16947115384615385
66026786229257,9023,0.16945237379807693
670823512228286,9022,0.16943359375
142552991959500,9019,0.16937725360576922
915797221952476,9014,0.1692833533653846
283379341581737,9013,0.16926457331730768
295671947023384,9013,0.16926457331730768
309010380673519,9013,0.16926457331730768
221377666717169,9012,0.16924579326923078
813847818942584,9011,0.16922701322115385
853670204518643,9008,0.16917067307692307
384609364177331,9007,0.16915189302884615
610695223885971,9007,0.16915189302884615
78143487893072,9002,0.16905799278846154
509455222605402,9001,0.1690392127403846
763451701855651,9001,0.1690392127403846
366937556046365,8999,0.16900165264423078
793072398089309,8999,0.16900165264423078
600305010841240,8997,0.16896409254807693
707831445531477,8997,0.16896409254807693
122798037246261,8994,0.16890775240384615
781717312559460,8994,0.16890775240384615
920315258127032,8994,0.16890775240384615
217305013996906,8993,0.16888897235576922
569087676057988,8993,0.16888897235576922
73602048382216,8990,0.16883263221153846
145107440252641,8990,0.16883263221153846
176184704949438,8990,0.16883263221153846
479582275704637,8987,0.16877629206730768
262930991540711,8985,0.16873873197115385
746449778466886,8985,0.16873873197115385
807616411259121,8984,0.16871995192307693
66109440223646,8983,0.168701171875
836278587951193,8983,0.168701171875
796677314164203,8982,0.16868239182692307
586261039085638,8980,0.16864483173076922
738712188167097,8979,0.16862605168269232
95854271816629,8978,0.1686072716346154
374180844919941,8978,0.1686072716346154
517248319686288,8978,0.1686072716346154
610248636181472,8978,0.1686072716346154
915293578639331,8978,0.1686072716346154
605288548904930,8977,0.16858849158653846
605061592709382,8975,0.1685509314903846
255990929240869,8973,0.16851337139423078
622883044539651,8971,0.16847581129807693
735268908409604,8971,0.16847581129807693
94944660339559,8969,0.16843825120192307
878428750953095,8968,0.16841947115384615
791269961474559,8963,0.16832557091346154
111687774777574,8960,0.16826923076923078
754917093853484,8960,0.16826923076923078
779670135505651,8959,0.16825045072115385
277899902754924,8958,0.16823167067307693
582967075726103,8957,0.168212890625
308204437938510,8956,0.16819411057692307
352753352326620,8956,0.16819411057692307
806458351684031,8956,0.16819411057692307
71513422724625,8954,0.16815655048076922
231265148422846,8954,0.16815655048076922
248764675278037,8954,0.16815655048076922
268614786886036,8954,0.16815655048076922
855533071449053,8953,0.16813777043269232
132971754471067,8951,0.16810021033653846
634226210554216,8950,0.16808143028846154
401790823504952,8948,0.16804387019230768
495710055875222,8947,0.16802509014423078
688761891914685,8946,0.16800631009615385
17694241126318,8945,0.16798753004807693
53620981393198,8942,0.16793118990384615
354162620485688,8942,0.16793118990384615
197706322460071,8941,0.16791240985576922
22623320065256,8940,0.16789362980769232
298819831476030,8939,0.1678748497596154
473263645357540,8939,0.1678748497596154
698822426103131,8939,0.1678748497596154
194649384851182,8937,0.16783728966346154
447853538456560,8937,0.16783728966346154
915815178128824,8937,0.16783728966346154
106380404819600,8936,0.1678185096153846
135745899297286,8936,0.1678185096153846
383634046091668,8936,0.1678185096153846
12681452084097,8935,0.16779972956730768
418865129278597,8934,0.16778094951923078
700054654385652,8934,0.16778094951923078
787013819064773,8933,0.16776216947115385
834013602321905,8933,0.16776216947115385
173313193550287,8931,0.167724609375
363609906422035,8929,0.16768704927884615
389451476014189,8929,0.16768704927884615
577096826483336,8929,0.16768704927884615
776151126732722,8929,0.16768704927884615
66615906090615,8928,0.16766826923076922
568745791629479,8928,0.16766826923076922
872745764065992,8928,0.16766826923076922
133275226894373,8927,0.16764948918269232
10642866968596,8926,0.1676307091346154
633951777857195,8924,0.16759314903846154
881984067933505,8924,0.16759314903846154
119231126406089,8923,0.1675743689903846
687646135028180,8923,0.1675743689903846
682306487296272,8921,0.16753680889423078
322003988489515,8920,0.16751802884615385
636098198478021,8920,0.16751802884615385
74291801367988,8919,0.16749924879807693
30001395245912,8916,0.16744290865384615
885952610940867,8916,0.16744290865384615
833318008845657,8915,0.16742412860576922
39640724960165,8913,0.1673865685096154
344245713351282,8913,0.1673865685096154
645430404923825,8913,0.1673865685096154
34025837898906,8912,0.16736778846153846
512871199721108,8912,0.16736778846153846
423662208436889,8911,0.16734900841346154
262335620459824,8910,0.1673302283653846
623344405345936,8909,0.16731144831730768
569051226553846,8907,0.16727388822115385
804907183187582,8906,0.16725510817307693
201546050064800,8905,0.167236328125
646353726409629,8903,0.16719876802884615
675543734955399,8903,0.16719876802884615
682869651648330,8901,0.16716120793269232
795055781727895,8901,0.16716120793269232
88218178362778,8900,0.1671424278846154
260830212190836,8900,0.1671424278846154
336725282255064,8900,0.1671424278846154
93777424150572,8899,0.16712364783653846
211511380635006,8896,0.16706730769230768
338934005720427,8895,0.16704852764423078
798974628285770,8895,0.16704852764423078
159689530269455,8894,0.16702974759615385
326088191113069,8894,0.16702974759615385
122265116865978,8893,0.16701096754807693
324935488706923,8893,0.16701096754807693
538663897588094,8893,0.16701096754807693
679845760712806,8893,0.16701096754807693
22301167217149,8892,0.1669921875
767154710090380,8891,0.16697340745192307
868371740349909,8891,0.16697340745192307
215960006444414,8889,0.16693584735576922
669365552640482,8889,0.16693584735576922
676936207718478,8888,0.16691706730769232
595572100834583,8886,0.16687950721153846
12969705654044,8885,0.16686072716346154
608037619149277,8884,0.1668419471153846
245716138295448,8883,0.16682316706730768
751228741304403,8882,0.16680438701923078
41182233110709,8881,0.16678560697115385
213167055215168,8880,0.16676682692307693
615923954954750,8880,0.16676682692307693
660261082320691,8880,0.16676682692307693
627525054862927,8879,0.166748046875
212216351674379,8878,0.16672926682692307
716704350631218,8878,0.16672926682692307
886984425268242,8877,0.16671048677884615
485988590310110,8876,0.16669170673076922
703527367602245,8874,0.1666541466346154
706429019823010,8872,0.16661658653846154
913073884928136,8872,0.16661658653846154
639253863085196,8871,0.1665978064903846
124622241537043,8870,0.16657902644230768
398688111108121,8869,0.16656024639423078
242977343004380,8868,0.16654146634615385
448332390405434,8867,0.16652268629807693
92437788137795,8866,0.16650390625
784429684037113,8865,0.16648512620192307
231625320684868,8864,0.16646634615384615
275197155842531,8864,0.16646634615384615
605374888593108,8863,0.16644756610576922
592103869910284,8862,0.16642878605769232
806208047611615,8862,0.16642878605769232
579944790573855,8859,0.16637244591346154
585253956737357,8859,0.16637244591346154
661332846565850,8859,0.16637244591346154
715237440293170,8855,0.16629732572115385
198016000969835,8854,0.16627854567307693
287204576160465,8854,0.16627854567307693
286076932164024,8853,0.166259765625
456297657955639,8853,0.166259765625
486395209077521,8853,0.166259765625
471497067637092,8852,0.16624098557692307
156100859516629,8848,0.1661658653846154
59489239086435,8846,0.16612830528846154
221706456616347,8846,0.16612830528846154
9095879834679,8845,0.1661095252403846
390526485281571,8845,0.1661095252403846
611456883946016,8844,0.16609074519230768
692212198233698,8840,0.166015625
358775620276323,8837,0.16595928485576922
490521233576393,8837,0.16595928485576922
604016125928146,8835,0.1659217247596154
898060639278003,8835,0.1659217247596154
438551963108602,8832,0.1658653846153846
443478001009752,8832,0.1658653846153846
13928798446551,8831,0.16584660456730768
284139930740926,8831,0.16584660456730768
571646305276616,8831,0.16584660456730768
433985173139702,8830,0.16582782451923078
725768347420305,8830,0.16582782451923078
386618769919208,8828,0.16579026442307693
537936996067226,8828,0.16579026442307693
878922424046893,8827,0.165771484375
126854004448353,8826,0.16575270432692307
216238124165856,8826,0.16575270432692307
854485425152144,8825,0.16573392427884615
592785328069212,8823,0.16569636418269232
849845149269973,8821,0.16565880408653846
12806208496653,8820,0.16564002403846154
737544893698523,8819,0.1656212439903846
636552518724319,8814,0.16552734375
217244311491152,8812,0.16548978365384615
147586761466785,8811,0.16547100360576922
584379828932193,8810,0.16545222355769232
903411699320161,8809,0.1654334435096154
606547978127889,8808,0.16541466346153846
694292167431030,8808,0.16541466346153846
909943875531928,8808,0.16541466346153846
88929337978663,8807,0.16539588341346154
411536174235245,8807,0.16539588341346154
653401545455166,8806,0.1653771033653846
12067685715229,8805,0.16535832331730768
763234849526021,8804,0.16533954326923078
798708942860916,8802,0.16530198317307693
21651124113257,8801,0.165283203125
692972721768413,8801,0.165283203125
772316485780783,8801,0.165283203125
373508086991371,8800,0.16526442307692307
900762900381719,8799,0.16524564302884615
826848100354820,8798,0.16522686298076922
62154248590317,8797,0.16520808293269232
319178338208095,8797,0.16520808293269232
715101061619756,8797,0.16520808293269232
315943722415055,8794,0.16515174278846154
607160565948790,8793,0.1651329627403846
41861192917156,8792,0.16511418269230768
306236269726808,8792,0.16511418269230768
752314584090591,8792,0.16511418269230768
895218331984681,8791,0.16509540264423078
102233247258112,8788,0.1650390625
687535259259273,8788,0.1650390625
606335376607818,8787,0.16502028245192307
570598900428436,8786,0.16500150240384615
580966435297536,8786,0.16500150240384615
185385120992362,8785,0.16498272235576922
253466523659588,8782,0.16492638221153846
597643878434926,8781,0.16490760216346154
472810288982394,8780,0.1648888221153846
729368559102461,8780,0.1648888221153846
24981978434677,8779,0.16487004206730768
149784345147200,8779,0.16487004206730768
713577258572438,8779,0.16487004206730768
537838439446534,8778,0.16485126201923078
573272749502335,8778,0.16485126201923078
34592586840449,8775,0.164794921875
554834371435450,8775,0.164794921875
104540560615659,8774,0.16477614182692307
345137183824360,8774,0.16477614182692307
751299321463161,8774,0.16477614182692307
908311835656747,8773,0.16475736177884615
458515391871032,8771,0.16471980168269232
647080758243723,8771,0.16471980168269232
905799161390827,8771,0.16471980168269232
568968775969408,8770,0.1647010216346154
721617052723218,8769,0.16468224158653846
397821336250217,8768,0.16466346153846154
585576905463402,8768,0.16466346153846154
847521565048394,8768,0.16466346153846154
739477668973371,8765,0.16460712139423078
219835937739103,8764,0.16458834134615385
501665719794969,8763,0.16456956129807693
839574422152022,8762,0.16455078125
537863998785454,8761,0.16453200120192307
692330980621361,8761,0.16453200120192307
176777811496031,8759,0.16449444110576922
712329220872739,8758,0.16447566105769232
559454344333315,8757,0.1644568810096154
898727711640805,8757,0.1644568810096154
62941653114652,8756,0.16443810096153846
884310301395329,8756,0.16443810096153846
490354391460743,8755,0.16441932091346154
69229370547961,8754,0.1644005408653846
337458067216487,8754,0.1644005408653846
479658430408088,8754,0.1644005408653846
640298132336115,8754,0.1644005408653846
289096742976311,8752,0.16436298076923078
365816098676254,8751,0.16434420072115385
559430217083663,8750,0.16432542067307693
652417572941260,8750,0.16432542067307693
25648298071884,8749,0.164306640625
50990295712718,8748,0.16428786057692307
87462679866800,8748,0.16428786057692307
464858262373930,8747,0.16426908052884615
503290336502333,8746,0.16425030048076922
3400975552465,8745,0.16423152043269232
322138854230876,8744,0.1642127403846154
442825399918366,8744,0.1642127403846154
174869053524490,8742,0.16417518028846154
474209330017724,8742,0.16417518028846154
522822019925321,8740,0.16413762019230768
685789488103534,8738,0.16410006009615385
785346198419479,8738,0.16410006009615385
298967646943562,8736,0.1640625
304312019875990,8736,0.1640625
427549714430913,8736,0.1640625
272776529286070,8733,0.16400615985576922
146505073866966,8732,0.16398737980769232
582714720857910,8732,0.16398737980769232
111876495291756,8730,0.16394981971153846
686765033102438,8730,0.16394981971153846
50299089605433,8728,0.1639122596153846
202758867852151,8727,0.16389347956730768
256617623965267,8726,0.16387469951923078
398679984447523,8726,0.16387469951923078
50861249548277,8725,0.16385591947115385
637379599693609,8725,0.16385591947115385
387893030590603,8723,0.163818359375
794714710796404,8723,0.163818359375
260220754634043,8721,0.16378079927884615
368944181788983,8720,0.16376201923076922
426355683362663,8720,0.16376201923076922
583941911198376,8720,0.16376201923076922
31282660890935,8719,0.16374323918269232
193914702250088,8719,0.16374323918269232
237612647441113,8719,0.16374323918269232
89039195772172,8717,0.16370567908653846
154535257647805,8716,0.16368689903846154
88649135046954,8715,0.1636681189903846
425732676375736,8715,0.1636681189903846
556839385903595,8715,0.1636681189903846
843787986294701,8715,0.1636681189903846
306296725879451,8714,0.16364933894230768
543316588177738,8714,0.16364933894230768
97818170773926,8713,0.16363055889423078
100559091221673,8713,0.16363055889423078
468414697954460,8713,0.16363055889423078
261029342127260,8712,0.16361177884615385
796481750966256,8710,0.16357421875
39043503092247,8709,0.16355543870192307
509835871467415,8708,0.16353665865384615
263504725141130,8707,0.16351787860576922
305853790606401,8707,0.16351787860576922
552032099564013,8707,0.16351787860576922
782091848784376,8707,0.16351787860576922
50819979238538,8704,0.16346153846153846
512237169479250,8704,0.16346153846153846
562561604802364,8704,0.16346153846153846
725952514670015,8702,0.1634239783653846
14150450688481,8701,0.16340519831730768
116923332143981,8700,0.16338641826923078
80624479148304,8699,0.16336763822115385
794882790040642,8698,0.16334885817307693
811832474782611,8698,0.16334885817307693
373100391977161,8697,0.163330078125
127536577008465,8695,0.16329251802884615
738970143392865,8695,0.16329251802884615
785946871803870,8695,0.16329251802884615
906259399014979,8694,0.16327373798076922
10166651359641,8693,0.16325495793269232
129607906000179,8693,0.16325495793269232
596956378016482,8693,0.16325495793269232
175213228316761,8692,0.1632361778846154
221138242074821,8692,0.1632361778846154
830747515360596,8692,0.1632361778846154
838065462655942,8692,0.1632361778846154
129092557084825,8691,0.16321739783653846
847226460063534,8690,0.16319861778846154
901391528107880,8689,0.1631798377403846
447886543867786,8688,0.16316105769230768
429498633421074,8687,0.16314227764423078
563798243181565,8687,0.16314227764423078
875690655257509,8685,0.16310471754807693
114869879631662,8684,0.1630859375
545971532907683,8683,0.16306715745192307
225696009993155,8682,0.16304837740384615
509570685868928,8680,0.16301081730769232
223887224547553,8679,0.1629920372596154
722068971958664,8679,0.1629920372596154
63182019283516,8675,0.16291691706730768
106196013595387,8674,0.16289813701923078
653546346130760,8673,0.16287935697115385
223691929152224,8671,0.162841796875
762336305863727,8671,0.162841796875
8797244383563,8669,0.16280423677884615
684815467010704,8669,0.16280423677884615
108971954270279,8668,0.16278545673076922
848659103736422,8668,0.16278545673076922
672041270965376,8667,0.16276667668269232
846696992868977,8666,0.1627478966346154
521110097969032,8665,0.16272911658653846
189347306746162,8664,0.16271033653846154
726634403879188,8664,0.16271033653846154
856557440530665,8663,0.1626915564903846
219889429048073,8662,0.16267277644230768
583377567298387,8662,0.16267277644230768
579776653175988,8661,0.16265399639423078
731088486302562,8661,0.16265399639423078
455674498442094,8659,0.16261643629807693
640834555172899,8659,0.16261643629807693
105444103969751,8658,0.16259765625
273918680349063,8658,0.16259765625
900646634167002,8658,0.16259765625
355969504201785,8656,0.16256009615384615
371775821991374,8656,0.16256009615384615
682854357721464,8656,0.16256009615384615
903144862497143,8656,0.16256009615384615
750312288122856,8654,0.16252253605769232
776627270643623,8653,0.1625037560096154
102709779492396,8650,0.1624474158653846
899491379533075,8649,0.16242863581730768
465152378502866,8648,0.16240985576923078
727841398718721,8648,0.16240985576923078
779685314456770,8647,0.16239107572115385
229549923758635,8646,0.16237229567307693
709019869925463,8645,0.162353515625
418882844719042,8644,0.16233473557692307
812238555462160,8644,0.16233473557692307
637721673997040,8643,0.16231595552884615
452229289633973,8640,0.1622596153846154
292451283486197,8639,0.16224083533653846
381182899816884,8639,0.16224083533653846
57356400202316,8636,0.16218449519230768
514579008892533,8636,0.16218449519230768
719520566461707,8636,0.16218449519230768
729194543936129,8636,0.16218449519230768
799208987038111,8635,0.16216571514423078
920539876569737,8634,0.16214693509615385
450218376931921,8633,0.16212815504807693
729598303464731,8632,0.162109375
20317165039672,8631,0.16209059495192307
41940177330779,8629,0.16205303485576922
158760890568091,8627,0.1620154747596154
125939310036103,8626,0.16199669471153846
199587895148665,8622,0.16192157451923078
263267547136828,8622,0.16192157451923078
654977220174333,8622,0.16192157451923078
382721449006789,8621,0.16190279447115385
526844631307739,8621,0.16190279447115385
264299860733322,8620,0.16188401442307693
115788908604665,8619,0.161865234375
151073180962916,8619,0.161865234375
598182850318639,8618,0.16184645432692307
771813201069564,8618,0.16184645432692307
76704216945927,8616,0.16180889423076922
14988435459622,8615,0.16179011418269232
585984408968504,8615,0.16179011418269232
398652782195404,8614,0.1617713341346154
87470348924983,8612,0.16173377403846154
756199639392434,8612,0.16173377403846154
11836706552211,8611,0.1617149939903846
218849275492965,8611,0.1617149939903846
558676384521885,8610,0.16169621394230768
830589751896318,8610,0.16169621394230768
48536693699834,8609,0.16167743389423078
177872097193522,8609,0.16167743389423078
268623825368402,8609,0.16167743389423078
428642698757217,8609,0.16167743389423078
903159856390507,8609,0.16167743389423078
401723104156543,8607,0.16163987379807693
262382550952923,8606,0.16162109375
613102192224064,8606,0.16162109375
411312102452313,8604,0.16158353365384615
629508530368211,8604,0.16158353365384615
95490319681126,8602,0.16154597355769232
171932336227,8601,0.1615271935096154
19669780483068,8601,0.1615271935096154
176102200804026,8601,0.1615271935096154
684340003906582,8601,0.1615271935096154
441551816571597,8599,0.16148963341346154
577424729031619,8599,0.16148963341346154
814222404644283,8599,0.16148963341346154
824396804890766,8599,0.16148963341346154
117496010150713,8598,0.1614708533653846
313449081634062,8597,0.16145207331730768
678324928955422,8597,0.16145207331730768
887053854850441,8597,0.16145207331730768
442295330661141,8596,0.16143329326923078
149990478274083,8595,0.16141451322115385
779737726384382,8595,0.16141451322115385
790141026426401,8595,0.16141451322115385
183143542951454,8594,0.16139573317307693
666397462404733,8593,0.161376953125
333523226131481,8592,0.16135817307692307
439738549212350,8592,0.16135817307692307
716970603978085,8592,0.16135817307692307
831581828123950,8592,0.16135817307692307
331317378663634,8590,0.16132061298076922
392141084300618,8590,0.16132061298076922
611923688100060,8589,0.16130183293269232
701391625271924,8589,0.16130183293269232
729802889912565,8589,0.16130183293269232
637358839621528,8586,0.16124549278846154
507520265905088,8585,0.1612267127403846
666181822716264,8584,0.16120793269230768
316690667041812,8583,0.16118915264423078
698493832200904,8582,0.16117037259615385
920883671269399,8582,0.16117037259615385
146818388454178,8581,0.16115159254807693
530390188391420,8580,0.1611328125
404946877056757,8579,0.16111403245192307
885503193879369,8577,0.16107647235576922
44363900806657,8574,0.16102013221153846
311624940613328,8574,0.16102013221153846
245382927207997,8573,0.16100135216346154
493824300619884,8571,0.16096379206730768
85137026334183,8570,0.16094501201923078
50285939761436,8569,0.16092623197115385
379529150199362,8568,0.16090745192307693
316452730871413,8566,0.16086989182692307
867863174398057,8566,0.16086989182692307
817568717021723,8565,0.16085111177884615
63365491065746,8562,0.1607947716346154
261452018209273,8562,0.1607947716346154
892135486343016,8562,0.1607947716346154
505060040205394,8560,0.16075721153846154
618444057010998,8560,0.16075721153846154
762029573226470,8560,0.16075721153846154
401899912851627,8559,0.1607384314903846
784161617846976,8559,0.1607384314903846
482566273432854,8556,0.16068209134615385
603289189854250,8555,0.16066331129807693
781822138775984,8555,0.16066331129807693
86761008524587,8554,0.16064453125
168637919605217,8554,0.16064453125
487626241011413,8554,0.16064453125
745068234887476,8553,0.16062575120192307
31387452316721,8551,0.16058819110576922
85875083789935,8551,0.16058819110576922
770893456901336,8551,0.16058819110576922
859453751799338,8549,0.1605506310096154
475814104906337,8548,0.16053185096153846
168532384442533,8546,0.1604942908653846
709766304680020,8546,0.1604942908653846
734390820479605,8545,0.16047551081730768
635808416376,8543,0.16043795072115385
619302238670803,8543,0.16043795072115385
246976174629527,8540,0.16038161057692307
688296072728041,8540,0.16038161057692307
851206480428873,8540,0.16038161057692307
853340886525340,8540,0.16038161057692307
73271325232896,8539,0.16036283052884615
882863348990331,8539,0.16036283052884615
341240027267770,8536,0.1603064903846154
523747494670459,8536,0.1603064903846154
681644405889965,8535,0.16028771033653846
907233332503885,8535,0.16028771033653846
76426277943126,8534,0.16026893028846154
324176005094927,8534,0.16026893028846154
441545833671425,8534,0.16026893028846154
852100587213571,8533,0.1602501502403846
160709802847456,8531,0.16021259014423078
273984499338747,8529,0.16017503004807693
890829422024445,8529,0.16017503004807693
436356920543267,8528,0.16015625
673119204885109,8528,0.16015625
708600619523215,8527,0.16013746995192307
107106962192523,8524,0.16008112980769232
900381898442777,8524,0.16008112980769232
190996479928995,8523,0.1600623497596154
348808680524011,8523,0.1600623497596154
873995578499319,8523,0.1600623497596154
45792049095909,8522,0.16004356971153846
705211640698409,8520,0.1600060096153846
725266243606129,8520,0.1600060096153846
877855841784956,8518,0.15996844951923078
213656491588660,8516,0.15993088942307693
340220796519850,8516,0.15993088942307693
515661993365174,8516,0.15993088942307693
31731009699021,8513,0.15987454927884615
750827603813355,8513,0.15987454927884615
129365001163590,8511,0.15983698918269232
157622955225062,8509,0.15979942908653846
856378744385708,8509,0.15979942908653846
198441694744861,8508,0.15978064903846154
396987375367134,8507,0.1597618689903846
761008578810301,8507,0.1597618689903846
885088556282455,8506,0.15974308894230768
703804494475819,8505,0.15972430889423078
525107528773056,8503,0.15968674879807693
534316927490492,8502,0.15966796875
734508950602032,8501,0.15964918870192307
622949864424964,8500,0.15963040865384615
16531258047363,8496,0.15955528846153846
199639299219216,8496,0.15955528846153846
179779408748910,8493,0.15949894831730768
253021577693191,8490,0.15944260817307693
774635422284684,8490,0.15944260817307693
415857076594213,8489,0.159423828125
522999603892401,8489,0.159423828125
179675199304107,8488,0.15940504807692307
112380114829188,8486,0.15936748798076922
704186009671536,8486,0.15936748798076922
205067949129602,8485,0.15934870793269232
862657804915544,8485,0.15934870793269232
246075176592280,8484,0.1593299278846154
277071620592929,8482,0.15929236778846154
421704253396603,8482,0.15929236778846154
130967674800832,8481,0.1592735877403846
395585250143171,8478,0.15921724759615385
545002913182648,8478,0.15921724759615385
712972446369447,8476,0.1591796875
566409286102904,8475,0.15916090745192307
219901515377970,8473,0.15912334735576922
804815058839826,8473,0.15912334735576922
48811205438043,8472,0.15910456730769232
447350788006973,8472,0.15910456730769232
552619652829152,8470,0.15906700721153846
338220195186019,8468,0.1590294471153846
363314637516141,8468,0.1590294471153846
378179398071723,8467,0.15901066706730768
741323297644344,8467,0.15901066706730768
200838602723024,8466,0.15899188701923078
844340184447064,8466,0.15899188701923078
543273898890521,8465,0.15897310697115385
625338300069933,8463,0.158935546875
219835821528789,8462,0.15891676682692307
122600926127680,8461,0.15889798677884615
423491244103780,8461,0.15889798677884615
449232515483749,8461,0.15889798677884615
478543851086695,8461,0.15889798677884615
668504223016884,8459,0.15886042668269232
734058179561186,8459,0.15886042668269232
210390751902886,8458,0.1588416466346154
323534875667901,8457,0.15882286658653846
679419470857653,8457,0.15882286658653846
593994168634011,8456,0.15880408653846154
648194471757059,8455,0.1587853064903846
867077428441277,8454,0.15876652644230768
223061209873639,8453,0.15874774639423078
603677123678449,8453,0.15874774639423078
619271928400155,8453,0.15874774639423078
188788081201753,8452,0.15872896634615385
67625371640119,8451,0.15871018629807693
913262135535724,8451,0.15871018629807693
34116533517525,8450,0.15869140625
246719899968866,8450,0.15869140625
631601987128841,8450,0.15869140625
332225006276066,8449,0.15867262620192307
110107935017992,8448,0.15865384615384615
913522456897574,8447,0.15863506610576922
479993987454556,8446,0.15861628605769232
568906054644250,8444,0.15857872596153846
103410876316095,8443,0.15855994591346154
179363851021567,8443,0.15855994591346154
742794330880413,8443,0.15855994591346154
260930610028493,8442,0.1585411658653846
530533964681692,8441,0.15852238581730768
766119845896512,8441,0.15852238581730768
462414375538378,8439,0.15848482572115385
701051270978673,8439,0.15848482572115385
730762034209032,8439,0.15848482572115385
247626365772350,8438,0.15846604567307693
479874787206744,8438,0.15846604567307693
719142429751961,8437,0.158447265625
800620459805779,8434,0.15839092548076922
487840605476773,8433,0.15837214543269232
581598022954141,8433,0.15837214543269232
151949228228812,8432,0.1583533653846154
596394555535521,8432,0.1583533653846154
135409190398059,8428,0.15827824519230768
253485746579109,8427,0.15825946514423078
676270257364655,8427,0.15825946514423078
175234981584268,8424,0.158203125
454981332794873,8424,0.158203125
476663008624691,8423,0.15818434495192307
485972907690799,8423,0.15818434495192307
508686882561656,8422,0.15816556490384615
31413635025823,8420,0.15812800480769232
650278707083211,8420,0.15812800480769232
812260128603515,8418,0.15809044471153846
495222336045194,8417,0.15807166466346154
671996075391891,8417,0.15807166466346154
901203368676040,8416,0.1580528846153846
350809854580964,8414,0.15801532451923078
887924672392707,8414,0.15801532451923078
879005748037158,8413,0.15799654447115385
752281402214721,8412,0.15797776442307693
632008627622992,8411,0.157958984375
354080212725486,8410,0.15794020432692307
2783058759474,8409,0.15792142427884615
882631743412508,8409,0.15792142427884615
363703798293370,8408,0.15790264423076922
553899829653965,8408,0.15790264423076922
611974534889455,8407,0.15788386418269232
337525120759023,8405,0.15784630408653846
359327270821695,8404,0.15782752403846154
615947779175145,8404,0.15782752403846154
246815111814512,8403,0.1578087439903846
293989075723780,8403,0.1578087439903846
647417033719721,8403,0.1578087439903846
773114026092378,8403,0.1578087439903846
905255154200196,8402,0.15778996394230768
291520908424462,8401,0.15777118389423078
759106582078945,8401,0.15777118389423078
148576987236185,8399,0.15773362379807693
776062268387037,8398,0.15771484375
133388957386173,8397,0.15769606370192307
477218958808009,8397,0.15769606370192307
288238800673697,8396,0.15767728365384615
148430800160303,8395,0.15765850360576922
335377087382819,8394,0.15763972355769232
894086344835268,8393,0.1576209435096154
196133843107696,8391,0.15758338341346154
389502972688320,8391,0.15758338341346154
406464209497992,8391,0.15758338341346154
163243886120589,8390,0.1575646033653846
209102349516132,8390,0.1575646033653846
371625118968616,8390,0.1575646033653846
336722869229079,8389,0.15754582331730768
859652173680577,8389,0.15754582331730768
517453417930437,8386,0.15748948317307693
58194552264511,8384,0.15745192307692307
469491568552370,8384,0.15745192307692307
865504296972067,8384,0.15745192307692307
788979833249724,8383,0.15743314302884615
106259888371363,8382,0.15741436298076922
262079034667438,8382,0.15741436298076922
644114021480134,8382,0.15741436298076922
230137951711547,8381,0.15739558293269232
222743085976583,8380,0.1573768028846154
446427732722410,8380,0.1573768028846154
709097460749842,8380,0.1573768028846154
579329339909465,8379,0.15735802283653846
244381741312400,8378,0.15733924278846154
271870117931071,8378,0.15733924278846154
315260126658894,8375,0.15728290264423078
863538635604712,8375,0.15728290264423078
414810631283982,8371,0.15720778245192307
745340100614972,8371,0.15720778245192307
814066850410454,8371,0.15720778245192307
319877024253557,8369,0.15717022235576922
459068321842746,8369,0.15717022235576922
468273519532092,8367,0.1571326622596154
828866515848566,8367,0.1571326622596154
389599203305973,8366,0.15711388221153846
378152476250515,8364,0.1570763221153846
39230801999661,8363,0.15705754206730768
388861080660545,8363,0.15705754206730768
571234726932515,8363,0.15705754206730768
795961368404488,8362,0.15703876201923078
575736243526009,8361,0.15701998197115385
861936890827280,8361,0.15701998197115385
624524886962394,8360,0.15700120192307693
795011745064853,8360,0.15700120192307693
89421454114257,8358,0.15696364182692307
659657556345843,8358,0.15696364182692307
696815634492294,8358,0.15696364182692307
522103082858642,8357,0.15694486177884615
79213033683261,8356,0.15692608173076922
326201251322792,8355,0.15690730168269232
495818509313604,8354,0.1568885216346154
530430396198261,8353,0.15686974158653846
189145722321598,8352,0.15685096153846154
316397385265556,8351,0.1568321814903846
594102631631126,8351,0.1568321814903846
422295201136246,8350,0.15681340144230768
434418909059366,8349,0.15679462139423078
436944085293769,8349,0.15679462139423078
29196881840023,8348,0.15677584134615385
379331946846361,8346,0.15673828125
805835672506276,8345,0.15671950120192307
816266041714304,8345,0.15671950120192307
909824173387569,8345,0.15671950120192307
345873284737295,8344,0.15670072115384615
920609426175137,8344,0.15670072115384615
47707729331519,8343,0.15668194110576922
920065688326335,8343,0.15668194110576922
225245868778077,8342,0.15666316105769232
245339185671550,8342,0.15666316105769232
582633656734615,8341,0.1566443810096154
722936123172284,8341,0.1566443810096154
910808189825425,8341,0.1566443810096154
690428473334769,8340,0.15662560096153846
160966656125088,8339,0.15660682091346154
407428726825003,8339,0.15660682091346154
571163927726951,8338,0.1565880408653846
893153476376911,8338,0.1565880408653846
404818586226052,8336,0.15655048076923078
542636637986175,8335,0.15653170072115385
699257762150467,8335,0.15653170072115385
165957311448448,8334,0.15651292067307693
676963599101993,8334,0.15651292067307693
608470062046152,8333,0.156494140625
745065239796447,8333,0.156494140625
903063748580320,8332,0.15647536057692307
676162620525533,8330,0.15643780048076922
714338563857573,8329,0.15641902043269232
416001518458044,8327,0.15638146033653846
831137069187100,8327,0.15638146033653846
783618055817449,8326,0.15636268028846154
439670907851188,8325,0.1563439002403846
621487255370849,8325,0.1563439002403846
143620338453194,8324,0.15632512019230768
627221969983908,8323,0.15630634014423078
51883892833692,8322,0.15628756009615385
497769146322039,8322,0.15628756009615385
881044915137501,8322,0.15628756009615385
349052485853959,8320,0.15625
768100399935665,8320,0.15625
173895647018693,8319,0.15623121995192307
516156225321321,8318,0.15621243990384615
328275848420529,8317,0.15619365985576922
879048318761713,8317,0.15619365985576922
299451828587881,8316,0.15617487980769232
290459978720716,8315,0.1561560997596154
804663600195076,8314,0.15613731971153846
414125851610699,8312,0.1560997596153846
839424885414240,8312,0.1560997596153846
444118512052609,8311,0.15608097956730768
33346027847623,8310,0.15606219951923078
435712118145367,8310,0.15606219951923078
762691641631885,8309,0.15604341947115385
206655394854141,8308,0.15602463942307693
666029073158825,8308,0.15602463942307693
103022165856903,8307,0.156005859375
744770175392699,8307,0.156005859375
893645234464689,8305,0.15596829927884615
7005190290070,8303,0.15593073918269232
339322760949419,8303,0.15593073918269232
882554505153379,8303,0.15593073918269232
652747812950889,8302,0.1559119591346154
801645883965317,8302,0.1559119591346154
357466289477304,8301,0.15589317908653846
615933902961635,8301,0.15589317908653846
285981328932140,8300,0.15587439903846154
445621647783656,8300,0.15587439903846154
496577150750964,8299,0.1558556189903846
509048250214109,8296,0.15579927884615385
52525110340182,8295,0.15578049879807693
621168996241071,8295,0.15578049879807693
139967320708046,8294,0.15576171875
501842250514321,8294,0.15576171875
719964902480094,8294,0.15576171875
610523492152552,8293,0.15574293870192307
379328235508157,8292,0.15572415865384615
738762125605452,8291,0.15570537860576922
881172840238016,8291,0.15570537860576922
95835324552563,8290,0.15568659855769232
526167610259611,8290,0.15568659855769232
614277242574175,8290,0.15568659855769232
634764790210640,8288,0.15564903846153846
216601183324008,8287,0.15563025841346154
80882122496948,8285,0.15559269831730768
102237194176641,8285,0.15559269831730768
164260257451467,8284,0.15557391826923078
681841407922036,8284,0.15557391826923078
854628122066814,8284,0.15557391826923078
198429486922287,8283,0.15555513822115385
300358367691240,8283,0.15555513822115385
644332751834742,8281,0.155517578125
778351392921945,8281,0.155517578125
844583920957266,8281,0.155517578125
908313852653771,8281,0.155517578125
746918217211492,8280,0.15549879807692307
542789714937257,8278,0.15546123798076922
690183778370708,8277,0.15544245793269232
79342506720859,8276,0.1554236778846154
143693431127480,8276,0.1554236778846154
154375782344385,8275,0.15540489783653846
675891329965116,8275,0.15540489783653846
242463478668096,8274,0.15538611778846154
709770848055630,8274,0.15538611778846154
394400775590706,8272,0.15534855769230768
857378654891482,8272,0.15534855769230768
132381835005448,8271,0.15532977764423078
525576523051196,8271,0.15532977764423078
734522038411482,8271,0.15532977764423078
611107478903513,8270,0.15531099759615385
790772694168193,8269,0.15529221754807693
746528489602291,8266,0.15523587740384615
909780499076836,8265,0.15521709735576922
575430866782210,8264,0.15519831730769232
651368312510480,8264,0.15519831730769232
879549089088984,8264,0.15519831730769232
67025698622496,8262,0.15516075721153846
656057385318287,8262,0.15516075721153846
98943106541042,8261,0.15514197716346154
402211885589859,8261,0.15514197716346154
509838708338446,8261,0.15514197716346154
577750511691560,8261,0.15514197716346154
455680052419548,8259,0.15510441706730768
761549863554540,8259,0.15510441706730768
533474299501736,8258,0.15508563701923078
695669069537525,8258,0.15508563701923078
404557345649834,8257,0.15506685697115385
308140964785213,8256,0.15504807692307693
426891333952662,8256,0.15504807692307693
38327956807112,8255,0.155029296875
82132383019824,8254,0.15501051682692307
178781369978908,8253,0.15499173677884615
501542618104080,8252,0.15497295673076922
146457006505351,8251,0.15495417668269232
173843845477127,8251,0.15495417668269232
531622896943955,8250,0.1549353966346154
725573988984304,8250,0.1549353966346154
841234776714213,8250,0.1549353966346154
424765623035997,8248,0.15489783653846154
588884407687844,8248,0.15489783653846154
40904075310016,8247,0.1548790564903846
48975530375694,8247,0.1548790564903846
187633710368568,8247,0.1548790564903846
241220336630001,8247,0.1548790564903846
148394351786116,8246,0.15486027644230768
347570227364948,8246,0.15486027644230768
23917760585965,8245,0.15484149639423078
179164178067265,8245,0.15484149639423078
537697731033096,8245,0.15484149639423078
662084585178979,8245,0.15484149639423078
729873334043061,8245,0.15484149639423078
158503592404179,8244,0.15482271634615385
818028740311320,8244,0.15482271634615385
81144310160161,8243,0.15480393629807693
629001788234262,8243,0.15480393629807693
874049573372607,8243,0.15480393629807693
458253827647332,8242,0.15478515625
641143846101659,8242,0.15478515625
893686151112014,8242,0.15478515625
32362452252342,8241,0.15476637620192307
783328695174243,8241,0.15476637620192307
114125296242556,8240,0.15474759615384615
485986827458415,8240,0.15474759615384615
192822829023412,8239,0.15472881610576922
251669793600826,8239,0.15472881610576922
241510893362016,8238,0.15471003605769232
375147619993316,8238,0.15471003605769232
89684469572859,8236,0.15467247596153846
16529011026768,8235,0.15465369591346154
18074612943268,8235,0.15465369591346154
810723150241536,8235,0.15465369591346154
149813280011903,8234,0.1546349158653846
208590079811965,8234,0.1546349158653846
642884509614809,8234,0.1546349158653846
875820815516306,8234,0.1546349158653846
74205278028983,8231,0.15457857572115385
425482658668778,8230,0.15455979567307693
901142176093006,8230,0.15455979567307693
281977984863097,8229,0.154541015625
204637808430624,8228,0.15452223557692307
766546939839918,8227,0.15450345552884615
617450017069985,8225,0.15446589543269232
519759007729169,8224,0.1544471153846154
370114912731224,8223,0.15442833533653846
68545526473910,8222,0.15440955528846154
293624258657828,8222,0.15440955528846154
703185029113695,8222,0.15440955528846154
818342638709217,8221,0.1543907752403846
21667907806945,8220,0.15437199519230768
182331006557597,8220,0.15437199519230768
877838927284469,8220,0.15437199519230768
391737068145550,8219,0.15435321514423078
575271358839670,8219,0.15435321514423078
102346857219542,8218,0.15433443509615385
847871012861172,8218,0.15433443509615385
691628018314230,8217,0.15431565504807693
43345776538354,8216,0.154296875
192982705241461,8216,0.154296875
785095434160023,8216,0.154296875
114233740278183,8214,0.15425931490384615
718387183433411,8214,0.15425931490384615
784668750492279,8214,0.15425931490384615
20729773881722,8213,0.15424053485576922
624617520843793,8212,0.15422175480769232
878781416017756,8212,0.15422175480769232
176196786208926,8210,0.15418419471153846
547216430031540,8210,0.15418419471153846
888668906020022,8205,0.15409029447115385
115935381426585,8204,0.15407151442307693
768290680470645,8204,0.15407151442307693
443312140249253,8202,0.15403395432692307
64176475622310,8197,0.15394005408653846
746006726745756,8197,0.15394005408653846
574227925343024,8195,0.1539024939903846
842455533429315,8195,0.1539024939903846
101593898985573,8194,0.15388371394230768
171548446213364,8194,0.15388371394230768
86425394835445,8193,0.15386493389423078
401487796981168,8193,0.15386493389423078
407032930395194,8192,0.15384615384615385
475348381210499,8192,0.15384615384615385
270080507200133,8191,0.15382737379807693
473863916344291,8191,0.15382737379807693
143366069350149,8189,0.15378981370192307
900282514600257,8188,0.15377103365384615
400953927866737,8187,0.15375225360576922
740277715129484,8186,0.15373347355769232
152734964914562,8185,0.1537146935096154
44546409355514,8184,0.15369591346153846
678353284103384,8184,0.15369591346153846
464835025153260,8183,0.15367713341346154
377639230612924,8182,0.1536583533653846
771036809603986,8182,0.1536583533653846
1320450259014,8181,0.15363957331730768
136782004871294,8181,0.15363957331730768
636904224446045,8181,0.15363957331730768
672068602672295,8181,0.15363957331730768
31905118677921,8179,0.15360201322115385
651769339985447,8179,0.15360201322115385
337992465790862,8178,0.15358323317307693
516581905349885,8177,0.153564453125
889355697268763,8177,0.153564453125
901987546120160,8175,0.15352689302884615
2320989544175,8174,0.15350811298076922
750695790106768,8174,0.15350811298076922
31875353166767,8172,0.1534705528846154
304040506945042,8172,0.1534705528846154
157966913172599,8171,0.15345177283653846
359971491336907,8170,0.15343299278846154
204565861226212,8169,0.1534142127403846
815334716016583,8169,0.1534142127403846
571356248887617,8168,0.15339543269230768
839184699335186,8167,0.15337665264423078
717587929847334,8165,0.15333909254807693
1980523292803,8164,0.1533203125
109515079812450,8164,0.1533203125
289625151892701,8164,0.1533203125
732644164562269,8164,0.1533203125
857716578328227,8164,0.1533203125
913289634463368,8164,0.1533203125
584548351564372,8163,0.15330153245192307
721717847831060,8163,0.15330153245192307
305491166943976,8160,0.15324519230769232
796447444119553,8159,0.1532264122596154
253207150327578,8158,0.15320763221153846
133784267616281,8157,0.15318885216346154
814597976300977,8155,0.15315129206730768
876177259011724,8155,0.15315129206730768
140086881502298,8154,0.15313251201923078
250357513614045,8153,0.15311373197115385
292725691101368,8153,0.15311373197115385
903848950353542,8153,0.15311373197115385
882440488456274,8152,0.15309495192307693
899833898273105,8152,0.15309495192307693
358509512637645,8151,0.153076171875
817991063616360,8150,0.15305739182692307
559674348313984,8149,0.15303861177884615
608992588903787,8149,0.15303861177884615
697693942595181,8149,0.15303861177884615
365899033065074,8148,0.15301983173076922
387332499558483,8148,0.15301983173076922
540003183128739,8147,0.15300105168269232
438687899299570,8146,0.1529822716346154
582771768138219,8146,0.1529822716346154
307679010885145,8145,0.15296349158653846
367197641782604,8145,0.15296349158653846
364986002243901,8143,0.1529259314903846
118335668670496,8142,0.15290715144230768
314477047478377,8142,0.15290715144230768
128936951358425,8141,0.15288837139423078
549510251859467,8141,0.15288837139423078
414799976555584,8139,0.15285081129807693
453450978983958,8139,0.15285081129807693
592964735569166,8139,0.15285081129807693
787832897809263,8138,0.15283203125
576566652913377,8136,0.15279447115384615
852415701218540,8136,0.15279447115384615
414062748336012,8135,0.15277569110576922
584930598934113,8135,0.15277569110576922
587881895545219,8135,0.15277569110576922
443288985360399,8134,0.15275691105769232
536514081246382,8134,0.15275691105769232
796992425348602,8134,0.15275691105769232
355829439870677,8132,0.15271935096153846
779176021049325,8130,0.1526817908653846
56455023924844,8127,0.15262545072115385
313366897057433,8124,0.15256911057692307
697328047572420,8124,0.15256911057692307
709949316895260,8124,0.15256911057692307
188438353683009,8123,0.15255033052884615
857385593060336,8122,0.15253155048076922
54832375702611,8121,0.15251277043269232
433440236366126,8119,0.15247521033653846
280185424815748,8118,0.15245643028846154
373152292311536,8118,0.15245643028846154
124111960362489,8117,0.1524376502403846
704420850223991,8117,0.1524376502403846
96970609753965,8116,0.15241887019230768
157435714859498,8116,0.15241887019230768
260831233928215,8116,0.15241887019230768
871978049109806,8116,0.15241887019230768
635739624813551,8115,0.15240009014423078
233384128615286,8114,0.15238131009615385
801379107149636,8114,0.15238131009615385
63987356978138,8113,0.15236253004807693
142825074068375,8113,0.15236253004807693
246465654840901,8113,0.15236253004807693
305432972072483,8113,0.15236253004807693
458333574576699,8113,0.15236253004807693
855165784819984,8113,0.15236253004807693
241563281004549,8111,0.15232496995192307
837071441053938,8111,0.15232496995192307
75266751548196,8110,0.15230618990384615
140003709317220,8110,0.15230618990384615
93515004715182,8109,0.15228740985576922
281488308168641,8108,0.15226862980769232
340986456692973,8108,0.15226862980769232
537669663596421,8108,0.15226862980769232
555479104561915,8108,0.15226862980769232
904475201884068,8108,0.15226862980769232
253643828688323,8107,0.1522498497596154
446931240109558,8105,0.15221228966346154
814146347337959,8105,0.15221228966346154
333653589206421,8104,0.1521935096153846
593821839403491,8104,0.1521935096153846
195993595283249,8103,0.15217472956730768
727584353008722,8103,0.15217472956730768
763312966937445,8103,0.15217472956730768
82321143702639,8102,0.15215594951923078
649241723760373,8102,0.15215594951923078
85881131902882,8101,0.15213716947115385
282563282219216,8100,0.15211838942307693
3810476494039,8097,0.15206204927884615
916454394107043,8097,0.15206204927884615
4136202009124,8095,0.15202448918269232
41866384374631,8095,0.15202448918269232
224442260616105,8095,0.15202448918269232
466815268764026,8095,0.15202448918269232
673554291684290,8095,0.15202448918269232
684983602442321,8094,0.1520057091346154
826912542113955,8094,0.1520057091346154
508621277962441,8093,0.15198692908653846
921584637023222,8091,0.1519493689903846
572272483373973,8090,0.15193058894230768
544196811434065,8088,0.15189302884615385
586268082321487,8087,0.15187424879807693
600260088807045,8087,0.15187424879807693
657269052864079,8087,0.15187424879807693
706814003617515,8086,0.15185546875
875336926645284,8086,0.15185546875
917039007411906,8086,0.15185546875
172818544083532,8085,0.15183668870192307
401103541627510,8085,0.15183668870192307
561677716787163,8085,0.15183668870192307
640475941375029,8085,0.15183668870192307
74530028627098,8084,0.15181790865384615
545086014838747,8084,0.15181790865384615
830913787039882,8084,0.15181790865384615
452221076620577,8082,0.15178034855769232
583782776056337,8082,0.15178034855769232
585340732853838,8082,0.15178034855769232
29448215010736,8080,0.15174278846153846
71263785149887,8080,0.15174278846153846
169371884035041,8078,0.1517052283653846
383530930219952,8078,0.1517052283653846
824992246177864,8077,0.15168644831730768
285033244706835,8074,0.15163010817307693
156461108606018,8073,0.151611328125
474412019823847,8073,0.151611328125
608895570080997,8072,0.15159254807692307
842745538877626,8072,0.15159254807692307
697377486075066,8071,0.15157376802884615
777604732192575,8068,0.1515174278846154
196394957507553,8067,0.15149864783653846
245364360243533,8067,0.15149864783653846
446353303511054,8067,0.15149864783653846
628801319107910,8067,0.15149864783653846
698333168012458,8067,0.15149864783653846
440371045280151,8065,0.1514610877403846
838943749238447,8065,0.1514610877403846
422129378356619,8064,0.15144230769230768
126617664862775,8063,0.15142352764423078
480801037343007,8063,0.15142352764423078
584541932075463,8062,0.15140474759615385
17038697032223,8061,0.15138596754807693
555043398061853,8061,0.15138596754807693
902914550762262,8059,0.15134840745192307
914101536860825,8058,0.15132962740384615
135253479410877,8057,0.15131084735576922
376442591753638,8056,0.15129206730769232
181354599717930,8054,0.15125450721153846
567955078843407,8054,0.15125450721153846
856173028243261,8054,0.15125450721153846
32407682212394,8052,0.1512169471153846
332404809611141,8052,0.1512169471153846
478465559979760,8052,0.1512169471153846
602681089783826,8050,0.15117938701923078
632333044882077,8050,0.15117938701923078
637787206918692,8050,0.15117938701923078
453911176311344,8049,0.15116060697115385
480637207614681,8049,0.15116060697115385
320842671029906,8048,0.15114182692307693
442853863591612,8048,0.15114182692307693
644568513819118,8048,0.15114182692307693
558792444439663,8047,0.151123046875
777262283863395,8047,0.151123046875
634008182218878,8045,0.15108548677884615
159752155323037,8043,0.15104792668269232
704612716968078,8043,0.15104792668269232
178958859589751,8042,0.1510291466346154
628155716805922,8042,0.1510291466346154
378290634249577,8041,0.15101036658653846
888085268566029,8041,0.15101036658653846
57566961366255,8040,0.15099158653846154
731037020287948,8040,0.15099158653846154
294722922180176,8039,0.1509728064903846
753998929363896,8039,0.1509728064903846
216690355694407,8038,0.15095402644230768
422984350402993,8038,0.15095402644230768
732327373412296,8037,0.15093524639423078
257931664122950,8036,0.15091646634615385
310186087006772,8035,0.15089768629807693
488260653047824,8035,0.15089768629807693
46385613878693,8034,0.15087890625
173125893084751,8032,0.15084134615384615
261963469246817,8032,0.15084134615384615
492037003862164,8031,0.15082256610576922
646803571827123,8031,0.15082256610576922
284388581472661,8029,0.1507850060096154
301791547197069,8029,0.1507850060096154
331230650125383,8029,0.1507850060096154
79381441219947,8028,0.15076622596153846
162744349634828,8027,0.15074744591346154
666582944875749,8026,0.1507286658653846
152230594946150,8025,0.15070988581730768
161772993549855,8025,0.15070988581730768
486839648956291,8024,0.15069110576923078
328535226627244,8023,0.15067232572115385
796078581252688,8023,0.15067232572115385
897268234305422,8023,0.15067232572115385
249714882997349,8021,0.150634765625
699461398160818,8021,0.150634765625
640153559557324,8020,0.15061598557692307
299572996273427,8019,0.15059720552884615
594948407330657,8019,0.15059720552884615
612704163837644,8019,0.15059720552884615
718446532719159,8019,0.15059720552884615
865772241603143,8019,0.15059720552884615
573040920900319,8018,0.15057842548076922
620155048476922,8018,0.15057842548076922
578786405716780,8017,0.15055964543269232
682171167229940,8017,0.15055964543269232
406670554928999,8016,0.1505408653846154
827230666957845,8016,0.1505408653846154
110824372864433,8015,0.15052208533653846
811646048997429,8015,0.15052208533653846
397705127273684,8014,0.15050330528846154
896067263886081,8013,0.1504845252403846
126573873932409,8012,0.15046574519230768
272430094777860,8011,0.15044696514423078
592249864886348,8011,0.15044696514423078
855893138848096,8011,0.15044696514423078
392105616774730,8010,0.15042818509615385
504687171636985,8010,0.15042818509615385
556879003852123,8009,0.15040940504807693
278057894870731,8007,0.15037184495192307
297853951009585,8007,0.15037184495192307
591171057095107,8007,0.15037184495192307
643343087102607,8007,0.15037184495192307
661836721790679,8005,0.15033428485576922
16584998013363,8004,0.15031550480769232
384055901462421,8001,0.15025916466346154
412341018349482,8001,0.15025916466346154
541154740524659,8000,0.1502403846153846
13251669123634,7999,0.15022160456730768
35479794470081,7999,0.15022160456730768
308435817035622,7999,0.15022160456730768
602775491553911,7999,0.15022160456730768
472822903524948,7998,0.15020282451923078
35418289901057,7997,0.15018404447115385
235543681731960,7997,0.15018404447115385
439835869873180,7997,0.15018404447115385
448047548386270,7996,0.15016526442307693
716280654346553,7996,0.15016526442307693
1706908316889,7993,0.15010892427884615
847710882252588,7993,0.15010892427884615
542394793488547,7992,0.15009014423076922
629422187659831,7992,0.15009014423076922
657173530758298,7992,0.15009014423076922
22104222429212,7991,0.15007136418269232
121445760265282,7991,0.15007136418269232
224798099936008,7991,0.15007136418269232
498435448544414,7991,0.15007136418269232
505543213909118,7990,0.1500525841346154
851182067774804,7990,0.1500525841346154
58481801410726,7989,0.15003380408653846
466569071419714,7988,0.15001502403846154
708231612657487,7988,0.15001502403846154
921636586016564,7988,0.15001502403846154
559433380790779,7987,0.1499962439903846
624235519102097,7987,0.1499962439903846
301828719680331,7984,0.14993990384615385
591318515213084,7984,0.14993990384615385
766327611035967,7983,0.14992112379807693
79095169625374,7982,0.14990234375
361163989027185,7982,0.14990234375
708283039509630,7982,0.14990234375
870160865526381,7982,0.14990234375
408251824585435,7981,0.14988356370192307
9396504823869,7980,0.14986478365384615
890107524221907,7979,0.14984600360576922
198496362234389,7978,0.14982722355769232
9267067164923,7976,0.14978966346153846
184462664301605,7975,0.14977088341346154
704397921970349,7975,0.14977088341346154
177446088923432,7974,0.1497521033653846
195618868842816,7974,0.1497521033653846
560529860262852,7974,0.1497521033653846
842507947962294,7973,0.14973332331730768
898063116223591,7973,0.14973332331730768
230277521895669,7972,0.14971454326923078
576406530645408,7972,0.14971454326923078
76459311070175,7970,0.14967698317307693
77444384305579,7970,0.14967698317307693
408357991182919,7970,0.14967698317307693
852694548116275,7970,0.14967698317307693
144207591118928,7967,0.14962064302884615
816995562972442,7967,0.14962064302884615
869015584096051,7966,0.14960186298076922
210679471708147,7965,0.14958308293269232
101559435824245,7964,0.1495643028846154
72533208176936,7963,0.14954552283653846
817694087748895,7963,0.14954552283653846
840232970299432,7963,0.14954552283653846
548936682523961,7962,0.14952674278846154
89838942957945,7960,0.14948918269230768
638936109576072,7959,0.14947040264423078
735992148289514,7959,0.14947040264423078
263726944525501,7958,0.14945162259615385
789879741884709,7958,0.14945162259615385
395116359352474,7957,0.14943284254807693
333485409353879,7956,0.1494140625
467167218922555,7956,0.1494140625
768633288303872,7956,0.1494140625
73359488733940,7955,0.14939528245192307
350510850631101,7955,0.14939528245192307
607089490529736,7955,0.14939528245192307
667906345373413,7955,0.14939528245192307
10806720215771,7954,0.14937650240384615
634386033299404,7954,0.14937650240384615
643351755098920,7953,0.14935772235576922
244479661606671,7952,0.14933894230769232
796019215087870,7952,0.14933894230769232
821897942051894,7952,0.14933894230769232
204964158860565,7949,0.14928260216346154
264282513600489,7949,0.14928260216346154
575421501954570,7949,0.14928260216346154
48952128619328,7948,0.1492638221153846
155011362887564,7948,0.1492638221153846
422065131603785,7946,0.14922626201923078
886794347797452,7946,0.14922626201923078
689921650119306,7943,0.149169921875
50683276385956,7941,0.14913236177884615
519717931169635,7937,0.14905724158653846
442785092577499,7936,0.14903846153846154
374462957234871,7935,0.1490196814903846
520995727715903,7933,0.14898212139423078
622878833613258,7933,0.14898212139423078
319200530615347,7932,0.14896334134615385
44289741198149,7930,0.14892578125
49436100499607,7930,0.14892578125
484478069858723,7930,0.14892578125
749610399392847,7930,0.14892578125
132307584149066,7929,0.14890700120192307
876831043448139,7929,0.14890700120192307
302125460938022,7928,0.14888822115384615
516577041925995,7927,0.14886944110576922
183632112335994,7926,0.14885066105769232
664581239986490,7924,0.14881310096153846
263131147298475,7923,0.14879432091346154
848757352653211,7923,0.14879432091346154
545684792685995,7922,0.1487755408653846
883680285005734,7922,0.1487755408653846
18072571596423,7921,0.14875676081730768
131409810590135,7921,0.14875676081730768
451034229149401,7921,0.14875676081730768
44293174080638,7919,0.14871920072115385
359754603399241,7919,0.14871920072115385
447615801884995,7918,0.14870042067307693
335550528980513,7917,0.148681640625
832167292320462,7917,0.148681640625
622187838305830,7916,0.14866286057692307
882701405502097,7916,0.14866286057692307
203741662295408,7915,0.14864408052884615
573848753871060,7915,0.14864408052884615
685001405865033,7915,0.14864408052884615
857557849386199,7915,0.14864408052884615
347218662177598,7914,0.14862530048076922
553131987218179,7914,0.14862530048076922
267770768514536,7913,0.14860652043269232
664607388441711,7913,0.14860652043269232
664680153587690,7913,0.14860652043269232
621949049426354,7911,0.14856896033653846
735029112493428,7911,0.14856896033653846
775888583369129,7911,0.14856896033653846
61751134219898,7909,0.1485314002403846
463459984204468,7906,0.14847506009615385
840661844609346,7906,0.14847506009615385
14620333154661,7904,0.1484375
532716291321129,7904,0.1484375
91178160248093,7902,0.14839993990384615
348849937111356,7901,0.14838115985576922
144608602725091,7900,0.14836237980769232
6179728724873,7898,0.14832481971153846
726573476368338,7898,0.14832481971153846
591569751717924,7897,0.14830603966346154
327303691185227,7896,0.1482872596153846
871138750216944,7896,0.1482872596153846
910867347361034,7896,0.1482872596153846
608955185666060,7895,0.14826847956730768
903230523559651,7894,0.14824969951923078
541709154065441,7893,0.14823091947115385
72810837286188,7892,0.14821213942307693
734150238612617,7891,0.148193359375
804610972655933,7891,0.148193359375
543602667445155,7890,0.14817457932692307
232365600731236,7889,0.14815579927884615
398093865801674,7889,0.14815579927884615
437532461598543,7889,0.14815579927884615
27404476842240,7888,0.14813701923076922
96133186919017,7888,0.14813701923076922
392624207539044,7887,0.14811823918269232
777900216846548,7887,0.14811823918269232
894667267267953,7886,0.1480994591346154
250008673743924,7885,0.14808067908653846
340210206190758,7885,0.14808067908653846
723614951564726,7885,0.14808067908653846
412053984041699,7884,0.14806189903846154
748234188471971,7884,0.14806189903846154
376763025695707,7883,0.1480431189903846
706578843771966,7883,0.1480431189903846
297158992504725,7880,0.14798677884615385
517868229682911,7880,0.14798677884615385
574197251864995,7878,0.14794921875
645953234676172,7878,0.14794921875
896104128036688,7878,0.14794921875
218007164296682,7877,0.14793043870192307
502438119367663,7876,0.14791165865384615
232550742195456,7871,0.14781775841346154
188272966861172,7870,0.1477989783653846
225508076060896,7869,0.14778019831730768
668134564049491,7869,0.14778019831730768
721032072489113,7869,0.14778019831730768
526095850386319,7866,0.14772385817307693
760491717828579,7866,0.14772385817307693
855159953685618,7865,0.147705078125
395152638538038,7864,0.14768629807692307
465014194944600,7863,0.14766751802884615
297899600014063,7862,0.14764873798076922
408999515473707,7862,0.14764873798076922
916998865665406,7862,0.14764873798076922
218454907537279,7861,0.14762995793269232
833767115044875,7861,0.14762995793269232
226029191957696,7859,0.14759239783653846
168203391093031,7858,0.14757361778846154
848374950513722,7858,0.14757361778846154
261346469447130,7857,0.1475548377403846
656276492529507,7856,0.14753605769230768
678987824022996,7856,0.14753605769230768
854730807044291,7856,0.14753605769230768
54698020918736,7854,0.14749849759615385
174205873671362,7854,0.14749849759615385
779693193114002,7854,0.14749849759615385
815258391416346,7853,0.14747971754807693
95348126089101,7852,0.1474609375
187899453887442,7851,0.14744215745192307
228919905935235,7851,0.14744215745192307
235629220332280,7851,0.14744215745192307
333215859853979,7851,0.14744215745192307
346533397682581,7851,0.14744215745192307
589211441308099,7851,0.14744215745192307
603581978853785,7851,0.14744215745192307
719236624691508,7851,0.14744215745192307
773647765103626,7851,0.14744215745192307
25851243881464,7850,0.14742337740384615
371666493477675,7850,0.14742337740384615
450708375525729,7849,0.14740459735576922
591709873856835,7849,0.14740459735576922
162250073808459,7848,0.14738581730769232
444274448035766,7848,0.14738581730769232
891870856054940,7848,0.14738581730769232
245374446675472,7847,0.1473670372596154
270050014776319,7847,0.1473670372596154
336785465723747,7846,0.14734825721153846
55809611088334,7844,0.1473106971153846
835832833853790,7844,0.1473106971153846
66192566521268,7843,0.14729191706730768
593767886348224,7843,0.14729191706730768
652663786230107,7843,0.14729191706730768
844910259478345,7843,0.14729191706730768
203346787271602,7842,0.14727313701923078
602855693810154,7842,0.14727313701923078
657958926860633,7841,0.14725435697115385
239466825421919,7839,0.147216796875
251413612286762,7838,0.14719801682692307
321488853635003,7838,0.14719801682692307
634684912337618,7838,0.14719801682692307
19189726252379,7837,0.14717923677884615
299838159830558,7837,0.14717923677884615
428022080173406,7837,0.14717923677884615
476470633609214,7837,0.14717923677884615
547165367838186,7836,0.14716045673076922
386295924118107,7835,0.14714167668269232
378235721612245,7834,0.1471228966346154
721485275761905,7834,0.1471228966346154
650631326721472,7833,0.14710411658653846
447480154405701,7830,0.14704777644230768
227266884984237,7829,0.14702899639423078
683646867919237,7828,0.14701021634615385
193848822922233,7826,0.14697265625
462983591164205,7826,0.14697265625
481604453977184,7826,0.14697265625
245749746983408,7825,0.14695387620192307
864930459763246,7825,0.14695387620192307
364144756547022,7824,0.14693509615384615
858131944339386,7824,0.14693509615384615
142012520090907,7823,0.14691631610576922
455585987139459,7823,0.14691631610576922
898320388646874,7823,0.14691631610576922
456675222403464,7821,0.1468787560096154
247862910596494,7820,0.14685997596153846
772341006373285,7819,0.14684119591346154
49490348273283,7816,0.14678485576923078
381792960735706,7816,0.14678485576923078
641373929224641,7816,0.14678485576923078
159622511326529,7815,0.14676607572115385
768301373123984,7815,0.14676607572115385
156914399149199,7813,0.146728515625
411399853296508,7812,0.14670973557692307
709872286026621,7810,0.14667217548076922
740938448220886,7810,0.14667217548076922
606838636490995,7809,0.14665339543269232
631625651841084,7808,0.1466346153846154
683115785053929,7808,0.1466346153846154
420542937110969,7807,0.14661583533653846
13433356616757,7806,0.14659705528846154
238449672936655,7805,0.1465782752403846
500921416469138,7805,0.1465782752403846
450403060718,7803,0.14654071514423078
303964153819282,7803,0.14654071514423078
856731198988468,7802,0.14652193509615385
497295084093360,7801,0.14650315504807693
839238020361075,7801,0.14650315504807693
678058814321821,7800,0.146484375
778890792767139,7800,0.146484375
288250253505985,7799,0.14646559495192307
356868400511665,7797,0.14642803485576922
273063092258303,7796,0.14640925480769232
194981819497169,7795,0.1463904747596154
790623549926647,7795,0.1463904747596154
560306768906102,7794,0.14637169471153846
94026875045072,7793,0.14635291466346154
99780649535253,7793,0.14635291466346154
78348622489541,7792,0.1463341346153846
469828442643381,7792,0.1463341346153846
488582402254555,7792,0.1463341346153846
381071011462815,7791,0.14631535456730768
822240068776693,7791,0.14631535456730768
567208322865247,7790,0.14629657451923078
666304459006927,7790,0.14629657451923078
138161747411163,7789,0.14627779447115385
57188696584695,7787,0.146240234375
266263268829405,7787,0.146240234375
742829336289990,7787,0.146240234375
541711649356415,7786,0.14622145432692307
682999673001433,7786,0.14622145432692307
104322423506029,7785,0.14620267427884615
499121560724699,7785,0.14620267427884615
173733872537537,7784,0.14618389423076922
224222238205042,7784,0.14618389423076922
362568403769777,7784,0.14618389423076922
483427426247313,7784,0.14618389423076922
672940122537745,7784,0.14618389423076922
244521504641711,7783,0.14616511418269232
480522907499544,7782,0.1461463341346154
492561468061020,7781,0.14612755408653846
511988245305388,7781,0.14612755408653846
334198650547489,7779,0.1460899939903846
635352278029171,7779,0.1460899939903846
232363126505507,7778,0.14607121394230768
302148543225018,7778,0.14607121394230768
278105534165843,7777,0.14605243389423078
122407052947195,7776,0.14603365384615385
292174797685428,7776,0.14603365384615385
244270888655214,7774,0.14599609375
626825746380826,7774,0.14599609375
803887928372659,7774,0.14599609375
399447433495511,7772,0.14595853365384615
390965871117570,7771,0.14593975360576922
79879427297553,7770,0.14592097355769232
110379414794650,7770,0.14592097355769232
155709672381599,7770,0.14592097355769232
863006570953511,7769,0.1459021935096154
839825778013121,7768,0.14588341346153846
490250818102619,7767,0.14586463341346154
144123847416877,7762,0.14577073317307693
623273413509425,7762,0.14577073317307693
82910350557496,7761,0.145751953125
63722346456019,7760,0.14573317307692307
426219911035129,7760,0.14573317307692307
721056680475652,7760,0.14573317307692307
780573973797886,7760,0.14573317307692307
24167507387384,7759,0.14571439302884615
303344483738296,7757,0.14567683293269232
790787746622744,7757,0.14567683293269232
884791511577601,7757,0.14567683293269232
94857475068070,7756,0.1456580528846154
381528790461365,7756,0.1456580528846154
586680761052999,7756,0.1456580528846154
659281986018968,7756,0.1456580528846154
33520066877453,7752,0.14558293269230768
57626136677456,7752,0.14558293269230768
528812758525251,7751,0.14556415264423078
560781784343516,7751,0.14556415264423078
295120636604193,7750,0.14554537259615385
598323030986758,7750,0.14554537259615385
774642082785260,7750,0.14554537259615385
464963883227165,7749,0.14552659254807693
471507077346395,7749,0.14552659254807693
695826643743989,7749,0.14552659254807693
527164666800455,7748,0.1455078125
398761798113752,7747,0.14548903245192307
423973773359342,7747,0.14548903245192307
568283567552698,7747,0.14548903245192307
903914882792746,7746,0.14547025240384615
626952439061140,7745,0.14545147235576922
653030904632238,7744,0.14543269230769232
341603590438749,7742,0.14539513221153846
126191566865291,7741,0.14537635216346154
223213108985772,7741,0.14537635216346154
102193586372023,7739,0.14533879206730768
293428837866752,7739,0.14533879206730768
362788181687727,7739,0.14533879206730768
346954763986001,7737,0.14530123197115385
737394924943337,7737,0.14530123197115385
193408777914249,7735,0.145263671875
445936931447431,7735,0.145263671875
360940305472595,7733,0.14522611177884615
776535045500120,7733,0.14522611177884615
341934424686847,7732,0.14520733173076922
14604363328743,7731,0.14518855168269232
323928288492080,7731,0.14518855168269232
807519162443970,7731,0.14518855168269232
828324543337259,7731,0.14518855168269232
312155604324712,7730,0.1451697716346154
520350668061471,7729,0.14515099158653846
631873856235764,7728,0.14513221153846154
698609947711164,7728,0.14513221153846154
450582749267346,7726,0.14509465144230768
288000709265100,7725,0.14507587139423078
707558872075725,7723,0.14503831129807693
157639747712788,7722,0.14501953125
234900190125372,7722,0.14501953125
201050135069153,7721,0.14500075120192307
533029110953256,7721,0.14500075120192307
298285585194328,7720,0.14498197115384615
448131888443877,7718,0.14494441105769232
786976888593891,7718,0.14494441105769232
30975785475040,7717,0.1449256310096154
612240676345130,7717,0.1449256310096154
622692390005838,7717,0.1449256310096154
920853365849266,7717,0.1449256310096154
705756743812614,7716,0.14490685096153846
281459096621127,7715,0.14488807091346154
6273718244760,7714,0.1448692908653846
545033133460711,7714,0.1448692908653846
618752504383458,7714,0.1448692908653846
81058386815621,7713,0.14485051081730768
17552062456020,7712,0.14483173076923078
210301255195606,7711,0.14481295072115385
305052305054470,7711,0.14481295072115385
320859804220848,7710,0.14479417067307693
379525975837129,7710,0.14479417067307693
477304054839521,7709,0.144775390625
718874845165808,7708,0.14475661057692307
845566721704681,7708,0.14475661057692307
680709762360252,7707,0.14473783052884615
39474484206064,7703,0.14466271033653846
215753548900833,7703,0.14466271033653846
443151764041255,7703,0.14466271033653846
56016433252116,7702,0.14464393028846154
291987753233586,7702,0.14464393028846154
189445923733024,7701,0.1446251502403846
488703868567038,7701,0.1446251502403846
4061356300676,7700,0.14460637019230768
532429001762002,7700,0.14460637019230768
720750282423421,7700,0.14460637019230768
435263957268813,7699,0.14458759014423078
214606433018101,7698,0.14456881009615385
475378573390404,7698,0.14456881009615385
124764615538879,7697,0.14455003004807693
467917350847511,7697,0.14455003004807693
77141460424753,7695,0.14451246995192307
610767366336297,7695,0.14451246995192307
865919310376673,7694,0.14449368990384615
532967126398357,7691,0.1444373497596154
712135550745904,7691,0.1444373497596154
355335157953202,7690,0.14441856971153846
507819125381679,7690,0.14441856971153846
792673844938847,7690,0.14441856971153846
674685581761561,7689,0.14439978966346154
226397770208967,7688,0.1443810096153846
435312811074184,7688,0.1443810096153846
855497073843156,7688,0.1443810096153846
69928523724930,7687,0.14436222956730768
82977580883422,7686,0.14434344951923078
139584440259628,7684,0.14430588942307693
223181122402461,7681,0.14424954927884615
419500562545875,7681,0.14424954927884615
768368026430090,7681,0.14424954927884615
334394219978027,7680,0.14423076923076922
246555439630040,7679,0.14421198918269232
213827602632181,7678,0.1441932091346154
211591214889144,7677,0.14417442908653846
369053597052375,7677,0.14417442908653846
664869217638873,7677,0.14417442908653846
505578085770775,7676,0.14415564903846154
578268155879397,7674,0.14411808894230768
646344826658993,7674,0.14411808894230768
131554870267307,7673,0.14409930889423078
743683707632925,7673,0.14409930889423078
918164868234323,7672,0.14408052884615385
252780837352127,7670,0.14404296875
333339593190344,7670,0.14404296875
691366386740199,7670,0.14404296875
373074801509250,7669,0.14402418870192307
423074635374285,7669,0.14402418870192307
265805721661268,7668,0.14400540865384615
108060869245465,7667,0.14398662860576922
222384437204834,7667,0.14398662860576922
538301700580061,7667,0.14398662860576922
782099778210596,7666,0.14396784855769232
133045283969348,7665,0.1439490685096154
620124135528180,7665,0.1439490685096154
247850741472684,7663,0.14391150841346154
886368657093823,7663,0.14391150841346154
558309247318199,7662,0.1438927283653846
63662047292335,7661,0.14387394831730768
486786867763487,7661,0.14387394831730768
652837673426605,7661,0.14387394831730768
289583204201510,7660,0.14385516826923078
753867048095377,7660,0.14385516826923078
379380306416555,7658,0.14381760817307693
207600460886209,7657,0.143798828125
128293749944551,7655,0.14376126802884615
515294312875688,7655,0.14376126802884615
749796579218198,7655,0.14376126802884615
768872899646793,7652,0.1437049278846154
786246875342996,7652,0.1437049278846154
28563865894121,7651,0.14368614783653846
37166203291910,7651,0.14368614783653846
325747135083806,7651,0.14368614783653846
791254367783359,7651,0.14368614783653846
748244477621926,7650,0.14366736778846154
16218838473943,7649,0.1436485877403846
49517471501814,7649,0.1436485877403846
210443796236147,7649,0.1436485877403846
686870189566566,7649,0.1436485877403846
369506004398536,7648,0.14362980769230768
535773909542948,7648,0.14362980769230768
845436770828553,7648,0.14362980769230768
449188888844392,7647,0.14361102764423078
846695069439923,7647,0.14361102764423078
96497555989352,7646,0.14359224759615385
633337785244571,7645,0.14357346754807693
444215678490460,7643,0.14353590745192307
509613057677766,7643,0.14353590745192307
892458793141038,7642,0.14351712740384615
303832439451408,7641,0.14349834735576922
572025003487870,7641,0.14349834735576922
752289703226424,7641,0.14349834735576922
28400502941434,7640,0.14347956730769232
282933808015880,7640,0.14347956730769232
156605123134949,7639,0.1434607872596154
783781359710250,7639,0.1434607872596154
897779080523569,7639,0.1434607872596154
820750192235175,7638,0.14344200721153846
908537244435198,7637,0.14342322716346154
218144549298653,7636,0.1434044471153846
748255893596750,7636,0.1434044471153846
166485425192120,7635,0.14338566706730768
172438927142264,7634,0.14336688701923078
855632647987051,7633,0.14334810697115385
214197184125451,7631,0.143310546875
298340020132525,7629,0.14327298677884615
300759710689781,7628,0.14325420673076922
643807521603832,7628,0.14325420673076922
79065583930306,7626,0.1432166466346154
571952310641858,7626,0.1432166466346154
749298988968708,7624,0.14317908653846154
811549983379302,7623,0.1431603064903846
426150653989502,7619,0.14308518629807693
558616479810940,7619,0.14308518629807693
843038446782121,7618,0.14306640625
108470258515053,7617,0.14304762620192307
198331013031592,7617,0.14304762620192307
211935863288742,7616,0.14302884615384615
901886602754939,7614,0.14299128605769232
802225066965442,7613,0.1429725060096154
321559917415540,7611,0.14293494591346154
850405628945142,7611,0.14293494591346154
689239805496049,7610,0.1429161658653846
870155534147458,7610,0.1429161658653846
83235656511662,7609,0.14289738581730768
444646049178943,7609,0.14289738581730768
487351918025273,7609,0.14289738581730768
807004215303215,7609,0.14289738581730768
587943352305637,7608,0.14287860576923078
679492897872596,7607,0.14285982572115385
755218157265704,7607,0.14285982572115385
854249054491644,7607,0.14285982572115385
244068537962111,7606,0.14284104567307693
613540044299353,7606,0.14284104567307693
631606726777019,7605,0.142822265625
402626292435365,7604,0.14280348557692307
499936700060620,7604,0.14280348557692307
429029828364266,7603,0.14278470552884615
807344904995138,7599,0.14270958533653846
301148243830299,7597,0.1426720252403846
723762734422163,7597,0.1426720252403846
500984846573967,7596,0.14265324519230768
34829678725083,7593,0.14259690504807693
386881556084374,7593,0.14259690504807693
855679153903817,7593,0.14259690504807693
763485695637054,7591,0.14255934495192307
5640742817691,7590,0.14254056490384615
420067514117380,7589,0.14252178485576922
559934460755175,7589,0.14252178485576922
742159724059875,7589,0.14252178485576922
51183623447610,7588,0.14250300480769232
68971025136043,7588,0.14250300480769232
846403954487905,7587,0.1424842247596154
55928224701132,7586,0.14246544471153846
31289238760341,7583,0.14240910456730768
74448121006101,7583,0.14240910456730768
592750016196849,7583,0.14240910456730768
726166196296895,7583,0.14240910456730768
124524952412989,7582,0.14239032451923078
260382405969443,7582,0.14239032451923078
501382727558364,7582,0.14239032451923078
915468400571076,7582,0.14239032451923078
34614646058811,7581,0.14237154447115385
407615617990625,7581,0.14237154447115385
738464976559501,7581,0.14237154447115385
100986505508367,7580,0.14235276442307693
200812025699598,7579,0.142333984375
541177414876690,7579,0.142333984375
152936513737552,7578,0.14231520432692307
447397495110626,7578,0.14231520432692307
486052396107956,7578,0.14231520432692307
817927214221279,7578,0.14231520432692307
190705247605258,7577,0.14229642427884615
490337659610145,7577,0.14229642427884615
574612332337319,7577,0.14229642427884615
290950836978517,7576,0.14227764423076922
128183575797850,7575,0.14225886418269232
502937580507643,7575,0.14225886418269232
529623747897694,7574,0.1422400841346154
272313865502455,7572,0.14220252403846154
544942064422234,7572,0.14220252403846154
110656133621815,7571,0.1421837439903846
633852613056299,7571,0.1421837439903846
671393483071162,7570,0.14216496394230768
158673684549699,7569,0.14214618389423078
314633618015901,7568,0.14212740384615385
841608756834205,7566,0.14208984375
83209330524511,7564,0.14205228365384615
208587934518735,7564,0.14205228365384615
23449792524441,7563,0.14203350360576922
356748490269121,7563,0.14203350360576922
777437414872097,7563,0.14203350360576922
158754972674222,7562,0.14201472355769232
684577325678807,7562,0.14201472355769232
844943062989401,7562,0.14201472355769232
831312953511311,7559,0.14195838341346154
8398385641693,7558,0.1419396033653846
753262578544567,7558,0.1419396033653846
231758756937854,7556,0.14190204326923078
488186303505457,7554,0.14186448317307693
668237539608873,7553,0.141845703125
253243938405748,7552,0.14182692307692307
325265410533642,7552,0.14182692307692307
664706418303269,7552,0.14182692307692307
194834898543113,7551,0.14180814302884615
473818484875282,7551,0.14180814302884615
13897886747588,7550,0.14178936298076922
432748182345784,7547,0.14173302283653846
816674648894822,7547,0.14173302283653846
86888663630406,7546,0.14171424278846154
398774566409760,7543,0.14165790264423078
451758579133396,7543,0.14165790264423078
195858848410897,7541,0.14162034254807693
813963045228996,7541,0.14162034254807693
48038620724117,7540,0.1416015625
304076995890888,7540,0.1416015625
601155030124424,7539,0.14158278245192307
788130383771010,7539,0.14158278245192307
810891190079502,7539,0.14158278245192307
550351924677502,7538,0.14156400240384615
536175625044373,7537,0.14154522235576922
702351793762153,7536,0.14152644230769232
739290488317226,7536,0.14152644230769232
792822846061456,7536,0.14152644230769232
766572015535376,7535,0.1415076622596154
557119991526705,7533,0.14147010216346154
378217132031642,7532,0.1414513221153846
193739863468951,7531,0.14143254206730768
392759743357966,7531,0.14143254206730768
438381448776075,7531,0.14143254206730768
834781042009217,7530,0.14141376201923078
153268741017792,7529,0.14139498197115385
869019494643697,7529,0.14139498197115385
647932312982069,7528,0.14137620192307693
665303111527628,7527,0.141357421875
856161512180052,7527,0.141357421875
8641564388846,7526,0.14133864182692307
78506485970451,7526,0.14133864182692307
163713468401490,7524,0.14130108173076922
863634292077054,7524,0.14130108173076922
220662111364234,7522,0.1412635216346154
475139241909631,7521,0.14124474158653846
711790766283312,7521,0.14124474158653846
818215635807541,7521,0.14124474158653846
541423622915160,7518,0.14118840144230768
275782718820264,7517,0.14116962139423078
509295947705747,7517,0.14116962139423078
174345791999549,7515,0.14113206129807693
367281964468336,7515,0.14113206129807693
134740648631262,7514,0.14111328125
430613318111017,7514,0.14111328125
569281083601261,7514,0.14111328125
918604851766368,7513,0.14109450120192307
238536400945880,7512,0.14107572115384615
242321874953488,7512,0.14107572115384615
534945284817951,7512,0.14107572115384615
605648654566031,7512,0.14107572115384615
865527809847471,7512,0.14107572115384615
252473541047685,7510,0.14103816105769232
290939178845561,7510,0.14103816105769232
462822389224020,7510,0.14103816105769232
96091222353507,7508,0.14100060096153846
106768621364105,7508,0.14100060096153846
545829254145189,7507,0.14098182091346154
552393175071664,7507,0.14098182091346154
811398856982744,7507,0.14098182091346154
325928802383665,7505,0.14094426081730768
741496978380159,7505,0.14094426081730768
822934454564694,7505,0.14094426081730768
463908007762211,7504,0.14092548076923078
699113831837154,7503,0.14090670072115385
236552116330538,7502,0.14088792067307693
590142927392968,7502,0.14088792067307693
405941073193794,7501,0.140869140625
799638268959,7500,0.14085036057692307
575816331541681,7500,0.14085036057692307
789032339429677,7500,0.14085036057692307
1243394242774,7499,0.14083158052884615
98627656874272,7498,0.14081280048076922
189805955795932,7498,0.14081280048076922
570960202653180,7497,0.14079402043269232
817441948144666,7497,0.14079402043269232
231638639049589,7496,0.1407752403846154
807327333688868,7496,0.1407752403846154
703334749680930,7495,0.14075646033653846
105327288515865,7494,0.14073768028846154
307712728465015,7494,0.14073768028846154
840204416498144,7494,0.14073768028846154
353553223584297,7493,0.1407189002403846
722457749882800,7492,0.14070012019230768
196155118528065,7490,0.14066256009615385
443277665582183,7490,0.14066256009615385
853249338840370,7490,0.14066256009615385
190921839303506,7489,0.14064378004807693
438278239798776,7489,0.14064378004807693
460397746291541,7489,0.14064378004807693
510443064737293,7489,0.14064378004807693
852097367342100,7489,0.14064378004807693
337105827172683,7488,0.140625
447996508010795,7488,0.140625
812165748080370,7487,0.14060621995192307
256940013361432,7486,0.14058743990384615
105248955212,7485,0.14056865985576922
784751531013351,7485,0.14056865985576922
15383366176173,7483,0.1405310997596154
59596916699031,7483,0.1405310997596154
492532427684256,7483,0.1405310997596154
49353618164479,7482,0.14051231971153846
377877944518928,7482,0.14051231971153846
910447667184263,7481,0.14049353966346154
436359980436161,7480,0.1404747596153846
253002120827627,7479,0.14045597956730768
428484931615468,7479,0.14045597956730768
680629060029925,7478,0.14043719951923078
597449358085187,7476,0.14039963942307693
131042916565686,7474,0.14036207932692307
52093270763325,7473,0.14034329927884615
660917285992260,7473,0.14034329927884615
831430671288293,7473,0.14034329927884615
211499420110599,7472,0.14032451923076922
121171515053792,7471,0.14030573918269232
608442952605949,7471,0.14030573918269232
885011195957216,7471,0.14030573918269232
133657356428199,7470,0.1402869591346154
562247860713379,7470,0.1402869591346154
617402145152419,7469,0.14026817908653846
54265626015949,7468,0.14024939903846154
115285890133187,7468,0.14024939903846154
881803539739590,7468,0.14024939903846154
506361342592208,7467,0.1402306189903846
773915335579318,7467,0.1402306189903846
885904147142007,7467,0.1402306189903846
427517727947148,7466,0.14021183894230768
197310342368548,7465,0.14019305889423078
670601607399255,7465,0.14019305889423078
81767651479064,7464,0.14017427884615385
337566433044298,7464,0.14017427884615385
552040429417088,7464,0.14017427884615385
283716522014502,7463,0.14015549879807693
796468071191548,7461,0.14011793870192307
176502672638252,7459,0.14008037860576922
356327827900763,7459,0.14008037860576922
676883550919874,7459,0.14008037860576922
902321302842977,7458,0.14006159855769232
58070784290077,7456,0.14002403846153846
307940329977267,7456,0.14002403846153846
742556626539163,7456,0.14002403846153846
166113144495078,7455,0.14000525841346154
2089188617284,7454,0.1399864783653846
87731585741273,7453,0.13996769831730768
296270833687509,7453,0.13996769831730768
516527267048938,7453,0.13996769831730768
178806898180503,7452,0.13994891826923078
234209684230623,7452,0.13994891826923078
444273874930001,7452,0.13994891826923078
584422522121955,7452,0.13994891826923078
830068426803864,7452,0.13994891826923078
700323444377484,7451,0.13993013822115385
568718011663176,7449,0.139892578125
727276827465750,7448,0.13987379807692307
161830279879181,7447,0.13985501802884615
205970033734247,7447,0.13985501802884615
324711295576499,7447,0.13985501802884615
347622687674307,7447,0.13985501802884615
351428549923753,7446,0.13983623798076922
418794058400921,7446,0.13983623798076922
624086119094238,7445,0.13981745793269232
701941666233186,7445,0.13981745793269232
830595849372269,7443,0.13977989783653846
72858596478938,7442,0.13976111778846154
234932594618072,7442,0.13976111778846154
109734435398065,7441,0.1397423377403846
811195704976498,7440,0.13972355769230768
741885948966835,7438,0.13968599759615385
208551983002976,7437,0.13966721754807693
602443692651490,7435,0.13962965745192307
724294634704513,7434,0.13961087740384615
346277826676879,7433,0.13959209735576922
545798910024296,7433,0.13959209735576922
747698703780606,7433,0.13959209735576922
47422769108107,7432,0.13957331730769232
303210956450568,7432,0.13957331730769232
323674403486224,7432,0.13957331730769232
448771039244634,7432,0.13957331730769232
329934742720986,7431,0.1395545372596154
147748458053532,7430,0.13953575721153846
450617414502041,7430,0.13953575721153846
469766422217867,7430,0.13953575721153846
533787883543964,7429,0.13951697716346154
712637564734885,7428,0.1394981971153846
325819628499807,7427,0.13947941706730768
53574830543125,7426,0.13946063701923078
649631061477340,7426,0.13946063701923078
611861154149438,7425,0.13944185697115385
626648459566262,7425,0.13944185697115385
820366280790458,7425,0.13944185697115385
673677092680774,7424,0.13942307692307693
69763368006968,7422,0.13938551682692307
662949817186762,7421,0.13936673677884615
768524034847538,7420,0.13934795673076922
916657520316481,7420,0.13934795673076922
106910107297459,7419,0.13932917668269232
918695163528391,7419,0.13932917668269232
701696955618479,7418,0.1393103966346154
866842275130896,7417,0.13929161658653846
593280839696010,7416,0.13927283653846154
196273823780384,7415,0.1392540564903846
278974011601024,7415,0.1392540564903846
227880036746323,7414,0.13923527644230768
395382032986266,7414,0.13923527644230768
493785492762580,7414,0.13923527644230768
560380711650228,7413,0.13921649639423078
783211930265802,7413,0.13921649639423078
865522898211663,7413,0.13921649639423078
395582302670771,7412,0.13919771634615385
793131064684673,7412,0.13919771634615385
465483512460898,7411,0.13917893629807693
848197219520144,7409,0.13914137620192307
685962202175955,7408,0.13912259615384615
867504814948831,7408,0.13912259615384615
166566465474725,7407,0.13910381610576922
300840342596533,7407,0.13910381610576922
605265807896147,7404,0.13904747596153846
242250438044245,7403,0.13902869591346154
185496649811655,7402,0.1390099158653846
450159585922088,7402,0.1390099158653846
602050914287815,7402,0.1390099158653846
680502468048154,7402,0.1390099158653846
909546040680753,7402,0.1390099158653846
185433566676580,7401,0.13899113581730768
249629920171054,7401,0.13899113581730768
100943759059910,7400,0.13897235576923078
300641953474827,7400,0.13897235576923078
852770402593363,7399,0.13895357572115385
610365897293647,7398,0.13893479567307693
690082678807445,7398,0.13893479567307693
763061111904220,7398,0.13893479567307693
769401395469808,7398,0.13893479567307693
885842706646977,7398,0.13893479567307693
67479536974044,7396,0.13889723557692307
134056161123977,7396,0.13889723557692307
768602852082582,7396,0.13889723557692307
910118459762130,7396,0.13889723557692307
462503854569449,7395,0.13887845552884615
530220844790314,7395,0.13887845552884615
562086362021108,7394,0.13885967548076922
536280698219319,7393,0.13884089543269232
49767346465296,7392,0.1388221153846154
350110527625152,7392,0.1388221153846154
493737256778330,7392,0.1388221153846154
417361311556657,7391,0.13880333533653846
433826467851812,7391,0.13880333533653846
635278216694898,7391,0.13880333533653846
853813381226575,7391,0.13880333533653846
286852649359202,7390,0.13878455528846154
852073952722219,7387,0.13872821514423078
687034048194643,7386,0.13870943509615385
117354801574094,7385,0.13869065504807693
133593950764118,7385,0.13869065504807693
554201789687478,7383,0.13865309495192307
493129618576329,7382,0.13863431490384615
527402660632026,7382,0.13863431490384615
7820521138679,7381,0.13861553485576922
846830556625828,7381,0.13861553485576922
531427496881827,7380,0.13859675480769232
324607528881284,7379,0.1385779747596154
529507155701799,7378,0.13855919471153846
870995011527343,7378,0.13855919471153846
920398120211049,7378,0.13855919471153846
51201536465959,7377,0.13854041466346154
338429146885356,7377,0.13854041466346154
838484224886152,7377,0.13854041466346154
61804562168922,7375,0.13850285456730768
166503768820572,7375,0.13850285456730768
313723102538023,7375,0.13850285456730768
636558482320750,7375,0.13850285456730768
21404691255839,7374,0.13848407451923078
150962465669321,7374,0.13848407451923078
302515937658947,7374,0.13848407451923078
396466744661805,7374,0.13848407451923078
52475650765968,7373,0.13846529447115385
321620565155067,7373,0.13846529447115385
558690515712022,7373,0.13846529447115385
268578935529901,7372,0.13844651442307693
799527361959331,7372,0.13844651442307693
105770656873857,7371,0.138427734375
208831373455049,7371,0.138427734375
603679294524097,7371,0.138427734375
871890449678915,7371,0.138427734375
665950997682360,7370,0.13840895432692307
447931200139647,7369,0.13839017427884615
422097886972754,7368,0.13837139423076922
632891667329621,7367,0.13835261418269232
174974667896219,7366,0.1383338341346154
291051879339157,7366,0.1383338341346154
414547512539224,7366,0.1383338341346154
500501297344895,7366,0.1383338341346154
438104771535725,7364,0.13829627403846154
577442030663425,7364,0.13829627403846154
665065041361840,7364,0.13829627403846154
178266073460036,7363,0.1382774939903846
440004219144084,7363,0.1382774939903846
88439260343468,7362,0.13825871394230768
166091383652574,7362,0.13825871394230768
588658617003782,7362,0.13825871394230768
415147168813876,7360,0.13822115384615385
891249911024851,7360,0.13822115384615385
903100930810851,7360,0.13822115384615385
38738955051464,7357,0.13816481370192307
472194608262761,7357,0.13816481370192307
566960648794090,7357,0.13816481370192307
634714173055306,7357,0.13816481370192307
805287850696361,7357,0.13816481370192307
812584123496118,7357,0.13816481370192307
591532277866182,7356,0.13814603365384615
850635834637527,7356,0.13814603365384615
536765033369388,7355,0.13812725360576922
355954310188625,7353,0.1380896935096154
72600243764126,7352,0.13807091346153846
739909234596178,7350,0.1380333533653846
821070993360329,7350,0.1380333533653846
290152767815360,7348,0.13799579326923078
356342886576158,7347,0.13797701322115385
415719534073249,7347,0.13797701322115385
46678177015029,7346,0.13795823317307693
15883281402397,7345,0.137939453125
199071269841456,7345,0.137939453125
786168370606586,7345,0.137939453125
469146074784582,7344,0.13792067307692307
317060497223152,7343,0.13790189302884615
402853995711087,7343,0.13790189302884615
751733016329741,7342,0.13788311298076922
191226592937781,7341,0.13786433293269232
296834502993037,7341,0.13786433293269232
390650326348528,7341,0.13786433293269232
247949640288338,7339,0.13782677283653846
317723852633936,7339,0.13782677283653846
510838635107487,7339,0.13782677283653846
226536167322498,7338,0.13780799278846154
324069293888357,7336,0.13777043269230768
303573210736733,7335,0.13775165264423078
441274239739447,7334,0.13773287259615385
578552043103359,7334,0.13773287259615385
729447247583447,7334,0.13773287259615385
552114592662458,7333,0.13771409254807693
572980600293009,7333,0.13771409254807693
276368395014352,7332,0.1376953125
98046305122038,7331,0.13767653245192307
519914836193431,7331,0.13767653245192307
121072687395040,7330,0.13765775240384615
702138319583547,7330,0.13765775240384615
721936750756592,7328,0.13762019230769232
700103815642859,7327,0.1376014122596154
717373703285854,7327,0.1376014122596154
910731549129271,7327,0.1376014122596154
268841597506116,7325,0.13756385216346154
217591202768723,7324,0.1375450721153846
91390247295217,7323,0.13752629206730768
125908157749757,7323,0.13752629206730768
508141371904739,7323,0.13752629206730768
835605679436295,7323,0.13752629206730768
920230112698964,7323,0.13752629206730768
227652498627971,7322,0.13750751201923078
216199206056565,7321,0.13748873197115385
462709870345590,7321,0.13748873197115385
274786893052567,7320,0.13746995192307693
490450907966131,7320,0.13746995192307693
138813595086799,7319,0.137451171875
738811714526964,7319,0.137451171875
909597476520344,7319,0.137451171875
65097774786074,7318,0.13743239182692307
466501647928371,7318,0.13743239182692307
9956025821898,7317,0.13741361177884615
568398255517407,7317,0.13741361177884615
148394003862085,7316,0.13739483173076922
399567596419734,7316,0.13739483173076922
132911844012578,7315,0.13737605168269232
490119699496265,7315,0.13737605168269232
849021831080954,7315,0.13737605168269232
398886194113580,7314,0.1373572716346154
813434747095906,7314,0.1373572716346154
57310177783364,7312,0.13731971153846154
88683995129521,7312,0.13731971153846154
427206111279286,7312,0.13731971153846154
660775983899635,7312,0.13731971153846154
305677447506495,7311,0.1373009314903846
450595614171650,7311,0.1373009314903846
6259467497731,7310,0.13728215144230768
126715272946204,7310,0.13728215144230768
26900248696599,7308,0.13724459134615385
84354197364250,7307,0.13722581129807693
547959434492592,7307,0.13722581129807693
596406247068919,7307,0.13722581129807693
739703373738623,7307,0.13722581129807693
19689820758313,7306,0.13720703125
303297507595044,7306,0.13720703125
566064515538802,7305,0.13718825120192307
735147769089148,7305,0.13718825120192307
878317355823423,7305,0.13718825120192307
508631018998940,7304,0.13716947115384615
669041927568635,7303,0.13715069110576922
211103264985079,7302,0.13713191105769232
598810822773621,7302,0.13713191105769232
548505296989023,7301,0.1371131310096154
649615122357716,7301,0.1371131310096154
883757899016653,7301,0.1371131310096154
802246908780370,7300,0.13709435096153846
288605062781629,7299,0.13707557091346154
598031858627170,7299,0.13707557091346154
714452244376343,7299,0.13707557091346154
790577033732648,7299,0.13707557091346154
559275526025720,7297,0.13703801081730768
799833745806205,7297,0.13703801081730768
579659229255470,7296,0.13701923076923078
895808360427218,7295,0.13700045072115385
7038637902336,7294,0.13698167067307693
347618363734239,7293,0.136962890625
516229756406858,7293,0.136962890625
37786442691396,7292,0.13694411057692307
393175828882780,7292,0.13694411057692307
819815840126753,7292,0.13694411057692307
458834220346303,7290,0.13690655048076922
369275592492129,7289,0.13688777043269232
505900690632768,7289,0.13688777043269232
307993112727386,7287,0.13685021033653846
890877859976664,7287,0.13685021033653846
907114725646807,7287,0.13685021033653846
501150691240772,7286,0.13683143028846154
528748402892077,7285,0.1368126502403846
837562676110576,7283,0.13677509014423078
49881036615041,7282,0.13675631009615385
537770716926526,7282,0.13675631009615385
873251977742580,7282,0.13675631009615385
242836654073862,7281,0.13673753004807693
658275543702030,7281,0.13673753004807693
312441463379808,7279,0.13669996995192307
420779447147341,7279,0.13669996995192307
297010399358807,7277,0.13666240985576922
379873039428716,7277,0.13666240985576922
546476169516483,7276,0.13664362980769232
782341472389045,7276,0.13664362980769232
853258359566494,7276,0.13664362980769232
211346608687213,7275,0.1366248497596154
658493569581377,7275,0.1366248497596154
304983263736582,7274,0.13660606971153846
823898744504732,7273,0.13658728966346154
483980362180258,7272,0.1365685096153846
613183008245247,7272,0.1365685096153846
870598075004996,7272,0.1365685096153846
693760541853737,7270,0.13653094951923078
718249833208471,7270,0.13653094951923078
857102369689745,7270,0.13653094951923078
152976338274325,7268,0.13649338942307693
337385958031366,7268,0.13649338942307693
436335679017773,7268,0.13649338942307693
142593064763912,7267,0.136474609375
163903251163351,7266,0.13645582932692307
460200562623253,7266,0.13645582932692307
674209936699998,7266,0.13645582932692307
627809223567563,7265,0.13643704927884615
45522038890554,7264,0.13641826923076922
674947480166513,7262,0.1363807091346154
217753245406392,7261,0.13636192908653846
289521129823912,7261,0.13636192908653846
894152708347756,7261,0.13636192908653846
395980673291178,7259,0.1363243689903846
826465973725049,7259,0.1363243689903846
872805684382869,7259,0.1363243689903846
914848937424849,7259,0.1363243689903846
152416906956398,7258,0.13630558894230768
658937774899174,7258,0.13630558894230768
660615009191534,7258,0.13630558894230768
661619032837873,7258,0.13630558894230768
550594479625510,7257,0.13628680889423078
913986681062132,7257,0.13628680889423078
639212993768004,7256,0.13626802884615385
674713265965081,7256,0.13626802884615385
179127086783740,7255,0.13624924879807693
516969310478230,7255,0.13624924879807693
451665736455900,7254,0.13623046875
528794333946148,7252,0.13619290865384615
374849665080931,7251,0.13617412860576922
488939825101958,7250,0.13615534855769232
640131309384090,7250,0.13615534855769232
167848979154354,7249,0.1361365685096154
356859217473504,7248,0.13611778846153846
809934325076233,7247,0.13609900841346154
131111654912527,7246,0.1360802283653846
896665033251403,7246,0.1360802283653846
74437195135204,7245,0.13606144831730768
484010253380231,7245,0.13606144831730768
524123640120412,7245,0.13606144831730768
921112297427252,7245,0.13606144831730768
96675795036391,7244,0.13604266826923078
669877891497383,7244,0.13604266826923078
906489277864201,7244,0.13604266826923078
294945089760259,7243,0.13602388822115385
654254135089033,7243,0.13602388822115385
174899906497907,7242,0.13600510817307693
518361147059652,7242,0.13600510817307693
730470714384406,7239,0.13594876802884615
476319637571371,7237,0.13591120793269232
297713698180818,7236,0.1358924278846154
549545208826345,7236,0.1358924278846154
788613871712147,7236,0.1358924278846154
54952024300080,7233,0.1358360877403846
83317365105671,7233,0.1358360877403846
415518464939446,7233,0.1358360877403846
12033390916842,7231,0.13579852764423078
340558214413509,7231,0.13579852764423078
578331131086064,7231,0.13579852764423078
707788771319534,7231,0.13579852764423078
769479395419259,7229,0.13576096754807693
852239385967431,7229,0.13576096754807693
142875236044952,7228,0.1357421875
826322428179132,7228,0.1357421875
159905749343160,7227,0.13572340745192307
89267393071371,7226,0.13570462740384615
680556959681232,7226,0.13570462740384615
116080652986397,7225,0.13568584735576922
345531952014138,7225,0.13568584735576922
349111688204599,7225,0.13568584735576922
385643317584527,7225,0.13568584735576922
850838431989819,7225,0.13568584735576922
246941472472482,7224,0.13566706730769232
297121661671115,7224,0.13566706730769232
453492570374030,7224,0.13566706730769232
612727885341356,7223,0.1356482872596154
213531083470476,7222,0.13562950721153846
33353082423447,7221,0.13561072716346154
542710656970079,7220,0.1355919471153846
421080007745336,7218,0.13555438701923078
467784949873530,7218,0.13555438701923078
891657269802401,7218,0.13555438701923078
410902379660611,7217,0.13553560697115385
908143756201411,7217,0.13553560697115385
668750284601077,7216,0.13551682692307693
880894041947762,7216,0.13551682692307693
258144409219437,7215,0.135498046875
416443686681354,7215,0.135498046875
454331736514119,7215,0.135498046875
553790451105580,7215,0.135498046875
223786853090550,7214,0.13547926682692307
624503701119627,7214,0.13547926682692307
422043570765347,7213,0.13546048677884615
467551715618591,7213,0.13546048677884615
664139784952676,7212,0.13544170673076922
703029001713997,7210,0.1354041466346154
