hash,n_samples,frac_samples,kos,ko_symbols
602460195259448,31975,0.6004920372596154,,
795643185200239,30996,0.5821063701923077,K01893,NARS
179017549978741,30208,0.5673076923076923,K00647;K09458,fabB;fabF
96725241706654,29164,0.5477013221153846,K04043,dnaK
291332461471958,28397,0.5332970252403846,K01610,pckA
497799624405460,25653,0.4817645733173077,K00604,MTFMT
49210086272841,24607,0.4621206430288461,,
774154066533576,24373,0.4577261117788461,K02887,RP-L20
743192852351728,23823,0.4473970853365384,K03177,truB
806884410428910,23667,0.4444673978365384,K03711,fur
552955488301762,23571,0.4426645132211538,,
544326831245460,23504,0.44140625,,
314432802456807,23141,0.4345890925480769,K01933,purM
79270984158446,23121,0.4342134915865384,,
802091719168107,22961,0.4312086838942308,,
669987396218489,22848,0.4290865384615384,,
663792080711771,22797,0.4281287560096153,K00057,gpsA
481636631693457,22595,0.4243351862980769,,
881456100293412,22472,0.4220252403846153,K01875,SARS
211726635845285,22409,0.4208420973557692,K06178;K06182,rluB;rluF
302092356827461,22334,0.41943359375,K02243;K02454;K02504;K02652;K02669;K12276,comGA;gspE;hofB;pilB;pilT;mshE
738487638776305,21954,0.4122971754807692,,
453285660392816,21952,0.4122596153846153,,
133515856625908,21831,0.4099872295673077,K02470,gyrB
119967503267409,21809,0.4095740685096153,K01735,aroB
273294679123084,21751,0.4084848257211538,,
815267276529317,21308,0.4001652644230769,,
580305535782572,21293,0.3998835637019231,K03686,dnaJ
657325074320620,21058,0.3954702524038461,,
205461222791455,20930,0.39306640625,K02337,dnaE
749749934392630,20900,0.3925030048076923,K03702,uvrB
82548567920446,20712,0.3889723557692308,,
634230191623116,20606,0.3869816706730769,,
478753714525497,20598,0.3868314302884615,,
830529053178974,20369,0.3825307992788461,K00019;K00023;K00038;K00059;K00065;K00068;K03366,BDH1;phbB;fabG3;fabG;kduD;srlD;butA
752583860645884,20360,0.3823617788461538,K02340,holA
876589597174538,20231,0.3799391526442308,K01847,MUT
421733680050218,20109,0.3776479867788461,,
606728826313551,20098,0.37744140625,,
88490019099958,20024,0.3760516826923077,K01886,QARS
77985413510565,19786,0.37158203125,,
344064764772518,19784,0.3715444711538461,K04759,feoB
204721784858903,19743,0.3707744891826923,K07007,baiN
374649336477329,19612,0.3683143028846153,K03654,recQ
384230312607227,19612,0.3683143028846153,K08191,exuT
95498887120547,19602,0.3681265024038461,K02484;K07636,K02484;phoR
777997422627172,19468,0.3656099759615384,,
894113210741161,19428,0.3648587740384615,K00075,murB
315666061371287,19204,0.3606520432692308,,
215934227567510,19194,0.3604642427884615,,
672737289929281,19025,0.3572904146634615,,
751358161473337,19001,0.3568396935096153,,
502815608271122,18814,0.3533278245192308,,
683676924614421,18781,0.3527080829326923,,
515340693469737,18775,0.3525954026442308,,
196715276498823,18727,0.3516939603365384,,
68098516986591,18726,0.3516751802884615,,
852347423756305,18691,0.3510178786057692,,
444467017608374,18680,0.3508112980769231,K18118;K22214,aarC;scpC
85507427940245,18642,0.35009765625,,
902398716500194,18627,0.3498159555288461,,
654255429287689,18499,0.347412109375,K02108,ATPF0A
136901727762350,18472,0.3469050480769231,K18011,kamE
611204963789148,18467,0.3468111478365384,K02030,ABC.PA.S
689291317962838,18454,0.3465670072115384,,
847729002880719,18356,0.3447265625,,
708096049109121,18300,0.3436748798076923,K01703,leuC
449367423868212,18267,0.3430551382211538,K07493,K07493
111566751392519,18200,0.341796875,,
154813184195028,18161,0.341064453125,K06173,truA
241457678583636,18045,0.3388859675480769,,
185332357433361,18013,0.3382850060096153,,
597350002701628,17990,0.3378530649038461,,
67073271245544,17986,0.3377779447115384,,
156362925128915,17943,0.3369704026442308,K02031;K10823;K15583,ddpD;oppF;oppD
312562418889078,17916,0.3364633413461538,,
173531186100918,17830,0.3348482572115384,,
424362087979725,17823,0.334716796875,K03671,TXN
706749732483975,17774,0.3337965745192308,,
159249373196643,17747,0.3332895132211538,,
39692033842510,17744,0.3332331730769231,,
155164956417898,17743,0.3332143930288461,,
503482152741598,17717,0.3327261117788461,,
567286241035025,17610,0.3307166466346153,K05340,glcU
287096598716147,17590,0.3303410456730769,K00899,mtnK
557957860291977,17590,0.3303410456730769,K01802,E5.2.1.8
178899761369057,17575,0.3300593449519231,,
552364840063041,17543,0.3294583834134615,K21572,susD
470419263258443,17511,0.328857421875,K03218,rlmB
219742003538225,17507,0.3287823016826923,,
531479607816288,17504,0.3287259615384615,,
327418417754244,17472,0.328125,,
35733519987905,17368,0.326171875,,
415867090982227,17364,0.3260967548076923,,
336508973894742,17362,0.3260591947115384,,
589197321804820,17313,0.3251389723557692,K01880,GARS
468500810985562,17276,0.3244441105769231,,
299779655531859,17259,0.3241248497596153,,
861834225241993,17228,0.3235426682692308,,
800688407264416,17197,0.3229604867788461,,
777232968803709,17092,0.3209885817307692,K01883,CARS
97546345143481,17082,0.32080078125,,
897239607127774,17053,0.3202561598557692,K02355,fusA
250632934213050,17048,0.3201622596153846,K00821,argD
150845581963991,17039,0.3199932391826923,,
481717594632064,17022,0.3196739783653846,,
601658137269393,16988,0.3190354567307692,,
376762371288544,16956,0.3184344951923077,K03703,uvrC
822260386663378,16925,0.3178523137019231,,
569434963792246,16874,0.31689453125,,
114588433168132,16871,0.3168381911057692,K03296,TC.HAE1
655487996988745,16840,0.3162560096153846,,
704204263498079,16836,0.3161808894230769,,
412793782930058,16793,0.3153733473557692,K02933,RP-L6
726609871295418,16793,0.3153733473557692,,
216771478375846,16723,0.3140587439903846,,
695102845561060,16696,0.3135516826923077,K00971,manC
818723380299102,16676,0.3131760817307692,,
759378520190259,16651,0.3127065805288461,,
746516923769293,16649,0.3126690204326923,,
819289356355823,16633,0.3123685396634615,K00962,pnp
595438519534299,16616,0.3120492788461538,,
36309122046707,16554,0.3108849158653846,,
769022115859563,16539,0.3106032151442308,K01972,E6.5.1.2
292516425782387,16511,0.3100773737980769,,
426477334782163,16498,0.3098332331730769,,
76104982123757,16468,0.3092698317307692,K07138,K07138
577369989852090,16413,0.3082369290865384,,
613429201031732,16351,0.3070725661057692,,
434057825423702,16339,0.3068472055288461,,
698038191274786,16336,0.3067908653846153,K11690,dctM
638145122184784,16331,0.3066969651442308,,
599774738725220,16329,0.3066594050480769,,
432314144928668,16319,0.3064716045673077,K02356,efp
78213792521688,16312,0.3063401442307692,,
244372581344676,16309,0.3062838040865384,,
902786401818381,16302,0.30615234375,K02992,RP-S7
143554294230741,16278,0.3057016225961538,,
454118121006424,16266,0.3054762620192308,,
809951932662310,16255,0.3052696814903846,K09808,lolC_E_F
881816474237440,16241,0.3050067608173077,,
375343896264402,16239,0.3049692007211538,,
808078528943546,16237,0.304931640625,,
837644316542109,16232,0.3048377403846153,K01956,carA
426690409018889,16218,0.3045748197115384,,
31823765547012,16210,0.3044245793269231,,
430077383589440,16210,0.3044245793269231,,
180684130966230,16205,0.3043306790865384,,
578190752318918,16190,0.3040489783653846,,
722758189658962,16183,0.3039175180288461,,
174502523704361,16182,0.3038987379807692,K00239,sdhA
71231717093663,16177,0.3038048377403846,K22024,pdxA2
742205723597275,16175,0.3037672776442308,,
249624017221978,16167,0.3036170372596153,,
916805923395960,16161,0.3035043569711538,,
757432765078340,16159,0.303466796875,,
234799495540095,16152,0.3033353365384615,,
252845930140081,16150,0.3032977764423077,K00278,nadB
196704795608979,16144,0.3031850961538461,,
657290321493047,16140,0.3031099759615384,,
34096980919788,16139,0.3030911959134615,,
832396627283704,16129,0.3029033954326923,K07037,pgpH
101446929232267,16122,0.3027719350961538,,
630219619543153,16111,0.3025653545673077,K00876,udk
52856740321833,16109,0.3025277944711538,,
847194283578952,16107,0.302490234375,,
234192741702601,16105,0.3024526742788461,,
218845295290552,16094,0.30224609375,K00625,pta
473637083229713,16091,0.3021897536057692,,
644239381428281,16085,0.3020770733173077,K01873,VARS
703541564826132,16085,0.3020770733173077,,
662777059887510,16078,0.3019456129807692,,
125473662959247,16077,0.3019268329326923,K02316,dnaG
238448060485480,16076,0.3019080528846153,,
819297481995781,16066,0.3017202524038461,,
467499229989734,16054,0.3014948918269231,,
858419826379747,16053,0.3014761117788461,,
559287142951713,16046,0.3013446514423077,K01534,zntA
91096916146646,16045,0.3013258713942308,,
543653756296594,16032,0.3010817307692308,K25010,GE
457229815947406,16028,0.3010066105769231,,
854832471735085,16021,0.3008751502403846,,
265977415287966,16007,0.3006122295673077,,
183733816682580,16002,0.3005183293269231,,
113761031737408,16001,0.3004995492788461,,
555999348206413,16001,0.3004995492788461,,
406186045309112,15980,0.3001051682692308,K03977,engA
283943756295006,15978,0.3000676081730769,,
73098729169347,15977,0.300048828125,K10907,K10907
120632663562544,15976,0.3000300480769231,,
895054205294212,15969,0.2998985877403846,,
468649455805874,15960,0.2997295673076923,,
706740528215399,15952,0.2995793269230769,,
908178908818716,15947,0.2994854266826923,,
240727708923583,15941,0.2993727463942308,,
783244243069517,15934,0.2992412860576923,,
245651557777735,15928,0.2991286057692308,,
514488238144722,15927,0.2991098257211538,,
600255995873307,15927,0.2991098257211538,,
573409175261384,15919,0.2989595853365384,,
854778286234753,15917,0.2989220252403846,,
875493496268565,15917,0.2989220252403846,,
352067685990509,15915,0.2988844651442308,,
684028431275857,15914,0.2988656850961538,,
888924320898421,15908,0.2987530048076923,,
297800913293832,15903,0.2986591045673077,,
167993694650999,15897,0.2985464242788461,,
843319605228591,15894,0.2984900841346153,K07407,E3.2.1.22B
906912857976375,15889,0.2983961838942308,,
813710181469513,15872,0.2980769230769231,,
121224174918315,15866,0.2979642427884615,,
218585446020515,15866,0.2979642427884615,,
441610485256745,15862,0.2978891225961538,,
36102321985401,15848,0.2976262019230769,K15923,AXY8
533687866660358,15838,0.2974384014423077,,
461378568205144,15837,0.2974196213942308,,
856826136010753,15820,0.2971003605769231,,
114135288062320,15803,0.2967810997596153,,
735013546422345,15803,0.2967810997596153,,
377294906215254,15799,0.2967059795673077,,
130850740686838,15798,0.2966871995192308,,
188786747560030,15796,0.2966496394230769,,
345725461649346,15792,0.2965745192307692,,
223209918763601,15790,0.2965369591346153,,
75424434842393,15786,0.2964618389423077,,
520634474428407,15786,0.2964618389423077,,
792527103917973,15783,0.2964054987980769,,
358092816500052,15774,0.2962364783653846,,
670297997796277,15772,0.2961989182692308,,
270300464943688,15765,0.2960674579326923,,
686507368357636,15762,0.2960111177884615,,
110640904084611,15758,0.2959359975961538,,
670822665532345,15743,0.295654296875,,
257034866910966,15742,0.2956355168269231,,
284701300048770,15742,0.2956355168269231,,
324377341422332,15735,0.2955040564903846,,
353586065178889,15729,0.2953913762019231,,
536067756605284,15725,0.2953162560096153,,
748795818113377,15720,0.2952223557692308,,
447034771229614,15716,0.2951472355769231,,
128113127946104,15713,0.2950908954326923,,
241918927360029,15712,0.2950721153846153,,
342258036917308,15711,0.2950533353365384,,
900098842779812,15704,0.294921875,,
529261209262733,15700,0.2948467548076923,,
876498032719677,15699,0.2948279747596153,K00826,E2.6.1.42
571362463832482,15685,0.2945650540865384,,
172763113372288,15680,0.2944711538461538,,
640070785327244,15680,0.2944711538461538,,
115991269627680,15679,0.2944523737980769,,
715316163613901,15676,0.2943960336538461,,
263173642100696,15670,0.2942833533653846,,
273726203329037,15665,0.294189453125,,
225456529002842,15658,0.2940579927884615,,
668419544500743,15658,0.2940579927884615,,
757136832777323,15655,0.2940016526442308,,
121163441709364,15654,0.2939828725961538,K00939,adk
450335314955155,15653,0.2939640925480769,K01649,leuA
30669049613801,15641,0.2937387319711538,,
295214943557250,15634,0.2936072716346153,,
210450318801567,15628,0.2934945913461538,,
472642494876620,15616,0.2932692307692308,,
457204733962162,15600,0.29296875,,
294252881432006,15593,0.2928372896634615,,
138189062951172,15552,0.2920673076923077,,
176516538003712,15545,0.2919358473557692,,
771257918949774,15545,0.2919358473557692,,
870309708690523,15539,0.2918231670673077,,
917646912867420,15525,0.2915602463942308,,
847923341360295,15521,0.2914851262019231,,
816006884155364,15519,0.2914475661057692,K21029,moeB
396080671484701,15518,0.2914287860576923,K02000,proV
423274856076179,15518,0.2914287860576923,,
446376796394961,15516,0.2913912259615384,,
479001164871739,15507,0.2912222055288461,,
415448515846739,15503,0.2911470853365384,,
340616383199004,15495,0.2909968449519231,,
75384210178215,15488,0.2908653846153846,K07085,K07085
46876697049833,15482,0.2907527043269231,,
759398495904322,15478,0.2906775841346153,K05591;K05592,dbpA;deaD
791892208892731,15473,0.2905836838942308,,
123696641650751,15470,0.29052734375,,
671534139178414,15469,0.2905085637019231,,
22637658270325,15461,0.2903583233173077,,
248365636479342,15453,0.2902080829326923,,
348510949663929,15450,0.2901517427884615,,
731235148702953,15424,0.2896634615384615,,
745307750133412,15414,0.2894756610576923,,
327763324772495,15410,0.2894005408653846,,
237587670679511,15409,0.2893817608173077,,
509526165625710,15393,0.2890812800480769,,
54546203759511,15390,0.2890249399038461,K03723,mfd
581879625673973,15384,0.2889122596153846,,
126709255979945,15376,0.2887620192307692,,
852480865585991,15364,0.2885366586538461,,
307845786614762,15354,0.2883488581730769,,
237868991696647,15348,0.2882361778846153,,
813034288115749,15330,0.2878981370192308,,
210733716431301,15329,0.2878793569711538,,
711022982365414,15328,0.2878605769230769,,
674509751601016,15321,0.2877291165865384,,
487916994632913,15318,0.2876727764423077,,
130791701075956,15313,0.2875788762019231,,
222385993585189,15304,0.2874098557692308,,
460982964605468,15298,0.2872971754807692,,
97177313241479,15292,0.2871844951923077,,
401006403574404,15289,0.2871281550480769,,
269686440398781,15287,0.2870905949519231,,
247219639222646,15279,0.2869403545673077,,
672933195793014,15265,0.2866774338942308,,
85341094428344,15262,0.28662109375,,
244364960946009,15259,0.2865647536057692,,
240600382028784,15252,0.2864332932692308,,
115918079768189,15235,0.2861140324519231,,
781653441354267,15215,0.2857384314903846,,
851504942796347,15208,0.2856069711538461,K06023,hprK
146484074982987,15196,0.2853816105769231,,
520492176923683,15190,0.2852689302884615,,
708167959453191,15190,0.2852689302884615,,
372076041183201,15185,0.2851750300480769,,
469106601810993,15173,0.2849496694711538,,
827930300653966,15160,0.2847055288461538,,
593074677972215,15159,0.2846867487980769,K03427,hsdM
823742352373488,15153,0.2845740685096153,,
612459377292041,15126,0.2840670072115384,,
789140632926785,15109,0.2837477463942308,K02283,cpaF
795874644234314,15098,0.2835411658653846,,
105420533424406,15087,0.2833345853365384,,
264378740623897,15083,0.2832594651442308,K18349,vanRC
739532439593273,15075,0.2831092247596153,,
593367857406300,15074,0.2830904447115384,,
690208037730666,15068,0.2829777644230769,K01736;K07261,aroC;mepA
214491773393615,15067,0.282958984375,,
178815809120006,15061,0.2828463040865384,,
142699000279709,15059,0.2828087439903846,,
231816274095109,15053,0.2826960637019231,,
25481251528119,15051,0.2826585036057692,,
634722148381521,15051,0.2826585036057692,,
762638058217343,15044,0.2825270432692308,,
339576699272890,15043,0.2825082632211538,,
422854986894382,15032,0.2823016826923077,,
147425027608252,15031,0.2822829026442308,,
145397706878453,15030,0.2822641225961538,,
4377898093452,15009,0.2818697415865384,,
331641444474198,15000,0.2817007211538461,,
899241734903453,14987,0.2814565805288461,,
817885414347232,14982,0.2813626802884615,K09955,K09955
756958834208700,14973,0.2811936598557692,,
253063740848467,14967,0.2810809795673077,K00790,murA
442355488507196,14956,0.2808743990384615,,
909424489668093,14947,0.2807053786057692,,
897511472875407,14943,0.2806302584134615,,
101376985040940,14940,0.2805739182692308,,
266632060687359,14937,0.280517578125,,
596027471167031,14933,0.2804424579326923,,
503623014745150,14927,0.2803297776442308,,
14744060426645,14914,0.2800856370192308,,
147101602647377,14912,0.2800480769230769,,
825753273218958,14911,0.280029296875,,
890371609065246,14906,0.2799353966346153,,
518860294337477,14898,0.27978515625,K00014;K05887,aroE;ydiB
297041681611019,14896,0.2797475961538461,,
147643011790505,14888,0.2795973557692308,,
493970861731320,14884,0.2795222355769231,,
871745226864293,14880,0.2794471153846153,K02337,dnaE
1208800124800,14878,0.2794095552884615,,
360103575479538,14871,0.2792780949519231,,
900741373559954,14870,0.2792593149038461,,
646375916397523,14861,0.2790902944711538,,
487388557193686,14827,0.2784517728365384,,
284761842666815,14808,0.2780949519230769,,
315773407385652,14795,0.2778508112980769,,
795562973298848,14778,0.2775315504807692,,
569637724735803,14776,0.2774939903846153,K01945,purD
38729506079332,14775,0.2774752103365384,,
97393884770679,14775,0.2774752103365384,,
776999005404499,14770,0.2773813100961538,,
565046884930016,14756,0.2771183894230769,,
11287284155983,14750,0.2770057091346153,,
420910975552024,14744,0.2768930288461538,K01262,pepP
469824387278715,14728,0.2765925480769231,,
856094617225886,14716,0.2763671875,,
761328043519930,14714,0.2763296274038461,,
306574578276962,14709,0.2762357271634615,,
711350891662173,14691,0.2758976862980769,,
524573976051660,14678,0.2756535456730769,,
643628292129615,14644,0.2750150240384615,K07003,K07003
119541758853828,14624,0.2746394230769231,,
48421130366978,14612,0.2744140625,K02622,parE
34085530071870,14604,0.2742638221153846,,
199146229290180,14604,0.2742638221153846,,
523939828382346,14600,0.2741887019230769,,
613156533302736,14590,0.2740009014423077,K14698,irtA
311412587987305,14583,0.2738694411057692,,
864042090965912,14580,0.2738131009615384,K03284,corA
678789036259743,14570,0.2736253004807692,,
632023085583949,14560,0.2734375,,
65338416967315,14555,0.2733435997596153,,
749829187969417,14547,0.273193359375,K00147,proA
313221931699701,14536,0.2729867788461538,,
712144378625098,14536,0.2729867788461538,,
56851546507372,14526,0.2727989783653846,,
59387351191213,14525,0.2727801983173077,,
855936350122941,14515,0.2725923978365384,,
284590370776809,14507,0.2724421574519231,,
400879239358029,14503,0.2723670372596153,,
65266324339304,14499,0.2722919170673077,,
124374695229909,14495,0.272216796875,,
324196535464717,14492,0.2721604567307692,,
424695500810649,14491,0.2721416766826923,K03581,recD
866142594600849,14486,0.2720477764423077,,
712694357941543,14483,0.2719914362980769,,
652110673524776,14471,0.2717660757211538,,
464465280514622,14450,0.2713716947115384,,
705279289960477,14450,0.2713716947115384,,
626790549163772,14448,0.2713341346153846,K05349,bglX
12245597510293,14445,0.2712777944711538,,
489688002771612,14433,0.2710524338942308,,
178989598111537,14430,0.27099609375,,
34232212329686,14397,0.2703763521634615,K16785,ecfT
921664732202706,14385,0.2701509915865384,,
729022693992526,14378,0.27001953125,,
101475292296590,14364,0.2697566105769231,K05884,comC
291375764024087,14353,0.2695500300480769,,
255126764488028,14345,0.2693997896634615,K00688,PYG
143059293143094,14338,0.2692683293269231,K03737,por
52239383267742,14335,0.2692119891826923,,
157084494660957,14331,0.2691368689903846,,
609713130355759,14318,0.2688927283653846,,
63885739145809,14316,0.2688551682692308,,
518256018838869,14306,0.2686673677884615,,
753562115759146,14297,0.2684983473557692,,
51998436175384,14288,0.2683293269230769,,
179823895795721,14282,0.2682166466346153,K11749,rseP
270768737790790,14258,0.2677659254807692,K01190,lacZ
906842465835037,14225,0.2671461838942308,K00847,E2.7.1.4
638371746894290,14213,0.2669208233173077,,
154297576784294,14209,0.266845703125,,
410451342057269,14200,0.2666766826923077,,
893801746186022,14197,0.2666203425480769,,
871284597354609,14196,0.2666015625,K05349,bglX
79607278677178,14165,0.2660193810096153,,
609870280147841,14160,0.2659254807692308,,
799537440388421,14134,0.2654371995192308,K10108,malE
361975426300220,14115,0.2650803786057692,,
622332784231381,14112,0.2650240384615384,,
312731244774684,14090,0.2646108774038461,,
149015341407491,14089,0.2645920973557692,K03188,ureF
782502174634135,14089,0.2645920973557692,,
808717752904610,14086,0.2645357572115384,,
467472542855672,14084,0.2644981971153846,,
493738199391758,14083,0.2644794170673077,K06168,CDK5RAP1
192769643956330,14081,0.2644418569711538,,
921688516612014,14079,0.264404296875,,
732320466804444,14076,0.2643479567307692,,
829103294106959,14076,0.2643479567307692,K05349,bglX
780849268329359,14068,0.2641977163461538,,
9790087112764,14056,0.2639723557692308,,
111555236391894,14047,0.2638033353365384,,
100110794967703,14044,0.2637469951923077,K18887,efrA
920892800267717,14041,0.2636906550480769,,
298161045055860,14036,0.2635967548076923,,
589848944191805,14022,0.2633338341346153,,
526679367484716,14015,0.2632023737980769,,
28476928782906,13990,0.2627328725961538,,
125209517689487,13983,0.2626014122596153,,
43240718513390,13971,0.2623760516826923,,
150951353629155,13962,0.26220703125,K01870,IARS
318369634015533,13950,0.2619816706730769,,
761495032486190,13949,0.261962890625,,
701515084460819,13942,0.2618314302884615,,
888780319382873,13912,0.2612680288461538,,
166986677542121,13907,0.2611741286057692,,
624442351702308,13894,0.2609299879807692,,
916546545786893,13892,0.2608924278846153,,
19879149380363,13886,0.2607797475961538,,
899246297906113,13886,0.2607797475961538,,
845382846374052,13884,0.2607421875,,
879229579474504,13877,0.2606107271634615,,
882217341519864,13860,0.2602914663461538,,
703120291180139,13841,0.2599346454326923,,
456373084127733,13827,0.2596717247596153,,
541359102173920,13826,0.2596529447115384,K06941,rlmN
281207155816312,13814,0.2594275841346153,,
586184966875780,13810,0.2593524639423077,,
25091617831410,13804,0.2592397836538461,,
596143035569004,13800,0.2591646634615384,,
84316392734623,13799,0.2591458834134615,,
895319253856167,13796,0.2590895432692308,,
491393799721287,13794,0.2590519831730769,,
624174776253687,13793,0.259033203125,,
261327205371887,13792,0.2590144230769231,,
272764816892320,13790,0.2589768629807692,,
777388093798669,13790,0.2589768629807692,K03367,dltA
258586849132359,13774,0.2586763822115384,,
841858720997300,13774,0.2586763822115384,,
567568300561043,13770,0.2586012620192308,,
657457135796370,13768,0.2585637019230769,,
751178333672236,13768,0.2585637019230769,K01547,kdpB
836780967009771,13763,0.2584698016826923,,
308469257200988,13762,0.2584510216346153,,
795893404876228,13754,0.25830078125,,
846723305122223,13745,0.2581317608173077,,
665268687658893,13737,0.2579815204326923,,
590004762202038,13736,0.2579627403846153,,
626517858546060,13736,0.2579627403846153,,
87111630952016,13733,0.2579064002403846,,
109575562492642,13730,0.2578500600961538,,
168971091678840,13730,0.2578500600961538,K02118,ATPVB
671367753258847,13727,0.2577937199519231,,
403532222134066,13722,0.2576998197115384,,
145385551087221,13716,0.2575871394230769,,
543505223093284,13716,0.2575871394230769,,
631287377977012,13716,0.2575871394230769,,
885933381065232,13711,0.2574932391826923,K03778,ldhA
504270436699351,13706,0.2573993389423077,,
470325073932853,13703,0.2573429987980769,,
875916006486364,13702,0.25732421875,,
759851666293548,13700,0.2572866586538461,,
88268076604365,13683,0.2569673978365384,K03581,recD
427344537006952,13678,0.2568734975961538,K01802,E5.2.1.8
202832858773282,13675,0.2568171574519231,,
103384676865140,13667,0.2566669170673077,,
441220114140546,13661,0.2565542367788461,,
55480409487021,13656,0.2564603365384615,,
890072399735608,13649,0.2563288762019231,,
354829009062004,13645,0.2562537560096153,,
662437604415193,13645,0.2562537560096153,,
494709235896874,13636,0.2560847355769231,,
129965733127499,13634,0.2560471754807692,,
207922288047445,13630,0.2559720552884615,,
809056114975564,13617,0.2557279146634615,,
302964030308245,13610,0.2555964543269231,,
915251283715268,13605,0.2555025540865384,,
666292754391484,13604,0.2554837740384615,K00864,glpK
579245255727974,13602,0.2554462139423077,,
313530229419211,13601,0.2554274338942308,K01869,LARS
317311591171566,13596,0.2553335336538461,,
349480550809155,13575,0.2549391526442308,,
679970039909995,13575,0.2549391526442308,,
42350229464125,13567,0.2547889122596153,,
255674403488380,13564,0.2547325721153846,,
587311539372870,13563,0.2547137920673077,,
474533366358566,13555,0.2545635516826923,,
396065719212949,13553,0.2545259915865384,,
5349093464206,13549,0.2544508713942308,,
230125292434081,13547,0.2544133112980769,,
247753024462700,13546,0.25439453125,,
644485801194603,13541,0.2543006310096153,K05988,dexA
918996947796404,13533,0.254150390625,,
301559178758772,13529,0.2540752704326923,,
231989661608321,13528,0.2540564903846153,,
92201315771344,13523,0.2539625901442308,,
247710398376454,13522,0.2539438100961538,,
410494892227018,13519,0.2538874699519231,,
644874072228540,13513,0.2537747896634615,,
766544463976532,13513,0.2537747896634615,,
69682272851706,13499,0.2535118689903846,,
399339899560419,13499,0.2535118689903846,,
825643538031066,13489,0.2533240685096153,,
878300550429160,13489,0.2533240685096153,,
831137003681670,13487,0.2532865084134615,,
291142228856888,13475,0.2530611478365384,K01938,fhs
838701606894748,13473,0.2530235877403846,K01079,serB
743779174766146,13464,0.2528545673076923,K08301,rng
59884171207300,13457,0.2527231069711538,,
213489559738784,13455,0.252685546875,,
647676260244028,13453,0.2526479867788461,,
770739251433273,13446,0.2525165264423077,,
242142790805770,13442,0.25244140625,,
757755618129130,13439,0.2523850661057692,,
37478112017917,13432,0.2522536057692308,,
631200238701760,13431,0.2522348257211538,,
598267244594943,13429,0.252197265625,,
920031568227363,13418,0.2519906850961538,,
361094129385496,13412,0.2518780048076923,K03043,rpoB
782189902517963,13411,0.2518592247596153,,
421479729677657,13404,0.2517277644230769,K02315,dnaC
873423029162698,13398,0.2516150841346153,,
128158360800720,13395,0.2515587439903846,,
883092682576927,13386,0.2513897235576923,,
692867619491867,13384,0.2513521634615384,,
737664974201195,13381,0.2512958233173077,K00982,glnE
151959343208120,13377,0.251220703125,,
807913537336870,13375,0.2511831430288461,,
397534278656652,13370,0.2510892427884615,,
612872655472958,13370,0.2510892427884615,,
469358408053235,13369,0.2510704627403846,,
610725866864222,13363,0.2509577824519231,,
202627906979919,13361,0.2509202223557692,,
256211495454987,13361,0.2509202223557692,,
167193899331850,13359,0.2508826622596153,,
548719785611010,13357,0.2508451021634615,,
45320918635720,13354,0.2507887620192308,,
363085376649605,13346,0.2506385216346153,,
20556336320128,13340,0.2505258413461538,,
731755193234958,13332,0.2503756009615384,,
638026912665424,13329,0.2503192608173077,,
646526396741649,13322,0.2501878004807692,,
914910838656029,13318,0.2501126802884615,,
605664839967339,13313,0.2500187800480769,,
691610133829049,13311,0.249981219951923,,
377027196201813,13306,0.2498873197115384,,
542338260137056,13304,0.2498497596153846,,
855312019238248,13303,0.2498309795673076,,
195252993245137,13292,0.2496243990384615,,
704265157360723,13286,0.24951171875,,
899499844151240,13278,0.2493614783653846,K00690,gtfA
745405812956148,13276,0.2493239182692307,,
193008575538536,13265,0.2491173377403846,,
51929716559180,13254,0.2489107572115384,,
375295575573939,13240,0.2486478365384615,K01990,ABC-2.A
807863736747037,13234,0.24853515625,,
870730931974499,13226,0.2483849158653846,,
230769153001419,13225,0.2483661358173076,,
355436474716181,13221,0.248291015625,,
802674271665350,13217,0.2482158954326923,,
187407710637824,13215,0.2481783353365384,K03043,rpoB
607391201501502,13214,0.2481595552884615,,
591867930293859,13213,0.2481407752403846,,
428341735673816,13207,0.248028094951923,K01179,E3.2.1.4
625250885445119,13207,0.248028094951923,,
860056552005328,13196,0.2478215144230769,,
628096679985816,13194,0.247783954326923,,
179035461350875,13186,0.2476337139423076,,
885794420864164,13186,0.2476337139423076,,
385580729671517,13178,0.2474834735576923,,
810464069623291,13175,0.2474271334134615,,
476122234743568,13171,0.2473520132211538,,
873442640179686,13170,0.2473332331730769,,
764541447589578,13165,0.2472393329326923,,
101424786435646,13161,0.2471642127403846,,
138357523535816,13159,0.2471266526442307,K06405,spoVAC
237909159606716,13149,0.2469388521634615,,
305687036591650,13148,0.2469200721153846,,
779201648278140,13148,0.2469200721153846,,
434015355530988,13147,0.2469012920673076,,
74946092753368,13143,0.246826171875,,
593158526858237,13142,0.246807391826923,,
280639746675784,13141,0.2467886117788461,K04759,feoB
703058648401278,13139,0.2467510516826923,,
760800244611873,13138,0.2467322716346154,,
438745614484961,13137,0.2467134915865384,,
6058025284818,13136,0.2466947115384615,,
368576396534541,13133,0.2466383713942307,,
341475160083329,13131,0.2466008112980769,,
643783629397394,13131,0.2466008112980769,,
5382900270823,13130,0.24658203125,,
392292256235072,13124,0.2464693509615384,,
416525761011681,13122,0.2464317908653846,,
209397432553214,13118,0.2463566706730769,,
858730824133855,13117,0.246337890625,,
82716655179949,13116,0.246319110576923,,
269180647158899,13115,0.2463003305288461,,
441591743349861,13113,0.2462627704326923,,
248022049658940,13106,0.2461313100961538,K04083,hslO
799482327756059,13103,0.246074969951923,,
188139356026482,13094,0.2459059495192307,,
267889812981903,13094,0.2459059495192307,,
201292730174655,13091,0.245849609375,,
177479207333073,13090,0.245830829326923,,
242112223068462,13086,0.2457557091346154,,
675442305700037,13080,0.2456430288461538,,
697495749687655,13071,0.2454740084134615,,
236663153329905,13070,0.2454552283653846,,
30933904686291,13066,0.2453801081730769,K10773,NTHL1
232598447949597,13066,0.2453801081730769,,
788450406638193,13062,0.2453049879807692,,
483616880621557,13054,0.2451547475961538,,
597406983784853,13046,0.2450045072115384,K03043,rpoB
757887124968915,13046,0.2450045072115384,K02314,dnaB
419581528424213,13044,0.2449669471153846,,
455097179621639,13043,0.2449481670673076,,
596959169497422,13041,0.2449106069711538,,
46941358826155,13035,0.2447979266826923,,
548304297108361,13031,0.2447228064903846,,
914792643232064,13031,0.2447228064903846,,
385161627327419,13026,0.24462890625,,
557087515861559,13026,0.24462890625,,
284126542935397,13025,0.244610126201923,,
247906516150625,13022,0.2445537860576923,,
12292515988369,13019,0.2444974459134615,,
261727187620538,13010,0.2443284254807692,,
669987488636708,13008,0.2442908653846154,,
700988744199714,13008,0.2442908653846154,,
161110084967120,13006,0.2442533052884615,,
66565299892246,13005,0.2442345252403846,,
211661083630383,13005,0.2442345252403846,,
335061821033881,13003,0.2441969651442307,,
402830333889438,12997,0.2440842848557692,,
351478459496538,12995,0.2440467247596154,,
318648392819555,12988,0.2439152644230769,,
865672467362595,12988,0.2439152644230769,,
877952549860428,12983,0.2438213641826923,,
78499733343878,12971,0.2435960036057692,,
261006345944780,12966,0.2435021033653846,,
129365462620781,12958,0.2433518629807692,,
107101583417444,12956,0.2433143028846154,,
401828535878625,12954,0.2432767427884615,,
3998019349040,12945,0.2431077223557692,,
106285672323950,12939,0.2429950420673076,,
919454188728594,12937,0.2429574819711538,,
103815078408773,12935,0.242919921875,,
418057675038638,12931,0.2428448016826923,,
866175228521280,12931,0.2428448016826923,,
775649846478603,12917,0.2425818810096154,,
396097394142327,12911,0.2424692007211538,,
796177447485236,12911,0.2424692007211538,,
628908053660156,12910,0.2424504206730769,K04485,radA
391578886119659,12909,0.242431640625,,
746731476950616,12904,0.2423377403846154,,
3034524277227,12894,0.2421499399038461,,
392180701811036,12894,0.2421499399038461,,
786524043644601,12890,0.2420748197115384,,
888123533778905,12888,0.2420372596153846,,
844689902190766,12884,0.2419621394230769,,
525270931415103,12883,0.241943359375,,
542141067838534,12880,0.2418870192307692,,
355602984712172,12879,0.2418682391826923,,
132035434946517,12876,0.2418118990384615,,
590925464760957,12874,0.2417743389423076,,
154259256299948,12873,0.2417555588942307,K01643,citF
864728422395720,12873,0.2417555588942307,,
635002863133685,12872,0.2417367788461538,,
213899591385665,12869,0.241680438701923,,
274199312238474,12868,0.2416616586538461,K06117,E3.1.3.21
820784869357277,12868,0.2416616586538461,,
9181401875178,12859,0.2414926382211538,,
847957330640337,12856,0.241436298076923,,
724547192364890,12853,0.2413799579326923,,
10583793337687,12851,0.2413423978365384,,
739006906642947,12849,0.2413048377403846,,
604465539530576,12847,0.2412672776442307,K10011,arnA
175697705315569,12843,0.241192157451923,,
365687188247257,12842,0.2411733774038461,,
441129890029314,12839,0.2411170372596154,,
148840017086836,12838,0.2410982572115384,K03205,virD4
232362573021115,12837,0.2410794771634615,,
863786508869466,12837,0.2410794771634615,,
10962687456647,12836,0.2410606971153846,,
558521231139508,12836,0.2410606971153846,,
785822595065262,12836,0.2410606971153846,,
684950275790831,12834,0.2410231370192307,,
683135214954745,12831,0.240966796875,,
37705678092936,12820,0.2407602163461538,,
554426194418813,12814,0.2406475360576923,,
706016318563549,12802,0.2404221754807692,,
852462257280584,12800,0.2403846153846154,,
665599115742956,12799,0.2403658353365384,,
526696428346561,12798,0.2403470552884615,K12308,bgaB
73762975059361,12791,0.240215594951923,,
259647391138363,12791,0.240215594951923,,
895120273214680,12790,0.2401968149038461,,
800148547649936,12785,0.2401029146634615,,
867438681008628,12785,0.2401029146634615,K21572,susD
116147867630184,12783,0.2400653545673076,,
283087982659121,12773,0.2398775540865384,,
291953661414220,12771,0.2398399939903846,,
339231343931987,12768,0.2397836538461538,,
701503229648555,12762,0.2396709735576923,,
277450307997861,12760,0.2396334134615384,,
329400953951183,12760,0.2396334134615384,,
358563588332818,12758,0.2395958533653846,,
885255892637286,12757,0.2395770733173076,,
642717903781305,12753,0.239501953125,K00648,fabH
51656972475783,12751,0.2394643930288461,,
782925166820685,12751,0.2394643930288461,,
469812726805825,12748,0.2394080528846154,,
57612152567142,12745,0.2393517127403846,K02434,gatB
731307562653422,12743,0.2393141526442307,,
592260829339024,12739,0.239239032451923,,
862459390521617,12737,0.2392014723557692,,
877871736394560,12736,0.2391826923076923,,
496260411637244,12733,0.2391263521634615,,
20037259295338,12732,0.2391075721153846,,
548093918905565,12732,0.2391075721153846,K07784,uhpT
587726318194532,12730,0.2390700120192307,,
641787470994657,12730,0.2390700120192307,,
164745321929663,12726,0.238994891826923,,
434203455910012,12726,0.238994891826923,,
558305790113967,12726,0.238994891826923,K01206,FUCA
67565980280043,12725,0.2389761117788461,,
161469340179369,12724,0.2389573317307692,,
122716316908139,12719,0.2388634314903846,K19411,mcsA
693700696903095,12718,0.2388446514423076,,
625163184618782,12714,0.23876953125,K18954,pobR
567839703485254,12711,0.2387131911057692,,
77350949929352,12710,0.2386944110576923,,
487538865266377,12710,0.2386944110576923,,
309508098756904,12699,0.2384878305288461,,
773852513245684,12699,0.2384878305288461,,
180557282133131,12698,0.2384690504807692,,
733078237413409,12698,0.2384690504807692,,
395349238704599,12697,0.2384502704326923,,
785558832628577,12692,0.2383563701923076,,
57180441673242,12691,0.2383375901442307,,
411653836843124,12691,0.2383375901442307,,
442421007713019,12689,0.2383000300480769,,
606592446285705,12688,0.23828125,,
703211881488586,12687,0.238262469951923,,
613290303365710,12685,0.2382249098557692,,
768443729067775,12685,0.2382249098557692,,
463536443035650,12681,0.2381497896634615,,
273876376199129,12680,0.2381310096153846,K02334,dpo
593137370935430,12672,0.2379807692307692,,
700785776682361,12670,0.2379432091346154,,
328479553694017,12664,0.2378305288461538,,
762984235466189,12664,0.2378305288461538,,
515238719667589,12661,0.237774188701923,,
843079905120586,12660,0.2377554086538461,,
597116786845965,12655,0.2376615084134615,,
822695594549021,12654,0.2376427283653846,K10844,ERCC2
562826006237754,12648,0.237530048076923,,
806507889857487,12643,0.2374361478365384,,
825970944967447,12642,0.2374173677884615,,
561113447468634,12632,0.2372295673076923,,
803060550154280,12632,0.2372295673076923,,
467782904609467,12630,0.2371920072115384,,
909724680671001,12627,0.2371356670673076,,
426951382862907,12624,0.2370793269230769,,
858786488447293,12621,0.2370229867788461,,
403070331878410,12618,0.2369666466346154,,
813017513424397,12612,0.2368539663461538,,
889893895011147,12611,0.2368351862980769,,
74574199604328,12601,0.2366473858173076,K00265;K22083,gltB;mgsC
474906602308659,12601,0.2366473858173076,K07165,fecR
20217966091876,12596,0.236553485576923,,
429324797277461,12595,0.2365347055288461,,
804966562529259,12594,0.2365159254807692,,
437245926339347,12592,0.2364783653846154,,
255099199940868,12591,0.2364595853365384,,
665885095061460,12591,0.2364595853365384,,
37666540577919,12589,0.2364220252403846,K03168,topA
44155231003593,12588,0.2364032451923076,,
609687053798626,12588,0.2364032451923076,,
102540628635191,12587,0.2363844651442307,K00937,ppk1
780172956853232,12571,0.236083984375,,
113555504029893,12569,0.2360464242788461,,
699725007066192,12556,0.2358022836538461,,
840222065939511,12555,0.2357835036057692,,
706843201499287,12553,0.2357459435096154,,
192234287245047,12551,0.2357083834134615,,
495278581922352,12551,0.2357083834134615,,
748315146600630,12548,0.2356520432692307,,
465035683190569,12547,0.2356332632211538,,
393526721515963,12542,0.2355393629807692,,
318001914253254,12541,0.2355205829326923,,
272399341625897,12534,0.2353891225961538,,
702861923560779,12525,0.2352201021634615,K21572,susD
523658163863637,12524,0.2352013221153846,,
247857205116968,12521,0.2351449819711538,,
364885205412678,12521,0.2351449819711538,,
682582832020257,12517,0.2350698617788461,,
147330146762496,12515,0.2350323016826923,,
668665013016922,12513,0.2349947415865384,,
100623690148332,12506,0.23486328125,,
820753100541207,12503,0.2348069411057692,,
830156920004079,12500,0.2347506009615384,K03216,trmL
471790257829147,12499,0.2347318209134615,,
900392510912527,12499,0.2347318209134615,,
455963550255087,12491,0.2345815805288461,,
93103734050299,12488,0.2345252403846154,,
69959064819152,12479,0.234356219951923,K03840,fldB
835962103194547,12479,0.234356219951923,K01191,MAN2C1
747409113284138,12477,0.2343186598557692,K07711,glrK
488264185690703,12476,0.2342998798076923,K02469;K02621,gyrA;parC
58162473115549,12472,0.2342247596153846,K21636,nrdD
745937652803909,12472,0.2342247596153846,,
258782644983630,12471,0.2342059795673076,K21572,susD
466951928152007,12469,0.2341684194711538,,
155616807543775,12467,0.234130859375,K08305,mltB
614952639833365,12463,0.2340557391826923,,
355407437195882,12458,0.2339618389423076,,
26917453135336,12454,0.23388671875,K10773,NTHL1
643611599262505,12454,0.23388671875,,
516259899861954,12453,0.233867938701923,,
326910316588029,12449,0.2337928185096154,,
690351419183194,12448,0.2337740384615384,,
369735866672454,12443,0.2336801382211538,,
787765502583803,12440,0.233623798076923,,
765672799792455,12439,0.2336050180288461,,
914840401156814,12434,0.2335111177884615,,
847191447811587,12433,0.2334923377403846,,
634393120822294,12432,0.2334735576923076,,
157939941262327,12431,0.2334547776442307,,
674760805665582,12427,0.233379657451923,,
329426035494757,12418,0.2332106370192307,,
660849706429345,12417,0.2331918569711538,K12574,rnj
469664935115688,12416,0.2331730769230769,,
71300388266804,12409,0.2330416165865384,K03551,ruvB
637388618792413,12406,0.2329852764423076,,
67511826235628,12404,0.2329477163461538,,
494792594449054,12401,0.232891376201923,,
236377870818345,12398,0.2328350360576923,,
464303793944257,12392,0.2327223557692307,K08723,yjjG
148197928906646,12390,0.2326847956730769,,
497680530687501,12386,0.2326096754807692,,
749283305898245,12384,0.2325721153846154,,
51527787257428,12382,0.2325345552884615,K03411,cheD
136581037305145,12379,0.2324782151442307,K01338,lon
660960889868846,12374,0.2323843149038461,,
544767853248439,12370,0.2323091947115384,,
188614092994873,12368,0.2322716346153846,K00133,asd
656781569565286,12366,0.2322340745192307,,
549116379158133,12362,0.232158954326923,,
843714710173715,12352,0.2319711538461538,,
876091112111884,12350,0.23193359375,,
55846395888417,12348,0.2318960336538461,,
148571504459095,12346,0.2318584735576923,,
259076473010823,12345,0.2318396935096154,,
196008460822590,12341,0.2317645733173076,,
197640570796196,12332,0.2315955528846154,K03534,rhaM
778511450709699,12331,0.2315767728365384,,
13266564625657,12329,0.2315392127403846,,
485476753669289,12328,0.2315204326923076,,
235815371351669,12326,0.2314828725961538,,
108290215662756,12324,0.2314453125,,
735390937403766,12323,0.231426532451923,,
782898962402911,12319,0.2313514122596154,,
14339263376150,12318,0.2313326322115384,,
355630950162346,12308,0.2311448317307692,,
432859369681469,12308,0.2311448317307692,,
502564953535465,12297,0.230938251201923,,
373013362936668,12294,0.2308819110576923,,
367127148228807,12289,0.2307880108173076,,
109958766765601,12288,0.2307692307692307,K00557,trmA
513896531567964,12277,0.2305626502403846,K20509,madB
448998457170182,12275,0.2305250901442307,,
827062826311368,12269,0.2304124098557692,,
884033641906466,12266,0.2303560697115384,,
280732462931826,12264,0.2303185096153846,,
471490189811172,12264,0.2303185096153846,,
675566647140088,12264,0.2303185096153846,,
768704381568632,12242,0.2299053485576923,,
264653959832689,12240,0.2298677884615384,,
831432848172858,12240,0.2298677884615384,,
187528443947350,12238,0.2298302283653846,,
248093233149628,12236,0.2297926682692307,,
271280320063544,12226,0.2296048677884615,K00796;K03431,folP;glmM
591572616076703,12220,0.2294921875,,
31610874534497,12219,0.229473407451923,,
609854509636705,12213,0.2293607271634615,,
722935050397762,12206,0.229229266826923,K01714,dapA
439134016678062,12202,0.2291541466346154,K21572,susD
885301457852190,12201,0.2291353665865384,,
869501234045455,12199,0.2290978064903846,,
740192438785872,12198,0.2290790264423076,K01925,murD
656586668880871,12194,0.22900390625,,
18902964203836,12192,0.2289663461538461,,
692564520303148,12186,0.2288536658653846,K16926,htsT
62288455394523,12183,0.2287973257211538,,
387706416633919,12180,0.228740985576923,K02231,cobP
57199388461034,12176,0.2286658653846154,,
317857933093310,12176,0.2286658653846154,,
140895959555218,12172,0.2285907451923076,,
246027470520721,12169,0.2285344050480769,,
761970143721144,12167,0.228496844951923,K03698,cbf
447725988249082,12165,0.2284592848557692,,
399485910158113,12163,0.2284217247596154,,
565409253574920,12162,0.2284029447115384,,
878242146460350,12156,0.2282902644230769,,
379685670546958,12148,0.2281400240384615,,
598889561919305,12146,0.2281024639423076,,
483254932722288,12142,0.22802734375,,
446127710231361,12137,0.2279334435096154,,
687738646742071,12123,0.2276705228365384,,
518170598814162,12116,0.2275390625,,
74273160858876,12111,0.2274451622596154,,
204708961075732,12106,0.2273512620192307,,
850707991369093,12104,0.2273137019230769,,
573027571814022,12102,0.227276141826923,,
214381519780818,12097,0.2271822415865384,,
909299744843919,12097,0.2271822415865384,,
783953409767231,12092,0.2270883413461538,,
468742325163047,12088,0.2270132211538461,,
832286822624853,12088,0.2270132211538461,,
215598601837922,12087,0.2269944411057692,,
799163363634115,12083,0.2269193209134615,,
920833329154177,12083,0.2269193209134615,,
483657010690251,12077,0.226806640625,,
539339628358576,12076,0.226787860576923,,
240294976667620,12062,0.2265249399038461,,
836069408755837,12059,0.2264685997596154,,
258091022491654,12055,0.2263934795673076,,
166386121268036,12046,0.2262244591346154,K01993,ABC-2.TX
818082393885927,12046,0.2262244591346154,,
882916204414128,12044,0.2261868990384615,,
671874493672434,12042,0.2261493389423076,K24847,rlhA
202925749360897,12041,0.2261305588942307,,
139551193807592,12039,0.2260929987980769,,
177293921175516,12030,0.2259239783653846,,
337027923131592,12005,0.2254544771634615,,
560872074381481,12001,0.2253793569711538,,
335699678135488,11996,0.2252854567307692,,
292464806057124,11995,0.2252666766826923,K02000,proV
294655858658428,11995,0.2252666766826923,,
666304776478628,11991,0.2251915564903846,K03654,recQ
126151026892281,11987,0.2251164362980769,,
267667397917884,11980,0.2249849759615384,K01776,murI
565630020897657,11980,0.2249849759615384,K18013,kce
470840875044336,11965,0.2247032752403846,,
116083067457950,11962,0.2246469350961538,,
680583310541661,11958,0.2245718149038461,,
242360648100481,11957,0.2245530348557692,,
830415117984616,11954,0.2244966947115384,,
89630798338200,11949,0.2244027944711538,K21572,susD
715799320602420,11947,0.224365234375,,
372401516557349,11939,0.2242149939903846,,
192136386387575,11937,0.2241774338942307,K06889,K06889
126604116404169,11928,0.2240084134615384,,
762852751358385,11921,0.223876953125,,
148642626354099,11913,0.2237267127403846,,
789159956549696,11910,0.2236703725961538,,
423630949867159,11896,0.2234074519230769,,
398856624542558,11887,0.2232384314903846,K11753,ribF
222025364561474,11883,0.2231633112980769,,
849787876593842,11880,0.2231069711538461,,
838600784367362,11872,0.2229567307692307,,
485014962046164,11870,0.2229191706730769,,
803558529635138,11869,0.222900390625,,
3999510773132,11863,0.2227877103365384,,
440529763556683,11862,0.2227689302884615,,
653220632775301,11861,0.2227501502403846,,
429788106816918,11860,0.2227313701923076,,
443697194123198,11860,0.2227313701923076,,
411026954974624,11859,0.2227125901442307,,
517978060235118,11844,0.2224308894230769,,
734690116286699,11844,0.2224308894230769,,
6774786313051,11843,0.222412109375,,
321799634780690,11843,0.222412109375,,
670881478243608,11842,0.222393329326923,,
619509357527033,11839,0.2223369891826923,,
668635866303596,11837,0.2222994290865384,,
80841053106667,11836,0.2222806490384615,,
901711573223573,11836,0.2222806490384615,,
508397619761970,11833,0.2222243088942307,,
299564912290326,11830,0.22216796875,K01681,ACO
16173410689739,11821,0.2219989483173076,,
473351511590424,11817,0.221923828125,,
694569280839700,11815,0.2218862680288461,,
839810874994889,11815,0.2218862680288461,K03574,mutT
255623119545603,11810,0.2217923677884615,,
367074433388951,11809,0.2217735877403846,,
172925206393607,11807,0.2217360276442307,,
326901713382304,11804,0.2216796875,,
586574111225406,11800,0.2216045673076923,,
901919123412098,11799,0.2215857872596154,,
353905239910544,11798,0.2215670072115384,,
155541959443033,11797,0.2215482271634615,,
832603068138811,11797,0.2215482271634615,,
367961969721066,11796,0.2215294471153846,,
110063002135687,11791,0.221435546875,,
625963758110433,11778,0.22119140625,,
516076242282746,11772,0.2210787259615384,K03595,era
625601748946677,11772,0.2210787259615384,,
105194982995536,11771,0.2210599459134615,,
743405434593452,11764,0.220928485576923,,
835016981943105,11763,0.2209097055288461,,
139686938438174,11757,0.2207970252403846,,
216626709483206,11757,0.2207970252403846,,
94185877336248,11756,0.2207782451923076,,
48776021266341,11753,0.2207219050480769,,
442265692157625,11746,0.2205904447115384,,
582925734506859,11744,0.2205528846153846,,
291260901718208,11740,0.2204777644230769,,
42458194779010,11739,0.220458984375,,
196042944567582,11737,0.2204214242788461,,
4009324101302,11735,0.2203838641826923,,
302989093998245,11731,0.2203087439903846,,
172421206196873,11730,0.2202899639423076,,
204542316262614,11729,0.2202711838942307,,
89129342375934,11725,0.220196063701923,K11533,fas
30100822274858,11724,0.2201772836538461,,
375664355701881,11723,0.2201585036057692,,
246356760240609,11719,0.2200833834134615,,
826892316227393,11717,0.2200458233173076,,
68650218675087,11713,0.219970703125,K01533,copB
503750971399794,11710,0.2199143629807692,,
735809634932705,11710,0.2199143629807692,,
604056129866068,11705,0.2198204627403846,,
442884312403277,11701,0.2197453425480769,,
409558828868681,11700,0.2197265625,,
404458047727826,11695,0.2196326622596154,,
430534437763894,11693,0.2195951021634615,,
165385589372688,11690,0.2195387620192307,,
745702349320582,11688,0.2195012019230769,,
868570568403661,11687,0.219482421875,,
652606509328456,11684,0.2194260817307692,,
697088355885714,11680,0.2193509615384615,,
470623338932520,11676,0.2192758413461538,,
659619873747487,11673,0.219219501201923,K03455,KEA1_2_3
615365284389006,11672,0.2192007211538461,,
652115982192378,11668,0.2191256009615384,K01890,FARSB
405961604558104,11667,0.2191068209134615,,
12615828473069,11663,0.2190317007211538,,
338828281452158,11663,0.2190317007211538,K06442,tlyA
49058668936597,11659,0.2189565805288461,,
600636538607298,11659,0.2189565805288461,,
168290519048288,11658,0.2189378004807692,,
242056373249294,11653,0.2188439002403846,,
130835221506578,11650,0.2187875600961538,,
624437244944953,11649,0.2187687800480769,,
352983018391644,11642,0.2186373197115384,,
769374192309091,11641,0.2186185396634615,,
389614403728153,11638,0.2185621995192307,,
749531773372337,11636,0.2185246394230769,K03703,uvrC
307263917579641,11635,0.218505859375,,
735151383102642,11628,0.2183743990384615,,
563063528034959,11626,0.2183368389423076,,
670416390393663,11623,0.2182804987980769,,
466157612885050,11615,0.2181302584134615,K00790,murA
174796673949838,11612,0.2180739182692307,,
375132422035383,11612,0.2180739182692307,,
696536784049079,11610,0.2180363581730769,,
848138356453091,11608,0.217998798076923,,
398440462762209,11599,0.2178297776442307,,
767764541523546,11592,0.2176983173076923,,
338582204213858,11584,0.2175480769230769,,
86329156011656,11574,0.2173602764423076,,
440631616390481,11574,0.2173602764423076,,
913722067256108,11574,0.2173602764423076,,
22928675247636,11573,0.2173414963942307,,
877530500716731,11573,0.2173414963942307,,
861476375309451,11572,0.2173227163461538,K03575,mutY
294153047002686,11571,0.2173039362980769,,
353156422872256,11567,0.2172288161057692,,
126733080182633,11563,0.2171536959134615,,
843175707257161,11563,0.2171536959134615,,
717115839874346,11558,0.2170597956730769,,
100882622331776,11555,0.2170034555288461,,
620300427059266,11550,0.2169095552884615,,
176362556600210,11545,0.2168156550480769,K11991,tadA
585437073214497,11544,0.216796875,,
781530193177709,11538,0.2166841947115384,,
840033962788419,11535,0.2166278545673076,,
583511751455681,11533,0.2165902944711538,,
711341217172279,11531,0.216552734375,,
714332849579269,11529,0.2165151742788461,,
422510497423429,11525,0.2164400540865384,,
739582225637052,11524,0.2164212740384615,,
100277282464691,11522,0.2163837139423076,,
308633949481143,11517,0.216289813701923,,
504930432081963,11517,0.216289813701923,K03324,yjbB
617815597116667,11517,0.216289813701923,,
775553268807368,11517,0.216289813701923,,
358546557903242,11510,0.2161583533653846,,
419659325541869,11509,0.2161395733173076,,
889954810582495,11506,0.2160832331730769,,
792874357413669,11500,0.2159705528846154,K02103,araR
517226689648707,11499,0.2159517728365384,,
334709456374327,11493,0.2158390925480769,,
98707925359814,11492,0.2158203125,,
803306953866170,11491,0.215801532451923,K02110,ATPF0C
826458828005648,11490,0.2157827524038461,,
382194558142658,11485,0.2156888521634615,,
91756107625964,11484,0.2156700721153846,,
419101575597058,11484,0.2156700721153846,,
814612790803029,11479,0.215576171875,,
504460653137989,11477,0.2155386117788461,,
467093671896882,11476,0.2155198317307692,,
417430160483392,11470,0.2154071514423076,,
173516154634481,11468,0.2153695913461538,,
93473499706896,11466,0.21533203125,,
822643952115087,11464,0.2152944711538461,,
419393258373361,11461,0.2152381310096154,,
81123481222964,11457,0.2151630108173076,,
503844965729841,11449,0.2150127704326923,K06012,gpr
39065338380226,11446,0.2149564302884615,,
624147867432393,11445,0.2149376502403846,,
681977823304171,11441,0.2148625300480769,K07391,comM
453714218221260,11435,0.2147498497596154,K03154,thiS
834550674905355,11429,0.2146371694711538,K02549,menC
822854660260721,11426,0.214580829326923,,
339584174570588,11424,0.2145432692307692,K02316,dnaG
793962042494507,11423,0.2145244891826923,,
152360115488427,11418,0.2144305889423076,,
404378912732295,11413,0.214336688701923,,
341942684348776,11408,0.2142427884615384,,
115357756403058,11407,0.2142240084134615,,
152369189268325,11403,0.2141488882211538,,
431678935778712,11401,0.214111328125,,
889535022887014,11391,0.2139235276442307,,
551973889391225,11388,0.2138671875,,
57260605153804,11387,0.213848407451923,,
51906417115396,11386,0.2138296274038461,,
672344198205637,11378,0.2136793870192307,,
69919486289648,11373,0.2135854867788461,,
280411038821095,11372,0.2135667067307692,,
921214767031686,11365,0.2134352463942307,,
878044277424541,11363,0.2133976862980769,,
537083954858037,11360,0.2133413461538461,,
226130835257577,11345,0.2130596454326923,K06902,UMF1
508799867985271,11343,0.2130220853365384,,
772900795226624,11342,0.2130033052884615,,
516457092200460,11339,0.2129469651442307,,
917601865730125,11339,0.2129469651442307,,
319525573517523,11333,0.2128342848557692,,
124353776179053,11327,0.2127216045673076,,
730629390950081,11325,0.2126840444711538,,
15517044012091,11321,0.2126089242788461,,
316820455060828,11320,0.2125901442307692,,
40135498918500,11316,0.2125150240384615,,
608537385452079,11315,0.2124962439903846,,
446965622568801,11310,0.21240234375,,
728797616253706,11305,0.2123084435096154,,
784319610425994,11304,0.2122896634615384,K10117,msmE
86463258198792,11303,0.2122708834134615,,
294237552778272,11303,0.2122708834134615,,
633814217726496,11303,0.2122708834134615,,
703438461910068,11297,0.212158203125,,
395008004621659,11296,0.212139423076923,,
562511941111425,11280,0.2118389423076923,,
720898951344724,11276,0.2117638221153846,K00243,K00243
878469836860293,11275,0.2117450420673076,,
897499235775907,11273,0.2117074819711538,,
859177567838437,11267,0.2115948016826923,K01190,lacZ
749411879206278,11265,0.2115572415865384,K02647,cdaR
384185354953470,11262,0.2115009014423076,,
512149280641210,11256,0.2113882211538461,,
839141497349270,11256,0.2113882211538461,K00632,fadA
292897396476746,11255,0.2113694411057692,K03820,lnt
579850385408668,11254,0.2113506610576923,,
171617626941035,11251,0.2112943209134615,,
545663614923652,11248,0.2112379807692307,,
528211125253431,11245,0.211181640625,,
651608491838389,11241,0.2111065204326923,,
700489922707708,11238,0.2110501802884615,,
293487777797530,11233,0.2109562800480769,,
424628550825941,11227,0.2108435997596154,,
211333650570977,11225,0.2108060396634615,K01952,PFAS
220214639580855,11219,0.210693359375,,
124930174245682,11218,0.210674579326923,,
201215232080587,11216,0.2106370192307692,,
421876348473168,11213,0.2105806790865384,,
88751754557877,11211,0.2105431189903846,,
15148528000842,11210,0.2105243389423076,,
341897464707336,11203,0.2103928786057692,,
707695217455219,11200,0.2103365384615384,,
378289746537797,11197,0.2102801983173076,,
625488553210,11196,0.2102614182692307,,
607551883143286,11194,0.2102238581730769,,
547452744173070,11185,0.2100548377403846,,
88865698289765,11183,0.2100172776442307,,
752257736001335,11181,0.2099797175480769,,
197575030066358,11180,0.2099609375,,
235347781385039,11178,0.2099233774038461,,
468284020115626,11178,0.2099233774038461,,
705405268247632,11176,0.2098858173076923,K00563,rlmA1
749041428388337,11176,0.2098858173076923,,
422947212042877,11175,0.2098670372596154,,
613755438475857,11170,0.2097731370192307,,
146661886389852,11169,0.2097543569711538,,
259792665080827,11167,0.209716796875,K00974,cca
392604799114303,11167,0.209716796875,,
436990697686269,11164,0.2096604567307692,,
676691030762476,11164,0.2096604567307692,,
702990671695494,11162,0.2096228966346154,K01955,carB
118218868517011,11159,0.2095665564903846,,
238771393476564,11159,0.2095665564903846,,
825762572538195,11159,0.2095665564903846,,
386024835118575,11153,0.209453876201923,,
756816258922113,11151,0.2094163161057692,K02871,RP-L13
684024447224219,11149,0.2093787560096154,K00761,upp
694069253972423,11140,0.209209735576923,,
52790471704746,11132,0.2090594951923076,,
668491203814547,11131,0.2090407151442307,,
48103271206025,11126,0.2089468149038461,,
598874614492606,11124,0.2089092548076923,,
532745757145478,11118,0.2087965745192307,,
576553034093937,11116,0.2087590144230769,K02336,polB
193366832236413,11114,0.208721454326923,,
436517095826458,11112,0.2086838942307692,,
327169028185961,11109,0.2086275540865384,,
276536416111133,11106,0.2085712139423076,K03528,zipA
528143766596882,11105,0.2085524338942307,,
148817373868610,11104,0.2085336538461538,,
607837711836569,11101,0.208477313701923,,
162288857391482,11097,0.2084021935096154,,
254493774173024,11095,0.2083646334134615,,
585162800844870,11093,0.2083270733173076,,
111915308581682,11088,0.208233173076923,,
839653959568977,11085,0.2081768329326923,,
237066975420579,11084,0.2081580528846154,,
517344741271744,11079,0.2080641526442307,K01546,kdpA
293312434655744,11075,0.207989032451923,,
512966209330316,11072,0.2079326923076923,,
886611579686204,11070,0.2078951322115384,,
92648354542032,11068,0.2078575721153846,,
487073562775403,11068,0.2078575721153846,,
877946028188697,11065,0.2078012319711538,,
258893978566711,11063,0.207763671875,K02011,afuB
899475012172566,11055,0.2076134314903846,,
917458553681853,11054,0.2075946514423076,,
739705608199740,11047,0.2074631911057692,,
162617225709598,11045,0.2074256310096154,,
277281614772104,11042,0.2073692908653846,,
148840985218387,11039,0.2073129507211538,,
364646662217298,11039,0.2073129507211538,,
372534104519983,11036,0.207256610576923,,
674473133015979,11034,0.2072190504807692,,
153927289928209,11030,0.2071439302884615,,
194495028657641,11027,0.2070875901442307,,
468431871176911,11026,0.2070688100961538,K04487,iscS
582659220706537,11022,0.2069936899038461,,
537077388692212,11021,0.2069749098557692,,
542130567050605,11020,0.2069561298076923,,
600754090802642,11019,0.2069373497596154,K00874,kdgK
177592815923777,11018,0.2069185697115384,,
584954472719915,11010,0.206768329326923,K09786,K09786
316541450188673,11008,0.2067307692307692,,
44414888510493,11007,0.2067119891826923,,
45710496834223,11007,0.2067119891826923,,
328341981993040,11007,0.2067119891826923,,
378962078918983,11005,0.2066744290865384,,
338413710874872,11004,0.2066556490384615,,
832200157488714,11004,0.2066556490384615,,
34394883984329,11002,0.2066180889423076,,
461912430080637,11002,0.2066180889423076,,
721462531595536,11000,0.2065805288461538,K01520,dut
29834692124896,10999,0.2065617487980769,,
350485332719311,10998,0.20654296875,,
293639649580573,10997,0.206524188701923,,
308688109572004,10996,0.2065054086538461,,
709687436558434,10993,0.2064490685096154,,
555182504271416,10985,0.206298828125,K07347,fimD
403470889335737,10984,0.206280048076923,,
466168934601494,10981,0.2062237079326923,,
618830511858109,10978,0.2061673677884615,,
897630399310549,10972,0.2060546875,,
675013217058832,10971,0.206035907451923,,
888988433552749,10969,0.2059983473557692,,
635413420051836,10968,0.2059795673076923,,
616347515602546,10966,0.2059420072115384,,
768258705345145,10966,0.2059420072115384,,
447480757679200,10962,0.2058668870192307,,
789468874837864,10960,0.2058293269230769,K15533,K15533
128951954892024,10948,0.2056039663461538,,
888116521064419,10946,0.20556640625,,
366635578581361,10939,0.2054349459134615,,
51898086850766,10938,0.2054161658653846,,
378476175924685,10935,0.2053598257211538,K01056,PTH1
380554884338527,10931,0.2052847055288461,,
541943285639401,10931,0.2052847055288461,,
328068004638166,10928,0.2052283653846154,,
637422842855606,10922,0.2051156850961538,,
783368776649493,10922,0.2051156850961538,,
20032871814915,10918,0.2050405649038461,,
364554492761017,10917,0.2050217848557692,,
454557458707165,10915,0.2049842247596154,,
870993926882387,10915,0.2049842247596154,,
241901135141312,10912,0.2049278846153846,,
165948824098758,10909,0.2048715444711538,,
41450600945313,10907,0.204833984375,,
232485916736231,10907,0.204833984375,,
392713098465035,10906,0.204815204326923,,
221723589336905,10905,0.2047964242788461,,
182610665143648,10900,0.2047025240384615,,
751215909249155,10899,0.2046837439903846,,
82238321628588,10897,0.2046461838942307,,
158738703403368,10896,0.2046274038461538,,
485385672463605,10895,0.2046086237980769,,
54949973762547,10893,0.204571063701923,,
547663528330393,10892,0.2045522836538461,,
775535566923925,10889,0.2044959435096154,,
888036281491100,10889,0.2044959435096154,,
584557932347168,10887,0.2044583834134615,,
237758248055051,10886,0.2044396033653846,,
706045810862951,10885,0.2044208233173076,,
108168779685287,10884,0.2044020432692307,,
281964488916727,10882,0.2043644831730769,,
285957959402585,10878,0.2042893629807692,,
379631748206945,10878,0.2042893629807692,,
421487101670072,10874,0.2042142427884615,,
480004683700473,10870,0.2041391225961538,,
824885533706116,10870,0.2041391225961538,,
512973144571707,10869,0.2041203425480769,,
443497888204994,10867,0.204082782451923,K03722,dinG
128306463659556,10864,0.2040264423076923,,
169942786948822,10863,0.2040076622596154,,
522926607127231,10860,0.2039513221153846,,
578968378734991,10859,0.2039325420673076,,
584709843909952,10856,0.2038762019230769,,
486591380574266,10855,0.203857421875,,
143261634397553,10852,0.2038010817307692,,
453039432874308,10847,0.2037071814903846,,
542014393985783,10841,0.203594501201923,,
263840528168933,10835,0.2034818209134615,,
67916751497725,10831,0.2034067007211538,,
455959916441315,10823,0.2032564603365384,,
519074073515647,10821,0.2032189002403846,,
691037558499704,10817,0.2031437800480769,,
850224766764493,10813,0.2030686598557692,,
617740574176250,10812,0.2030498798076923,,
798215563410534,10802,0.202862079326923,,
81355854981749,10799,0.2028057391826923,,
765565640245098,10797,0.2027681790865384,,
857370950177517,10793,0.2026930588942307,,
68990503250920,10787,0.2025803786057692,,
186607520276018,10785,0.2025428185096154,,
531251735174691,10784,0.2025240384615384,,
83294785328919,10783,0.2025052584134615,,
664221472703147,10782,0.2024864783653846,,
145610296774492,10777,0.202392578125,,
847795843789029,10777,0.202392578125,,
305791319202619,10775,0.2023550180288461,,
632280276519302,10772,0.2022986778846154,,
85331100205832,10766,0.2021859975961538,,
889776691815032,10763,0.202129657451923,,
250588207097700,10750,0.201885516826923,K03076,secY
413701329048733,10749,0.2018667367788461,,
650872258945227,10745,0.2017916165865384,,
577593728428931,10744,0.2017728365384615,,
280104697479441,10738,0.20166015625,,
193342235984682,10737,0.201641376201923,K06923,K06923
851872082746057,10736,0.2016225961538461,,
389137742867125,10732,0.2015474759615384,,
535995267246469,10731,0.2015286959134615,,
800804303094036,10731,0.2015286959134615,,
154310302758882,10730,0.2015099158653846,,
579826498319417,10726,0.2014347956730769,,
618106055573694,10725,0.201416015625,,
202103415717123,10724,0.201397235576923,,
875166829150987,10723,0.2013784555288461,,
820726241815360,10719,0.2013033353365384,,
313085923506209,10717,0.2012657752403846,,
416211874382652,10715,0.2012282151442307,K02003,ABC.CD.A
261501035617598,10713,0.2011906550480769,,
653429407485943,10710,0.2011343149038461,K02529,galR
429042240165032,10709,0.2011155348557692,,
362672266166830,10708,0.2010967548076923,,
289026565911250,10702,0.2009840745192307,K08310,nudB
596203951929639,10700,0.2009465144230769,,
305429127786285,10696,0.2008713942307692,,
710626467888585,10696,0.2008713942307692,,
347556717912477,10687,0.2007023737980769,,
153031483367646,10685,0.200664813701923,,
435638877361008,10682,0.2006084735576923,,
22841301553504,10681,0.2005896935096154,K03149,thiG
851212320678671,10680,0.2005709134615384,,
804853738026424,10679,0.2005521334134615,,
241939779259548,10676,0.2004957932692307,,
606841083096788,10675,0.2004770132211538,,
504498643282510,10673,0.200439453125,,
568603050672821,10669,0.2003643329326923,,
665292144182040,10668,0.2003455528846154,,
739188929774525,10666,0.2003079927884615,,
128379953029827,10665,0.2002892127403846,,
39319907876780,10664,0.2002704326923076,,
851828040086076,10664,0.2002704326923076,,
590191615768244,10662,0.2002328725961538,,
348849370231178,10660,0.2001953125,,
400699745928409,10658,0.2001577524038461,,
357185143857870,10657,0.2001389723557692,,
505863099668527,10656,0.2001201923076923,,
368942543997363,10655,0.2001014122596154,,
115181949432269,10653,0.2000638521634615,,
354397149156279,10653,0.2000638521634615,,
747616672677834,10646,0.199932391826923,,
416459687778112,10645,0.1999136117788461,,
447464985741904,10641,0.1998384915865384,,
380662928130150,10640,0.1998197115384615,,
14478484726844,10638,0.1997821514423076,,
59172010708094,10638,0.1997821514423076,,
281900928618302,10638,0.1997821514423076,,
178467913906167,10636,0.1997445913461538,K25671,fusC
424374493474775,10635,0.1997258112980769,,
682284349538864,10634,0.19970703125,,
435738439934368,10627,0.1995755709134615,,
462172688511444,10627,0.1995755709134615,K00931,proB
251950542093313,10626,0.1995567908653846,,
34678814334211,10625,0.1995380108173076,,
380874020177262,10616,0.1993689903846154,K06180,rluD
713006965386267,10615,0.1993502103365384,,
696451082406411,10613,0.1993126502403846,,
128654222214773,10604,0.1991436298076923,,
216204681984902,10604,0.1991436298076923,,
747183500147918,10602,0.1991060697115384,,
374189990402952,10600,0.1990685096153846,K25180,ybhR
603290597755600,10598,0.1990309495192307,K00817,hisC
687047414097730,10598,0.1990309495192307,,
25774124610657,10597,0.1990121694711538,,
574155943444349,10597,0.1990121694711538,,
850958068484744,10596,0.1989933894230769,,
895649523106680,10596,0.1989933894230769,,
677535837151344,10591,0.1988994891826923,,
361340361583971,10588,0.1988431490384615,,
210399294217455,10586,0.1988055889423076,,
279120842530417,10584,0.1987680288461538,,
170815654049620,10582,0.19873046875,,
153678245484711,10580,0.1986929086538461,,
630943139190225,10580,0.1986929086538461,K06959,tex
627607382611502,10579,0.1986741286057692,,
719277581128760,10579,0.1986741286057692,,
889922458748317,10575,0.1985990084134615,,
386670782603843,10569,0.198486328125,K09117,K09117
14179335125905,10565,0.1984112079326923,K03718,asnC
907241523361905,10564,0.1983924278846154,,
552561245226013,10563,0.1983736478365384,,
566806269072649,10561,0.1983360877403846,K01740,metY
845789123065884,10560,0.1983173076923076,,
762734351184651,10552,0.1981670673076923,,
862589906902010,10552,0.1981670673076923,,
569485861812757,10549,0.1981107271634615,,
489483172655292,10545,0.1980356069711538,,
142785771307397,10544,0.1980168269230769,,
865915497655205,10542,0.197979266826923,,
685299316352130,10538,0.1979041466346154,,
700380244417956,10537,0.1978853665865384,,
755314969302933,10536,0.1978665865384615,,
582311280791012,10534,0.1978290264423076,K05540,dusB
385323116372506,10531,0.1977726862980769,,
902585277695274,10527,0.1976975661057692,,
436655729700104,10526,0.1976787860576923,,
288718691528312,10521,0.1975848858173076,,
696842477531803,10517,0.197509765625,,
767648432958836,10516,0.197490985576923,,
75214692710398,10513,0.1974346454326923,,
636781913199489,10513,0.1974346454326923,K03978,engB
619391958037999,10512,0.1974158653846154,,
674493914625165,10512,0.1974158653846154,K07560,dtd
675132582332026,10508,0.1973407451923076,,
657885642104899,10504,0.197265625,,
350501154821749,10503,0.197246844951923,,
403884663661801,10503,0.197246844951923,,
285422620204231,10500,0.1971905048076923,,
409076634781543,10496,0.1971153846153846,,
791337301027543,10495,0.1970966045673076,,
874851403239560,10494,0.1970778245192307,,
596107213868768,10493,0.1970590444711538,,
429359438081044,10492,0.1970402644230769,,
761547349962204,10492,0.1970402644230769,,
381836892907911,10491,0.197021484375,,
323008293184080,10484,0.1968900240384615,,
659984130272697,10483,0.1968712439903846,,
859155915011450,10483,0.1968712439903846,,
839281937694699,10480,0.1968149038461538,,
89259905121672,10478,0.19677734375,,
863240963070818,10478,0.19677734375,,
235163080114389,10477,0.196758563701923,,
801017131936852,10474,0.1967022235576923,,
200675350688857,10473,0.1966834435096154,,
315189095084783,10471,0.1966458834134615,,
655399600045536,10471,0.1966458834134615,,
46955323488776,10468,0.1965895432692307,,
22070560606395,10467,0.1965707632211538,,
670061333721679,10466,0.1965519831730769,K02114,ATPF1E
77763477896729,10461,0.1964580829326923,,
53488664960010,10454,0.1963266225961538,,
853761805485319,10454,0.1963266225961538,K02006,cbiO
473780844088824,10453,0.1963078425480769,K01147,rnb
737741555919907,10453,0.1963078425480769,,
463653940645236,10451,0.196270282451923,,
660843531333754,10450,0.1962515024038461,,
514368608815335,10448,0.1962139423076923,,
460791823031565,10447,0.1961951622596154,,
162893119534094,10446,0.1961763822115384,,
551669808495142,10446,0.1961763822115384,,
412029303852084,10445,0.1961576021634615,,
303376836790836,10443,0.1961200420673076,K01710,rfbB
782800392086634,10441,0.1960824819711538,,
220608724849185,10439,0.196044921875,,
484641471257548,10439,0.196044921875,,
59180609490786,10438,0.196026141826923,,
689222884830479,10435,0.1959698016826923,,
514488357330476,10430,0.1958759014423076,,
392615028749875,10427,0.1958195612980769,K11733,lysP
6276828850945,10425,0.195782001201923,,
350633923892330,10424,0.1957632211538461,K04079,HSP90A
438362761357619,10424,0.1957632211538461,,
316527247769141,10422,0.1957256610576923,,
906274355384986,10421,0.1957068810096154,,
693330023328416,10420,0.1956881009615384,,
479263379683770,10415,0.1955942007211538,,
908041196227968,10415,0.1955942007211538,,
881769398590777,10414,0.1955754206730769,,
662579872468502,10406,0.1954251802884615,,
290380865450216,10400,0.1953125,K00343,nuoN
142712911775193,10399,0.195293719951923,,
558318866395431,10399,0.195293719951923,,
235285800357497,10397,0.1952561598557692,,
488237948815276,10396,0.1952373798076923,,
144500087036776,10394,0.1951998197115384,K10678,nfsA
583252609356549,10392,0.1951622596153846,,
46927298107331,10391,0.1951434795673076,,
54548349804812,10387,0.195068359375,,
624744800266187,10386,0.195049579326923,,
259889930004476,10385,0.1950307992788461,,
345945961852377,10385,0.1950307992788461,K02003,ABC.CD.A
198100786407296,10379,0.1949181189903846,,
806276388431118,10379,0.1949181189903846,,
585105555400709,10378,0.1948993389423076,,
655043650486882,10378,0.1948993389423076,,
32309987197566,10377,0.1948805588942307,,
732882765549048,10377,0.1948805588942307,,
762730168278240,10376,0.1948617788461538,,
97488535756522,10374,0.19482421875,,
362752713982992,10368,0.1947115384615384,,
542914746727721,10365,0.1946551983173076,,
338202228527712,10361,0.194580078125,,
272267752065110,10359,0.1945425180288461,,
619639250760624,10356,0.1944861778846154,,
713900454378530,10356,0.1944861778846154,,
832987077837236,10355,0.1944673978365384,,
406547375360328,10353,0.1944298377403846,,
178100310854032,10352,0.1944110576923076,K00219,fadH
468456070000594,10351,0.1943922776442307,K02412,fliI
224236125955357,10350,0.1943734975961538,,
229309064668828,10349,0.1943547175480769,,
209908599352921,10348,0.1943359375,K02529,galR
237455064005899,10346,0.1942983774038461,,
448917605332524,10344,0.1942608173076923,K07646,kdpD
865654838582071,10343,0.1942420372596154,,
509767053215271,10342,0.1942232572115384,,
434031663095537,10337,0.1941293569711538,,
818938711476776,10331,0.1940166766826923,K17318,lplA
720364071900048,10325,0.1939039963942307,,
100407269565238,10324,0.1938852163461538,,
720837516112169,10322,0.19384765625,,
50191885427512,10320,0.1938100961538461,,
597593653414737,10320,0.1938100961538461,,
500220596336670,10319,0.1937913161057692,,
775127662142333,10317,0.1937537560096154,,
689659583905632,10314,0.1936974158653846,,
80264034840967,10312,0.1936598557692307,,
507596159411050,10311,0.1936410757211538,,
292005922832090,10307,0.1935659555288461,,
187657846826065,10306,0.1935471754807692,,
317570446842251,10303,0.1934908353365384,,
862444090698946,10301,0.1934532752403846,,
472509594740854,10297,0.1933781550480769,,
727719694262302,10295,0.193340594951923,,
708959042556914,10292,0.1932842548076923,K03655,recG
728036914103086,10291,0.1932654747596154,,
629134753091215,10290,0.1932466947115384,,
464043725356063,10285,0.1931527944711538,,
383948611335241,10281,0.1930776742788461,,
502545864698715,10281,0.1930776742788461,,
501979823607440,10280,0.1930588942307692,,
463751359113458,10279,0.1930401141826923,,
371538744622127,10278,0.1930213341346154,,
548636238245620,10276,0.1929837740384615,,
672717544024296,10276,0.1929837740384615,,
630324992045545,10275,0.1929649939903846,,
413346337169626,10270,0.19287109375,,
351300134924869,10269,0.192852313701923,,
198847015653531,10267,0.1928147536057692,,
471817921050178,10262,0.1927208533653846,,
655477647798844,10259,0.1926645132211538,K22132,tcdA
71781983666331,10256,0.192608173076923,,
406995045418505,10256,0.192608173076923,,
332006188197934,10254,0.1925706129807692,K00858,ppnK
185809345100771,10253,0.1925518329326923,,
493943627917021,10252,0.1925330528846154,,
17202828011837,10247,0.1924391526442307,K03830,yafP
698131639255975,10245,0.1924015925480769,,
197170516982200,10244,0.1923828125,K07755,AS3MT
357751704993249,10244,0.1923828125,,
564859637858962,10242,0.1923452524038461,,
157127824332135,10239,0.1922889122596154,,
867562348361070,10237,0.1922513521634615,,
583460248755250,10236,0.1922325721153846,K00937,ppk1
691040299955667,10236,0.1922325721153846,,
388283349226282,10234,0.1921950120192307,,
37060991892431,10230,0.192119891826923,,
610753695463990,10230,0.192119891826923,,
104732234878483,10225,0.1920259915865384,,
685753516776651,10218,0.19189453125,,
82372761825894,10217,0.191875751201923,,
505444330303592,10217,0.191875751201923,,
534763609138805,10216,0.1918569711538461,,
704092668601176,10214,0.1918194110576923,,
193485826420400,10212,0.1917818509615384,,
815370713293844,10210,0.1917442908653846,,
828929572907735,10208,0.1917067307692307,,
81095808248845,10207,0.1916879507211538,,
135350985439098,10205,0.191650390625,,
650922390717591,10204,0.191631610576923,K07091,lptF
205102146783605,10202,0.1915940504807692,,
257381202023902,10201,0.1915752704326923,,
895420746028747,10201,0.1915752704326923,,
612522193371004,10200,0.1915564903846154,,
17897604941300,10199,0.1915377103365384,,
165003781418466,10199,0.1915377103365384,,
467781308500900,10195,0.1914625901442307,,
804291116761915,10195,0.1914625901442307,,
83708464974835,10190,0.1913686899038461,,
245872513697265,10190,0.1913686899038461,K01205,NAGLU
602771886818418,10189,0.1913499098557692,,
191646435717549,10185,0.1912747896634615,,
668355158401051,10184,0.1912560096153846,,
186622380199433,10183,0.1912372295673076,,
634581439263955,10183,0.1912372295673076,,
664025024725890,10181,0.1911996694711538,,
524727516340128,10179,0.191162109375,,
744108716882237,10179,0.191162109375,K07165,fecR
120618087341683,10178,0.191143329326923,,
284237308144206,10177,0.1911245492788461,,
379032916803407,10175,0.1910869891826923,,
65270224037914,10173,0.1910494290865384,,
653504726986694,10172,0.1910306490384615,,
577779914695479,10171,0.1910118689903846,,
406979102987858,10169,0.1909743088942307,,
153777676910874,10165,0.190899188701923,,
576472718913575,10163,0.1908616286057692,K09808,lolC_E_F
409023255099450,10162,0.1908428485576923,K03312,gltS
148283410623998,10160,0.1908052884615384,K19956,sorE
556414671871663,10158,0.1907677283653846,,
560153802119643,10155,0.1907113882211538,,
616784486687348,10155,0.1907113882211538,,
102528177177977,10152,0.190655048076923,,
567538221166994,10152,0.190655048076923,,
910223992701390,10149,0.1905987079326923,,
777601033172671,10148,0.1905799278846154,,
649049973671084,10144,0.1905048076923076,,
206095264839690,10143,0.1904860276442307,,
60613541365092,10141,0.1904484675480769,,
46000271550060,10140,0.1904296875,,
560132800407850,10136,0.1903545673076923,,
855378103225140,10134,0.1903170072115384,K07133,K07133
762769825022331,10132,0.1902794471153846,,
454038730656786,10130,0.1902418870192307,,
448922896500088,10128,0.1902043269230769,,
469071767745478,10127,0.190185546875,,
627714075305251,10127,0.190185546875,,
638147825446291,10126,0.190166766826923,,
283057089745491,10125,0.1901479867788461,,
770051133756947,10123,0.1901104266826923,,
150487960390741,10122,0.1900916466346154,,
573981115745989,10121,0.1900728665865384,,
276424064014283,10120,0.1900540865384615,,
170754061946087,10119,0.1900353064903846,,
735757827135673,10114,0.18994140625,,
204400632671758,10113,0.189922626201923,,
818749660710217,10111,0.1898850661057692,,
712848891571760,10110,0.1898662860576923,,
257242752067754,10108,0.1898287259615384,,
420209194187766,10097,0.1896221454326923,,
600003596932669,10096,0.1896033653846154,,
445715115435693,10094,0.1895658052884615,,
343336638155555,10092,0.1895282451923076,,
96657020433111,10090,0.1894906850961538,,
307516430944511,10089,0.1894719050480769,,
309600816860809,10089,0.1894719050480769,K00134,GAPDH
445066197751023,10087,0.189434344951923,,
665867127652094,10085,0.1893967848557692,,
721647298595166,10083,0.1893592247596154,,
142533215543228,10082,0.1893404447115384,K01990,ABC-2.A
653000308342121,10081,0.1893216646634615,,
779718489666583,10077,0.1892465444711538,,
801339235687423,10075,0.189208984375,K11750,frsA
628574527330431,10074,0.189190204326923,K01657,trpE
862861770730996,10074,0.189190204326923,,
317876449873142,10073,0.1891714242788461,,
631390275296795,10070,0.1891150841346154,,
191633107369662,10069,0.1890963040865384,,
416198173631427,10069,0.1890963040865384,,
356504996240629,10068,0.1890775240384615,,
246355588111079,10064,0.1890024038461538,,
384532915953480,10064,0.1890024038461538,,
612006938856203,10064,0.1890024038461538,,
72960283602567,10063,0.1889836237980769,,
479446135302465,10058,0.1888897235576923,,
921635139572152,10058,0.1888897235576923,,
422002011226488,10056,0.1888521634615384,,
202580568034814,10055,0.1888333834134615,,
799107846160269,10054,0.1888146033653846,,
895891227962367,10052,0.1887770432692307,,
217604190205248,10051,0.1887582632211538,,
668571917435688,10051,0.1887582632211538,,
312162345420011,10049,0.188720703125,,
97056051856658,10047,0.1886831430288461,,
833261356152527,10047,0.1886831430288461,,
795489121703978,10045,0.1886455829326923,,
911794972227618,10045,0.1886455829326923,,
303895426747075,10043,0.1886080228365384,,
466547969138915,10042,0.1885892427884615,,
256414420791541,10041,0.1885704627403846,,
327574617127341,10041,0.1885704627403846,K25028,btuD
546650680770721,10041,0.1885704627403846,,
810174483533720,10041,0.1885704627403846,,
385316184467683,10039,0.1885329026442307,,
626311170769998,10039,0.1885329026442307,,
319794807389972,10037,0.1884953425480769,,
478472014468123,10036,0.1884765625,K03043,rpoB
670500641241354,10036,0.1884765625,,
499531074532307,10034,0.1884390024038461,,
823526864376835,10034,0.1884390024038461,,
829367266732122,10034,0.1884390024038461,,
484384746029719,10033,0.1884202223557692,,
91905357786699,10032,0.1884014423076923,,
194183714390253,10031,0.1883826622596154,K03799;K07387,htpX;K07387
916432282524690,10029,0.1883451021634615,K11203,fryC
299783446039782,10027,0.1883075420673076,,
464693935960271,10023,0.188232421875,,
886689512247438,10022,0.188213641826923,,
381145197199606,10021,0.1881948617788461,K07001,K07001
758239714335727,10020,0.1881760817307692,K01531,mgtA
437730933896340,10019,0.1881573016826923,,
758600453994244,10018,0.1881385216346154,,
893322793672030,10017,0.1881197415865384,,
1883014804665,10015,0.1880821814903846,,
332262889299757,10015,0.1880821814903846,,
343182238036965,10015,0.1880821814903846,,
3143867960085,10013,0.1880446213942307,,
128282716292943,10006,0.1879131610576923,K03655,recG
378642452051768,10005,0.1878943810096154,,
579189160312948,10005,0.1878943810096154,,
669059242613682,10004,0.1878756009615384,,
497951031189031,10003,0.1878568209134615,,
217729858005651,10001,0.1878192608173076,,
108243712346335,10000,0.1878004807692307,,
599086324424426,9999,0.1877817007211538,,
846258222909090,9999,0.1877817007211538,,
517352686568061,9998,0.1877629206730769,,
298165422562210,9996,0.187725360576923,,
850445183503655,9996,0.187725360576923,K07720;K21701,yesN;btr
685006416145847,9994,0.1876878004807692,,
561026582618120,9988,0.1875751201923076,,
762734884903520,9984,0.1875,,
124810652512175,9983,0.187481219951923,,
918960461812788,9983,0.187481219951923,,
65968264510330,9982,0.1874624399038461,,
444312254061681,9982,0.1874624399038461,,
718900620177634,9982,0.1874624399038461,,
593700643720294,9981,0.1874436598557692,,
813063097110052,9981,0.1874436598557692,,
284021959939214,9980,0.1874248798076923,,
724448123611165,9978,0.1873873197115384,,
404077601549225,9977,0.1873685396634615,,
688794857510781,9977,0.1873685396634615,,
67707655454486,9975,0.1873309795673076,,
133265625550842,9974,0.1873121995192307,,
562943984119426,9970,0.187237079326923,,
566927366713802,9970,0.187237079326923,K01754,E4.3.1.19
579421484638665,9970,0.187237079326923,,
904946171583600,9970,0.187237079326923,,
113766207666469,9969,0.1872182992788461,,
813232614854967,9968,0.1871995192307692,,
848851485116369,9968,0.1871995192307692,,
513760893394376,9966,0.1871619591346154,,
549313687095079,9963,0.1871056189903846,,
79100862283919,9960,0.1870492788461538,,
644461438776198,9960,0.1870492788461538,,
918650175262971,9960,0.1870492788461538,,
813385759658590,9959,0.1870304987980769,,
239536517820285,9958,0.18701171875,,
419840682949187,9957,0.186992938701923,K00849,galK
893000330115749,9957,0.186992938701923,,
369920516734533,9955,0.1869553786057692,,
179395926477243,9953,0.1869178185096154,,
562880024208582,9953,0.1869178185096154,,
148903383810133,9949,0.1868426983173076,,
261221580650597,9949,0.1868426983173076,,
585045111685000,9947,0.1868051382211538,,
155184364441005,9943,0.1867300180288461,,
113297982397190,9942,0.1867112379807692,,
137994850127426,9942,0.1867112379807692,,
122712435438609,9938,0.1866361177884615,,
416222160343521,9937,0.1866173377403846,K07079,K07079
892396541202439,9935,0.1865797776442307,,
690766453267169,9933,0.1865422175480769,,
914401656809285,9932,0.1865234375,,
95259850781393,9931,0.186504657451923,,
321572380318478,9931,0.186504657451923,,
492939714879519,9931,0.186504657451923,,
500472555277491,9931,0.186504657451923,,
432450061981649,9929,0.1864670973557692,,
337685644884937,9927,0.1864295372596154,,
121404484210675,9926,0.1864107572115384,,
554545394825120,9926,0.1864107572115384,,
98761710582433,9925,0.1863919771634615,,
512346821438384,9923,0.1863544170673076,,
676795480690485,9921,0.1863168569711538,,
277057025224685,9919,0.186279296875,,
497355018879171,9910,0.1861102764423076,,
882032871917398,9910,0.1861102764423076,,
492835266687442,9909,0.1860914963942307,,
85063291569240,9904,0.1859975961538461,,
78088854389149,9902,0.1859600360576923,,
497221538355968,9901,0.1859412560096154,,
216565958839683,9900,0.1859224759615384,,
284711282598839,9897,0.1858661358173076,,
243976549097549,9892,0.185772235576923,,
521182017738461,9892,0.185772235576923,K04487,iscS
511500235278114,9889,0.1857158954326923,,
334004749868582,9888,0.1856971153846154,,
484693097486850,9888,0.1856971153846154,,
159068598958319,9887,0.1856783353365384,,
520921056618809,9887,0.1856783353365384,,
742322962353418,9886,0.1856595552884615,,
146694104023316,9883,0.1856032151442307,,
630176161310794,9880,0.185546875,K03046,rpoC
808232723526022,9880,0.185546875,,
409786283193161,9879,0.185528094951923,K02876,RP-L15
460756376373053,9877,0.1854905348557692,,
912385117407679,9872,0.1853966346153846,,
133252902706267,9871,0.1853778545673076,K07027,K07027
771440944219691,9867,0.185302734375,,
59110270254090,9866,0.185283954326923,,
580569278838083,9866,0.185283954326923,,
811362741587138,9863,0.1852276141826923,,
848357440464847,9858,0.1851337139423076,,
691302047516739,9856,0.1850961538461538,,
238533857218868,9854,0.18505859375,,
895255618216844,9854,0.18505859375,,
587766955636940,9853,0.185039813701923,K21573,susC
192635199873159,9852,0.1850210336538461,,
661316876141124,9851,0.1850022536057692,,
213340363990511,9850,0.1849834735576923,,
880210650111817,9848,0.1849459134615384,,
664752849230384,9847,0.1849271334134615,,
421040893942619,9840,0.184795673076923,,
418095638037534,9839,0.1847768930288461,,
243458560404387,9837,0.1847393329326923,,
442473815383648,9837,0.1847393329326923,,
841628632507937,9837,0.1847393329326923,,
700205628472704,9835,0.1847017728365384,,
640230369149978,9831,0.1846266526442307,,
99433074592065,9830,0.1846078725961538,,
135329497082191,9830,0.1846078725961538,,
85770858906766,9826,0.1845327524038461,,
359891523642538,9826,0.1845327524038461,,
635803481774638,9826,0.1845327524038461,,
236465933234276,9824,0.1844951923076923,,
758425453707677,9823,0.1844764122596154,,
377639289593627,9822,0.1844576322115384,,
861935491955145,9820,0.1844200721153846,,
129866463926736,9819,0.1844012920673076,,
123426936905967,9816,0.1843449519230769,,
109219691825821,9814,0.184307391826923,,
338148116947007,9812,0.1842698317307692,,
475406454593292,9812,0.1842698317307692,,
689443908447206,9811,0.1842510516826923,,
737641052500653,9808,0.1841947115384615,,
666687747455608,9806,0.1841571514423076,,
156581199622651,9802,0.18408203125,,
377758961850609,9801,0.184063251201923,,
718176906568489,9801,0.184063251201923,,
58022473992114,9800,0.1840444711538461,,
450913712073843,9799,0.1840256911057692,,
871011037325423,9799,0.1840256911057692,,
231953140856874,9797,0.1839881310096154,,
839848723181413,9797,0.1839881310096154,,
183264807425967,9796,0.1839693509615384,,
468514803699102,9796,0.1839693509615384,,
504142446719808,9795,0.1839505709134615,,
271043563210597,9793,0.1839130108173076,,
616321047744962,9793,0.1839130108173076,,
794502870366097,9787,0.1838003305288461,,
185435830407105,9781,0.1836876502403846,K01278,DPP4
542295875355660,9781,0.1836876502403846,,
897516708676181,9781,0.1836876502403846,,
274562186251878,9780,0.1836688701923076,,
708761579167047,9780,0.1836688701923076,,
371447582258768,9777,0.1836125300480769,,
656348292788993,9776,0.18359375,,
103801373437027,9774,0.1835561899038461,,
222833832221665,9773,0.1835374098557692,,
298663323077381,9772,0.1835186298076923,,
347555522602191,9772,0.1835186298076923,,
373555205872411,9771,0.1834998497596154,K24012,acdAB
588992870861894,9770,0.1834810697115384,,
644221391873974,9766,0.1834059495192307,,
825994381303966,9766,0.1834059495192307,K00948,PRPS
9702631202185,9765,0.1833871694711538,,
758027221615709,9764,0.1833683894230769,,
689202570158975,9763,0.183349609375,,
514392975363486,9759,0.1832744891826923,,
666031155035018,9759,0.1832744891826923,,
512033727870264,9755,0.1831993689903846,,
765148793575231,9754,0.1831805889423076,,
130684050048542,9753,0.1831618088942307,,
446300341180525,9752,0.1831430288461538,K07667,kdpE
576570822153989,9752,0.1831430288461538,K00610,pyrI
844061450243601,9750,0.18310546875,,
253479133940670,9748,0.1830679086538461,,
353204803731256,9748,0.1830679086538461,,
878602159578287,9747,0.1830491286057692,,
339884165337764,9745,0.1830115685096154,,
226575600888425,9740,0.1829176682692307,,
605867253933195,9739,0.1828988882211538,,
523880860037774,9738,0.1828801081730769,,
616784317093719,9737,0.182861328125,,
193710642902758,9732,0.1827674278846154,,
740436365537740,9732,0.1827674278846154,,
228338467372823,9729,0.1827110877403846,,
716717412789654,9728,0.1826923076923076,,
150158931793840,9727,0.1826735276442307,,
64487460662645,9726,0.1826547475961538,,
768416717282997,9726,0.1826547475961538,,
16556069876206,9724,0.1826171875,,
463581320481045,9723,0.182598407451923,,
556189893103649,9721,0.1825608473557692,,
633359541238347,9719,0.1825232872596154,,
717276610596392,9718,0.1825045072115384,,
703999468457509,9716,0.1824669471153846,,
258539924260905,9714,0.1824293870192307,,
533075847654859,9713,0.1824106069711538,,
471648102064914,9711,0.182373046875,,
828857345860690,9711,0.182373046875,,
354240349122057,9709,0.1823354867788461,,
755165944776257,9706,0.1822791466346154,,
510041654185627,9704,0.1822415865384615,,
13662778826364,9702,0.1822040264423076,,
24126930030006,9700,0.1821664663461538,,
209753051197723,9697,0.182110126201923,,
692219066555009,9696,0.1820913461538461,,
877532163756316,9695,0.1820725661057692,,
738736196942737,9694,0.1820537860576923,,
697422553530261,9693,0.1820350060096154,,
254202974627137,9690,0.1819786658653846,,
2517810409282,9689,0.1819598858173076,,
125587141949819,9687,0.1819223257211538,,
258104362081132,9686,0.1819035456730769,,
662772349360753,9686,0.1819035456730769,,
669682527285498,9684,0.181865985576923,,
695451390375862,9684,0.181865985576923,,
19391479877403,9683,0.1818472055288461,,
235843989673113,9683,0.1818472055288461,,
902802903845572,9683,0.1818472055288461,,
100852087229248,9682,0.1818284254807692,,
209982414709433,9681,0.1818096454326923,,
666046089973622,9681,0.1818096454326923,,
862968665113088,9681,0.1818096454326923,,
478276537253062,9680,0.1817908653846154,,
664907171525342,9680,0.1817908653846154,,
257552266349101,9678,0.1817533052884615,,
394326936145488,9677,0.1817345252403846,,
202193907935057,9675,0.1816969651442307,,
379799486432692,9675,0.1816969651442307,,
245767528103457,9672,0.181640625,,
331356921470105,9671,0.181621844951923,,
49902269275942,9669,0.1815842848557692,,
91079257902388,9668,0.1815655048076923,,
512120626854993,9667,0.1815467247596154,,
169825375896436,9666,0.1815279447115384,,
658554399426630,9665,0.1815091646634615,,
105536683282190,9664,0.1814903846153846,,
785750717607694,9663,0.1814716045673076,,
558685580888223,9662,0.1814528245192307,,
342590820662999,9659,0.181396484375,,
291336709709241,9658,0.181377704326923,,
406519097536888,9658,0.181377704326923,,
662664310590408,9657,0.1813589242788461,,
9797732724097,9652,0.1812650240384615,,
826940627934169,9650,0.1812274639423076,,
912938213236716,9649,0.1812086838942307,,
758408281463618,9647,0.1811711237980769,,
91978854597154,9641,0.1810584435096154,K07124,K07124
890009810797316,9641,0.1810584435096154,,
818171818200438,9638,0.1810021033653846,,
736189671079234,9637,0.1809833233173076,,
401990269978973,9634,0.1809269831730769,K00067,rfbD
557817318168151,9632,0.180889423076923,,
902487315598426,9632,0.180889423076923,,
333448266276363,9631,0.1808706430288461,,
624377922179973,9631,0.1808706430288461,,
541339580569532,9630,0.1808518629807692,,
831651023364251,9630,0.1808518629807692,,
836006225473573,9627,0.1807955228365384,,
191321654273111,9626,0.1807767427884615,,
317172900983585,9626,0.1807767427884615,,
135243856990576,9625,0.1807579627403846,,
694265678555877,9625,0.1807579627403846,,
732991751803460,9623,0.1807204026442307,K08884;K11912;K12132,K08884;ppkA;prkC
916117917467482,9623,0.1807204026442307,,
7286094787917,9622,0.1807016225961538,,
548431874933530,9622,0.1807016225961538,,
660657083300795,9621,0.1806828425480769,,
607049489363994,9616,0.1805889423076923,,
856473136210873,9614,0.1805513822115384,,
519022754742435,9613,0.1805326021634615,,
560035719343509,9612,0.1805138221153846,,
199915286182807,9610,0.1804762620192307,,
595787910116563,9610,0.1804762620192307,,
850571785932585,9607,0.180419921875,K03654,recQ
62439270931091,9605,0.1803823617788461,K25706,tsaD
443738249029256,9605,0.1803823617788461,,
282905601309511,9598,0.1802509014423076,,
347077451354447,9598,0.1802509014423076,,
617871783568719,9598,0.1802509014423076,,
493257074450397,9597,0.1802321213942307,,
39804498366064,9596,0.1802133413461538,,
443585780068263,9595,0.1801945612980769,,
427466697524987,9591,0.1801194411057692,,
582211389291220,9591,0.1801194411057692,,
410652873094460,9589,0.1800818810096154,,
541923862534136,9589,0.1800818810096154,,
789340672254332,9589,0.1800818810096154,,
847535410767552,9588,0.1800631009615384,,
307803935884499,9587,0.1800443209134615,,
476097849887950,9587,0.1800443209134615,,
703769061868717,9587,0.1800443209134615,,
16022098349117,9585,0.1800067608173076,,
487332974087448,9585,0.1800067608173076,K01186,NEU1
525838944357946,9585,0.1800067608173076,,
176979182319566,9581,0.179931640625,K12340,tolC
734220249010611,9576,0.1798377403846154,,
898565907074172,9574,0.1798001802884615,K06168,CDK5RAP1
360935825477592,9573,0.1797814002403846,,
855787223445794,9570,0.1797250600961538,,
854561343130587,9569,0.1797062800480769,,
337345870503161,9567,0.179668719951923,,
389459189137985,9564,0.1796123798076923,,
79511933034470,9563,0.1795935997596154,,
342764255214362,9561,0.1795560396634615,,
429045116034432,9561,0.1795560396634615,,
563267161580151,9561,0.1795560396634615,,
551603550924827,9556,0.1794621394230769,,
6660285760636,9555,0.179443359375,,
42443981596465,9555,0.179443359375,,
514044919856811,9555,0.179443359375,,
269133703716995,9554,0.179424579326923,,
356703985618424,9554,0.179424579326923,,
837068759332159,9553,0.1794057992788461,K07403,nfeD
161348846201501,9551,0.1793682391826923,,
227963991404131,9551,0.1793682391826923,,
309145972061737,9551,0.1793682391826923,,
644741221223875,9551,0.1793682391826923,,
123389497781105,9549,0.1793306790865384,,
518409819320795,9549,0.1793306790865384,,
570634951682622,9549,0.1793306790865384,,
398905282963731,9548,0.1793118990384615,K16898,addA
808333579112571,9548,0.1793118990384615,,
413680270523969,9547,0.1792931189903846,,
789688796640259,9547,0.1792931189903846,,
916883155440242,9546,0.1792743389423076,,
915897374768103,9545,0.1792555588942307,,
843221369295539,9544,0.1792367788461538,K04075,tilS
298799898542562,9543,0.1792179987980769,,
646905153600606,9540,0.1791616586538461,,
836041906491827,9540,0.1791616586538461,,
18422114290364,9539,0.1791428786057692,,
183384399008926,9539,0.1791428786057692,,
806358614161795,9539,0.1791428786057692,,
183821044994506,9535,0.1790677584134615,,
144513238033834,9534,0.1790489783653846,,
389867730887869,9534,0.1790489783653846,,
676481800632824,9530,0.1789738581730769,K03218,rlmB
153382119106564,9528,0.178936298076923,,
210149878388830,9528,0.178936298076923,,
766943778957449,9526,0.1788987379807692,,
425388007458381,9525,0.1788799579326923,,
900028855120814,9525,0.1788799579326923,,
786933663980139,9524,0.1788611778846154,,
640097189731955,9523,0.1788423978365384,,
866369509158726,9523,0.1788423978365384,,
206063530247519,9522,0.1788236177884615,,
555934916354885,9522,0.1788236177884615,,
688486974812393,9521,0.1788048377403846,,
103514488550430,9520,0.1787860576923076,,
222322173166558,9519,0.1787672776442307,,
390849105513430,9519,0.1787672776442307,,
513574306932874,9519,0.1787672776442307,,
616596052941018,9519,0.1787672776442307,,
493438071570822,9516,0.1787109375,,
874577336728274,9515,0.178692157451923,,
575388776433955,9511,0.1786170372596154,,
120065463617993,9509,0.1785794771634615,,
615579277928066,9502,0.178448016826923,,
324480642436927,9500,0.1784104567307692,,
569124579387198,9499,0.1783916766826923,K02226,cobC
582847977988559,9499,0.1783916766826923,,
232077905144219,9497,0.1783541165865384,,
81616110767523,9495,0.1783165564903846,,
490413496215242,9495,0.1783165564903846,,
496970389324867,9492,0.1782602163461538,,
25185726909311,9490,0.17822265625,,
526332288736258,9490,0.17822265625,,
242721229123315,9489,0.178203876201923,,
324239865947793,9489,0.178203876201923,,
242532321597503,9487,0.1781663161057692,,
819739264752980,9487,0.1781663161057692,,
522050996739483,9482,0.1780724158653846,,
786593279568503,9482,0.1780724158653846,,
912012390204750,9482,0.1780724158653846,,
373978544467801,9477,0.177978515625,,
441037496733416,9477,0.177978515625,,
399087171976183,9476,0.177959735576923,,
695137553221342,9476,0.177959735576923,K03431,glmM
93642439637991,9475,0.1779409555288461,,
691228489163445,9475,0.1779409555288461,,
893513062582869,9475,0.1779409555288461,,
746417257648128,9473,0.1779033954326923,,
155241413999681,9471,0.1778658353365384,,
293007512097583,9471,0.1778658353365384,,
488576538751133,9470,0.1778470552884615,,
821739807097611,9470,0.1778470552884615,K07456,mutS2
270639335426623,9469,0.1778282752403846,K07056,rsmI
607714767495665,9466,0.1777719350961538,,
889042491834406,9466,0.1777719350961538,,
227372569615187,9465,0.1777531550480769,,
860677005623987,9464,0.177734375,,
809868001410012,9462,0.1776968149038461,,
811886649796953,9462,0.1776968149038461,,
754300533074091,9460,0.1776592548076923,,
173029347988190,9458,0.1776216947115384,,
28426739170885,9456,0.1775841346153846,,
508253585182170,9454,0.1775465745192307,,
535379626584927,9453,0.1775277944711538,,
401559506544700,9452,0.1775090144230769,K06400,spoIVCA
690005008334218,9452,0.1775090144230769,,
192800075053795,9451,0.177490234375,,
641711626636004,9451,0.177490234375,,
776943211074529,9450,0.177471454326923,,
206484679845745,9449,0.1774526742788461,,
585422440115245,9449,0.1774526742788461,,
690727871422699,9449,0.1774526742788461,,
294998828059157,9446,0.1773963341346154,,
364799086256091,9446,0.1773963341346154,,
260114034630817,9445,0.1773775540865384,,
679868945327083,9445,0.1773775540865384,,
637551180835275,9443,0.1773399939903846,,
206505560075777,9442,0.1773212139423076,,
125858530616450,9440,0.1772836538461538,,
411431512549244,9439,0.1772648737980769,,
633076408571204,9438,0.17724609375,,
31400986903968,9437,0.177227313701923,,
853707896996185,9435,0.1771897536057692,,
397323581278686,9432,0.1771334134615384,,
402029877167709,9431,0.1771146334134615,,
820891365899581,9431,0.1771146334134615,,
701428458441567,9430,0.1770958533653846,,
740536476419862,9427,0.1770395132211538,,
538858771179314,9426,0.1770207331730769,,
794083158137911,9426,0.1770207331730769,,
499764512819110,9424,0.176983173076923,,
837799832218745,9424,0.176983173076923,,
330258052901861,9423,0.1769643930288461,,
684440745327291,9420,0.1769080528846154,,
849115805365253,9419,0.1768892728365384,K07133,K07133
861895626167082,9419,0.1768892728365384,,
14347590413096,9418,0.1768704927884615,,
714446981704279,9418,0.1768704927884615,,
556907103515373,9415,0.1768141526442307,,
660359364932725,9415,0.1768141526442307,,
129971089034979,9411,0.176739032451923,,
653459127452414,9411,0.176739032451923,,
205929185548667,9409,0.1767014723557692,,
279327392185672,9408,0.1766826923076923,,
462474169935089,9408,0.1766826923076923,,
645401822321814,9408,0.1766826923076923,,
659422769232288,9408,0.1766826923076923,,
217534799357139,9407,0.1766639122596154,,
597920759798619,9406,0.1766451322115384,,
704373473201451,9406,0.1766451322115384,,
111261091728374,9403,0.1765887920673076,,
404393038377550,9402,0.1765700120192307,,
97919312189884,9401,0.1765512319711538,,
816678966796264,9401,0.1765512319711538,K00986;K07486;K07497,ltrA;K07486;K07497
136835807652834,9397,0.1764761117788461,,
471664445083314,9397,0.1764761117788461,,
900315515067593,9394,0.1764197716346154,,
127436653365510,9391,0.1763634314903846,,
271617223767324,9389,0.1763258713942307,,
502027744425291,9386,0.17626953125,,
48860210203259,9384,0.1762319711538461,,
551453753454321,9381,0.1761756310096154,,
180521313087688,9379,0.1761380709134615,,
808794676774052,9379,0.1761380709134615,,
62701367779178,9378,0.1761192908653846,,
373688429310661,9378,0.1761192908653846,,
389216125284956,9377,0.1761005108173076,,
87638974433188,9376,0.1760817307692307,,
54762866922467,9375,0.1760629507211538,,
355904992113395,9375,0.1760629507211538,,
661967449306836,9373,0.176025390625,,
909603362358293,9373,0.176025390625,,
410343557886193,9372,0.176006610576923,,
612105576363000,9369,0.1759502704326923,K07164,K07164
19070343398138,9368,0.1759314903846154,,
473062355918068,9368,0.1759314903846154,,
410224802696837,9367,0.1759127103365384,,
615067939730417,9367,0.1759127103365384,,
161990298711663,9366,0.1758939302884615,,
271108285740491,9364,0.1758563701923076,,
907492298865668,9364,0.1758563701923076,,
487174652739036,9363,0.1758375901442307,,
861672307092105,9362,0.1758188100961538,,
68259011165253,9360,0.17578125,,
641791728422697,9359,0.175762469951923,,
788577018255334,9359,0.175762469951923,,
324133370719109,9357,0.1757249098557692,,
325477712940574,9356,0.1757061298076923,,
762300584561939,9356,0.1757061298076923,,
828576991269101,9356,0.1757061298076923,K00927,PGK
671604520688981,9355,0.1756873497596154,,
128643584395496,9354,0.1756685697115384,,
596152649199318,9354,0.1756685697115384,,
886161819549650,9354,0.1756685697115384,,
59961775718291,9350,0.1755934495192307,,
503563686821730,9350,0.1755934495192307,,
130760877085268,9348,0.1755558894230769,K07085,K07085
563584113528602,9345,0.1754995492788461,,
627008802733958,9345,0.1754995492788461,,
795818652820860,9345,0.1754995492788461,,
68330551636795,9344,0.1754807692307692,K01989,K01989
903314442035572,9340,0.1754056490384615,,
217723667928332,9339,0.1753868689903846,,
80099965341810,9335,0.1753117487980769,,
240448060191806,9334,0.17529296875,K00651,metA
527967639841791,9332,0.1752554086538461,,
582896618403110,9332,0.1752554086538461,,
892175038430932,9332,0.1752554086538461,,
426895777406914,9331,0.1752366286057692,,
28429286957097,9330,0.1752178485576923,K11107,yfaE
463905217154688,9330,0.1752178485576923,K01462,PDF
7948983894517,9327,0.1751615084134615,,
707347905890568,9327,0.1751615084134615,,
155462648219042,9324,0.1751051682692307,,
573868347253301,9324,0.1751051682692307,,
152618138028560,9318,0.1749924879807692,,
623997413513482,9317,0.1749737079326923,,
835576062518647,9317,0.1749737079326923,,
128406505819973,9315,0.1749361478365384,,
476105703421539,9314,0.1749173677884615,,
448140467816402,9311,0.1748610276442307,,
456619910763735,9311,0.1748610276442307,,
523892715779210,9311,0.1748610276442307,,
856582036158627,9311,0.1748610276442307,,
56822602261875,9310,0.1748422475961538,,
197259747415924,9310,0.1748422475961538,,
530384784583861,9306,0.1747671274038461,,
557989378499144,9305,0.1747483473557692,,
244545781152188,9302,0.1746920072115384,,
569815288503945,9302,0.1746920072115384,K21572,susD
50513185549871,9301,0.1746732271634615,K13954,yiaY
529684287086944,9301,0.1746732271634615,,
588468738897050,9300,0.1746544471153846,,
136056212712030,9299,0.1746356670673076,,
348999866520068,9299,0.1746356670673076,,
414023960715710,9298,0.1746168870192307,,
642407905510296,9298,0.1746168870192307,K00793;K02858,ribE;ribB
103110513578576,9297,0.1745981069711538,,
352585353871914,9297,0.1745981069711538,,
590988476101416,9297,0.1745981069711538,,
545306070949730,9295,0.174560546875,,
127220736269205,9294,0.174541766826923,K09181,patZ
136161464065037,9293,0.1745229867788461,,
757921313192573,9293,0.1745229867788461,,
675209560006422,9291,0.1744854266826923,,
675583805393278,9291,0.1744854266826923,,
676037675149215,9291,0.1744854266826923,,
576010514968702,9290,0.1744666466346154,,
661840661199189,9290,0.1744666466346154,,
288163090619571,9289,0.1744478665865384,,
695533170911492,9287,0.1744103064903846,K01182,IMA
716746825172097,9287,0.1744103064903846,,
29040788470791,9286,0.1743915264423076,,
352638380617315,9286,0.1743915264423076,,
791195030603357,9286,0.1743915264423076,,
334718349154990,9284,0.1743539663461538,,
836832367937035,9284,0.1743539663461538,,
290073484349009,9283,0.1743351862980769,,
897861841108806,9282,0.17431640625,,
577196330070552,9280,0.1742788461538461,,
916010238461168,9280,0.1742788461538461,K14698,irtA
419477520518196,9279,0.1742600661057692,,
553963424311682,9278,0.1742412860576923,,
648784598588102,9278,0.1742412860576923,K09789,bioG
727381882840909,9278,0.1742412860576923,,
701527417814461,9277,0.1742225060096154,,
471942531421382,9276,0.1742037259615384,,
608263720225542,9276,0.1742037259615384,,
776648976314328,9276,0.1742037259615384,,
889379630485063,9276,0.1742037259615384,,
567896418374492,9275,0.1741849459134615,,
427181895890705,9273,0.1741473858173076,,
724196957347440,9272,0.1741286057692307,,
170455124612872,9271,0.1741098257211538,,
894586095683214,9271,0.1741098257211538,,
177537611234699,9270,0.1740910456730769,,
311683740110150,9268,0.174053485576923,,
102688617371155,9267,0.1740347055288461,,
385594299106287,9267,0.1740347055288461,,
424954582376378,9267,0.1740347055288461,K03699,tlyC
175672232333243,9265,0.1739971454326923,,
737274877436634,9265,0.1739971454326923,,
183065004126096,9262,0.1739408052884615,,
475750623824787,9262,0.1739408052884615,,
575485086797146,9255,0.173809344951923,,
227982749077590,9253,0.1737717848557692,,
549614987362848,9250,0.1737154447115384,,
109371582399978,9248,0.1736778846153846,,
768884355335866,9247,0.1736591045673076,,
121097190380158,9245,0.1736215444711538,K01139,spoT
359219597672110,9243,0.173583984375,K03308,TC.NSS
681369280328694,9243,0.173583984375,K06923,K06923
303248013519144,9241,0.1735464242788461,,
489845810524213,9241,0.1735464242788461,,
669024973823099,9239,0.1735088641826923,,
42467930598200,9236,0.1734525240384615,,
910804987413796,9236,0.1734525240384615,,
45160219768023,9235,0.1734337439903846,,
636955482521953,9233,0.1733961838942307,,
478118658301172,9232,0.1733774038461538,,
35855199266134,9231,0.1733586237980769,,
384596164504530,9231,0.1733586237980769,,
833557466825113,9228,0.1733022836538461,K04079,HSP90A
410125705083192,9227,0.1732835036057692,,
90395335934158,9226,0.1732647235576923,,
675972194369710,9226,0.1732647235576923,,
143474229298474,9224,0.1732271634615384,,
667069214289801,9224,0.1732271634615384,,
411755412350162,9223,0.1732083834134615,,
492282627629730,9223,0.1732083834134615,,
752643022654151,9223,0.1732083834134615,,
307052134399007,9222,0.1731896033653846,,
495210844239651,9219,0.1731332632211538,K03544,clpX
199078695396293,9218,0.1731144831730769,,
742219902081071,9216,0.173076923076923,K06942,ychF
759996152474874,9216,0.173076923076923,K03634,lolA
723907445177691,9215,0.1730581430288461,,
655410079667644,9213,0.1730205829326923,,
209588846309377,9210,0.1729642427884615,,
650687159176427,9210,0.1729642427884615,,
849271864153750,9210,0.1729642427884615,,
792708626687841,9209,0.1729454627403846,,
907801294429608,9209,0.1729454627403846,,
166992622542013,9207,0.1729079026442307,,
373336435381696,9207,0.1729079026442307,,
261314458636663,9206,0.1728891225961538,,
850818922557358,9206,0.1728891225961538,,
369314991805047,9205,0.1728703425480769,,
661901053912415,9205,0.1728703425480769,,
70419185217642,9204,0.1728515625,,
443704360506358,9204,0.1728515625,,
361290524155978,9202,0.1728140024038461,,
40177782756854,9201,0.1727952223557692,,
195797163003826,9200,0.1727764423076923,K01091,gph
451818484883089,9200,0.1727764423076923,,
502658784379736,9200,0.1727764423076923,,
50202159093488,9196,0.1727013221153846,,
252451372303720,9188,0.1725510817307692,,
384555792123304,9188,0.1725510817307692,,
900367262751119,9188,0.1725510817307692,,
47236633278010,9187,0.1725323016826923,,
405367154691750,9187,0.1725323016826923,,
507394628398153,9187,0.1725323016826923,,
719285095446458,9186,0.1725135216346154,,
879449442357263,9186,0.1725135216346154,,
584628914542887,9185,0.1724947415865384,K07035,K07035
395390844155667,9182,0.1724384014423076,,
755297392747434,9180,0.1724008413461538,,
39645315536486,9179,0.1723820612980769,,
296422246775002,9177,0.172344501201923,,
795443687659143,9177,0.172344501201923,,
652749649139105,9176,0.1723257211538461,,
799357322461809,9175,0.1723069411057692,,
138667658333822,9173,0.1722693810096154,,
269155863443432,9172,0.1722506009615384,,
822435460687111,9169,0.1721942608173076,,
857309465461281,9169,0.1721942608173076,,
190272889032281,9168,0.1721754807692307,,
575255490205223,9168,0.1721754807692307,,
892302892601666,9167,0.1721567007211538,,
557525046517971,9166,0.1721379206730769,,
780525696808941,9163,0.1720815805288461,,
536384692942990,9162,0.1720628004807692,,
809858361659862,9162,0.1720628004807692,,
115391558162673,9158,0.1719876802884615,,
752002809049633,9158,0.1719876802884615,,
480673534537869,9157,0.1719689002403846,,
790938642184775,9157,0.1719689002403846,,
584840580528887,9155,0.1719313401442307,,
294684946220261,9154,0.1719125600961538,,
349849309405811,9154,0.1719125600961538,,
199049313848965,9152,0.171875,,
886779914356561,9152,0.171875,K01198,xynB
42744695596070,9151,0.171856219951923,,
619293843762658,9151,0.171856219951923,,
796451414153823,9149,0.1718186598557692,,
818219537534440,9147,0.1717810997596154,,
871316751805073,9146,0.1717623197115384,,
331194921439061,9145,0.1717435396634615,,
406356229488927,9145,0.1717435396634615,,
560454112949134,9145,0.1717435396634615,,
351792682326985,9143,0.1717059795673076,,
467802016156273,9142,0.1716871995192307,,
576429185331866,9142,0.1716871995192307,,
520154336703441,9141,0.1716684194711538,,
777167292788979,9141,0.1716684194711538,,
484068626075496,9140,0.1716496394230769,,
497376992950059,9139,0.171630859375,,
899870911803992,9138,0.171612079326923,,
353637474869475,9136,0.1715745192307692,,
430576404773177,9134,0.1715369591346154,,
387723057689298,9133,0.1715181790865384,,
79394595073569,9132,0.1714993990384615,,
299504123903781,9131,0.1714806189903846,,
636742707317403,9131,0.1714806189903846,,
170720360923447,9129,0.1714430588942307,,
910794552414137,9129,0.1714430588942307,,
539114389347202,9127,0.1714054987980769,,
712648818410205,9127,0.1714054987980769,,
867620491537882,9126,0.17138671875,,
84602831208676,9122,0.1713115985576923,K03307,TC.SSS
718292760338094,9122,0.1713115985576923,,
161657255543311,9121,0.1712928185096154,K02004,ABC.CD.P
345567650546130,9121,0.1712928185096154,,
549019619607978,9121,0.1712928185096154,,
876233225707299,9121,0.1712928185096154,,
150638139563225,9120,0.1712740384615384,,
313287290942646,9120,0.1712740384615384,,
404314921877092,9116,0.1711989182692307,,
44959660340247,9115,0.1711801382211538,,
571534481210208,9115,0.1711801382211538,,
758294281913161,9115,0.1711801382211538,K03402,argR
534309045898257,9114,0.1711613581730769,,
811387634491260,9113,0.171142578125,,
607518275965249,9111,0.1711050180288461,,
842669166021986,9110,0.1710862379807692,,
121756601097144,9106,0.1710111177884615,,
158636184067254,9106,0.1710111177884615,,
236176270727330,9104,0.1709735576923076,,
513337047566272,9104,0.1709735576923076,,
831232918401190,9100,0.1708984375,,
286094543341556,9098,0.1708608774038461,,
597180723304861,9098,0.1708608774038461,,
618599123697225,9098,0.1708608774038461,,
153233646186041,9097,0.1708420973557692,,
565119465955208,9095,0.1708045372596154,,
72034196756021,9093,0.1707669771634615,,
660861031530794,9090,0.1707106370192307,,
748570353706523,9090,0.1707106370192307,,
288616079295244,9089,0.1706918569711538,,
524162578410732,9089,0.1706918569711538,,
589039209618361,9088,0.1706730769230769,,
723515910041914,9088,0.1706730769230769,,
835217428181938,9087,0.170654296875,,
511015379072461,9086,0.170635516826923,,
446017635169591,9084,0.1705979567307692,,
450880002115652,9084,0.1705979567307692,,
527897718960585,9084,0.1705979567307692,,
169919547861285,9079,0.1705040564903846,,
191526683993747,9079,0.1705040564903846,,
300525871348483,9078,0.1704852764423076,,
82215207623330,9077,0.1704664963942307,K21024,bifA
274681668912848,9076,0.1704477163461538,,
397277117596032,9076,0.1704477163461538,,
106430882220907,9073,0.170391376201923,,
867323649250365,9073,0.170391376201923,,
785747415939696,9072,0.1703725961538461,,
367195404000052,9069,0.1703162560096154,,
908831641065021,9068,0.1702974759615384,,
172744854988069,9067,0.1702786959134615,,
600448679862965,9067,0.1702786959134615,,
558147575554627,9066,0.1702599158653846,,
87718053015694,9065,0.1702411358173076,,
1225446085578,9062,0.1701847956730769,,
756109311430413,9062,0.1701847956730769,,
443907444656260,9058,0.1701096754807692,,
311995431792475,9056,0.1700721153846154,,
369413543589381,9056,0.1700721153846154,,
864923684745691,9056,0.1700721153846154,,
69235438551910,9052,0.1699969951923076,,
290843639833365,9051,0.1699782151442307,,
879209341096787,9051,0.1699782151442307,,
105096972499006,9050,0.1699594350961538,,
43397429866533,9048,0.169921875,,
192530720646796,9048,0.169921875,,
417477690346415,9048,0.169921875,,
460561584504587,9048,0.169921875,K09815,znuA
627547366608576,9046,0.1698843149038461,,
647733822452813,9044,0.1698467548076923,,
491537465345248,9042,0.1698091947115384,,
651749536258425,9039,0.1697528545673076,,
489448026876094,9038,0.1697340745192307,,
717873216270481,9037,0.1697152944711538,,
763682197713806,9037,0.1697152944711538,,
105165523481881,9036,0.1696965144230769,,
371606673096134,9036,0.1696965144230769,,
405261906838289,9036,0.1696965144230769,,
787477492330077,9036,0.1696965144230769,,
589587488509122,9035,0.169677734375,,
844009904875573,9035,0.169677734375,,
10365329621948,9033,0.1696401742788461,,
126313990384633,9032,0.1696213942307692,,
832402871406765,9032,0.1696213942307692,,
840160148066075,9032,0.1696213942307692,,
119016052752249,9031,0.1696026141826923,,
788760239045585,9031,0.1696026141826923,K06400,spoIVCA
14291201687896,9027,0.1695274939903846,,
545054432877655,9027,0.1695274939903846,,
747741781268399,9027,0.1695274939903846,,
362644689669298,9025,0.1694899338942307,,
54214033962966,9024,0.1694711538461538,,
66026786229257,9023,0.1694523737980769,,
670823512228286,9022,0.16943359375,,
142552991959500,9019,0.1693772536057692,,
915797221952476,9014,0.1692833533653846,,
283379341581737,9013,0.1692645733173076,,
295671947023384,9013,0.1692645733173076,K03215,rumA
309010380673519,9013,0.1692645733173076,,
221377666717169,9012,0.1692457932692307,,
813847818942584,9011,0.1692270132211538,,
853670204518643,9008,0.169170673076923,,
384609364177331,9007,0.1691518930288461,K01890,FARSB
610695223885971,9007,0.1691518930288461,,
78143487893072,9002,0.1690579927884615,,
509455222605402,9001,0.1690392127403846,,
763451701855651,9001,0.1690392127403846,K03722,dinG
366937556046365,8999,0.1690016526442307,,
793072398089309,8999,0.1690016526442307,,
600305010841240,8997,0.1689640925480769,,
707831445531477,8997,0.1689640925480769,,
122798037246261,8994,0.1689077524038461,,
781717312559460,8994,0.1689077524038461,,
920315258127032,8994,0.1689077524038461,,
217305013996906,8993,0.1688889723557692,,
569087676057988,8993,0.1688889723557692,,
73602048382216,8990,0.1688326322115384,,
145107440252641,8990,0.1688326322115384,,
176184704949438,8990,0.1688326322115384,,
479582275704637,8987,0.1687762920673076,,
262930991540711,8985,0.1687387319711538,,
746449778466886,8985,0.1687387319711538,,
807616411259121,8984,0.1687199519230769,,
66109440223646,8983,0.168701171875,,
836278587951193,8983,0.168701171875,,
796677314164203,8982,0.168682391826923,,
586261039085638,8980,0.1686448317307692,,
738712188167097,8979,0.1686260516826923,,
95854271816629,8978,0.1686072716346154,,
374180844919941,8978,0.1686072716346154,,
517248319686288,8978,0.1686072716346154,,
610248636181472,8978,0.1686072716346154,,
915293578639331,8978,0.1686072716346154,,
605288548904930,8977,0.1685884915865384,,
605061592709382,8975,0.1685509314903846,,
255990929240869,8973,0.1685133713942307,,
622883044539651,8971,0.1684758112980769,,
735268908409604,8971,0.1684758112980769,,
94944660339559,8969,0.168438251201923,,
878428750953095,8968,0.1684194711538461,,
791269961474559,8963,0.1683255709134615,,
111687774777574,8960,0.1682692307692307,,
754917093853484,8960,0.1682692307692307,,
779670135505651,8959,0.1682504507211538,,
277899902754924,8958,0.1682316706730769,K07667,kdpE
582967075726103,8957,0.168212890625,,
308204437938510,8956,0.168194110576923,,
352753352326620,8956,0.168194110576923,K09773,ppsR
806458351684031,8956,0.168194110576923,,
71513422724625,8954,0.1681565504807692,,
231265148422846,8954,0.1681565504807692,,
248764675278037,8954,0.1681565504807692,K21572,susD
268614786886036,8954,0.1681565504807692,,
855533071449053,8953,0.1681377704326923,,
132971754471067,8951,0.1681002103365384,,
634226210554216,8950,0.1680814302884615,,
401790823504952,8948,0.1680438701923076,,
495710055875222,8947,0.1680250901442307,,
688761891914685,8946,0.1680063100961538,,
17694241126318,8945,0.1679875300480769,,
53620981393198,8942,0.1679311899038461,K10188,lacE
354162620485688,8942,0.1679311899038461,,
197706322460071,8941,0.1679124098557692,,
22623320065256,8940,0.1678936298076923,,
298819831476030,8939,0.1678748497596154,,
473263645357540,8939,0.1678748497596154,,
698822426103131,8939,0.1678748497596154,,
194649384851182,8937,0.1678372896634615,,
447853538456560,8937,0.1678372896634615,,
915815178128824,8937,0.1678372896634615,,
106380404819600,8936,0.1678185096153846,,
135745899297286,8936,0.1678185096153846,,
383634046091668,8936,0.1678185096153846,,
12681452084097,8935,0.1677997295673076,,
418865129278597,8934,0.1677809495192307,,
700054654385652,8934,0.1677809495192307,K03427,hsdM
787013819064773,8933,0.1677621694711538,,
834013602321905,8933,0.1677621694711538,,
173313193550287,8931,0.167724609375,,
363609906422035,8929,0.1676870492788461,K00548,metH
389451476014189,8929,0.1676870492788461,,
577096826483336,8929,0.1676870492788461,,
776151126732722,8929,0.1676870492788461,,
66615906090615,8928,0.1676682692307692,,
568745791629479,8928,0.1676682692307692,,
872745764065992,8928,0.1676682692307692,,
133275226894373,8927,0.1676494891826923,,
10642866968596,8926,0.1676307091346154,,
633951777857195,8924,0.1675931490384615,,
881984067933505,8924,0.1675931490384615,,
119231126406089,8923,0.1675743689903846,K14205,mprF
687646135028180,8923,0.1675743689903846,,
682306487296272,8921,0.1675368088942307,,
322003988489515,8920,0.1675180288461538,,
636098198478021,8920,0.1675180288461538,K00384,trxB
74291801367988,8919,0.1674992487980769,,
30001395245912,8916,0.1674429086538461,,
885952610940867,8916,0.1674429086538461,,
833318008845657,8915,0.1674241286057692,,
39640724960165,8913,0.1673865685096154,,
344245713351282,8913,0.1673865685096154,,
645430404923825,8913,0.1673865685096154,,
34025837898906,8912,0.1673677884615384,,
512871199721108,8912,0.1673677884615384,,
423662208436889,8911,0.1673490084134615,,
262335620459824,8910,0.1673302283653846,,
623344405345936,8909,0.1673114483173076,,
569051226553846,8907,0.1672738882211538,,
804907183187582,8906,0.1672551081730769,,
201546050064800,8905,0.167236328125,,
646353726409629,8903,0.1671987680288461,,
675543734955399,8903,0.1671987680288461,,
682869651648330,8901,0.1671612079326923,,
795055781727895,8901,0.1671612079326923,,
88218178362778,8900,0.1671424278846154,,
260830212190836,8900,0.1671424278846154,,
336725282255064,8900,0.1671424278846154,,
93777424150572,8899,0.1671236478365384,,
211511380635006,8896,0.1670673076923076,,
338934005720427,8895,0.1670485276442307,,
798974628285770,8895,0.1670485276442307,,
159689530269455,8894,0.1670297475961538,,
326088191113069,8894,0.1670297475961538,,
122265116865978,8893,0.1670109675480769,,
324935488706923,8893,0.1670109675480769,,
538663897588094,8893,0.1670109675480769,,
679845760712806,8893,0.1670109675480769,K01745,hutH
22301167217149,8892,0.1669921875,,
767154710090380,8891,0.166973407451923,,
868371740349909,8891,0.166973407451923,,
215960006444414,8889,0.1669358473557692,,
669365552640482,8889,0.1669358473557692,,
676936207718478,8888,0.1669170673076923,,
595572100834583,8886,0.1668795072115384,,
12969705654044,8885,0.1668607271634615,,
608037619149277,8884,0.1668419471153846,,
245716138295448,8883,0.1668231670673076,,
751228741304403,8882,0.1668043870192307,,
41182233110709,8881,0.1667856069711538,K25144,lnrL
213167055215168,8880,0.1667668269230769,,
615923954954750,8880,0.1667668269230769,,
660261082320691,8880,0.1667668269230769,K21572,susD
627525054862927,8879,0.166748046875,K07533,prsA
212216351674379,8878,0.166729266826923,,
716704350631218,8878,0.166729266826923,,
886984425268242,8877,0.1667104867788461,,
485988590310110,8876,0.1666917067307692,,
703527367602245,8874,0.1666541466346154,,
706429019823010,8872,0.1666165865384615,,
913073884928136,8872,0.1666165865384615,,
639253863085196,8871,0.1665978064903846,,
124622241537043,8870,0.1665790264423076,,
398688111108121,8869,0.1665602463942307,,
242977343004380,8868,0.1665414663461538,,
448332390405434,8867,0.1665226862980769,K20488,nisR
92437788137795,8866,0.16650390625,,
784429684037113,8865,0.166485126201923,K01175,ybfF
231625320684868,8864,0.1664663461538461,,
275197155842531,8864,0.1664663461538461,,
605374888593108,8863,0.1664475661057692,,
592103869910284,8862,0.1664287860576923,,
806208047611615,8862,0.1664287860576923,,
579944790573855,8859,0.1663724459134615,,
585253956737357,8859,0.1663724459134615,,
661332846565850,8859,0.1663724459134615,,
715237440293170,8855,0.1662973257211538,,
198016000969835,8854,0.1662785456730769,,
287204576160465,8854,0.1662785456730769,,
286076932164024,8853,0.166259765625,K01807,rpiA
456297657955639,8853,0.166259765625,,
486395209077521,8853,0.166259765625,,
471497067637092,8852,0.166240985576923,,
156100859516629,8848,0.1661658653846154,,
59489239086435,8846,0.1661283052884615,,
221706456616347,8846,0.1661283052884615,,
9095879834679,8845,0.1661095252403846,,
390526485281571,8845,0.1661095252403846,,
611456883946016,8844,0.1660907451923076,,
692212198233698,8840,0.166015625,,
358775620276323,8837,0.1659592848557692,,
490521233576393,8837,0.1659592848557692,,
604016125928146,8835,0.1659217247596154,,
898060639278003,8835,0.1659217247596154,K08483,ptsI
438551963108602,8832,0.1658653846153846,,
443478001009752,8832,0.1658653846153846,,
13928798446551,8831,0.1658466045673076,,
284139930740926,8831,0.1658466045673076,,
571646305276616,8831,0.1658466045673076,,
433985173139702,8830,0.1658278245192307,,
725768347420305,8830,0.1658278245192307,,
386618769919208,8828,0.1657902644230769,,
537936996067226,8828,0.1657902644230769,,
878922424046893,8827,0.165771484375,K21573,susC
126854004448353,8826,0.165752704326923,,
216238124165856,8826,0.165752704326923,,
854485425152144,8825,0.1657339242788461,,
592785328069212,8823,0.1656963641826923,,
849845149269973,8821,0.1656588040865384,K03169,topB
12806208496653,8820,0.1656400240384615,,
737544893698523,8819,0.1656212439903846,,
636552518724319,8814,0.16552734375,K03466,ftsK
217244311491152,8812,0.1654897836538461,,
147586761466785,8811,0.1654710036057692,,
584379828932193,8810,0.1654522235576923,,
903411699320161,8809,0.1654334435096154,,
606547978127889,8808,0.1654146634615384,,
694292167431030,8808,0.1654146634615384,K01273,DPEP
909943875531928,8808,0.1654146634615384,,
88929337978663,8807,0.1653958834134615,,
411536174235245,8807,0.1653958834134615,,
653401545455166,8806,0.1653771033653846,,
12067685715229,8805,0.1653583233173076,,
763234849526021,8804,0.1653395432692307,,
798708942860916,8802,0.1653019831730769,,
21651124113257,8801,0.165283203125,,
692972721768413,8801,0.165283203125,,
772316485780783,8801,0.165283203125,,
373508086991371,8800,0.165264423076923,,
900762900381719,8799,0.1652456430288461,,
826848100354820,8798,0.1652268629807692,,
62154248590317,8797,0.1652080829326923,,
319178338208095,8797,0.1652080829326923,,
715101061619756,8797,0.1652080829326923,,
315943722415055,8794,0.1651517427884615,,
607160565948790,8793,0.1651329627403846,,
41861192917156,8792,0.1651141826923076,,
306236269726808,8792,0.1651141826923076,,
752314584090591,8792,0.1651141826923076,,
895218331984681,8791,0.1650954026442307,,
102233247258112,8788,0.1650390625,,
687535259259273,8788,0.1650390625,,
606335376607818,8787,0.165020282451923,,
570598900428436,8786,0.1650015024038461,,
580966435297536,8786,0.1650015024038461,,
185385120992362,8785,0.1649827223557692,,
253466523659588,8782,0.1649263822115384,K01921,ddl
597643878434926,8781,0.1649076021634615,,
472810288982394,8780,0.1648888221153846,,
729368559102461,8780,0.1648888221153846,K06890,K06890
24981978434677,8779,0.1648700420673076,,
149784345147200,8779,0.1648700420673076,,
713577258572438,8779,0.1648700420673076,K12063,traC
537838439446534,8778,0.1648512620192307,,
573272749502335,8778,0.1648512620192307,K07659,ompR
34592586840449,8775,0.164794921875,,
554834371435450,8775,0.164794921875,,
104540560615659,8774,0.164776141826923,,
345137183824360,8774,0.164776141826923,,
751299321463161,8774,0.164776141826923,,
908311835656747,8773,0.1647573617788461,,
458515391871032,8771,0.1647198016826923,,
647080758243723,8771,0.1647198016826923,,
905799161390827,8771,0.1647198016826923,,
568968775969408,8770,0.1647010216346154,,
721617052723218,8769,0.1646822415865384,,
397821336250217,8768,0.1646634615384615,,
585576905463402,8768,0.1646634615384615,,
847521565048394,8768,0.1646634615384615,,
739477668973371,8765,0.1646071213942307,,
219835937739103,8764,0.1645883413461538,,
501665719794969,8763,0.1645695612980769,,
839574422152022,8762,0.16455078125,,
537863998785454,8761,0.164532001201923,,
692330980621361,8761,0.164532001201923,,
176777811496031,8759,0.1644944411057692,,
712329220872739,8758,0.1644756610576923,,
559454344333315,8757,0.1644568810096154,,
898727711640805,8757,0.1644568810096154,,
62941653114652,8756,0.1644381009615384,,
884310301395329,8756,0.1644381009615384,,
490354391460743,8755,0.1644193209134615,,
69229370547961,8754,0.1644005408653846,,
337458067216487,8754,0.1644005408653846,,
479658430408088,8754,0.1644005408653846,,
640298132336115,8754,0.1644005408653846,,
289096742976311,8752,0.1643629807692307,,
365816098676254,8751,0.1643442007211538,,
559430217083663,8750,0.1643254206730769,,
652417572941260,8750,0.1643254206730769,,
25648298071884,8749,0.164306640625,,
50990295712718,8748,0.164287860576923,,
87462679866800,8748,0.164287860576923,,
464858262373930,8747,0.1642690805288461,,
503290336502333,8746,0.1642503004807692,,
3400975552465,8745,0.1642315204326923,,
322138854230876,8744,0.1642127403846154,,
442825399918366,8744,0.1642127403846154,,
174869053524490,8742,0.1641751802884615,,
474209330017724,8742,0.1641751802884615,,
522822019925321,8740,0.1641376201923076,,
685789488103534,8738,0.1641000600961538,,
785346198419479,8738,0.1641000600961538,,
298967646943562,8736,0.1640625,,
304312019875990,8736,0.1640625,,
427549714430913,8736,0.1640625,,
272776529286070,8733,0.1640061598557692,,
146505073866966,8732,0.1639873798076923,,
582714720857910,8732,0.1639873798076923,,
111876495291756,8730,0.1639498197115384,,
686765033102438,8730,0.1639498197115384,,
50299089605433,8728,0.1639122596153846,,
202758867852151,8727,0.1638934795673076,K06147;K11085;K18887;K18888;K18890,ABCB-BAC;msbA;efrA;efrB;mdlB
256617623965267,8726,0.1638746995192307,,
398679984447523,8726,0.1638746995192307,,
50861249548277,8725,0.1638559194711538,,
637379599693609,8725,0.1638559194711538,,
387893030590603,8723,0.163818359375,,
794714710796404,8723,0.163818359375,,
260220754634043,8721,0.1637807992788461,,
368944181788983,8720,0.1637620192307692,,
426355683362663,8720,0.1637620192307692,K21600,csoR
583941911198376,8720,0.1637620192307692,,
31282660890935,8719,0.1637432391826923,,
193914702250088,8719,0.1637432391826923,,
237612647441113,8719,0.1637432391826923,,
89039195772172,8717,0.1637056790865384,,
154535257647805,8716,0.1636868990384615,,
88649135046954,8715,0.1636681189903846,,
425732676375736,8715,0.1636681189903846,,
556839385903595,8715,0.1636681189903846,,
843787986294701,8715,0.1636681189903846,,
306296725879451,8714,0.1636493389423076,,
543316588177738,8714,0.1636493389423076,,
97818170773926,8713,0.1636305588942307,,
100559091221673,8713,0.1636305588942307,,
468414697954460,8713,0.1636305588942307,K01157,rpnA
261029342127260,8712,0.1636117788461538,,
796481750966256,8710,0.16357421875,K19002,mgs
39043503092247,8709,0.163555438701923,,
509835871467415,8708,0.1635366586538461,,
263504725141130,8707,0.1635178786057692,,
305853790606401,8707,0.1635178786057692,,
552032099564013,8707,0.1635178786057692,,
782091848784376,8707,0.1635178786057692,,
50819979238538,8704,0.1634615384615384,,
512237169479250,8704,0.1634615384615384,,
562561604802364,8704,0.1634615384615384,,
725952514670015,8702,0.1634239783653846,,
14150450688481,8701,0.1634051983173076,,
116923332143981,8700,0.1633864182692307,,
80624479148304,8699,0.1633676382211538,,
794882790040642,8698,0.1633488581730769,,
811832474782611,8698,0.1633488581730769,K01798,alr-murF
373100391977161,8697,0.163330078125,,
127536577008465,8695,0.1632925180288461,,
738970143392865,8695,0.1632925180288461,K01586,lysA
785946871803870,8695,0.1632925180288461,,
906259399014979,8694,0.1632737379807692,,
10166651359641,8693,0.1632549579326923,,
129607906000179,8693,0.1632549579326923,K01181,Xyn
596956378016482,8693,0.1632549579326923,,
175213228316761,8692,0.1632361778846154,,
221138242074821,8692,0.1632361778846154,,
830747515360596,8692,0.1632361778846154,,
838065462655942,8692,0.1632361778846154,,
129092557084825,8691,0.1632173978365384,,
847226460063534,8690,0.1631986177884615,,
901391528107880,8689,0.1631798377403846,,
447886543867786,8688,0.1631610576923076,,
429498633421074,8687,0.1631422776442307,,
563798243181565,8687,0.1631422776442307,,
875690655257509,8685,0.1631047175480769,,
114869879631662,8684,0.1630859375,,
545971532907683,8683,0.163067157451923,,
225696009993155,8682,0.1630483774038461,,
509570685868928,8680,0.1630108173076923,,
223887224547553,8679,0.1629920372596154,,
722068971958664,8679,0.1629920372596154,,
63182019283516,8675,0.1629169170673076,,
106196013595387,8674,0.1628981370192307,,
653546346130760,8673,0.1628793569711538,,
223691929152224,8671,0.162841796875,,
762336305863727,8671,0.162841796875,,
8797244383563,8669,0.1628042367788461,,
684815467010704,8669,0.1628042367788461,,
108971954270279,8668,0.1627854567307692,,
848659103736422,8668,0.1627854567307692,,
672041270965376,8667,0.1627666766826923,,
846696992868977,8666,0.1627478966346154,,
521110097969032,8665,0.1627291165865384,,
189347306746162,8664,0.1627103365384615,,
726634403879188,8664,0.1627103365384615,,
856557440530665,8663,0.1626915564903846,,
219889429048073,8662,0.1626727764423076,,
583377567298387,8662,0.1626727764423076,,
579776653175988,8661,0.1626539963942307,,
731088486302562,8661,0.1626539963942307,,
455674498442094,8659,0.1626164362980769,,
640834555172899,8659,0.1626164362980769,,
105444103969751,8658,0.16259765625,,
273918680349063,8658,0.16259765625,,
900646634167002,8658,0.16259765625,,
355969504201785,8656,0.1625600961538461,,
371775821991374,8656,0.1625600961538461,,
682854357721464,8656,0.1625600961538461,,
903144862497143,8656,0.1625600961538461,,
750312288122856,8654,0.1625225360576923,,
776627270643623,8653,0.1625037560096154,K01733,thrC
102709779492396,8650,0.1624474158653846,,
899491379533075,8649,0.1624286358173076,,
465152378502866,8648,0.1624098557692307,,
727841398718721,8648,0.1624098557692307,,
779685314456770,8647,0.1623910757211538,,
229549923758635,8646,0.1623722956730769,,
709019869925463,8645,0.162353515625,K02835,prfA
418882844719042,8644,0.162334735576923,,
812238555462160,8644,0.162334735576923,,
637721673997040,8643,0.1623159555288461,,
452229289633973,8640,0.1622596153846154,,
292451283486197,8639,0.1622408353365384,,
381182899816884,8639,0.1622408353365384,,
57356400202316,8636,0.1621844951923076,,
514579008892533,8636,0.1621844951923076,,
719520566461707,8636,0.1621844951923076,,
729194543936129,8636,0.1621844951923076,,
799208987038111,8635,0.1621657151442307,,
920539876569737,8634,0.1621469350961538,,
450218376931921,8633,0.1621281550480769,,
729598303464731,8632,0.162109375,,
20317165039672,8631,0.162090594951923,,
41940177330779,8629,0.1620530348557692,,
158760890568091,8627,0.1620154747596154,,
125939310036103,8626,0.1619966947115384,,
199587895148665,8622,0.1619215745192307,,
263267547136828,8622,0.1619215745192307,,
654977220174333,8622,0.1619215745192307,,
382721449006789,8621,0.1619027944711538,,
526844631307739,8621,0.1619027944711538,,
264299860733322,8620,0.1618840144230769,,
115788908604665,8619,0.161865234375,,
151073180962916,8619,0.161865234375,,
598182850318639,8618,0.161846454326923,,
771813201069564,8618,0.161846454326923,K09975,K09975
76704216945927,8616,0.1618088942307692,,
14988435459622,8615,0.1617901141826923,K18138,acrB
585984408968504,8615,0.1617901141826923,,
398652782195404,8614,0.1617713341346154,,
87470348924983,8612,0.1617337740384615,,
756199639392434,8612,0.1617337740384615,,
11836706552211,8611,0.1617149939903846,K06400,spoIVCA
218849275492965,8611,0.1617149939903846,,
558676384521885,8610,0.1616962139423076,,
830589751896318,8610,0.1616962139423076,,
48536693699834,8609,0.1616774338942307,,
177872097193522,8609,0.1616774338942307,K15580,oppA
268623825368402,8609,0.1616774338942307,,
428642698757217,8609,0.1616774338942307,,
903159856390507,8609,0.1616774338942307,,
401723104156543,8607,0.1616398737980769,,
262382550952923,8606,0.16162109375,,
613102192224064,8606,0.16162109375,,
411312102452313,8604,0.1615835336538461,K04763,xerD
629508530368211,8604,0.1615835336538461,,
95490319681126,8602,0.1615459735576923,,
171932336227,8601,0.1615271935096154,,
19669780483068,8601,0.1615271935096154,,
176102200804026,8601,0.1615271935096154,,
684340003906582,8601,0.1615271935096154,,
441551816571597,8599,0.1614896334134615,,
577424729031619,8599,0.1614896334134615,,
814222404644283,8599,0.1614896334134615,,
824396804890766,8599,0.1614896334134615,,
117496010150713,8598,0.1614708533653846,,
313449081634062,8597,0.1614520733173076,,
678324928955422,8597,0.1614520733173076,,
887053854850441,8597,0.1614520733173076,,
442295330661141,8596,0.1614332932692307,,
149990478274083,8595,0.1614145132211538,,
779737726384382,8595,0.1614145132211538,K16786,ecfA1
790141026426401,8595,0.1614145132211538,,
183143542951454,8594,0.1613957331730769,,
666397462404733,8593,0.161376953125,,
333523226131481,8592,0.161358173076923,,
439738549212350,8592,0.161358173076923,,
716970603978085,8592,0.161358173076923,,
831581828123950,8592,0.161358173076923,,
331317378663634,8590,0.1613206129807692,,
392141084300618,8590,0.1613206129807692,K21572,susD
611923688100060,8589,0.1613018329326923,,
701391625271924,8589,0.1613018329326923,,
729802889912565,8589,0.1613018329326923,,
637358839621528,8586,0.1612454927884615,,
507520265905088,8585,0.1612267127403846,,
666181822716264,8584,0.1612079326923076,,
316690667041812,8583,0.1611891526442307,,
698493832200904,8582,0.1611703725961538,,
920883671269399,8582,0.1611703725961538,,
146818388454178,8581,0.1611515925480769,,
530390188391420,8580,0.1611328125,,
404946877056757,8579,0.161114032451923,,
885503193879369,8577,0.1610764723557692,K22230,iolU
44363900806657,8574,0.1610201322115384,,
311624940613328,8574,0.1610201322115384,,
245382927207997,8573,0.1610013521634615,K03327,SLC47A
493824300619884,8571,0.1609637920673076,,
85137026334183,8570,0.1609450120192307,,
50285939761436,8569,0.1609262319711538,,
379529150199362,8568,0.1609074519230769,,
316452730871413,8566,0.160869891826923,,
867863174398057,8566,0.160869891826923,K02469,gyrA
817568717021723,8565,0.1608511117788461,,
63365491065746,8562,0.1607947716346154,,
261452018209273,8562,0.1607947716346154,,
892135486343016,8562,0.1607947716346154,K15923,AXY8
505060040205394,8560,0.1607572115384615,,
618444057010998,8560,0.1607572115384615,,
762029573226470,8560,0.1607572115384615,,
401899912851627,8559,0.1607384314903846,,
784161617846976,8559,0.1607384314903846,,
482566273432854,8556,0.1606820913461538,,
603289189854250,8555,0.1606633112980769,,
781822138775984,8555,0.1606633112980769,,
86761008524587,8554,0.16064453125,,
168637919605217,8554,0.16064453125,K14155,patB
487626241011413,8554,0.16064453125,,
745068234887476,8553,0.160625751201923,,
31387452316721,8551,0.1605881911057692,,
85875083789935,8551,0.1605881911057692,,
770893456901336,8551,0.1605881911057692,,
859453751799338,8549,0.1605506310096154,,
475814104906337,8548,0.1605318509615384,,
168532384442533,8546,0.1604942908653846,,
709766304680020,8546,0.1604942908653846,,
734390820479605,8545,0.1604755108173076,,
635808416376,8543,0.1604379507211538,,
619302238670803,8543,0.1604379507211538,,
246976174629527,8540,0.160381610576923,,
688296072728041,8540,0.160381610576923,,
851206480428873,8540,0.160381610576923,,
853340886525340,8540,0.160381610576923,,
73271325232896,8539,0.1603628305288461,,
882863348990331,8539,0.1603628305288461,,
341240027267770,8536,0.1603064903846154,,
523747494670459,8536,0.1603064903846154,,
681644405889965,8535,0.1602877103365384,,
907233332503885,8535,0.1602877103365384,,
76426277943126,8534,0.1602689302884615,,
324176005094927,8534,0.1602689302884615,,
441545833671425,8534,0.1602689302884615,K00948,PRPS
852100587213571,8533,0.1602501502403846,,
160709802847456,8531,0.1602125901442307,,
273984499338747,8529,0.1601750300480769,K17320,lplC
890829422024445,8529,0.1601750300480769,,
436356920543267,8528,0.16015625,,
673119204885109,8528,0.16015625,,
708600619523215,8527,0.160137469951923,,
107106962192523,8524,0.1600811298076923,,
900381898442777,8524,0.1600811298076923,,
190996479928995,8523,0.1600623497596154,,
348808680524011,8523,0.1600623497596154,,
873995578499319,8523,0.1600623497596154,,
45792049095909,8522,0.1600435697115384,,
705211640698409,8520,0.1600060096153846,,
725266243606129,8520,0.1600060096153846,,
877855841784956,8518,0.1599684495192307,,
213656491588660,8516,0.1599308894230769,K04763,xerD
340220796519850,8516,0.1599308894230769,,
515661993365174,8516,0.1599308894230769,,
31731009699021,8513,0.1598745492788461,,
750827603813355,8513,0.1598745492788461,K01421,yhgE
129365001163590,8511,0.1598369891826923,,
157622955225062,8509,0.1597994290865384,,
856378744385708,8509,0.1597994290865384,,
198441694744861,8508,0.1597806490384615,,
396987375367134,8507,0.1597618689903846,,
761008578810301,8507,0.1597618689903846,,
885088556282455,8506,0.1597430889423076,,
703804494475819,8505,0.1597243088942307,,
525107528773056,8503,0.1596867487980769,,
534316927490492,8502,0.15966796875,,
734508950602032,8501,0.159649188701923,,
622949864424964,8500,0.1596304086538461,,
16531258047363,8496,0.1595552884615384,,
199639299219216,8496,0.1595552884615384,,
179779408748910,8493,0.1594989483173076,,
253021577693191,8490,0.1594426081730769,,
774635422284684,8490,0.1594426081730769,,
415857076594213,8489,0.159423828125,,
522999603892401,8489,0.159423828125,,
179675199304107,8488,0.159405048076923,,
112380114829188,8486,0.1593674879807692,,
704186009671536,8486,0.1593674879807692,,
205067949129602,8485,0.1593487079326923,,
862657804915544,8485,0.1593487079326923,,
246075176592280,8484,0.1593299278846154,,
277071620592929,8482,0.1592923677884615,,
421704253396603,8482,0.1592923677884615,,
130967674800832,8481,0.1592735877403846,,
395585250143171,8478,0.1592172475961538,K03439,trmB
545002913182648,8478,0.1592172475961538,,
712972446369447,8476,0.1591796875,,
566409286102904,8475,0.159160907451923,,
219901515377970,8473,0.1591233473557692,,
804815058839826,8473,0.1591233473557692,,
48811205438043,8472,0.1591045673076923,,
447350788006973,8472,0.1591045673076923,,
552619652829152,8470,0.1590670072115384,,
338220195186019,8468,0.1590294471153846,,
363314637516141,8468,0.1590294471153846,K02113,ATPF1D
378179398071723,8467,0.1590106670673076,,
741323297644344,8467,0.1590106670673076,,
200838602723024,8466,0.1589918870192307,,
844340184447064,8466,0.1589918870192307,,
543273898890521,8465,0.1589731069711538,,
625338300069933,8463,0.158935546875,,
219835821528789,8462,0.158916766826923,,
122600926127680,8461,0.1588979867788461,,
423491244103780,8461,0.1588979867788461,,
449232515483749,8461,0.1588979867788461,,
478543851086695,8461,0.1588979867788461,,
668504223016884,8459,0.1588604266826923,,
734058179561186,8459,0.1588604266826923,,
210390751902886,8458,0.1588416466346154,,
323534875667901,8457,0.1588228665865384,,
679419470857653,8457,0.1588228665865384,,
593994168634011,8456,0.1588040865384615,,
648194471757059,8455,0.1587853064903846,,
867077428441277,8454,0.1587665264423076,,
223061209873639,8453,0.1587477463942307,,
603677123678449,8453,0.1587477463942307,,
619271928400155,8453,0.1587477463942307,,
188788081201753,8452,0.1587289663461538,,
67625371640119,8451,0.1587101862980769,,
913262135535724,8451,0.1587101862980769,,
34116533517525,8450,0.15869140625,,
246719899968866,8450,0.15869140625,K11749,rseP
631601987128841,8450,0.15869140625,,
332225006276066,8449,0.158672626201923,,
110107935017992,8448,0.1586538461538461,,
913522456897574,8447,0.1586350661057692,K01190,lacZ
479993987454556,8446,0.1586162860576923,,
568906054644250,8444,0.1585787259615384,,
103410876316095,8443,0.1585599459134615,,
179363851021567,8443,0.1585599459134615,,
742794330880413,8443,0.1585599459134615,,
260930610028493,8442,0.1585411658653846,,
530533964681692,8441,0.1585223858173076,,
766119845896512,8441,0.1585223858173076,,
462414375538378,8439,0.1584848257211538,,
701051270978673,8439,0.1584848257211538,,
730762034209032,8439,0.1584848257211538,,
247626365772350,8438,0.1584660456730769,,
479874787206744,8438,0.1584660456730769,,
719142429751961,8437,0.158447265625,,
800620459805779,8434,0.1583909254807692,,
487840605476773,8433,0.1583721454326923,,
581598022954141,8433,0.1583721454326923,,
151949228228812,8432,0.1583533653846154,,
596394555535521,8432,0.1583533653846154,,
135409190398059,8428,0.1582782451923076,K07718,yesM
253485746579109,8427,0.1582594651442307,,
676270257364655,8427,0.1582594651442307,,
175234981584268,8424,0.158203125,,
454981332794873,8424,0.158203125,,
476663008624691,8423,0.158184344951923,K02010,afuC
485972907690799,8423,0.158184344951923,,
508686882561656,8422,0.1581655649038461,,
31413635025823,8420,0.1581280048076923,,
650278707083211,8420,0.1581280048076923,,
812260128603515,8418,0.1580904447115384,,
495222336045194,8417,0.1580716646634615,,
671996075391891,8417,0.1580716646634615,,
901203368676040,8416,0.1580528846153846,,
350809854580964,8414,0.1580153245192307,,
887924672392707,8414,0.1580153245192307,,
879005748037158,8413,0.1579965444711538,,
752281402214721,8412,0.1579777644230769,,
632008627622992,8411,0.157958984375,K00600,glyA
354080212725486,8410,0.157940204326923,,
2783058759474,8409,0.1579214242788461,,
882631743412508,8409,0.1579214242788461,,
363703798293370,8408,0.1579026442307692,,
553899829653965,8408,0.1579026442307692,,
611974534889455,8407,0.1578838641826923,,
337525120759023,8405,0.1578463040865384,,
359327270821695,8404,0.1578275240384615,,
615947779175145,8404,0.1578275240384615,,
246815111814512,8403,0.1578087439903846,,
293989075723780,8403,0.1578087439903846,K03340,dapdh
647417033719721,8403,0.1578087439903846,,
773114026092378,8403,0.1578087439903846,,
905255154200196,8402,0.1577899639423076,,
291520908424462,8401,0.1577711838942307,,
759106582078945,8401,0.1577711838942307,,
148576987236185,8399,0.1577336237980769,,
776062268387037,8398,0.15771484375,,
133388957386173,8397,0.157696063701923,,
477218958808009,8397,0.157696063701923,,
288238800673697,8396,0.1576772836538461,,
148430800160303,8395,0.1576585036057692,,
335377087382819,8394,0.1576397235576923,,
894086344835268,8393,0.1576209435096154,,
196133843107696,8391,0.1575833834134615,,
389502972688320,8391,0.1575833834134615,,
406464209497992,8391,0.1575833834134615,,
163243886120589,8390,0.1575646033653846,,
209102349516132,8390,0.1575646033653846,,
371625118968616,8390,0.1575646033653846,,
336722869229079,8389,0.1575458233173076,,
859652173680577,8389,0.1575458233173076,,
517453417930437,8386,0.1574894831730769,,
58194552264511,8384,0.157451923076923,,
469491568552370,8384,0.157451923076923,,
865504296972067,8384,0.157451923076923,K00858,ppnK
788979833249724,8383,0.1574331430288461,,
106259888371363,8382,0.1574143629807692,,
262079034667438,8382,0.1574143629807692,,
644114021480134,8382,0.1574143629807692,,
230137951711547,8381,0.1573955829326923,,
222743085976583,8380,0.1573768028846154,,
446427732722410,8380,0.1573768028846154,,
709097460749842,8380,0.1573768028846154,,
579329339909465,8379,0.1573580228365384,,
244381741312400,8378,0.1573392427884615,,
271870117931071,8378,0.1573392427884615,,
315260126658894,8375,0.1572829026442307,,
863538635604712,8375,0.1572829026442307,,
414810631283982,8371,0.157207782451923,,
745340100614972,8371,0.157207782451923,,
814066850410454,8371,0.157207782451923,,
319877024253557,8369,0.1571702223557692,,
459068321842746,8369,0.1571702223557692,,
468273519532092,8367,0.1571326622596154,,
828866515848566,8367,0.1571326622596154,,
389599203305973,8366,0.1571138822115384,,
378152476250515,8364,0.1570763221153846,,
39230801999661,8363,0.1570575420673076,,
388861080660545,8363,0.1570575420673076,,
571234726932515,8363,0.1570575420673076,,
795961368404488,8362,0.1570387620192307,,
575736243526009,8361,0.1570199819711538,,
861936890827280,8361,0.1570199819711538,,
624524886962394,8360,0.1570012019230769,,
795011745064853,8360,0.1570012019230769,,
89421454114257,8358,0.156963641826923,,
659657556345843,8358,0.156963641826923,,
696815634492294,8358,0.156963641826923,,
522103082858642,8357,0.1569448617788461,,
79213033683261,8356,0.1569260817307692,,
326201251322792,8355,0.1569073016826923,K01278,DPP4
495818509313604,8354,0.1568885216346154,,
530430396198261,8353,0.1568697415865384,,
189145722321598,8352,0.1568509615384615,,
316397385265556,8351,0.1568321814903846,,
594102631631126,8351,0.1568321814903846,,
422295201136246,8350,0.1568134014423076,,
434418909059366,8349,0.1567946213942307,,
436944085293769,8349,0.1567946213942307,,
29196881840023,8348,0.1567758413461538,,
379331946846361,8346,0.15673828125,K02355,fusA
805835672506276,8345,0.156719501201923,,
816266041714304,8345,0.156719501201923,,
909824173387569,8345,0.156719501201923,,
345873284737295,8344,0.1567007211538461,,
920609426175137,8344,0.1567007211538461,,
47707729331519,8343,0.1566819411057692,,
920065688326335,8343,0.1566819411057692,,
225245868778077,8342,0.1566631610576923,,
245339185671550,8342,0.1566631610576923,,
582633656734615,8341,0.1566443810096154,K08303,prtC
722936123172284,8341,0.1566443810096154,,
910808189825425,8341,0.1566443810096154,,
690428473334769,8340,0.1566256009615384,,
160966656125088,8339,0.1566068209134615,,
407428726825003,8339,0.1566068209134615,,
571163927726951,8338,0.1565880408653846,,
893153476376911,8338,0.1565880408653846,,
404818586226052,8336,0.1565504807692307,,
542636637986175,8335,0.1565317007211538,,
699257762150467,8335,0.1565317007211538,K07444,ypsC
165957311448448,8334,0.1565129206730769,,
676963599101993,8334,0.1565129206730769,,
608470062046152,8333,0.156494140625,,
745065239796447,8333,0.156494140625,,
903063748580320,8332,0.156475360576923,,
676162620525533,8330,0.1564378004807692,,
714338563857573,8329,0.1564190204326923,,
416001518458044,8327,0.1563814603365384,K07568,queA
831137069187100,8327,0.1563814603365384,,
783618055817449,8326,0.1563626802884615,,
439670907851188,8325,0.1563439002403846,,
621487255370849,8325,0.1563439002403846,,
143620338453194,8324,0.1563251201923076,,
627221969983908,8323,0.1563063401442307,,
51883892833692,8322,0.1562875600961538,,
497769146322039,8322,0.1562875600961538,,
881044915137501,8322,0.1562875600961538,,
349052485853959,8320,0.15625,K06958,rapZ
768100399935665,8320,0.15625,,
173895647018693,8319,0.156231219951923,,
516156225321321,8318,0.1562124399038461,,
328275848420529,8317,0.1561936598557692,,
879048318761713,8317,0.1561936598557692,,
299451828587881,8316,0.1561748798076923,,
290459978720716,8315,0.1561560997596154,,
804663600195076,8314,0.1561373197115384,,
414125851610699,8312,0.1560997596153846,,
839424885414240,8312,0.1560997596153846,,
444118512052609,8311,0.1560809795673076,K01919,gshA
33346027847623,8310,0.1560621995192307,,
435712118145367,8310,0.1560621995192307,,
762691641631885,8309,0.1560434194711538,,
206655394854141,8308,0.1560246394230769,,
666029073158825,8308,0.1560246394230769,,
103022165856903,8307,0.156005859375,,
744770175392699,8307,0.156005859375,,
893645234464689,8305,0.1559682992788461,,
7005190290070,8303,0.1559307391826923,,
339322760949419,8303,0.1559307391826923,,
882554505153379,8303,0.1559307391826923,,
652747812950889,8302,0.1559119591346154,,
801645883965317,8302,0.1559119591346154,K01613,psd
357466289477304,8301,0.1558931790865384,,
615933902961635,8301,0.1558931790865384,,
285981328932140,8300,0.1558743990384615,,
445621647783656,8300,0.1558743990384615,,
496577150750964,8299,0.1558556189903846,,
509048250214109,8296,0.1557992788461538,,
52525110340182,8295,0.1557804987980769,,
621168996241071,8295,0.1557804987980769,,
139967320708046,8294,0.15576171875,,
501842250514321,8294,0.15576171875,,
719964902480094,8294,0.15576171875,,
610523492152552,8293,0.155742938701923,,
379328235508157,8292,0.1557241586538461,,
738762125605452,8291,0.1557053786057692,,
881172840238016,8291,0.1557053786057692,,
95835324552563,8290,0.1556865985576923,K09747,ebfC
526167610259611,8290,0.1556865985576923,,
614277242574175,8290,0.1556865985576923,,
634764790210640,8288,0.1556490384615384,K05794,terC
216601183324008,8287,0.1556302584134615,,
80882122496948,8285,0.1555926983173076,,
102237194176641,8285,0.1555926983173076,,
164260257451467,8284,0.1555739182692307,,
681841407922036,8284,0.1555739182692307,,
854628122066814,8284,0.1555739182692307,,
198429486922287,8283,0.1555551382211538,,
300358367691240,8283,0.1555551382211538,,
644332751834742,8281,0.155517578125,,
778351392921945,8281,0.155517578125,,
844583920957266,8281,0.155517578125,,
908313852653771,8281,0.155517578125,,
746918217211492,8280,0.155498798076923,,
542789714937257,8278,0.1554612379807692,,
690183778370708,8277,0.1554424579326923,,
79342506720859,8276,0.1554236778846154,,
143693431127480,8276,0.1554236778846154,,
154375782344385,8275,0.1554048978365384,,
675891329965116,8275,0.1554048978365384,,
242463478668096,8274,0.1553861177884615,,
709770848055630,8274,0.1553861177884615,,
394400775590706,8272,0.1553485576923076,,
857378654891482,8272,0.1553485576923076,,
132381835005448,8271,0.1553297776442307,,
525576523051196,8271,0.1553297776442307,K05540,dusB
734522038411482,8271,0.1553297776442307,,
611107478903513,8270,0.1553109975961538,,
790772694168193,8269,0.1552922175480769,,
746528489602291,8266,0.1552358774038461,,
909780499076836,8265,0.1552170973557692,,
575430866782210,8264,0.1551983173076923,,
651368312510480,8264,0.1551983173076923,,
879549089088984,8264,0.1551983173076923,K03310,TC.AGCS
67025698622496,8262,0.1551607572115384,,
656057385318287,8262,0.1551607572115384,,
98943106541042,8261,0.1551419771634615,,
402211885589859,8261,0.1551419771634615,,
509838708338446,8261,0.1551419771634615,,
577750511691560,8261,0.1551419771634615,,
455680052419548,8259,0.1551044170673076,,
761549863554540,8259,0.1551044170673076,,
533474299501736,8258,0.1550856370192307,,
695669069537525,8258,0.1550856370192307,,
404557345649834,8257,0.1550668569711538,,
308140964785213,8256,0.1550480769230769,,
426891333952662,8256,0.1550480769230769,,
38327956807112,8255,0.155029296875,,
82132383019824,8254,0.155010516826923,,
178781369978908,8253,0.1549917367788461,,
501542618104080,8252,0.1549729567307692,,
146457006505351,8251,0.1549541766826923,,
173843845477127,8251,0.1549541766826923,,
531622896943955,8250,0.1549353966346154,,
725573988984304,8250,0.1549353966346154,K00849,galK
841234776714213,8250,0.1549353966346154,,
424765623035997,8248,0.1548978365384615,,
588884407687844,8248,0.1548978365384615,,
40904075310016,8247,0.1548790564903846,,
48975530375694,8247,0.1548790564903846,,
187633710368568,8247,0.1548790564903846,,
241220336630001,8247,0.1548790564903846,,
148394351786116,8246,0.1548602764423076,,
347570227364948,8246,0.1548602764423076,,
23917760585965,8245,0.1548414963942307,,
179164178067265,8245,0.1548414963942307,,
537697731033096,8245,0.1548414963942307,,
662084585178979,8245,0.1548414963942307,K03046,rpoC
729873334043061,8245,0.1548414963942307,,
158503592404179,8244,0.1548227163461538,,
818028740311320,8244,0.1548227163461538,,
81144310160161,8243,0.1548039362980769,,
629001788234262,8243,0.1548039362980769,,
874049573372607,8243,0.1548039362980769,,
458253827647332,8242,0.15478515625,,
641143846101659,8242,0.15478515625,,
893686151112014,8242,0.15478515625,,
32362452252342,8241,0.154766376201923,,
783328695174243,8241,0.154766376201923,,
114125296242556,8240,0.1547475961538461,,
485986827458415,8240,0.1547475961538461,,
192822829023412,8239,0.1547288161057692,,
251669793600826,8239,0.1547288161057692,,
241510893362016,8238,0.1547100360576923,,
375147619993316,8238,0.1547100360576923,K00528,fpr
89684469572859,8236,0.1546724759615384,,
16529011026768,8235,0.1546536959134615,,
18074612943268,8235,0.1546536959134615,,
810723150241536,8235,0.1546536959134615,,
149813280011903,8234,0.1546349158653846,,
208590079811965,8234,0.1546349158653846,,
642884509614809,8234,0.1546349158653846,,
875820815516306,8234,0.1546349158653846,,
74205278028983,8231,0.1545785757211538,,
425482658668778,8230,0.1545597956730769,,
901142176093006,8230,0.1545597956730769,,
281977984863097,8229,0.154541015625,,
204637808430624,8228,0.154522235576923,K19126,casE
766546939839918,8227,0.1545034555288461,,
617450017069985,8225,0.1544658954326923,,
519759007729169,8224,0.1544471153846154,,
370114912731224,8223,0.1544283353365384,,
68545526473910,8222,0.1544095552884615,,
293624258657828,8222,0.1544095552884615,,
703185029113695,8222,0.1544095552884615,,
818342638709217,8221,0.1543907752403846,,
21667907806945,8220,0.1543719951923076,K06972,PITRM1
182331006557597,8220,0.1543719951923076,,
877838927284469,8220,0.1543719951923076,,
391737068145550,8219,0.1543532151442307,,
575271358839670,8219,0.1543532151442307,,
102346857219542,8218,0.1543344350961538,,
847871012861172,8218,0.1543344350961538,,
691628018314230,8217,0.1543156550480769,,
43345776538354,8216,0.154296875,,
192982705241461,8216,0.154296875,K01990;K02013;K12541;K25148;K25152,ABC-2.A;ABC.FEV.A;lapB;berA;gldA
785095434160023,8216,0.154296875,,
114233740278183,8214,0.1542593149038461,,
718387183433411,8214,0.1542593149038461,,
784668750492279,8214,0.1542593149038461,,
20729773881722,8213,0.1542405348557692,,
624617520843793,8212,0.1542217548076923,,
878781416017756,8212,0.1542217548076923,,
176196786208926,8210,0.1541841947115384,,
547216430031540,8210,0.1541841947115384,,
888668906020022,8205,0.1540902944711538,,
115935381426585,8204,0.1540715144230769,K00067,rfbD
768290680470645,8204,0.1540715144230769,,
443312140249253,8202,0.154033954326923,,
64176475622310,8197,0.1539400540865384,,
746006726745756,8197,0.1539400540865384,,
574227925343024,8195,0.1539024939903846,,
842455533429315,8195,0.1539024939903846,,
101593898985573,8194,0.1538837139423076,K09761,rsmE
171548446213364,8194,0.1538837139423076,,
86425394835445,8193,0.1538649338942307,,
401487796981168,8193,0.1538649338942307,K03310,TC.AGCS
407032930395194,8192,0.1538461538461538,,
475348381210499,8192,0.1538461538461538,,
270080507200133,8191,0.1538273737980769,,
473863916344291,8191,0.1538273737980769,,
143366069350149,8189,0.153789813701923,K02313,dnaA
900282514600257,8188,0.1537710336538461,,
400953927866737,8187,0.1537522536057692,,
740277715129484,8186,0.1537334735576923,,
152734964914562,8185,0.1537146935096154,,
44546409355514,8184,0.1536959134615384,,
678353284103384,8184,0.1536959134615384,,
464835025153260,8183,0.1536771334134615,,
377639230612924,8182,0.1536583533653846,,
771036809603986,8182,0.1536583533653846,,
1320450259014,8181,0.1536395733173076,,
136782004871294,8181,0.1536395733173076,K03687,GRPE
636904224446045,8181,0.1536395733173076,,
672068602672295,8181,0.1536395733173076,,
31905118677921,8179,0.1536020132211538,,
651769339985447,8179,0.1536020132211538,,
337992465790862,8178,0.1535832331730769,,
516581905349885,8177,0.153564453125,,
889355697268763,8177,0.153564453125,,
901987546120160,8175,0.1535268930288461,,
2320989544175,8174,0.1535081129807692,,
750695790106768,8174,0.1535081129807692,,
31875353166767,8172,0.1534705528846154,,
304040506945042,8172,0.1534705528846154,K01005,tagT_U_V
157966913172599,8171,0.1534517728365384,,
359971491336907,8170,0.1534329927884615,,
204565861226212,8169,0.1534142127403846,,
815334716016583,8169,0.1534142127403846,,
571356248887617,8168,0.1533954326923076,,
839184699335186,8167,0.1533766526442307,,
717587929847334,8165,0.1533390925480769,,
1980523292803,8164,0.1533203125,,
109515079812450,8164,0.1533203125,K04043,dnaK
289625151892701,8164,0.1533203125,,
732644164562269,8164,0.1533203125,,
857716578328227,8164,0.1533203125,,
913289634463368,8164,0.1533203125,,
584548351564372,8163,0.153301532451923,,
721717847831060,8163,0.153301532451923,,
305491166943976,8160,0.1532451923076923,,
796447444119553,8159,0.1532264122596154,,
253207150327578,8158,0.1532076322115384,,
133784267616281,8157,0.1531888521634615,,
814597976300977,8155,0.1531512920673076,,
876177259011724,8155,0.1531512920673076,,
140086881502298,8154,0.1531325120192307,,
250357513614045,8153,0.1531137319711538,,
292725691101368,8153,0.1531137319711538,,
903848950353542,8153,0.1531137319711538,,
882440488456274,8152,0.1530949519230769,,
899833898273105,8152,0.1530949519230769,K23508,ytfQ
358509512637645,8151,0.153076171875,,
817991063616360,8150,0.153057391826923,,
559674348313984,8149,0.1530386117788461,K03531,ftsZ
608992588903787,8149,0.1530386117788461,,
697693942595181,8149,0.1530386117788461,K09691,wzt
365899033065074,8148,0.1530198317307692,,
387332499558483,8148,0.1530198317307692,,
540003183128739,8147,0.1530010516826923,,
438687899299570,8146,0.1529822716346154,,
582771768138219,8146,0.1529822716346154,,
307679010885145,8145,0.1529634915865384,,
367197641782604,8145,0.1529634915865384,,
364986002243901,8143,0.1529259314903846,,
118335668670496,8142,0.1529071514423076,,
314477047478377,8142,0.1529071514423076,,
128936951358425,8141,0.1528883713942307,,
549510251859467,8141,0.1528883713942307,,
414799976555584,8139,0.1528508112980769,,
453450978983958,8139,0.1528508112980769,,
592964735569166,8139,0.1528508112980769,,
787832897809263,8138,0.15283203125,,
576566652913377,8136,0.1527944711538461,,
852415701218540,8136,0.1527944711538461,,
414062748336012,8135,0.1527756911057692,,
584930598934113,8135,0.1527756911057692,,
587881895545219,8135,0.1527756911057692,,
443288985360399,8134,0.1527569110576923,,
536514081246382,8134,0.1527569110576923,,
796992425348602,8134,0.1527569110576923,K03292,TC.GPH
355829439870677,8132,0.1527193509615384,,
779176021049325,8130,0.1526817908653846,,
56455023924844,8127,0.1526254507211538,,
313366897057433,8124,0.152569110576923,,
697328047572420,8124,0.152569110576923,,
709949316895260,8124,0.152569110576923,,
188438353683009,8123,0.1525503305288461,,
857385593060336,8122,0.1525315504807692,,
54832375702611,8121,0.1525127704326923,,
433440236366126,8119,0.1524752103365384,,
280185424815748,8118,0.1524564302884615,,
373152292311536,8118,0.1524564302884615,,
124111960362489,8117,0.1524376502403846,,
704420850223991,8117,0.1524376502403846,K02867,RP-L11
96970609753965,8116,0.1524188701923076,,
157435714859498,8116,0.1524188701923076,,
260831233928215,8116,0.1524188701923076,,
871978049109806,8116,0.1524188701923076,,
635739624813551,8115,0.1524000901442307,,
233384128615286,8114,0.1523813100961538,,
801379107149636,8114,0.1523813100961538,,
63987356978138,8113,0.1523625300480769,,
142825074068375,8113,0.1523625300480769,K04069,pflA
246465654840901,8113,0.1523625300480769,,
305432972072483,8113,0.1523625300480769,,
458333574576699,8113,0.1523625300480769,,
855165784819984,8113,0.1523625300480769,,
241563281004549,8111,0.152324969951923,,
837071441053938,8111,0.152324969951923,,
75266751548196,8110,0.1523061899038461,,
140003709317220,8110,0.1523061899038461,,
93515004715182,8109,0.1522874098557692,,
281488308168641,8108,0.1522686298076923,,
340986456692973,8108,0.1522686298076923,,
537669663596421,8108,0.1522686298076923,,
555479104561915,8108,0.1522686298076923,,
904475201884068,8108,0.1522686298076923,K00626,ACAT
253643828688323,8107,0.1522498497596154,,
446931240109558,8105,0.1522122896634615,,
814146347337959,8105,0.1522122896634615,,
333653589206421,8104,0.1521935096153846,,
593821839403491,8104,0.1521935096153846,,
195993595283249,8103,0.1521747295673076,,
727584353008722,8103,0.1521747295673076,,
763312966937445,8103,0.1521747295673076,K00682,GGCT
82321143702639,8102,0.1521559495192307,K04074,divIVA
649241723760373,8102,0.1521559495192307,,
85881131902882,8101,0.1521371694711538,,
282563282219216,8100,0.1521183894230769,,
3810476494039,8097,0.1520620492788461,,
916454394107043,8097,0.1520620492788461,,
4136202009124,8095,0.1520244891826923,,
41866384374631,8095,0.1520244891826923,,
224442260616105,8095,0.1520244891826923,,
466815268764026,8095,0.1520244891826923,,
673554291684290,8095,0.1520244891826923,,
684983602442321,8094,0.1520057091346154,,
826912542113955,8094,0.1520057091346154,,
508621277962441,8093,0.1519869290865384,,
921584637023222,8091,0.1519493689903846,,
572272483373973,8090,0.1519305889423076,,
544196811434065,8088,0.1518930288461538,,
586268082321487,8087,0.1518742487980769,,
600260088807045,8087,0.1518742487980769,,
657269052864079,8087,0.1518742487980769,,
706814003617515,8086,0.15185546875,,
875336926645284,8086,0.15185546875,,
917039007411906,8086,0.15185546875,,
172818544083532,8085,0.151836688701923,,
401103541627510,8085,0.151836688701923,,
561677716787163,8085,0.151836688701923,,
640475941375029,8085,0.151836688701923,,
74530028627098,8084,0.1518179086538461,K01069,gloB
545086014838747,8084,0.1518179086538461,,
830913787039882,8084,0.1518179086538461,,
452221076620577,8082,0.1517803485576923,,
583782776056337,8082,0.1517803485576923,K03466,ftsK
585340732853838,8082,0.1517803485576923,,
29448215010736,8080,0.1517427884615384,,
71263785149887,8080,0.1517427884615384,,
169371884035041,8078,0.1517052283653846,,
383530930219952,8078,0.1517052283653846,,
824992246177864,8077,0.1516864483173076,,
285033244706835,8074,0.1516301081730769,,
156461108606018,8073,0.151611328125,,
474412019823847,8073,0.151611328125,K00652,bioF
608895570080997,8072,0.151592548076923,,
842745538877626,8072,0.151592548076923,,
697377486075066,8071,0.1515737680288461,,
777604732192575,8068,0.1515174278846154,,
196394957507553,8067,0.1514986478365384,,
245364360243533,8067,0.1514986478365384,,
446353303511054,8067,0.1514986478365384,,
628801319107910,8067,0.1514986478365384,,
698333168012458,8067,0.1514986478365384,,
440371045280151,8065,0.1514610877403846,,
838943749238447,8065,0.1514610877403846,,
422129378356619,8064,0.1514423076923076,,
126617664862775,8063,0.1514235276442307,,
480801037343007,8063,0.1514235276442307,K02355,fusA
584541932075463,8062,0.1514047475961538,,
17038697032223,8061,0.1513859675480769,,
555043398061853,8061,0.1513859675480769,,
902914550762262,8059,0.151348407451923,,
914101536860825,8058,0.1513296274038461,,
135253479410877,8057,0.1513108473557692,,
376442591753638,8056,0.1512920673076923,,
181354599717930,8054,0.1512545072115384,,
567955078843407,8054,0.1512545072115384,,
856173028243261,8054,0.1512545072115384,,
32407682212394,8052,0.1512169471153846,,
332404809611141,8052,0.1512169471153846,,
478465559979760,8052,0.1512169471153846,K03572,mutL
602681089783826,8050,0.1511793870192307,,
632333044882077,8050,0.1511793870192307,,
637787206918692,8050,0.1511793870192307,,
453911176311344,8049,0.1511606069711538,,
480637207614681,8049,0.1511606069711538,,
320842671029906,8048,0.1511418269230769,,
442853863591612,8048,0.1511418269230769,,
644568513819118,8048,0.1511418269230769,K01104,E3.1.3.48
558792444439663,8047,0.151123046875,,
777262283863395,8047,0.151123046875,,
634008182218878,8045,0.1510854867788461,,
159752155323037,8043,0.1510479266826923,,
704612716968078,8043,0.1510479266826923,,
178958859589751,8042,0.1510291466346154,,
628155716805922,8042,0.1510291466346154,K01515,nudF
378290634249577,8041,0.1510103665865384,,
888085268566029,8041,0.1510103665865384,,
57566961366255,8040,0.1509915865384615,,
731037020287948,8040,0.1509915865384615,,
294722922180176,8039,0.1509728064903846,,
753998929363896,8039,0.1509728064903846,,
216690355694407,8038,0.1509540264423076,,
422984350402993,8038,0.1509540264423076,,
732327373412296,8037,0.1509352463942307,,
257931664122950,8036,0.1509164663461538,,
310186087006772,8035,0.1508976862980769,,
488260653047824,8035,0.1508976862980769,,
46385613878693,8034,0.15087890625,,
173125893084751,8032,0.1508413461538461,K25152,gldA
261963469246817,8032,0.1508413461538461,,
492037003862164,8031,0.1508225661057692,,
646803571827123,8031,0.1508225661057692,,
284388581472661,8029,0.1507850060096154,,
301791547197069,8029,0.1507850060096154,,
331230650125383,8029,0.1507850060096154,,
79381441219947,8028,0.1507662259615384,,
162744349634828,8027,0.1507474459134615,,
666582944875749,8026,0.1507286658653846,,
152230594946150,8025,0.1507098858173076,,
161772993549855,8025,0.1507098858173076,,
486839648956291,8024,0.1506911057692307,K21573,susC
328535226627244,8023,0.1506723257211538,,
796078581252688,8023,0.1506723257211538,,
897268234305422,8023,0.1506723257211538,,
249714882997349,8021,0.150634765625,,
699461398160818,8021,0.150634765625,,
640153559557324,8020,0.150615985576923,,
299572996273427,8019,0.1505972055288461,,
594948407330657,8019,0.1505972055288461,,
612704163837644,8019,0.1505972055288461,,
718446532719159,8019,0.1505972055288461,,
865772241603143,8019,0.1505972055288461,,
573040920900319,8018,0.1505784254807692,,
620155048476922,8018,0.1505784254807692,K07485,K07485
578786405716780,8017,0.1505596454326923,,
682171167229940,8017,0.1505596454326923,,
406670554928999,8016,0.1505408653846154,,
827230666957845,8016,0.1505408653846154,,
110824372864433,8015,0.1505220853365384,,
811646048997429,8015,0.1505220853365384,,
397705127273684,8014,0.1505033052884615,,
896067263886081,8013,0.1504845252403846,,
126573873932409,8012,0.1504657451923076,,
272430094777860,8011,0.1504469651442307,,
592249864886348,8011,0.1504469651442307,,
855893138848096,8011,0.1504469651442307,,
392105616774730,8010,0.1504281850961538,,
504687171636985,8010,0.1504281850961538,,
556879003852123,8009,0.1504094050480769,,
278057894870731,8007,0.150371844951923,,
297853951009585,8007,0.150371844951923,,
591171057095107,8007,0.150371844951923,,
643343087102607,8007,0.150371844951923,,
661836721790679,8005,0.1503342848557692,,
16584998013363,8004,0.1503155048076923,,
384055901462421,8001,0.1502591646634615,K03616,rnfB
412341018349482,8001,0.1502591646634615,,
541154740524659,8000,0.1502403846153846,K02038,pstA
13251669123634,7999,0.1502216045673076,,
35479794470081,7999,0.1502216045673076,,
308435817035622,7999,0.1502216045673076,,
602775491553911,7999,0.1502216045673076,,
472822903524948,7998,0.1502028245192307,,
35418289901057,7997,0.1501840444711538,,
235543681731960,7997,0.1501840444711538,,
439835869873180,7997,0.1501840444711538,,
448047548386270,7996,0.1501652644230769,,
716280654346553,7996,0.1501652644230769,,
1706908316889,7993,0.1501089242788461,,
847710882252588,7993,0.1501089242788461,,
542394793488547,7992,0.1500901442307692,,
629422187659831,7992,0.1500901442307692,,
657173530758298,7992,0.1500901442307692,,
22104222429212,7991,0.1500713641826923,K07160,pxpA
121445760265282,7991,0.1500713641826923,,
224798099936008,7991,0.1500713641826923,,
498435448544414,7991,0.1500713641826923,,
505543213909118,7990,0.1500525841346154,K01755,argH
851182067774804,7990,0.1500525841346154,,
58481801410726,7989,0.1500338040865384,,
466569071419714,7988,0.1500150240384615,,
708231612657487,7988,0.1500150240384615,,
921636586016564,7988,0.1500150240384615,,
559433380790779,7987,0.1499962439903846,,
624235519102097,7987,0.1499962439903846,,
301828719680331,7984,0.1499399038461538,,
591318515213084,7984,0.1499399038461538,,
766327611035967,7983,0.1499211237980769,,
79095169625374,7982,0.14990234375,,
361163989027185,7982,0.14990234375,,
708283039509630,7982,0.14990234375,,
870160865526381,7982,0.14990234375,,
408251824585435,7981,0.149883563701923,,
9396504823869,7980,0.1498647836538461,,
890107524221907,7979,0.1498460036057692,,
198496362234389,7978,0.1498272235576923,,
9267067164923,7976,0.1497896634615384,,
184462664301605,7975,0.1497708834134615,,
704397921970349,7975,0.1497708834134615,,
177446088923432,7974,0.1497521033653846,,
195618868842816,7974,0.1497521033653846,,
560529860262852,7974,0.1497521033653846,,
842507947962294,7973,0.1497333233173076,,
898063116223591,7973,0.1497333233173076,,
230277521895669,7972,0.1497145432692307,,
576406530645408,7972,0.1497145432692307,K02005,ABC.CD.TX
76459311070175,7970,0.1496769831730769,,
77444384305579,7970,0.1496769831730769,,
408357991182919,7970,0.1496769831730769,,
852694548116275,7970,0.1496769831730769,,
144207591118928,7967,0.1496206430288461,,
816995562972442,7967,0.1496206430288461,,
869015584096051,7966,0.1496018629807692,,
210679471708147,7965,0.1495830829326923,,
101559435824245,7964,0.1495643028846154,,
72533208176936,7963,0.1495455228365384,,
817694087748895,7963,0.1495455228365384,,
840232970299432,7963,0.1495455228365384,,
548936682523961,7962,0.1495267427884615,,
89838942957945,7960,0.1494891826923076,,
638936109576072,7959,0.1494704026442307,,
735992148289514,7959,0.1494704026442307,,
263726944525501,7958,0.1494516225961538,,
789879741884709,7958,0.1494516225961538,,
395116359352474,7957,0.1494328425480769,,
333485409353879,7956,0.1494140625,,
467167218922555,7956,0.1494140625,,
768633288303872,7956,0.1494140625,K01955,carB
73359488733940,7955,0.149395282451923,K01873,VARS
350510850631101,7955,0.149395282451923,,
607089490529736,7955,0.149395282451923,,
667906345373413,7955,0.149395282451923,,
10806720215771,7954,0.1493765024038461,,
634386033299404,7954,0.1493765024038461,,
643351755098920,7953,0.1493577223557692,,
244479661606671,7952,0.1493389423076923,,
796019215087870,7952,0.1493389423076923,,
821897942051894,7952,0.1493389423076923,,
204964158860565,7949,0.1492826021634615,,
264282513600489,7949,0.1492826021634615,,
575421501954570,7949,0.1492826021634615,,
48952128619328,7948,0.1492638221153846,,
155011362887564,7948,0.1492638221153846,,
422065131603785,7946,0.1492262620192307,,
886794347797452,7946,0.1492262620192307,,
689921650119306,7943,0.149169921875,,
50683276385956,7941,0.1491323617788461,,
519717931169635,7937,0.1490572415865384,,
442785092577499,7936,0.1490384615384615,,
374462957234871,7935,0.1490196814903846,,
520995727715903,7933,0.1489821213942307,,
622878833613258,7933,0.1489821213942307,,
319200530615347,7932,0.1489633413461538,,
44289741198149,7930,0.14892578125,,
49436100499607,7930,0.14892578125,,
484478069858723,7930,0.14892578125,,
749610399392847,7930,0.14892578125,,
132307584149066,7929,0.148907001201923,,
876831043448139,7929,0.148907001201923,,
302125460938022,7928,0.1488882211538461,,
516577041925995,7927,0.1488694411057692,K02945,RP-S1
183632112335994,7926,0.1488506610576923,,
664581239986490,7924,0.1488131009615384,,
263131147298475,7923,0.1487943209134615,,
848757352653211,7923,0.1487943209134615,,
545684792685995,7922,0.1487755408653846,,
883680285005734,7922,0.1487755408653846,,
18072571596423,7921,0.1487567608173076,,
131409810590135,7921,0.1487567608173076,,
451034229149401,7921,0.1487567608173076,,
44293174080638,7919,0.1487192007211538,,
359754603399241,7919,0.1487192007211538,K03455,KEA1_2_3
447615801884995,7918,0.1487004206730769,,
335550528980513,7917,0.148681640625,,
832167292320462,7917,0.148681640625,,
622187838305830,7916,0.148662860576923,,
882701405502097,7916,0.148662860576923,,
203741662295408,7915,0.1486440805288461,,
573848753871060,7915,0.1486440805288461,,
685001405865033,7915,0.1486440805288461,,
857557849386199,7915,0.1486440805288461,,
347218662177598,7914,0.1486253004807692,K00954,E2.7.7.3A
553131987218179,7914,0.1486253004807692,,
267770768514536,7913,0.1486065204326923,,
664607388441711,7913,0.1486065204326923,,
664680153587690,7913,0.1486065204326923,,
621949049426354,7911,0.1485689603365384,,
735029112493428,7911,0.1485689603365384,,
775888583369129,7911,0.1485689603365384,,
61751134219898,7909,0.1485314002403846,,
463459984204468,7906,0.1484750600961538,,
840661844609346,7906,0.1484750600961538,,
14620333154661,7904,0.1484375,,
532716291321129,7904,0.1484375,,
91178160248093,7902,0.1483999399038461,,
348849937111356,7901,0.1483811598557692,,
144608602725091,7900,0.1483623798076923,,
6179728724873,7898,0.1483248197115384,,
726573476368338,7898,0.1483248197115384,,
591569751717924,7897,0.1483060396634615,,
327303691185227,7896,0.1482872596153846,,
871138750216944,7896,0.1482872596153846,,
910867347361034,7896,0.1482872596153846,,
608955185666060,7895,0.1482684795673076,,
903230523559651,7894,0.1482496995192307,,
541709154065441,7893,0.1482309194711538,,
72810837286188,7892,0.1482121394230769,,
734150238612617,7891,0.148193359375,K14287,ybdL
804610972655933,7891,0.148193359375,,
543602667445155,7890,0.148174579326923,,
232365600731236,7889,0.1481557992788461,,
398093865801674,7889,0.1481557992788461,,
437532461598543,7889,0.1481557992788461,,
27404476842240,7888,0.1481370192307692,,
96133186919017,7888,0.1481370192307692,,
392624207539044,7887,0.1481182391826923,,
777900216846548,7887,0.1481182391826923,,
894667267267953,7886,0.1480994591346154,K03702,uvrB
250008673743924,7885,0.1480806790865384,K14058,ttcA
340210206190758,7885,0.1480806790865384,,
723614951564726,7885,0.1480806790865384,,
412053984041699,7884,0.1480618990384615,,
748234188471971,7884,0.1480618990384615,K00638;K18234,catB;vat
376763025695707,7883,0.1480431189903846,K11069,potD
706578843771966,7883,0.1480431189903846,,
297158992504725,7880,0.1479867788461538,,
517868229682911,7880,0.1479867788461538,K02355,fusA
574197251864995,7878,0.14794921875,K07164,K07164
645953234676172,7878,0.14794921875,,
896104128036688,7878,0.14794921875,,
218007164296682,7877,0.147930438701923,,
502438119367663,7876,0.1479116586538461,,
232550742195456,7871,0.1478177584134615,,
188272966861172,7870,0.1477989783653846,,
225508076060896,7869,0.1477801983173076,K00088,IMPDH
668134564049491,7869,0.1477801983173076,,
721032072489113,7869,0.1477801983173076,,
526095850386319,7866,0.1477238581730769,,
760491717828579,7866,0.1477238581730769,,
855159953685618,7865,0.147705078125,,
395152638538038,7864,0.147686298076923,,
465014194944600,7863,0.1476675180288461,,
297899600014063,7862,0.1476487379807692,,
408999515473707,7862,0.1476487379807692,,
916998865665406,7862,0.1476487379807692,,
218454907537279,7861,0.1476299579326923,,
833767115044875,7861,0.1476299579326923,,
226029191957696,7859,0.1475923978365384,,
168203391093031,7858,0.1475736177884615,,
848374950513722,7858,0.1475736177884615,,
261346469447130,7857,0.1475548377403846,,
656276492529507,7856,0.1475360576923076,,
678987824022996,7856,0.1475360576923076,,
854730807044291,7856,0.1475360576923076,,
54698020918736,7854,0.1474984975961538,,
174205873671362,7854,0.1474984975961538,,
779693193114002,7854,0.1474984975961538,,
815258391416346,7853,0.1474797175480769,,
95348126089101,7852,0.1474609375,,
187899453887442,7851,0.147442157451923,K03654,recQ
228919905935235,7851,0.147442157451923,,
235629220332280,7851,0.147442157451923,,
333215859853979,7851,0.147442157451923,,
346533397682581,7851,0.147442157451923,,
589211441308099,7851,0.147442157451923,,
603581978853785,7851,0.147442157451923,,
719236624691508,7851,0.147442157451923,,
773647765103626,7851,0.147442157451923,,
25851243881464,7850,0.1474233774038461,,
371666493477675,7850,0.1474233774038461,,
450708375525729,7849,0.1474045973557692,,
591709873856835,7849,0.1474045973557692,,
162250073808459,7848,0.1473858173076923,,
444274448035766,7848,0.1473858173076923,,
891870856054940,7848,0.1473858173076923,K18887,efrA
245374446675472,7847,0.1473670372596154,,
270050014776319,7847,0.1473670372596154,,
336785465723747,7846,0.1473482572115384,,
55809611088334,7844,0.1473106971153846,,
835832833853790,7844,0.1473106971153846,,
66192566521268,7843,0.1472919170673076,,
593767886348224,7843,0.1472919170673076,,
652663786230107,7843,0.1472919170673076,,
844910259478345,7843,0.1472919170673076,,
203346787271602,7842,0.1472731370192307,,
602855693810154,7842,0.1472731370192307,,
657958926860633,7841,0.1472543569711538,K02621,parC
239466825421919,7839,0.147216796875,,
251413612286762,7838,0.147198016826923,,
321488853635003,7838,0.147198016826923,,
634684912337618,7838,0.147198016826923,,
19189726252379,7837,0.1471792367788461,,
299838159830558,7837,0.1471792367788461,,
428022080173406,7837,0.1471792367788461,K06989,nadX
476470633609214,7837,0.1471792367788461,,
547165367838186,7836,0.1471604567307692,,
386295924118107,7835,0.1471416766826923,,
378235721612245,7834,0.1471228966346154,,
721485275761905,7834,0.1471228966346154,,
650631326721472,7833,0.1471041165865384,,
447480154405701,7830,0.1470477764423076,,
227266884984237,7829,0.1470289963942307,,
683646867919237,7828,0.1470102163461538,,
193848822922233,7826,0.14697265625,,
462983591164205,7826,0.14697265625,,
481604453977184,7826,0.14697265625,,
245749746983408,7825,0.146953876201923,,
864930459763246,7825,0.146953876201923,K13629,dsdX
364144756547022,7824,0.1469350961538461,,
858131944339386,7824,0.1469350961538461,,
142012520090907,7823,0.1469163161057692,,
455585987139459,7823,0.1469163161057692,,
898320388646874,7823,0.1469163161057692,,
456675222403464,7821,0.1468787560096154,,
247862910596494,7820,0.1468599759615384,,
772341006373285,7819,0.1468411959134615,,
49490348273283,7816,0.1467848557692307,,
381792960735706,7816,0.1467848557692307,,
641373929224641,7816,0.1467848557692307,,
159622511326529,7815,0.1467660757211538,,
768301373123984,7815,0.1467660757211538,,
156914399149199,7813,0.146728515625,,
411399853296508,7812,0.146709735576923,,
709872286026621,7810,0.1466721754807692,,
740938448220886,7810,0.1466721754807692,,
606838636490995,7809,0.1466533954326923,,
631625651841084,7808,0.1466346153846154,K07025,K07025
683115785053929,7808,0.1466346153846154,,
420542937110969,7807,0.1466158353365384,,
13433356616757,7806,0.1465970552884615,,
238449672936655,7805,0.1465782752403846,,
500921416469138,7805,0.1465782752403846,K03169,topB
450403060718,7803,0.1465407151442307,,
303964153819282,7803,0.1465407151442307,,
856731198988468,7802,0.1465219350961538,,
497295084093360,7801,0.1465031550480769,,
839238020361075,7801,0.1465031550480769,,
678058814321821,7800,0.146484375,,
778890792767139,7800,0.146484375,,
288250253505985,7799,0.146465594951923,,
356868400511665,7797,0.1464280348557692,,
273063092258303,7796,0.1464092548076923,,
194981819497169,7795,0.1463904747596154,,
790623549926647,7795,0.1463904747596154,,
560306768906102,7794,0.1463716947115384,,
94026875045072,7793,0.1463529146634615,,
99780649535253,7793,0.1463529146634615,,
78348622489541,7792,0.1463341346153846,,
469828442643381,7792,0.1463341346153846,,
488582402254555,7792,0.1463341346153846,,
381071011462815,7791,0.1463153545673076,,
822240068776693,7791,0.1463153545673076,,
567208322865247,7790,0.1462965745192307,,
666304459006927,7790,0.1462965745192307,,
138161747411163,7789,0.1462777944711538,,
57188696584695,7787,0.146240234375,,
266263268829405,7787,0.146240234375,,
742829336289990,7787,0.146240234375,,
541711649356415,7786,0.146221454326923,,
682999673001433,7786,0.146221454326923,,
104322423506029,7785,0.1462026742788461,K07085,K07085
499121560724699,7785,0.1462026742788461,,
173733872537537,7784,0.1461838942307692,,
224222238205042,7784,0.1461838942307692,,
362568403769777,7784,0.1461838942307692,,
483427426247313,7784,0.1461838942307692,,
672940122537745,7784,0.1461838942307692,,
244521504641711,7783,0.1461651141826923,,
480522907499544,7782,0.1461463341346154,,
492561468061020,7781,0.1461275540865384,,
511988245305388,7781,0.1461275540865384,,
334198650547489,7779,0.1460899939903846,,
635352278029171,7779,0.1460899939903846,,
232363126505507,7778,0.1460712139423076,,
302148543225018,7778,0.1460712139423076,,
278105534165843,7777,0.1460524338942307,,
122407052947195,7776,0.1460336538461538,,
292174797685428,7776,0.1460336538461538,,
244270888655214,7774,0.14599609375,,
626825746380826,7774,0.14599609375,,
803887928372659,7774,0.14599609375,,
399447433495511,7772,0.1459585336538461,,
390965871117570,7771,0.1459397536057692,,
79879427297553,7770,0.1459209735576923,,
110379414794650,7770,0.1459209735576923,,
155709672381599,7770,0.1459209735576923,,
863006570953511,7769,0.1459021935096154,,
839825778013121,7768,0.1458834134615384,,
490250818102619,7767,0.1458646334134615,,
144123847416877,7762,0.1457707331730769,,
623273413509425,7762,0.1457707331730769,,
82910350557496,7761,0.145751953125,,
63722346456019,7760,0.145733173076923,K01791,wecB
426219911035129,7760,0.145733173076923,,
721056680475652,7760,0.145733173076923,,
780573973797886,7760,0.145733173076923,,
24167507387384,7759,0.1457143930288461,,
303344483738296,7757,0.1456768329326923,,
790787746622744,7757,0.1456768329326923,,
884791511577601,7757,0.1456768329326923,,
94857475068070,7756,0.1456580528846154,,
381528790461365,7756,0.1456580528846154,,
586680761052999,7756,0.1456580528846154,,
659281986018968,7756,0.1456580528846154,,
33520066877453,7752,0.1455829326923076,,
57626136677456,7752,0.1455829326923076,,
528812758525251,7751,0.1455641526442307,,
560781784343516,7751,0.1455641526442307,,
295120636604193,7750,0.1455453725961538,,
598323030986758,7750,0.1455453725961538,,
774642082785260,7750,0.1455453725961538,,
464963883227165,7749,0.1455265925480769,,
471507077346395,7749,0.1455265925480769,,
695826643743989,7749,0.1455265925480769,,
527164666800455,7748,0.1455078125,,
398761798113752,7747,0.145489032451923,,
423973773359342,7747,0.145489032451923,,
568283567552698,7747,0.145489032451923,,
903914882792746,7746,0.1454702524038461,,
626952439061140,7745,0.1454514723557692,,
653030904632238,7744,0.1454326923076923,,
341603590438749,7742,0.1453951322115384,,
126191566865291,7741,0.1453763521634615,,
223213108985772,7741,0.1453763521634615,,
102193586372023,7739,0.1453387920673076,,
293428837866752,7739,0.1453387920673076,,
362788181687727,7739,0.1453387920673076,,
346954763986001,7737,0.1453012319711538,,
737394924943337,7737,0.1453012319711538,,
193408777914249,7735,0.145263671875,,
445936931447431,7735,0.145263671875,,
360940305472595,7733,0.1452261117788461,,
776535045500120,7733,0.1452261117788461,,
341934424686847,7732,0.1452073317307692,,
14604363328743,7731,0.1451885516826923,,
323928288492080,7731,0.1451885516826923,,
807519162443970,7731,0.1451885516826923,,
828324543337259,7731,0.1451885516826923,,
312155604324712,7730,0.1451697716346154,,
520350668061471,7729,0.1451509915865384,,
631873856235764,7728,0.1451322115384615,,
698609947711164,7728,0.1451322115384615,,
450582749267346,7726,0.1450946514423076,,
288000709265100,7725,0.1450758713942307,,
707558872075725,7723,0.1450383112980769,,
157639747712788,7722,0.14501953125,,
234900190125372,7722,0.14501953125,,
201050135069153,7721,0.145000751201923,,
533029110953256,7721,0.145000751201923,,
298285585194328,7720,0.1449819711538461,,
448131888443877,7718,0.1449444110576923,,
786976888593891,7718,0.1449444110576923,,
30975785475040,7717,0.1449256310096154,,
612240676345130,7717,0.1449256310096154,,
622692390005838,7717,0.1449256310096154,,
920853365849266,7717,0.1449256310096154,,
705756743812614,7716,0.1449068509615384,,
281459096621127,7715,0.1448880709134615,,
6273718244760,7714,0.1448692908653846,,
545033133460711,7714,0.1448692908653846,,
618752504383458,7714,0.1448692908653846,,
81058386815621,7713,0.1448505108173076,,
17552062456020,7712,0.1448317307692307,,
210301255195606,7711,0.1448129507211538,,
305052305054470,7711,0.1448129507211538,,
320859804220848,7710,0.1447941706730769,,
379525975837129,7710,0.1447941706730769,,
477304054839521,7709,0.144775390625,,
718874845165808,7708,0.144756610576923,,
845566721704681,7708,0.144756610576923,,
680709762360252,7707,0.1447378305288461,,
39474484206064,7703,0.1446627103365384,,
215753548900833,7703,0.1446627103365384,,
443151764041255,7703,0.1446627103365384,,
56016433252116,7702,0.1446439302884615,,
291987753233586,7702,0.1446439302884615,,
189445923733024,7701,0.1446251502403846,,
488703868567038,7701,0.1446251502403846,,
4061356300676,7700,0.1446063701923076,,
532429001762002,7700,0.1446063701923076,,
720750282423421,7700,0.1446063701923076,,
435263957268813,7699,0.1445875901442307,,
214606433018101,7698,0.1445688100961538,,
475378573390404,7698,0.1445688100961538,,
124764615538879,7697,0.1445500300480769,,
467917350847511,7697,0.1445500300480769,K00869,MVK
77141460424753,7695,0.144512469951923,,
610767366336297,7695,0.144512469951923,,
865919310376673,7694,0.1444936899038461,,
532967126398357,7691,0.1444373497596154,,
712135550745904,7691,0.1444373497596154,,
355335157953202,7690,0.1444185697115384,,
507819125381679,7690,0.1444185697115384,,
792673844938847,7690,0.1444185697115384,,
674685581761561,7689,0.1443997896634615,,
226397770208967,7688,0.1443810096153846,,
435312811074184,7688,0.1443810096153846,,
855497073843156,7688,0.1443810096153846,,
69928523724930,7687,0.1443622295673076,,
82977580883422,7686,0.1443434495192307,,
139584440259628,7684,0.1443058894230769,,
223181122402461,7681,0.1442495492788461,,
419500562545875,7681,0.1442495492788461,,
768368026430090,7681,0.1442495492788461,,
334394219978027,7680,0.1442307692307692,,
246555439630040,7679,0.1442119891826923,,
213827602632181,7678,0.1441932091346154,,
211591214889144,7677,0.1441744290865384,,
369053597052375,7677,0.1441744290865384,,
664869217638873,7677,0.1441744290865384,,
505578085770775,7676,0.1441556490384615,,
578268155879397,7674,0.1441180889423076,,
646344826658993,7674,0.1441180889423076,,
131554870267307,7673,0.1440993088942307,,
743683707632925,7673,0.1440993088942307,,
918164868234323,7672,0.1440805288461538,,
252780837352127,7670,0.14404296875,,
333339593190344,7670,0.14404296875,,
691366386740199,7670,0.14404296875,,
373074801509250,7669,0.144024188701923,,
423074635374285,7669,0.144024188701923,K03040,rpoA
265805721661268,7668,0.1440054086538461,,
108060869245465,7667,0.1439866286057692,,
222384437204834,7667,0.1439866286057692,K01126,E3.1.4.46
538301700580061,7667,0.1439866286057692,,
782099778210596,7666,0.1439678485576923,,
133045283969348,7665,0.1439490685096154,,
620124135528180,7665,0.1439490685096154,,
247850741472684,7663,0.1439115084134615,,
886368657093823,7663,0.1439115084134615,,
558309247318199,7662,0.1438927283653846,,
63662047292335,7661,0.1438739483173076,,
486786867763487,7661,0.1438739483173076,,
652837673426605,7661,0.1438739483173076,,
289583204201510,7660,0.1438551682692307,,
753867048095377,7660,0.1438551682692307,,
379380306416555,7658,0.1438176081730769,,
207600460886209,7657,0.143798828125,,
128293749944551,7655,0.1437612680288461,,
515294312875688,7655,0.1437612680288461,,
749796579218198,7655,0.1437612680288461,,
768872899646793,7652,0.1437049278846154,,
786246875342996,7652,0.1437049278846154,,
28563865894121,7651,0.1436861478365384,K03631,recN
37166203291910,7651,0.1436861478365384,,
325747135083806,7651,0.1436861478365384,,
791254367783359,7651,0.1436861478365384,,
748244477621926,7650,0.1436673677884615,,
16218838473943,7649,0.1436485877403846,,
49517471501814,7649,0.1436485877403846,,
210443796236147,7649,0.1436485877403846,,
686870189566566,7649,0.1436485877403846,,
369506004398536,7648,0.1436298076923076,,
535773909542948,7648,0.1436298076923076,,
845436770828553,7648,0.1436298076923076,,
449188888844392,7647,0.1436110276442307,,
846695069439923,7647,0.1436110276442307,,
96497555989352,7646,0.1435922475961538,,
633337785244571,7645,0.1435734675480769,,
444215678490460,7643,0.143535907451923,,
509613057677766,7643,0.143535907451923,,
892458793141038,7642,0.1435171274038461,,
303832439451408,7641,0.1434983473557692,,
572025003487870,7641,0.1434983473557692,,
752289703226424,7641,0.1434983473557692,,
28400502941434,7640,0.1434795673076923,,
282933808015880,7640,0.1434795673076923,,
156605123134949,7639,0.1434607872596154,,
783781359710250,7639,0.1434607872596154,,
897779080523569,7639,0.1434607872596154,,
820750192235175,7638,0.1434420072115384,K25232,fakB
908537244435198,7637,0.1434232271634615,,
218144549298653,7636,0.1434044471153846,,
748255893596750,7636,0.1434044471153846,K03763,polC
166485425192120,7635,0.1433856670673076,,
172438927142264,7634,0.1433668870192307,,
855632647987051,7633,0.1433481069711538,,
214197184125451,7631,0.143310546875,,
298340020132525,7629,0.1432729867788461,,
300759710689781,7628,0.1432542067307692,K01890,FARSB
643807521603832,7628,0.1432542067307692,,
79065583930306,7626,0.1432166466346154,,
571952310641858,7626,0.1432166466346154,,
749298988968708,7624,0.1431790865384615,,
811549983379302,7623,0.1431603064903846,,
426150653989502,7619,0.1430851862980769,,
558616479810940,7619,0.1430851862980769,,
843038446782121,7618,0.14306640625,,
108470258515053,7617,0.143047626201923,,
198331013031592,7617,0.143047626201923,,
211935863288742,7616,0.1430288461538461,,
901886602754939,7614,0.1429912860576923,,
802225066965442,7613,0.1429725060096154,,
321559917415540,7611,0.1429349459134615,,
850405628945142,7611,0.1429349459134615,,
689239805496049,7610,0.1429161658653846,,
870155534147458,7610,0.1429161658653846,,
83235656511662,7609,0.1428973858173076,,
444646049178943,7609,0.1428973858173076,,
487351918025273,7609,0.1428973858173076,K04083,hslO
807004215303215,7609,0.1428973858173076,,
587943352305637,7608,0.1428786057692307,,
679492897872596,7607,0.1428598257211538,,
755218157265704,7607,0.1428598257211538,,
854249054491644,7607,0.1428598257211538,,
244068537962111,7606,0.1428410456730769,,
613540044299353,7606,0.1428410456730769,,
631606726777019,7605,0.142822265625,,
402626292435365,7604,0.142803485576923,,
499936700060620,7604,0.142803485576923,,
429029828364266,7603,0.1427847055288461,,
807344904995138,7599,0.1427095853365384,,
301148243830299,7597,0.1426720252403846,,
723762734422163,7597,0.1426720252403846,,
500984846573967,7596,0.1426532451923076,,
34829678725083,7593,0.1425969050480769,,
386881556084374,7593,0.1425969050480769,,
855679153903817,7593,0.1425969050480769,,
763485695637054,7591,0.142559344951923,,
5640742817691,7590,0.1425405649038461,,
420067514117380,7589,0.1425217848557692,,
559934460755175,7589,0.1425217848557692,,
742159724059875,7589,0.1425217848557692,,
51183623447610,7588,0.1425030048076923,,
68971025136043,7588,0.1425030048076923,,
846403954487905,7587,0.1424842247596154,K05816,ugpC
55928224701132,7586,0.1424654447115384,,
31289238760341,7583,0.1424091045673076,,
74448121006101,7583,0.1424091045673076,,
592750016196849,7583,0.1424091045673076,,
726166196296895,7583,0.1424091045673076,,
124524952412989,7582,0.1423903245192307,,
260382405969443,7582,0.1423903245192307,,
501382727558364,7582,0.1423903245192307,,
915468400571076,7582,0.1423903245192307,,
34614646058811,7581,0.1423715444711538,,
407615617990625,7581,0.1423715444711538,,
738464976559501,7581,0.1423715444711538,,
100986505508367,7580,0.1423527644230769,K01190,lacZ
200812025699598,7579,0.142333984375,,
541177414876690,7579,0.142333984375,,
152936513737552,7578,0.142315204326923,K01209,abfA
447397495110626,7578,0.142315204326923,,
486052396107956,7578,0.142315204326923,,
817927214221279,7578,0.142315204326923,,
190705247605258,7577,0.1422964242788461,,
490337659610145,7577,0.1422964242788461,,
574612332337319,7577,0.1422964242788461,,
290950836978517,7576,0.1422776442307692,,
128183575797850,7575,0.1422588641826923,,
502937580507643,7575,0.1422588641826923,,
529623747897694,7574,0.1422400841346154,,
272313865502455,7572,0.1422025240384615,,
544942064422234,7572,0.1422025240384615,,
110656133621815,7571,0.1421837439903846,,
633852613056299,7571,0.1421837439903846,,
671393483071162,7570,0.1421649639423076,,
158673684549699,7569,0.1421461838942307,,
314633618015901,7568,0.1421274038461538,,
841608756834205,7566,0.14208984375,,
83209330524511,7564,0.1420522836538461,,
208587934518735,7564,0.1420522836538461,K01190,lacZ
23449792524441,7563,0.1420335036057692,,
356748490269121,7563,0.1420335036057692,,
777437414872097,7563,0.1420335036057692,,
158754972674222,7562,0.1420147235576923,,
684577325678807,7562,0.1420147235576923,,
844943062989401,7562,0.1420147235576923,,
831312953511311,7559,0.1419583834134615,,
8398385641693,7558,0.1419396033653846,,
753262578544567,7558,0.1419396033653846,,
231758756937854,7556,0.1419020432692307,,
488186303505457,7554,0.1418644831730769,,
668237539608873,7553,0.141845703125,,
253243938405748,7552,0.141826923076923,,
325265410533642,7552,0.141826923076923,,
664706418303269,7552,0.141826923076923,,
194834898543113,7551,0.1418081430288461,,
473818484875282,7551,0.1418081430288461,,
13897886747588,7550,0.1417893629807692,,
432748182345784,7547,0.1417330228365384,,
816674648894822,7547,0.1417330228365384,,
86888663630406,7546,0.1417142427884615,,
398774566409760,7543,0.1416579026442307,,
451758579133396,7543,0.1416579026442307,,
195858848410897,7541,0.1416203425480769,,
813963045228996,7541,0.1416203425480769,,
48038620724117,7540,0.1416015625,K01952,PFAS
304076995890888,7540,0.1416015625,,
601155030124424,7539,0.141582782451923,,
788130383771010,7539,0.141582782451923,,
810891190079502,7539,0.141582782451923,,
550351924677502,7538,0.1415640024038461,,
536175625044373,7537,0.1415452223557692,,
702351793762153,7536,0.1415264423076923,K01805,xylA
739290488317226,7536,0.1415264423076923,,
792822846061456,7536,0.1415264423076923,,
766572015535376,7535,0.1415076622596154,,
557119991526705,7533,0.1414701021634615,,
378217132031642,7532,0.1414513221153846,,
193739863468951,7531,0.1414325420673076,,
392759743357966,7531,0.1414325420673076,,
438381448776075,7531,0.1414325420673076,,
834781042009217,7530,0.1414137620192307,,
153268741017792,7529,0.1413949819711538,,
869019494643697,7529,0.1413949819711538,,
647932312982069,7528,0.1413762019230769,,
665303111527628,7527,0.141357421875,,
856161512180052,7527,0.141357421875,,
8641564388846,7526,0.141338641826923,,
78506485970451,7526,0.141338641826923,,
163713468401490,7524,0.1413010817307692,,
863634292077054,7524,0.1413010817307692,,
220662111364234,7522,0.1412635216346154,,
475139241909631,7521,0.1412447415865384,,
711790766283312,7521,0.1412447415865384,,
818215635807541,7521,0.1412447415865384,,
541423622915160,7518,0.1411884014423076,,
275782718820264,7517,0.1411696213942307,,
509295947705747,7517,0.1411696213942307,,
174345791999549,7515,0.1411320612980769,,
367281964468336,7515,0.1411320612980769,,
134740648631262,7514,0.14111328125,,
430613318111017,7514,0.14111328125,,
569281083601261,7514,0.14111328125,,
918604851766368,7513,0.141094501201923,,
238536400945880,7512,0.1410757211538461,,
242321874953488,7512,0.1410757211538461,,
534945284817951,7512,0.1410757211538461,,
605648654566031,7512,0.1410757211538461,,
865527809847471,7512,0.1410757211538461,,
252473541047685,7510,0.1410381610576923,,
290939178845561,7510,0.1410381610576923,,
462822389224020,7510,0.1410381610576923,,
96091222353507,7508,0.1410006009615384,,
106768621364105,7508,0.1410006009615384,,
545829254145189,7507,0.1409818209134615,,
552393175071664,7507,0.1409818209134615,,
811398856982744,7507,0.1409818209134615,,
325928802383665,7505,0.1409442608173076,,
741496978380159,7505,0.1409442608173076,,
822934454564694,7505,0.1409442608173076,,
463908007762211,7504,0.1409254807692307,,
699113831837154,7503,0.1409067007211538,,
236552116330538,7502,0.1408879206730769,,
590142927392968,7502,0.1408879206730769,,
405941073193794,7501,0.140869140625,,
799638268959,7500,0.140850360576923,,
575816331541681,7500,0.140850360576923,,
789032339429677,7500,0.140850360576923,,
1243394242774,7499,0.1408315805288461,,
98627656874272,7498,0.1408128004807692,,
189805955795932,7498,0.1408128004807692,,
570960202653180,7497,0.1407940204326923,,
817441948144666,7497,0.1407940204326923,,
231638639049589,7496,0.1407752403846154,,
807327333688868,7496,0.1407752403846154,,
703334749680930,7495,0.1407564603365384,,
105327288515865,7494,0.1407376802884615,,
307712728465015,7494,0.1407376802884615,,
840204416498144,7494,0.1407376802884615,,
353553223584297,7493,0.1407189002403846,,
722457749882800,7492,0.1407001201923076,,
196155118528065,7490,0.1406625600961538,,
443277665582183,7490,0.1406625600961538,,
853249338840370,7490,0.1406625600961538,,
190921839303506,7489,0.1406437800480769,,
438278239798776,7489,0.1406437800480769,,
460397746291541,7489,0.1406437800480769,,
510443064737293,7489,0.1406437800480769,,
852097367342100,7489,0.1406437800480769,,
337105827172683,7488,0.140625,,
447996508010795,7488,0.140625,,
812165748080370,7487,0.140606219951923,,
256940013361432,7486,0.1405874399038461,,
105248955212,7485,0.1405686598557692,K16785,ecfT
784751531013351,7485,0.1405686598557692,,
15383366176173,7483,0.1405310997596154,,
59596916699031,7483,0.1405310997596154,,
492532427684256,7483,0.1405310997596154,,
49353618164479,7482,0.1405123197115384,,
377877944518928,7482,0.1405123197115384,,
910447667184263,7481,0.1404935396634615,,
436359980436161,7480,0.1404747596153846,,
253002120827627,7479,0.1404559795673076,,
428484931615468,7479,0.1404559795673076,,
680629060029925,7478,0.1404371995192307,,
597449358085187,7476,0.1403996394230769,,
131042916565686,7474,0.140362079326923,,
52093270763325,7473,0.1403432992788461,,
660917285992260,7473,0.1403432992788461,,
831430671288293,7473,0.1403432992788461,,
211499420110599,7472,0.1403245192307692,,
121171515053792,7471,0.1403057391826923,,
608442952605949,7471,0.1403057391826923,,
885011195957216,7471,0.1403057391826923,,
133657356428199,7470,0.1402869591346154,,
562247860713379,7470,0.1402869591346154,,
617402145152419,7469,0.1402681790865384,,
54265626015949,7468,0.1402493990384615,,
115285890133187,7468,0.1402493990384615,,
881803539739590,7468,0.1402493990384615,,
506361342592208,7467,0.1402306189903846,,
773915335579318,7467,0.1402306189903846,,
885904147142007,7467,0.1402306189903846,,
427517727947148,7466,0.1402118389423076,,
197310342368548,7465,0.1401930588942307,,
670601607399255,7465,0.1401930588942307,,
81767651479064,7464,0.1401742788461538,,
337566433044298,7464,0.1401742788461538,K06410,spoVFA
552040429417088,7464,0.1401742788461538,,
283716522014502,7463,0.1401554987980769,,
796468071191548,7461,0.140117938701923,,
176502672638252,7459,0.1400803786057692,,
356327827900763,7459,0.1400803786057692,,
676883550919874,7459,0.1400803786057692,,
902321302842977,7458,0.1400615985576923,,
58070784290077,7456,0.1400240384615384,,
307940329977267,7456,0.1400240384615384,,
742556626539163,7456,0.1400240384615384,,
166113144495078,7455,0.1400052584134615,,
2089188617284,7454,0.1399864783653846,,
87731585741273,7453,0.1399676983173076,,
296270833687509,7453,0.1399676983173076,,
516527267048938,7453,0.1399676983173076,,
178806898180503,7452,0.1399489182692307,,
234209684230623,7452,0.1399489182692307,,
444273874930001,7452,0.1399489182692307,,
584422522121955,7452,0.1399489182692307,,
830068426803864,7452,0.1399489182692307,,
700323444377484,7451,0.1399301382211538,,
568718011663176,7449,0.139892578125,,
727276827465750,7448,0.139873798076923,,
161830279879181,7447,0.1398550180288461,,
205970033734247,7447,0.1398550180288461,,
324711295576499,7447,0.1398550180288461,,
347622687674307,7447,0.1398550180288461,,
351428549923753,7446,0.1398362379807692,K01187,malZ
418794058400921,7446,0.1398362379807692,,
624086119094238,7445,0.1398174579326923,,
701941666233186,7445,0.1398174579326923,,
830595849372269,7443,0.1397798978365384,,
72858596478938,7442,0.1397611177884615,,
234932594618072,7442,0.1397611177884615,,
109734435398065,7441,0.1397423377403846,,
811195704976498,7440,0.1397235576923076,,
741885948966835,7438,0.1396859975961538,,
208551983002976,7437,0.1396672175480769,,
602443692651490,7435,0.139629657451923,,
724294634704513,7434,0.1396108774038461,,
346277826676879,7433,0.1395920973557692,,
545798910024296,7433,0.1395920973557692,K02242,comFC
747698703780606,7433,0.1395920973557692,,
47422769108107,7432,0.1395733173076923,,
303210956450568,7432,0.1395733173076923,,
323674403486224,7432,0.1395733173076923,,
448771039244634,7432,0.1395733173076923,,
329934742720986,7431,0.1395545372596154,,
147748458053532,7430,0.1395357572115384,,
450617414502041,7430,0.1395357572115384,,
469766422217867,7430,0.1395357572115384,,
533787883543964,7429,0.1395169771634615,,
712637564734885,7428,0.1394981971153846,,
325819628499807,7427,0.1394794170673076,,
53574830543125,7426,0.1394606370192307,,
649631061477340,7426,0.1394606370192307,,
611861154149438,7425,0.1394418569711538,,
626648459566262,7425,0.1394418569711538,,
820366280790458,7425,0.1394418569711538,,
673677092680774,7424,0.1394230769230769,,
69763368006968,7422,0.139385516826923,,
662949817186762,7421,0.1393667367788461,,
768524034847538,7420,0.1393479567307692,,
916657520316481,7420,0.1393479567307692,,
106910107297459,7419,0.1393291766826923,,
918695163528391,7419,0.1393291766826923,,
701696955618479,7418,0.1393103966346154,,
866842275130896,7417,0.1392916165865384,,
593280839696010,7416,0.1392728365384615,,
196273823780384,7415,0.1392540564903846,,
278974011601024,7415,0.1392540564903846,,
227880036746323,7414,0.1392352764423076,,
395382032986266,7414,0.1392352764423076,,
493785492762580,7414,0.1392352764423076,,
560380711650228,7413,0.1392164963942307,K13378,nuoCD
783211930265802,7413,0.1392164963942307,,
865522898211663,7413,0.1392164963942307,,
395582302670771,7412,0.1391977163461538,,
793131064684673,7412,0.1391977163461538,,
465483512460898,7411,0.1391789362980769,,
848197219520144,7409,0.139141376201923,,
685962202175955,7408,0.1391225961538461,,
867504814948831,7408,0.1391225961538461,K20344,blpA
166566465474725,7407,0.1391038161057692,,
300840342596533,7407,0.1391038161057692,,
605265807896147,7404,0.1390474759615384,,
242250438044245,7403,0.1390286959134615,,
185496649811655,7402,0.1390099158653846,,
450159585922088,7402,0.1390099158653846,,
602050914287815,7402,0.1390099158653846,,
680502468048154,7402,0.1390099158653846,,
909546040680753,7402,0.1390099158653846,,
185433566676580,7401,0.1389911358173076,,
249629920171054,7401,0.1389911358173076,,
100943759059910,7400,0.1389723557692307,,
300641953474827,7400,0.1389723557692307,,
852770402593363,7399,0.1389535757211538,,
610365897293647,7398,0.1389347956730769,,
690082678807445,7398,0.1389347956730769,,
763061111904220,7398,0.1389347956730769,,
769401395469808,7398,0.1389347956730769,,
885842706646977,7398,0.1389347956730769,,
67479536974044,7396,0.138897235576923,,
134056161123977,7396,0.138897235576923,,
768602852082582,7396,0.138897235576923,,
910118459762130,7396,0.138897235576923,,
462503854569449,7395,0.1388784555288461,,
530220844790314,7395,0.1388784555288461,,
562086362021108,7394,0.1388596754807692,,
536280698219319,7393,0.1388408954326923,,
49767346465296,7392,0.1388221153846154,,
350110527625152,7392,0.1388221153846154,,
493737256778330,7392,0.1388221153846154,,
417361311556657,7391,0.1388033353365384,,
433826467851812,7391,0.1388033353365384,,
635278216694898,7391,0.1388033353365384,,
853813381226575,7391,0.1388033353365384,,
286852649359202,7390,0.1387845552884615,,
852073952722219,7387,0.1387282151442307,,
687034048194643,7386,0.1387094350961538,,
117354801574094,7385,0.1386906550480769,,
133593950764118,7385,0.1386906550480769,,
554201789687478,7383,0.138653094951923,,
493129618576329,7382,0.1386343149038461,,
527402660632026,7382,0.1386343149038461,,
7820521138679,7381,0.1386155348557692,,
846830556625828,7381,0.1386155348557692,,
531427496881827,7380,0.1385967548076923,,
324607528881284,7379,0.1385779747596154,,
529507155701799,7378,0.1385591947115384,,
870995011527343,7378,0.1385591947115384,,
920398120211049,7378,0.1385591947115384,,
51201536465959,7377,0.1385404146634615,,
338429146885356,7377,0.1385404146634615,,
838484224886152,7377,0.1385404146634615,,
61804562168922,7375,0.1385028545673076,,
166503768820572,7375,0.1385028545673076,,
313723102538023,7375,0.1385028545673076,,
636558482320750,7375,0.1385028545673076,,
21404691255839,7374,0.1384840745192307,,
150962465669321,7374,0.1384840745192307,K24847,rlhA
302515937658947,7374,0.1384840745192307,,
396466744661805,7374,0.1384840745192307,,
52475650765968,7373,0.1384652944711538,,
321620565155067,7373,0.1384652944711538,,
558690515712022,7373,0.1384652944711538,,
268578935529901,7372,0.1384465144230769,,
799527361959331,7372,0.1384465144230769,,
105770656873857,7371,0.138427734375,,
208831373455049,7371,0.138427734375,,
603679294524097,7371,0.138427734375,,
871890449678915,7371,0.138427734375,,
665950997682360,7370,0.138408954326923,,
447931200139647,7369,0.1383901742788461,,
422097886972754,7368,0.1383713942307692,K00059,fabG
632891667329621,7367,0.1383526141826923,K14084,mttC
174974667896219,7366,0.1383338341346154,,
291051879339157,7366,0.1383338341346154,,
414547512539224,7366,0.1383338341346154,,
500501297344895,7366,0.1383338341346154,,
438104771535725,7364,0.1382962740384615,,
577442030663425,7364,0.1382962740384615,,
665065041361840,7364,0.1382962740384615,,
178266073460036,7363,0.1382774939903846,,
440004219144084,7363,0.1382774939903846,,
88439260343468,7362,0.1382587139423076,,
166091383652574,7362,0.1382587139423076,,
588658617003782,7362,0.1382587139423076,,
415147168813876,7360,0.1382211538461538,,
891249911024851,7360,0.1382211538461538,K06894,yfhM
903100930810851,7360,0.1382211538461538,,
38738955051464,7357,0.138164813701923,,
472194608262761,7357,0.138164813701923,,
566960648794090,7357,0.138164813701923,,
634714173055306,7357,0.138164813701923,,
805287850696361,7357,0.138164813701923,,
812584123496118,7357,0.138164813701923,,
591532277866182,7356,0.1381460336538461,,
850635834637527,7356,0.1381460336538461,,
536765033369388,7355,0.1381272536057692,,
355954310188625,7353,0.1380896935096154,,
72600243764126,7352,0.1380709134615384,K00872,thrB
739909234596178,7350,0.1380333533653846,,
821070993360329,7350,0.1380333533653846,,
290152767815360,7348,0.1379957932692307,,
356342886576158,7347,0.1379770132211538,,
415719534073249,7347,0.1379770132211538,,
46678177015029,7346,0.1379582331730769,,
15883281402397,7345,0.137939453125,,
199071269841456,7345,0.137939453125,,
786168370606586,7345,0.137939453125,,
469146074784582,7344,0.137920673076923,,
317060497223152,7343,0.1379018930288461,,
402853995711087,7343,0.1379018930288461,,
751733016329741,7342,0.1378831129807692,,
191226592937781,7341,0.1378643329326923,,
296834502993037,7341,0.1378643329326923,,
390650326348528,7341,0.1378643329326923,,
247949640288338,7339,0.1378267728365384,,
317723852633936,7339,0.1378267728365384,,
510838635107487,7339,0.1378267728365384,,
226536167322498,7338,0.1378079927884615,,
324069293888357,7336,0.1377704326923076,,
303573210736733,7335,0.1377516526442307,,
441274239739447,7334,0.1377328725961538,,
578552043103359,7334,0.1377328725961538,,
729447247583447,7334,0.1377328725961538,,
552114592662458,7333,0.1377140925480769,,
572980600293009,7333,0.1377140925480769,,
276368395014352,7332,0.1376953125,,
98046305122038,7331,0.137676532451923,,
519914836193431,7331,0.137676532451923,,
121072687395040,7330,0.1376577524038461,,
702138319583547,7330,0.1376577524038461,,
721936750756592,7328,0.1376201923076923,,
700103815642859,7327,0.1376014122596154,,
717373703285854,7327,0.1376014122596154,,
910731549129271,7327,0.1376014122596154,,
268841597506116,7325,0.1375638521634615,K00111,glpA
217591202768723,7324,0.1375450721153846,,
91390247295217,7323,0.1375262920673076,K05366,mrcA
125908157749757,7323,0.1375262920673076,,
508141371904739,7323,0.1375262920673076,,
835605679436295,7323,0.1375262920673076,,
920230112698964,7323,0.1375262920673076,,
227652498627971,7322,0.1375075120192307,,
216199206056565,7321,0.1374887319711538,,
462709870345590,7321,0.1374887319711538,,
274786893052567,7320,0.1374699519230769,,
490450907966131,7320,0.1374699519230769,,
138813595086799,7319,0.137451171875,,
738811714526964,7319,0.137451171875,,
909597476520344,7319,0.137451171875,,
65097774786074,7318,0.137432391826923,,
466501647928371,7318,0.137432391826923,,
9956025821898,7317,0.1374136117788461,,
568398255517407,7317,0.1374136117788461,,
148394003862085,7316,0.1373948317307692,,
399567596419734,7316,0.1373948317307692,,
132911844012578,7315,0.1373760516826923,,
490119699496265,7315,0.1373760516826923,,
849021831080954,7315,0.1373760516826923,,
398886194113580,7314,0.1373572716346154,K18139,oprM
813434747095906,7314,0.1373572716346154,,
57310177783364,7312,0.1373197115384615,,
88683995129521,7312,0.1373197115384615,,
427206111279286,7312,0.1373197115384615,,
660775983899635,7312,0.1373197115384615,,
305677447506495,7311,0.1373009314903846,,
450595614171650,7311,0.1373009314903846,,
6259467497731,7310,0.1372821514423076,,
126715272946204,7310,0.1372821514423076,,
26900248696599,7308,0.1372445913461538,,
84354197364250,7307,0.1372258112980769,,
547959434492592,7307,0.1372258112980769,,
596406247068919,7307,0.1372258112980769,,
739703373738623,7307,0.1372258112980769,,
19689820758313,7306,0.13720703125,K00942,gmk
303297507595044,7306,0.13720703125,,
566064515538802,7305,0.137188251201923,,
735147769089148,7305,0.137188251201923,,
878317355823423,7305,0.137188251201923,,
508631018998940,7304,0.1371694711538461,,
669041927568635,7303,0.1371506911057692,,
211103264985079,7302,0.1371319110576923,,
598810822773621,7302,0.1371319110576923,,
548505296989023,7301,0.1371131310096154,,
649615122357716,7301,0.1371131310096154,,
883757899016653,7301,0.1371131310096154,,
802246908780370,7300,0.1370943509615384,,
288605062781629,7299,0.1370755709134615,,
598031858627170,7299,0.1370755709134615,,
714452244376343,7299,0.1370755709134615,,
790577033732648,7299,0.1370755709134615,,
559275526025720,7297,0.1370380108173076,,
799833745806205,7297,0.1370380108173076,,
579659229255470,7296,0.1370192307692307,,
895808360427218,7295,0.1370004507211538,,
7038637902336,7294,0.1369816706730769,,
347618363734239,7293,0.136962890625,,
516229756406858,7293,0.136962890625,,
37786442691396,7292,0.136944110576923,K21636,nrdD
393175828882780,7292,0.136944110576923,,
819815840126753,7292,0.136944110576923,,
458834220346303,7290,0.1369065504807692,,
369275592492129,7289,0.1368877704326923,,
505900690632768,7289,0.1368877704326923,,
307993112727386,7287,0.1368502103365384,,
890877859976664,7287,0.1368502103365384,,
907114725646807,7287,0.1368502103365384,,
501150691240772,7286,0.1368314302884615,,
528748402892077,7285,0.1368126502403846,,
837562676110576,7283,0.1367750901442307,,
49881036615041,7282,0.1367563100961538,,
537770716926526,7282,0.1367563100961538,,
873251977742580,7282,0.1367563100961538,,
242836654073862,7281,0.1367375300480769,,
658275543702030,7281,0.1367375300480769,,
312441463379808,7279,0.136699969951923,,
420779447147341,7279,0.136699969951923,,
297010399358807,7277,0.1366624098557692,,
379873039428716,7277,0.1366624098557692,,
546476169516483,7276,0.1366436298076923,,
782341472389045,7276,0.1366436298076923,,
853258359566494,7276,0.1366436298076923,,
211346608687213,7275,0.1366248497596154,,
658493569581377,7275,0.1366248497596154,,
304983263736582,7274,0.1366060697115384,,
823898744504732,7273,0.1365872896634615,,
483980362180258,7272,0.1365685096153846,,
613183008245247,7272,0.1365685096153846,,
870598075004996,7272,0.1365685096153846,K07405,E3.2.1.1A
693760541853737,7270,0.1365309495192307,,
718249833208471,7270,0.1365309495192307,,
857102369689745,7270,0.1365309495192307,,
152976338274325,7268,0.1364933894230769,,
337385958031366,7268,0.1364933894230769,,
436335679017773,7268,0.1364933894230769,,
142593064763912,7267,0.136474609375,K03657,uvrD
163903251163351,7266,0.136455829326923,,
460200562623253,7266,0.136455829326923,,
674209936699998,7266,0.136455829326923,,
627809223567563,7265,0.1364370492788461,,
45522038890554,7264,0.1364182692307692,,
674947480166513,7262,0.1363807091346154,,
217753245406392,7261,0.1363619290865384,,
289521129823912,7261,0.1363619290865384,,
894152708347756,7261,0.1363619290865384,K01951,guaA
395980673291178,7259,0.1363243689903846,,
826465973725049,7259,0.1363243689903846,,
872805684382869,7259,0.1363243689903846,,
914848937424849,7259,0.1363243689903846,,
152416906956398,7258,0.1363055889423076,,
658937774899174,7258,0.1363055889423076,,
660615009191534,7258,0.1363055889423076,,
661619032837873,7258,0.1363055889423076,,
550594479625510,7257,0.1362868088942307,K25232,fakB
913986681062132,7257,0.1362868088942307,,
639212993768004,7256,0.1362680288461538,,
674713265965081,7256,0.1362680288461538,,
179127086783740,7255,0.1362492487980769,K02015;K25027;K25110;K25133;K25288,ABC.FEV.P;btuC;sirB;hmuU;fhuB
516969310478230,7255,0.1362492487980769,,
451665736455900,7254,0.13623046875,,
528794333946148,7252,0.1361929086538461,,
374849665080931,7251,0.1361741286057692,K00077,panE
488939825101958,7250,0.1361553485576923,K02600,nusA
640131309384090,7250,0.1361553485576923,,
167848979154354,7249,0.1361365685096154,,
356859217473504,7248,0.1361177884615384,,
809934325076233,7247,0.1360990084134615,,
131111654912527,7246,0.1360802283653846,,
896665033251403,7246,0.1360802283653846,,
74437195135204,7245,0.1360614483173076,K03043,rpoB
484010253380231,7245,0.1360614483173076,,
524123640120412,7245,0.1360614483173076,,
921112297427252,7245,0.1360614483173076,,
96675795036391,7244,0.1360426682692307,,
669877891497383,7244,0.1360426682692307,,
906489277864201,7244,0.1360426682692307,,
294945089760259,7243,0.1360238882211538,,
654254135089033,7243,0.1360238882211538,,
174899906497907,7242,0.1360051081730769,,
518361147059652,7242,0.1360051081730769,K00658,DLST
730470714384406,7239,0.1359487680288461,,
476319637571371,7237,0.1359112079326923,K15726,czcA
297713698180818,7236,0.1358924278846154,,
549545208826345,7236,0.1358924278846154,,
788613871712147,7236,0.1358924278846154,K07133,K07133
54952024300080,7233,0.1358360877403846,K06969,rlmI
83317365105671,7233,0.1358360877403846,,
415518464939446,7233,0.1358360877403846,,
12033390916842,7231,0.1357985276442307,,
340558214413509,7231,0.1357985276442307,,
578331131086064,7231,0.1357985276442307,,
707788771319534,7231,0.1357985276442307,,
769479395419259,7229,0.1357609675480769,,
852239385967431,7229,0.1357609675480769,,
142875236044952,7228,0.1357421875,,
826322428179132,7228,0.1357421875,,
159905749343160,7227,0.135723407451923,,
89267393071371,7226,0.1357046274038461,,
680556959681232,7226,0.1357046274038461,,
116080652986397,7225,0.1356858473557692,,
345531952014138,7225,0.1356858473557692,,
349111688204599,7225,0.1356858473557692,,
385643317584527,7225,0.1356858473557692,,
850838431989819,7225,0.1356858473557692,,
246941472472482,7224,0.1356670673076923,,
297121661671115,7224,0.1356670673076923,,
453492570374030,7224,0.1356670673076923,,
612727885341356,7223,0.1356482872596154,,
213531083470476,7222,0.1356295072115384,,
33353082423447,7221,0.1356107271634615,,
542710656970079,7220,0.1355919471153846,,
421080007745336,7218,0.1355543870192307,,
467784949873530,7218,0.1355543870192307,,
891657269802401,7218,0.1355543870192307,,
410902379660611,7217,0.1355356069711538,,
908143756201411,7217,0.1355356069711538,,
668750284601077,7216,0.1355168269230769,,
880894041947762,7216,0.1355168269230769,,
258144409219437,7215,0.135498046875,,
416443686681354,7215,0.135498046875,,
454331736514119,7215,0.135498046875,,
553790451105580,7215,0.135498046875,,
223786853090550,7214,0.135479266826923,,
624503701119627,7214,0.135479266826923,,
422043570765347,7213,0.1354604867788461,,
467551715618591,7213,0.1354604867788461,,
664139784952676,7212,0.1354417067307692,,
703029001713997,7210,0.1354041466346154,,
