hash,n_samples,frac_samples,top_genera,top_phyla,n_gtdb_genomes
669202649185700,43863,0.8237492487980769,Microbacterium (500); Arthrobacter (300); Prochlorococcus_A (233),Bacillota (3561); Patescibacteriota (2423); Actinomycetota (1849),12746
147004444281823,25454,0.47802734375,Prevotella (482); Bacteroides (175); Cryptobacteroides (120),Bacteroidota (1345); Bacillota (14); Fibrobacterota (1),1360
670753777388780,25297,0.4750788762019231,Acetatifactor (180); UBA3282 (84); COE1 (54),Bacillota (1312); Spirochaetota (5); Acidobacteriota (5),1327
367819507964260,22803,0.4282414362980769,Lawsonibacter (6); Laedolimicola (6); Blautia_A (6),Bacillota (165); Actinomycetota (5); Bacillota_I (4),175
903252061588912,22421,0.4210674579326923,Blautia_A (10); Oscillibacter (6); Collinsella (4),Bacillota (127); Actinomycetota (11); Bacillota_I (11),155
513033632309738,21522,0.4041841947115384,Fibrobacter (20); C7867-001 (19); Collinsella (14),Actinomycetota (144); Pseudomonadota (40); Patescibacteriota (36),356
643715241030010,21400,0.4018930288461538,Blautia_A (11); Faecalibacterium (4); Faecousia (3),Bacillota (70); Actinomycetota (2); Bacteroidota (2),75
670110047493419,21272,0.3994891826923077,Blautia_A (14); Faecalibacterium (5); Mediterraneibacter (4),Bacillota (88); Bacteroidota (2); Bacillota_I (1),91
361216987084545,21045,0.3952261117788461,Streptomyces (2); Kitasatospora (1); SYFT01 (1),Pseudomonadota (5); Actinomycetota (4); Acidobacteriota (1),11
277967939584293,20056,0.3766526442307692,Streptomyces (5); Aquipseudomonas (3); Arthrobacter (1),Pseudomonadota (15); Actinomycetota (12); Bacillota (10),42
764402641828743,18476,0.3469801682692308,Faecalibacterium (5); Blautia_A (4); Faecalicatena (2),Bacillota (36); Bacillota_I (2),38
569972802073625,18319,0.3440317007211538,Faecalibacterium (3); Megasphaera (3); Acidaminococcus (2),Bacillota (84); Bacillota_I (5); Bacteroidota (3),97
450376530198784,18236,0.3424729567307692,Faecalibacterium (5); Blautia_A (4); Enterocloster (4),Bacillota (51),51
674079023459983,18232,0.3423978365384615,Blautia_A (12); Gemmiger (3); Roseburia (2),Bacillota (45); Bacillota_I (1),46
699950381670396,18163,0.3411020132211538,Blautia_A (5); Roseburia (5); Lachnospira (4),Bacillota (34); Bacillota_I (2); Bacteroidota (1),37
824166945197479,17883,0.3358435997596153,Prevotella (33); Phocaeicola (3); Parabacteroides (2),Bacteroidota (53); Bacillota (3); Pseudomonadota (1),57
210795735986023,17790,0.3340970552884615,Blautia_A (8); Anaerobutyricum (1),Bacillota (9),9
623594446193970,17560,0.3297776442307692,Prevotella (33); Paraprevotella (3); Phocaeicola (2),Bacteroidota (52); Bacillota (3),55
162784038597570,17383,0.3264535757211538,Prevotella (14); Bacteroides (4); Muribaculum (2),Bacteroidota (38); Bacillota (3),41
788199583564462,17277,0.324462890625,Bacteroides (13); Alistipes (4); Phocaeicola (3),Bacteroidota (22),22
310648977046564,17205,0.3231107271634615,Faecalibacterium (4); Hominiventricola (3); Blautia_A (3),Bacillota (27); Bacillota_I (1),28
535844452591407,17182,0.3226787860576923,Blautia_A (2); Roseburia (2); Faecalibacterium (2),Bacillota (25); Bacillota_I (2),27
327618769624642,17177,0.3225848858173077,Bacteroides (14); Alistipes (4); Phocaeicola (3),Bacteroidota (24),24
597599215800560,17112,0.3213641826923077,Bacteroides (13); Alistipes (4); Phocaeicola (3),Bacteroidota (24),24
49700335357486,17085,0.3208571213942308,Faecalibacterium (55),Bacillota (55),55
116127169502189,17026,0.3197490985576923,Streptomyces (8); Bradyrhizobium (2); JAFAGX01 (1),Actinomycetota (15); Pseudomonadota (15); Bacillota (5),44
208672950157769,16877,0.3169508713942308,Phocaeicola (10),Bacteroidota (10),10
572405071905040,16811,0.3157113882211538,Bacteroides (19); Bin34 (4); DASQZK01 (4),Bacteroidota (30); Chloroflexota (4); Spirochaetota (1),36
690835525442770,16654,0.3127629206730769,Phocaeicola (6),Bacteroidota (6),6
797635333575726,16644,0.3125751201923077,Phocaeicola (8),Bacteroidota (8),8
318009588364252,16630,0.3123121995192308,Phocaeicola (10); Merdicola (1); 1XD8-76 (1),Bacteroidota (10); Bacillota (2),12
920021865215314,16600,0.3117487980769231,Roseburia (11); Acetatifactor (3); Blautia (1),Bacillota (19); Bacteroidota (1),20
215663507471527,16581,0.3113919771634615,Phocaeicola (7),Bacteroidota (7),7
817220227227013,16570,0.3111853966346153,Phocaeicola (5),Bacteroidota (5),5
417819945634449,16562,0.31103515625,Blautia (3); Schaedlerella (3); Faecalimonas (3),Bacillota (32); Bacillota_I (7),39
648217910062972,16520,0.3102463942307692,Faecalibacterium (3); Roseburia (2); Laedolimicola (2),Bacillota (21); Bacillota_I (1),22
427120034046877,16499,0.3098520132211538,Bacteroides (8); Parabacteroides (3); Phocaeicola (3),Bacteroidota (15); Bacillota (1),16
89819735130958,16491,0.3097017728365384,Phocaeicola (4); Streptococcus (1),Bacteroidota (4); Bacillota (1),5
837644878180523,16485,0.3095890925480769,Phocaeicola (3),Bacteroidota (3),3
794435432476143,16480,0.3094951923076923,Phocaeicola (6),Bacteroidota (6),6
155639728714201,16473,0.3093637319711538,Phocaeicola (7),Bacteroidota (7),7
535604613327756,16459,0.3091008112980769,Phocaeicola (6),Bacteroidota (6),6
817538286678241,16370,0.3074293870192308,Phocaeicola (7),Bacteroidota (7),7
44620376073198,16331,0.3066969651442308,Phocaeicola (3),Bacteroidota (3),3
444897543943913,16325,0.3065842848557692,Phocaeicola (7),Bacteroidota (7),7
823502104686649,16306,0.3062274639423077,Phocaeicola (3); Bacteroides (1); UBA4417 (1),Bacteroidota (5),5
770302194216050,16280,0.3057391826923077,Phocaeicola (4); Eubacterium_I (1); Bacteroides (1),Bacteroidota (5); Bacillota (2),7
362534745206252,16197,0.3041804387019231,Phocaeicola (2),Bacteroidota (2),2
516769299414523,16197,0.3041804387019231,Phocaeicola (5),Bacteroidota (5),5
233845088409243,16194,0.3041240985576923,Vescimonas (16); Oscillibacter (13); Enterenecus (13),Bacillota (82),82
97939883238545,16191,0.3040677584134615,Phocaeicola (7); Bacteroides (1),Bacteroidota (8),8
552784618234932,16180,0.3038611778846153,Faecalibacterium (5); Lawsonibacter (4); Enterocloster (3),Bacillota (33); Bacillota_I (2),35
651309851648360,16174,0.3037484975961538,Phocaeicola (3),Bacteroidota (3),3
139612861837547,16164,0.3035606971153846,Phocaeicola (9); Bacteroides (2),Bacteroidota (11),11
294321320169909,16153,0.3033541165865384,Phocaeicola (3); SIG471 (1),Bacteroidota (3); Bacillota (1),4
822344193578075,16140,0.3031099759615384,Phocaeicola (6),Bacteroidota (6),6
788905341152332,16132,0.3029597355769231,Phocaeicola (4); CATZDY01 (1),Bacteroidota (4); Bacillota (1),5
227282637949865,16094,0.30224609375,Phocaeicola (4),Bacteroidota (4),4
711134002608102,16087,0.3021146334134615,Phocaeicola (5); Bacteroides (2),Bacteroidota (7),7
34079770802272,16045,0.3013258713942308,Phocaeicola (3); Bacteroides (1),Bacteroidota (4),4
109231219412818,16011,0.3006873497596153,Phocaeicola (5),Bacteroidota (5),5
650137602005707,16010,0.3006685697115384,Phocaeicola (2); Parabacteroides (1),Bacteroidota (3),3
108400589039199,16004,0.3005558894230769,Phocaeicola (3); Bacteroides (1),Bacteroidota (4),4
38927900663536,16002,0.3005183293269231,Phocaeicola (3); Bacteroides (2),Bacteroidota (5),5
592235889037318,15961,0.2997483473557692,Faecalibacterium (25); Ventricola (1); Gemmiger (1),Bacillota (28),28
689449745689593,15956,0.2996544471153846,Phocaeicola (5); Bacteroides (2),Bacteroidota (7),7
608584090679252,15950,0.2995417668269231,Phocaeicola (3),Bacteroidota (3),3
9610713771972,15949,0.2995229867788461,Phocaeicola (3),Bacteroidota (3),3
728167359660358,15922,0.2990159254807692,Phocaeicola (3); Bacteroides (1),Bacteroidota (4),4
483079136942386,15897,0.2985464242788461,Phocaeicola (7); Colicola (2),Bacteroidota (9),9
798064210177116,15859,0.2978327824519231,Phocaeicola (5); Bacteroides (1),Bacteroidota (6),6
277299733803542,15852,0.2977013221153846,Phocaeicola (4); Bacteroides (2),Bacteroidota (6),6
674873727852359,15845,0.2975698617788461,Phocaeicola (6),Bacteroidota (6),6
17036921391989,15815,0.2970064603365384,Phocaeicola (2); Bacteroides (1),Bacteroidota (3),3
237759169802759,15793,0.2965932992788461,Phocaeicola (4),Bacteroidota (4),4
400159360962361,15764,0.2960486778846153,Phocaeicola (3),Bacteroidota (3),3
388035300648988,15745,0.2956918569711538,Roseburia (6); Butyribacter (2); Acetatifactor (2),Bacillota (18); Bacteroidota (1),19
875955041698346,15734,0.2954852764423077,Phocaeicola (3),Bacteroidota (3),3
456029045862899,15725,0.2953162560096153,Phocaeicola (4),Bacteroidota (4),4
242134147633638,15724,0.2952974759615384,Phocaeicola (3),Bacteroidota (3),3
746369352391602,15718,0.2951847956730769,Phocaeicola (12); Bacteroides (12); Prevotella (6),Bacteroidota (53); Bacillota (7),60
489603515590273,15711,0.2950533353365384,Phocaeicola (2),Bacteroidota (2),2
298364452579527,15701,0.2948655348557692,Phocaeicola (3); Bacteroides (1),Bacteroidota (4),4
92402492496726,15700,0.2948467548076923,Phocaeicola (3); Bacteroides (1),Bacteroidota (4),4
449165939150399,15645,0.2938138521634615,Phocaeicola (3); Bacteroides (1),Bacteroidota (4),4
343431552878972,15630,0.2935321514423077,Phocaeicola (2),Bacteroidota (2),2
575061810010434,15562,0.2922551081730769,Phocaeicola (3),Bacteroidota (3),3
304890739273949,15510,0.2912785456730769,Phocaeicola (8),Bacteroidota (8),8
548227937796113,15382,0.2888746995192308,Phocaeicola (3); Bacteroides (2),Bacteroidota (5),5
566535575880159,15339,0.2880671574519231,Phocaeicola (7),Bacteroidota (7),7
742456693188733,15278,0.2869215745192308,Phocaeicola (7); Aeromicrobium (1),Bacteroidota (7); Actinomycetota (1),8
705390657543355,15270,0.2867713341346153,Faecousia (2); Gemmiger (2); Oscillibacter (2),Bacillota (27); Bacillota_I (1); Bacteroidota (1),29
366827848656890,15263,0.2866398737980769,Phocaeicola (5); Bacteroides (3); Parabacteroides (1),Bacteroidota (9),9
854163078402860,15214,0.2857196514423077,Faecalibacterium (9); Prevotella (3),Bacillota (9); Bacteroidota (3),12
650548429851833,15211,0.2856633112980769,Bacteroides (6); UBA1847 (1); BCD1 (1),Bacteroidota (8); Pseudomonadota (1); Calditrichota (1),11
170457784226646,15143,0.2843862680288461,Enterocloster (8); Blautia_A (8); Brotaphodocola (3),Bacillota (40),40
367399523584424,15127,0.2840857872596153,Blautia_A (7); Roseburia (4); Choladousia (2),Bacillota (23),23
403071454091083,15088,0.2833533653846153,Phocaeicola (4),Bacteroidota (4),4
600449839687493,15078,0.2831655649038461,Christensenella (2); Blautia_A (1); Butyricicoccus_B (1),Bacillota (29); Bacillota_I (2); Bacteroidota (1),33
34696458853376,15049,0.2826209435096153,Faecalibacterium (10); Prevotella (3); Bacteroides (1),Bacillota (10); Bacteroidota (4),14
225436703799265,15048,0.2826021634615384,Enterocloster (3); Acetatifactor (2); Falcatimonas (1),Bacillota (28),28
21021847738370,15044,0.2825270432692308,Bacteroides (25),Bacteroidota (25),25
185638801975455,14979,0.2813063401442308,Bifidobacterium (117); Bombiscardovia (6); Collinsella (2),Actinomycetota (125); Bacillota (1),126
664693964517241,14943,0.2806302584134615,Phocaeicola (3),Bacteroidota (3),3
232787020497999,14936,0.2804987980769231,Phocaeicola (4),Bacteroidota (4),4
196658063364944,14870,0.2792593149038461,Blautia_A (8); Brotaphodocola (3); Schaedlerella (2),Bacillota (47); Spirochaetota (1); Cyanobacteriota (1),51
369530454848395,14846,0.27880859375,Bacteroides (1); Phocaeicola (1),Bacteroidota (2),2
587944038067831,14768,0.27734375,Phocaeicola (2),Bacteroidota (2),2
108719854850361,14758,0.2771559495192308,Phocaeicola (3); Bacteroides (1),Bacteroidota (4),4
878208709445799,14743,0.2768742487980769,Brotaphodocola (5); Enterocloster (5); Roseburia (3),Bacillota (33),33
519291721872673,14710,0.2762545072115384,UBA3282 (4); Laedolimicola (3); Acutalibacter (2),Bacillota (35); Bacteroidota (1),36
840917183449026,14686,0.2758037860576923,Streptococcus (3); JAUNSR01 (2); Mesolinea (2),Bacillota (24); Bacteroidota (17); Pseudomonadota (13),110
56170707326481,14659,0.2752967247596153,Ruminococcoides (12); Blautia_A (11); Coprococcus (10),Bacillota (93); Pseudomonadota (4),97
257144174863394,14636,0.2748647836538461,Hominiventricola (1); RGIG7179 (1); Ruminococcus_C (1),Bacillota (14); Actinomycetota (1),15
503578160655379,14633,0.2748084435096153,Phocaeicola (4); Bacteroides (2),Bacteroidota (6),6
39186758059518,14605,0.2742826021634615,Acetobacterium (9); Aristaeella (4); Helcococcus (3),Bacillota (53); Bacteroidota (9); Desulfobacterota (1),65
878466587849312,14539,0.2730431189903846,Limivicinus (41); F23-B02 (25); Hominicoprocola (12),Bacillota (254),254
463778408936416,14536,0.2729867788461538,Blautia_A (7); Allocoprococcus (1); Dorea_A (1),Bacillota (12),12
299105307103174,14535,0.2729679987980769,Phocaeicola (5),Bacteroidota (5),5
782868946533202,14512,0.2725360576923077,Blautia_A (6); Mediterraneibacter (2); Anthropogastromicrobium (2),Bacillota (24),24
673518642899483,14503,0.2723670372596153,Roseburia (4); Blautia_A (2); Marvinbryantia (1),Bacillota (11),11
642538203283085,14437,0.2711275540865384,Bacteroides (9); Phocaeicola (3),Bacteroidota (12),12
332810534374075,14433,0.2710524338942308,Faecalibacterium (9),Bacillota (9),9
800570191595145,14420,0.2708082932692308,Faecalibacterium (26); Acutalibacter (3); Merdivicinus (2),Bacillota (36),36
307672778452152,14395,0.2703387920673077,Faecalibacterium (6); Prevotella (2); Bacteroides (1),Bacillota (6); Bacteroidota (3),9
98887912153311,14378,0.27001953125,Lawsonibacter (2); Gallintestinimicrobium (1); Blautia_A (1),Bacillota (8),8
167066212864643,14375,0.2699631911057692,Bacteroides (2),Bacteroidota (2),2
112008293847352,14369,0.2698505108173077,Faecalibacterium (7); Caproicibacterium (1); Gemmiger (1),Bacillota (9),9
871683712834974,14366,0.2697941706730769,Christensenella (2); Oscillibacter (2); Blautia_A (1),Bacillota (29); Bacillota_I (2); Bacteroidota (1),33
122730601445332,14302,0.2685922475961538,Phocaeicola (7); Bacteroides (1),Bacteroidota (8),8
56643530363443,14280,0.2681790865384615,Bacteroides (10); CAYSND01 (1); Phocaeicola (1),Bacteroidota (13),13
829336191805623,14270,0.2679912860576923,Bacteroides (2),Bacteroidota (2),2
31651217898887,14263,0.2678598257211538,Phocaeicola (1),Bacteroidota (1),1
149640511506075,14227,0.2671837439903846,Bacteroides (2); Phocaeicola (1),Bacteroidota (3),3
444080765004416,14197,0.2666203425480769,Bacteroides (4); Mycoplana (1),Bacteroidota (4); Pseudomonadota (1),5
670774804760485,14175,0.2662071814903846,Bacteroides (2),Bacteroidota (2),2
560290165538664,14170,0.26611328125,Gemmiger (2); Faecalibacterium (2); Vescimonas (2),Bacillota (14),14
305855874175479,14157,0.265869140625,Bacteroides (2),Bacteroidota (2),2
112172521285601,14102,0.2648362379807692,Bacteroides (3),Bacteroidota (3),3
544490303211392,14074,0.2643103966346153,Faecalibacterium (11); Vescimonas (1); RUG11272 (1),Bacillota (13),13
617056642127065,14036,0.2635967548076923,Phocaeicola (2); Bacteroides (1); Eubacterium_I (1),Bacteroidota (3); Bacillota (1),4
136483461923595,14034,0.2635591947115384,Enterocloster (2); Acetatifactor (2); Falcatimonas (1),Bacillota (21); Spirochaetota (1),22
345400893794116,14018,0.2632587139423077,Bacteroides (3),Bacteroidota (3),3
552323281020371,13998,0.2628831129807692,Phocaeicola (4),Bacteroidota (4),4
905575569881331,13984,0.2626201923076923,Blautia_A (3); Oscillibacter (2); Blautia (2),Bacillota (22); Bacillota_I (1); Bacteroidota (1),24
252384966566993,13974,0.2624323918269231,Roseburia (6); Suilimivivens (1); Eubacterium_Q (1),Bacillota (14); Bacteroidota (1),15
243474969289728,13955,0.2620755709134615,Faecalibacterium (13); Vescimonas (1),Bacillota (14),14
53198203628588,13929,0.2615872896634615,Bacteroides (2),Bacteroidota (2),2
453662567122971,13910,0.26123046875,Bacteroides (3),Bacteroidota (3),3
455345316629156,13885,0.2607609675480769,Phil1 (1); HGM11525 (1); Coprococcus_A (1),Bacillota (22),22
898846380565484,13873,0.2605356069711538,Bacteroides (4),Bacteroidota (4),4
160341176046944,13863,0.2603478064903846,Bacteroides (3),Bacteroidota (3),3
189304177974813,13853,0.2601600060096153,Bacteroides (4),Bacteroidota (4),4
267858760448539,13846,0.2600285456730769,Brotaphodocola (4); Gemmiger (2); Roseburia_D (1),Bacillota (28); Bacillota_I (2); Bacteroidota (1),31
461182894933744,13826,0.2596529447115384,Phocaeicola (5); Bacteroides (2); UBA1740 (1),Bacteroidota (7); Bacillota (1),8
609512483119862,13804,0.2592397836538461,Bacteroides (1),Bacteroidota (1),1
852827558318964,13802,0.2592022235576923,Bacteroides (2),Bacteroidota (2),2
321068595047170,13793,0.259033203125,Phocaeicola (6),Bacteroidota (6),6
425532308126797,13792,0.2590144230769231,Blautia_A (3); Choladousia (1); Agathobaculum (1),Bacillota (22); Bacillota_I (1),23
143641113576073,13766,0.2585261418269231,Phocaeicola (2); Veillonella (1),Bacteroidota (2); Bacillota (1),3
904873843420061,13753,0.2582820012019231,Bacteroides (4),Bacteroidota (4),4
161070945697905,13751,0.2582444411057692,Bacteroides (2),Bacteroidota (2),2
589918863674935,13749,0.2582068810096153,Bacteroides (3),Bacteroidota (3),3
550084800001692,13726,0.2577749399038461,Bacteroides (4),Bacteroidota (4),4
626908814859231,13721,0.2576810396634615,Phocaeicola (2); Veillonella (1),Bacteroidota (2); Bacillota (1),3
733163784840860,13715,0.257568359375,Phocaeicola (6),Bacteroidota (6),6
379268439922890,13702,0.25732421875,Faecalibacterium (4); Caproicibacterium (1); Gemmiger (1),Bacillota (6); Bacillota_I (1),7
646362630990678,13677,0.2568547175480769,Phocaeicola (6),Bacteroidota (6),6
115070619772734,13665,0.2566293569711538,Phocaeicola (2),Bacteroidota (2),2
92232421382070,13654,0.2564227764423077,Bacteroides (1),Bacteroidota (1),1
137071996704777,13650,0.25634765625,Roseburia (4); Butyribacter (2); Coprococcus_C (2),Bacillota (22); Bacteroidota (1),23
313502888368110,13642,0.2561974158653846,Bacteroides (2),Bacteroidota (2),2
856507126716022,13640,0.2561598557692308,Bacteroides (3),Bacteroidota (3),3
634336363430380,13637,0.256103515625,Collinsella (437); Corynebacterium (3); Limicola (2),Actinomycetota (445); Bacillota (1); Bacteroidota (1),447
612351709459012,13625,0.2558781550480769,Phocaeicola (2),Bacteroidota (2),2
858092377865167,13613,0.2556527944711538,Bacteroides (2),Bacteroidota (2),2
631087100515334,13600,0.2554086538461538,Phocaeicola (6),Bacteroidota (6),6
159413272644298,13590,0.2552208533653846,Bacteroides (3),Bacteroidota (3),3
156464172640196,13584,0.2551081730769231,Bacteroides (2),Bacteroidota (2),2
173793442537351,13570,0.2548452524038461,Bacteroides (2),Bacteroidota (2),2
376487782065627,13563,0.2547137920673077,Bacteroides (3),Bacteroidota (3),3
34503061882572,13560,0.2546574519230769,Bacteroides (2),Bacteroidota (2),2
247475782495281,13528,0.2540564903846153,Bacteroides (2),Bacteroidota (2),2
380312891457821,13525,0.2540001502403846,Bacteroides (3),Bacteroidota (3),3
474012770324396,13524,0.2539813701923077,Phocaeicola (2),Bacteroidota (2),2
23694924848822,13523,0.2539625901442308,Phocaeicola (6),Bacteroidota (6),6
34956579778679,13523,0.2539625901442308,Bacteroides (1),Bacteroidota (1),1
835740767906402,13523,0.2539625901442308,Phocaeicola (3); Bacteroides (2),Bacteroidota (5),5
154963865524914,13522,0.2539438100961538,Bacteroides (3),Bacteroidota (3),3
165204847762967,13517,0.2538499098557692,Bacteroides (1),Bacteroidota (1),1
534317170884854,13513,0.2537747896634615,Bacteroides (1); Prevotella (1),Bacteroidota (2),2
809688229419038,13503,0.2535869891826923,Bacteroides (1),Bacteroidota (1),1
66629010358248,13482,0.2531926081730769,Bacteroides (2),Bacteroidota (2),2
733533045482072,13482,0.2531926081730769,Phocaeicola (2); Veillonella (1),Bacteroidota (2); Bacillota (1),3
570881685231874,13480,0.2531550480769231,Bacteroides (2),Bacteroidota (2),2
430747728384727,13473,0.2530235877403846,Faecalibacterium (29),Bacillota (29),29
281414347491324,13468,0.2529296875,Bacteroides (1); UMGS1484 (1),Bacteroidota (1); Bacillota (1),2
881584971544554,13465,0.2528733473557692,Phocaeicola (2),Bacteroidota (2),2
521004733252858,13463,0.2528357872596153,Blautia_A (7); Mediterraneibacter (6); Roseburia (4),Bacillota (25),25
872156819398708,13449,0.2525728665865384,Phocaeicola (2),Bacteroidota (2),2
22831830087196,13437,0.2523475060096153,Bacteroides (2),Bacteroidota (2),2
22452262381903,13434,0.2522911658653846,Bacteroides (2),Bacteroidota (2),2
88081132330291,13425,0.2521221454326923,Bacteroides (2),Bacteroidota (2),2
434513308489132,13421,0.2520470252403846,Phocaeicola (4),Bacteroidota (4),4
743670246828212,13390,0.25146484375,Phocaeicola (5),Bacteroidota (5),5
383356316169916,13389,0.2514460637019231,Phocaeicola (2),Bacteroidota (2),2
147723125207678,13384,0.2513521634615384,Bacteroides (2),Bacteroidota (2),2
58139930457019,13382,0.2513146033653846,Phocaeicola (6),Bacteroidota (6),6
163228226709703,13375,0.2511831430288461,Bacteroides (1),Bacteroidota (1),1
288726607852007,13370,0.2510892427884615,Faecalibacterium (9); Ruminococcus (1); Gemmiger (1),Bacillota (12),12
126292938395263,13366,0.2510141225961538,Faecalibacterium (9); JAAYUD01 (1); SFTJ01 (1),Bacillota (9); Bacteroidota (3),12
368391094682487,13357,0.2508451021634615,Bacteroides (4),Bacteroidota (4),4
500063934500490,13346,0.2506385216346153,Bacteroides (3),Bacteroidota (3),3
768280712827921,13328,0.2503004807692308,Phocaeicola (3); Parabacteroides (1),Bacteroidota (4),4
573249178669693,13327,0.2502817007211538,Bacteroides (1),Bacteroidota (1),1
312035850178271,13322,0.2501878004807692,Phocaeicola (2),Bacteroidota (2),2
833660923731972,13322,0.2501878004807692,Phocaeicola (1),Bacteroidota (1),1
77161738810264,13313,0.2500187800480769,Phocaeicola (7),Bacteroidota (7),7
895725347483161,13313,0.2500187800480769,Phocaeicola (4),Bacteroidota (4),4
580480224466863,13306,0.2498873197115384,Phocaeicola (2); Bacteroides (1),Bacteroidota (3),3
446640009822728,13299,0.249755859375,Bacteroides (2),Bacteroidota (2),2
456285247191683,13298,0.249737079326923,Blautia_A (10); Anaerobutyricum (2); Blautia (2),Bacillota (30); Bacillota_I (1),31
543405929783140,13283,0.2494553786057692,Phocaeicola (1),Bacteroidota (1),1
845858276464474,13283,0.2494553786057692,Phocaeicola (4),Bacteroidota (4),4
300420904865763,13270,0.2492112379807692,Phocaeicola (2),Bacteroidota (2),2
223741543918786,13261,0.2490422175480769,Bacteroides (7); Phocaeicola (3),Bacteroidota (10),10
549185559219202,13242,0.2486853966346154,Dorea_A (2); Allocoprococcus (2); Mediterraneibacter (2),Bacillota (14); Bacillota_I (1),15
110894517505046,13239,0.2486290564903846,Phocaeicola (2),Bacteroidota (2),2
140319118199710,13234,0.24853515625,Veillonella (1); Phocaeicola (1),Bacillota (1); Bacteroidota (1),2
181141648778458,13234,0.24853515625,Phocaeicola (2),Bacteroidota (2),2
307145677617826,13226,0.2483849158653846,Nitrosocosmicus (5); JAITMY01 (4); Streptomyces (4),Pseudomonadota (74); Actinomycetota (35); Myxococcota_A (26),233
139996753260337,13208,0.248046875,Streptococcus (513); Coprovivens (15); Thomasclavelia (10),Bacillota (527); Bacillota_I (61),588
775861289426922,13203,0.2479529747596154,Bacteroides (1),Bacteroidota (1),1
34898462446213,13200,0.2478966346153846,Phocaeicola (2),Bacteroidota (2),2
785889209262348,13189,0.2476900540865384,Bacteroides (1),Bacteroidota (1),1
832640724203449,13188,0.2476712740384615,Bacteroides (1),Bacteroidota (1),1
737902441166929,13182,0.24755859375,Phocaeicola (2); Veillonella (1),Bacteroidota (2); Bacillota (1),3
610412703282342,13175,0.2474271334134615,Phocaeicola (3); Bacteroides (2); Physcousia (1),Bacteroidota (6),6
25467119875090,13168,0.247295673076923,Phocaeicola (2),Bacteroidota (2),2
742093251041125,13167,0.2472768930288461,Suilimivivens (4); Roseburia (3); Acetatifactor (2),Bacillota (20); Spirochaetota (1); Bacteroidota (1),22
195477276026997,13160,0.2471454326923076,Mediterraneibacter (4); Lawsonibacter (4); Oscillibacter (3),Bacillota (74); Bacillota_I (2); Bacteroidota (1),79
742120110020624,13158,0.2471078725961538,Bacteroides (1),Bacteroidota (1),1
274167170765114,13155,0.247051532451923,Phocaeicola (4),Bacteroidota (4),4
413479828844451,13145,0.2468637319711538,Phocaeicola (2); Bacteroides (1),Bacteroidota (3),3
419033300731898,13141,0.2467886117788461,Phocaeicola (2); Bacteroides (1),Bacteroidota (3),3
446561256653547,13138,0.2467322716346154,Faecalibacterium (11); Physcousia (1); JAILEN01 (1),Bacillota (13); Bacteroidota (1),14
215854050802497,13134,0.2466571514423076,Phocaeicola (5); Bacteroides (5); Alistipes (3),Bacteroidota (19),19
343273656107231,13128,0.2465444711538461,Butyrivibrio (4); Mediterraneibacter (3); Laedolimicola (2),Bacillota (26); Bacillota_I (2); Bacteroidota (1),29
64613162899135,13122,0.2464317908653846,Novisyntrophococcus (2); Blautia_A (2); Ruminococcus (1),Bacillota (14); Bacillota_I (1),15
516870491152737,13120,0.2463942307692307,Phocaeicola (6); Ruminiclostridium (1),Bacteroidota (6); Bacillota (1),7
481264012993789,13116,0.246319110576923,Bacteroides (2),Bacteroidota (2),2
429710046384715,13107,0.2461500901442307,Bacteroides (1),Bacteroidota (1),1
913170301186791,13106,0.2461313100961538,Phocaeicola (6),Bacteroidota (6),6
680080312533458,13103,0.246074969951923,Bacteroides (2); QVMH01 (1),Bacteroidota (3),3
327760614782432,13100,0.2460186298076923,Bacteroides (2),Bacteroidota (2),2
142740670420716,13096,0.2459435096153846,Bacteroides (2),Bacteroidota (2),2
377671737068966,13093,0.2458871694711538,Bacteroides (1),Bacteroidota (1),1
121166426214980,13090,0.245830829326923,Faecalibacterium (28),Bacillota (28),28
264106864260826,13081,0.2456618088942307,Phocaeicola (3); Bacteroides (1),Bacteroidota (4),4
208199491560821,13079,0.2456242487980769,Phocaeicola (4),Bacteroidota (4),4
214848332818208,13068,0.2454176682692307,Phocaeicola (1),Bacteroidota (1),1
422124845136744,13057,0.2452110877403846,Phocaeicola (2),Bacteroidota (2),2
113329687613304,13056,0.2451923076923076,Bacteroides (2),Bacteroidota (2),2
547512300962759,13054,0.2451547475961538,Phocaeicola (5); Veillonella (1),Bacteroidota (5); Bacillota (1),6
678971833695174,13053,0.2451359675480769,Phocaeicola (2); Novisyntrophococcus (1),Bacteroidota (2); Bacillota (1),3
318543029088682,13052,0.2451171875,Bacteroides (1),Bacteroidota (1),1
607779264418172,13040,0.2448918269230769,Faecalibacterium (2); Gemmiger (1),Bacillota (3),3
15230597434874,13025,0.244610126201923,Blautia_A (5),Bacillota (5),5
768149939763535,13025,0.244610126201923,Bacteroides (1),Bacteroidota (1),1
361000352310813,13016,0.2444411057692307,Butyribacter (3); Roseburia (3); Acetatifactor (3),Bacillota (24),24
915146996292819,13016,0.2444411057692307,Bacteroides (1),Bacteroidota (1),1
190186237965936,13006,0.2442533052884615,Phocaeicola (5),Bacteroidota (5),5
490738808268514,12996,0.2440655048076923,Bacteroides (2),Bacteroidota (2),2
655841438007557,12996,0.2440655048076923,Phocaeicola (2); Bacteroides (1); Oliverpabstia (1),Bacteroidota (3); Bacillota (1),4
357147683624996,12994,0.2440279447115384,Phocaeicola (2); Bacteroides (1),Bacteroidota (3),3
552162746584789,12989,0.2439340444711538,Phocaeicola (2),Bacteroidota (2),2
148694827714177,12979,0.2437462439903846,Bacteroides (13),Bacteroidota (13),13
272470015845417,12971,0.2435960036057692,Phocaeicola (1),Bacteroidota (1),1
650063354722612,12966,0.2435021033653846,Bacteroides (2),Bacteroidota (2),2
793048779545031,12963,0.2434457632211538,Bacteroides (2),Bacteroidota (2),2
125106488186494,12952,0.2432391826923076,Phocaeicola (2),Bacteroidota (2),2
460409090480828,12938,0.2429762620192307,Phocaeicola (6),Bacteroidota (6),6
648677755596693,12928,0.2427884615384615,Blautia_A (9); Marvinbryantia (2); Allocoprococcus (1),Bacillota (20),20
517375457351290,12923,0.2426945612980769,Bacteroides (1),Bacteroidota (1),1
196664902862562,12910,0.2424504206730769,Phocaeicola (3); Parabacteroides (1),Bacteroidota (4),4
604029017352300,12908,0.242412860576923,Phocaeicola (6),Bacteroidota (6),6
635857105850507,12907,0.2423940805288461,Phocaeicola (4); Bacteroides (3); Parabacteroides (2),Bacteroidota (9),9
857200875628394,12904,0.2423377403846154,Bacteroides (1); Phocaeicola (1),Bacteroidota (2),2
210398115110249,12897,0.2422062800480769,Phocaeicola (2),Bacteroidota (2),2
424929017654380,12897,0.2422062800480769,Enterocloster (2); Faecalibacterium (2); Brotaphodocola (1),Bacillota (7),7
480982333285504,12896,0.2421875,Bacteroides (1),Bacteroidota (1),1
278644054199675,12871,0.2417179987980769,Phocaeicola (1),Bacteroidota (1),1
296135457737363,12867,0.2416428786057692,Bacteroides (2),Bacteroidota (2),2
52983963727407,12864,0.2415865384615384,Phocaeicola (2),Bacteroidota (2),2
368231249024867,12851,0.2413423978365384,Phocaeicola (3),Bacteroidota (3),3
855519546023503,12849,0.2413048377403846,Bacteroides (2),Bacteroidota (2),2
760789305395819,12843,0.241192157451923,CAG-590 (38); Acetatifactor (33); Coprococcus (13),Bacillota (193),193
698432030579853,12835,0.2410419170673076,Bacteroides (4),Bacteroidota (4),4
625024771986334,12832,0.2409855769230769,Phocaeicola (2),Bacteroidota (2),2
378698719270152,12827,0.2408916766826923,Bacteroides (3),Bacteroidota (3),3
272514280162749,12796,0.2403094951923076,Phocaeicola (2); Bacteroides (1),Bacteroidota (3),3
872697237597725,12778,0.239971454326923,Bacteroides (2),Bacteroidota (2),2
54207391874112,12768,0.2397836538461538,Phascolarctobacterium_A (5); Cryptobacteroides (3); Alloprevotella (3),Bacillota (14); Bacteroidota (9); Actinomycetota (2),27
589288143679706,12766,0.23974609375,Blautia_A (4); Anaerobutyricum (1); Novisyntrophococcus (1),Bacillota (18); Bacillota_I (1),19
610038660316420,12762,0.2396709735576923,Brotaphodocola (4); Avoscillospira_A (1); UBA3402 (1),Bacillota (26); Bacillota_I (2); Bacteroidota (1),29
300466094382003,12760,0.2396334134615384,Bacteroides (2); SR-FBR-E99 (1); Arcticimaribacter (1),Bacteroidota (4),4
510585281351092,12749,0.2394268329326923,Prevotella (8); Bacteroides (5); Phocaeicola (3),Bacteroidota (24),24
5994515773676,12747,0.2393892728365384,Blautia_A (10); Phocaeicola (1),Bacillota (10); Bacteroidota (1),11
922277825453839,12744,0.2393329326923076,Bacteroides (4),Bacteroidota (4),4
89926378199646,12743,0.2393141526442307,Phocaeicola (2),Bacteroidota (2),2
860740747663950,12730,0.2390700120192307,Bacteroides (5); Parabacteroides (4); Prevotella (1),Bacteroidota (17),17
861782987858426,12726,0.238994891826923,Blautia_A (4); Lactonifactor (1); Mediterraneibacter_A (1),Bacillota (14),14
818934217474617,12723,0.2389385516826923,Blautia_A (2); Enterocloster (2); Ruminococcoides (2),Bacillota (13); Bacillota_I (1),14
849162847996330,12717,0.2388258713942307,Phocaeicola (2),Bacteroidota (2),2
32100832287280,12715,0.2387883112980769,Adlercreutzia (1); Mediterraneibacter (1); Bact-08 (1),Actinomycetota (1); Bacillota (1); Bacteroidota (1),3
813867806203948,12712,0.2387319711538461,Phocaeicola (2); Bacteroides (1),Bacteroidota (3),3
585147637403174,12705,0.2386005108173076,Phocaeicola (1),Bacteroidota (1),1
780061880136718,12702,0.2385441706730769,Phocaeicola (4); Bacteroides (3); Parabacteroides (2),Bacteroidota (9),9
119619492213410,12682,0.2381685697115384,Bacteroides (2),Bacteroidota (2),2
239044113705317,12682,0.2381685697115384,Blautia_A (11); Allocoprococcus (2); Blautia (2),Bacillota (22),22
552913222179815,12665,0.2378493088942307,Phocaeicola (5); Veillonella (1),Bacteroidota (5); Bacillota (1),6
103322844166386,12653,0.2376239483173076,Bacteroides (4); JAAVFS01 (1),Bacteroidota (5),5
700192713160338,12647,0.2375112680288461,Faecalibacterium (5),Bacillota (5),5
692211218917691,12621,0.2370229867788461,Dorea_A (2); Allocoprococcus (2); Blautia_A (1),Bacillota (14),14
157643945885597,12620,0.2370042067307692,Bacteroides (2),Bacteroidota (2),2
826440820220162,12600,0.2366286057692307,Bacteroides (2),Bacteroidota (2),2
34077169558746,12538,0.2354642427884615,Acetatifactor (32); UBA3282 (23); Choladousia (19),Bacillota (361); Verrucomicrobiota (39); Desulfobacterota (5),414
158156887253051,12536,0.2354266826923076,Bacteroides (2); Phocaeicola (1),Bacteroidota (3),3
313839243602200,12532,0.2353515625,Brotaphodocola (16); Enterocloster (5); Moryella (4),Bacillota (41); Actinomycetota (1),42
54716384921675,12513,0.2349947415865384,Bacteroides (1),Bacteroidota (1),1
288462280173868,12510,0.2349384014423076,Faecalibacterium (8); Prevotella (1),Bacillota (8); Bacteroidota (1),9
743739070385416,12499,0.2347318209134615,Roseburia (3); Coprococcus_C (1); Acetatifactor (1),Bacillota (11),11
271907056950107,12498,0.2347130408653846,Phocaeicola (3); Bacteroides (1),Bacteroidota (4),4
820995100106406,12493,0.234619140625,Phocaeicola (2); Parabacteroides (1),Bacteroidota (3),3
788032507218641,12485,0.2344689002403846,Bacteroides (1),Bacteroidota (1),1
670109555004678,12484,0.2344501201923076,Blautia_A (3); Roseburia (1),Bacillota (4),4
520160864342480,12464,0.2340745192307692,Alistipes (4); Bacteroides (3); Parabacteroides (2),Bacteroidota (11),11
385000873345310,12453,0.233867938701923,Blautia_A (7),Bacillota (7),7
98008960848460,12427,0.233379657451923,Phocaeicola (1),Bacteroidota (1),1
273883281224345,12400,0.2328725961538461,Phocaeicola (1),Bacteroidota (1),1
671745229212489,12399,0.2328538161057692,Bacteroides (1),Bacteroidota (1),1
664822726592950,12398,0.2328350360576923,Blautia_A (2),Bacillota (2),2
475002982902777,12376,0.232421875,Lancefieldella (3); CAG-103 (2); CAG-170 (1),Bacillota (21); Actinomycetota (3),24
368639424021763,12369,0.2322904146634615,Acetatifactor (2); Prevotella (1),Bacillota (2); Bacteroidota (1),3
668662458062494,12365,0.2322152944711538,Faecalibacterium (9); Gemmiger (1),Bacillota (10),10
471222622502095,12352,0.2319711538461538,Roseburia (4); Acetatifactor (2); Suilimivivens (1),Bacillota (12),12
97477546357273,12348,0.2318960336538461,Dorea_A (2); Allocoprococcus (2); Blautia_A (1),Bacillota (12); Bacillota_I (1),13
196285422542607,12333,0.2316143329326923,Blautia_A (2),Bacillota (2),2
185051152594302,12322,0.2314077524038461,Bacteroides (3),Bacteroidota (3),3
742574574084405,12309,0.2311636117788461,Blautia_A (5),Bacillota (5),5
638169468165723,12308,0.2311448317307692,Phocaeicola (2),Bacteroidota (2),2
740493520445643,12307,0.2311260516826923,Blautia_A (2),Bacillota (2),2
190318184361119,12278,0.2305814302884615,,,0
569156488842066,12266,0.2303560697115384,Blautia_A (14),Bacillota (14),14
893161194415137,12266,0.2303560697115384,Gemmiger (2); Ruminococcus (1); JAGTTR01 (1),Bacillota (11),11
520948555258089,12248,0.2300180288461538,Bacteroides (1),Bacteroidota (1),1
700978464272255,12238,0.2298302283653846,Blautia_A (4),Bacillota (4),4
857989553039646,12223,0.2295485276442307,Faecalibacterium (7); Dialister (1); Butyricicoccus_A (1),Bacillota (9),9
299306576097215,12205,0.2292104867788461,Blautia_A (11),Bacillota (11),11
181339770045884,12196,0.2290414663461538,Phocaeicola (4),Bacteroidota (4),4
854977633120181,12194,0.22900390625,Blautia_A (5),Bacillota (5),5
681715677451269,12132,0.2278395432692307,Bacteroides (1),Bacteroidota (1),1
333929573311730,12123,0.2276705228365384,Blautia_A (2),Bacillota (2),2
723815504326341,12123,0.2276705228365384,Blautia_A (1),Bacillota (1),1
326874044041860,12110,0.2274263822115384,CAG-238 (1); Blautia_A (1),Bacillota (2),2
825123583859624,12106,0.2273512620192307,Faecalibacterium (6); Laedolimicola (3); Choladousia (1),Bacillota (11),11
640298690107209,12098,0.2272010216346154,Bacteroides (2),Bacteroidota (2),2
325992142811118,12097,0.2271822415865384,Roseburia (4); Lachnospira (2); Roseburia_B (1),Bacillota (11),11
323155713816289,12092,0.2270883413461538,Bacteroides (12); Phocaeicola (1),Bacteroidota (13),13
806151983660999,12085,0.2269568810096154,Bacteroides (1),Bacteroidota (1),1
486383004535513,12084,0.2269381009615384,Petralouisia (2); Roseburia (2); Brotaphodocola (1),Bacillota (22),22
237371417980342,12077,0.226806640625,Blautia_A (2),Bacillota (2),2
151431575589820,12066,0.2266000600961538,Gemmiger (3); Faecalibacterium (3); Faecousia (3),Bacillota (26),26
286322652422440,12060,0.2264873798076923,Faecalibacterium (5); CBDTTM01 (1); Blautia_A (1),Bacillota (7); Bacteroidota (1),8
778222416811703,12059,0.2264685997596154,Bacteroides (1),Bacteroidota (1),1
664192411042398,12057,0.2264310396634615,Blautia_A (2),Bacillota (2),2
344347105919413,12056,0.2264122596153846,Bacteroides (1),Bacteroidota (1),1
358074299686061,12047,0.2262432391826923,Bacteroides (3); Alistipes (2); Barnesiella (1),Bacteroidota (9),9
230102953448914,12042,0.2261493389423076,Eubacterium_I (3); Roseburia (2); Eubacterium_Q (1),Bacillota (7),7
133492747343355,12038,0.22607421875,Phocaeicola (2); Bacteroides (1),Bacteroidota (3),3
302537484777922,12019,0.2257173978365384,Enterocloster (3); Faecalibacterium (1); Hungatella (1),Bacillota (14),14
629482674592842,12018,0.2256986177884615,Blautia_A (2),Bacillota (2),2
541445240425406,12013,0.2256047175480769,Bacteroides (1),Bacteroidota (1),1
173102198039096,12012,0.2255859375,Blautia_A (7),Bacillota (7),7
44110938282875,12007,0.2254920372596154,Blautia_A (1),Bacillota (1),1
712951284031993,11967,0.2247408353365384,Blautia_A (2),Bacillota (2),2
155475246870361,11965,0.2247032752403846,Bacteroides (1),Bacteroidota (1),1
702242059602632,11949,0.2244027944711538,Blautia_A (1),Bacillota (1),1
622003053662514,11946,0.224346454326923,Bacteroides (1),Bacteroidota (1),1
653736487401706,11946,0.224346454326923,Bacteroides (1),Bacteroidota (1),1
799290481419114,11927,0.2239896334134615,Ruminococcoides (3); Laedolimicola (2); Sporofaciens (2),Bacillota (39); Bacillota_I (3); Bacteroidota (1),43
475302412921279,11918,0.2238206129807692,Bacteroides (1); Phocaeicola (1),Bacteroidota (2),2
498441746818792,11915,0.2237642728365384,Acetatifactor (2); Coprococcus_A (1); Bacteroides (1),Bacillota (8); Bacteroidota (1),9
793233119685666,11894,0.223369891826923,Sellimonas (2); Eubacterium (2); Blautia_A (2),Bacillota (26),26
281967535676759,11888,0.2232572115384615,Roseburia (5); Jutongia (2); Acetatifactor (2),Bacillota (23),23
554587383556708,11885,0.2232008713942307,Blautia_A (3),Bacillota (3),3
627193280176622,11883,0.2231633112980769,Blautia_A (2),Bacillota (2),2
582974361540567,11839,0.2223369891826923,Blautia_A (2); Gemmiger (2); Vescimonas (2),Bacillota (16); Bacillota_I (1),17
153348617458407,11815,0.2218862680288461,Dorea_A (2); Blautia_A (1); Allocoprococcus (1),Bacillota (11),11
847058417220882,11805,0.2216984675480769,Acetatifactor (2); Brotaphodocola (2); Blautia_A (1),Bacillota (15),15
679354777768086,11802,0.2216421274038461,Blautia_A (3); Holdemanella (2); Faecalimonas (2),Bacillota (15); Bacillota_I (5); Bacteroidota (1),22
356302255057650,11786,0.2213416466346154,Dorea_A (2); Blautia_A (1); Allocoprococcus (1),Bacillota (11),11
117523364763774,11783,0.2212853064903846,Blautia_A (8),Bacillota (8),8
531392906412676,11767,0.2209848257211538,Bacteroides (3); Barnesiella (1); Alistipes (1),Bacteroidota (8),8
281966290832739,11765,0.220947265625,Blautia_A (4),Bacillota (4),4
207829121485329,11753,0.2207219050480769,Blautia_A (3),Bacillota (3),3
720835060966614,11740,0.2204777644230769,Bacteroides (1),Bacteroidota (1),1
828186266963837,11740,0.2204777644230769,Bacteroides (2),Bacteroidota (2),2
218263465276973,11712,0.219951923076923,Phocaeicola (2),Bacteroidota (2),2
330862582582256,11710,0.2199143629807692,Faecalibacterium (8); Faecousia (6); Choladousia (1),Bacillota (21),21
509900680545633,11707,0.2198580228365384,Bifidobacterium (87); Arcanobacterium_A (5); Galliscardovia (4),Actinomycetota (97),97
593595066658452,11707,0.2198580228365384,Prevotella (5); Bacteroides (4); Parabacteroides (3),Bacteroidota (16); Bacillota (1),17
677724991939732,11707,0.2198580228365384,Blautia_A (3); Allocoprococcus (1); Eubacterium_Q (1),Bacillota (13),13
155386635885846,11705,0.2198204627403846,Oscillibacter (4); Vescimonas (2); Sellimonas (1),Bacillota (15); Bacillota_I (1),16
235859342923732,11696,0.2196514423076923,,,0
919675897688175,11692,0.2195763221153846,Bacteroides (2),Bacteroidota (2),2
537908252242728,11686,0.219463641826923,Dialister (14); Collinsella (2); F23-B02 (1),Bacillota (16); Actinomycetota (2),18
50830791384534,11682,0.2193885216346154,Bacteroides (4); Phocaeicola (2); Prevotella (1),Bacteroidota (9); Bacillota (1),10
548173433280290,11679,0.2193321814903846,Blautia_A (3),Bacillota (3),3
10038290925125,11667,0.2191068209134615,Dorea_A (2); Blautia_A (1); Allocoprococcus (1),Bacillota (11),11
725949237399096,11660,0.218975360576923,Prevotella (7); Bacteroides (3); Phocaeicola (3),Bacteroidota (18); Pseudomonadota (1),19
718792304503760,11658,0.2189378004807692,Blautia_A (12); Marvinbryantia (1); Schaedlerella (1),Bacillota (14),14
39243879582193,11655,0.2188814603365384,Bacteroides (4); Phocaeicola (3); RGIG9151 (1),Bacteroidota (8); Bacillota (2),10
663852917809931,11652,0.2188251201923076,Blautia_A (2); Acetatifactor (1),Bacillota (3),3
387073766583757,11650,0.2187875600961538,Blautia_A (1),Bacillota (1),1
433137214344646,11640,0.2185997596153846,Bacteroides (22),Bacteroidota (22),22
376383225879555,11629,0.2183931790865384,Bacteroides (3),Bacteroidota (3),3
217954502025759,11625,0.2183180588942307,Laedolimicola (2); Blautia_A (1); Stercorousia (1),Bacillota (6); Cyanobacteriota (1); Actinomycetota (1),9
475702062765181,11618,0.2181865985576923,Bacteroides (4),Bacteroidota (4),4
265549335239798,11613,0.2180926983173076,Coprococcus (11); Lachnospira (8); Coprococcus_C (5),Bacillota (73); Pseudomonadota (5); Actinomycetota (3),84
390820699648525,11607,0.2179800180288461,Blautia_A (3),Bacillota (3),3
77684131794466,11602,0.2178861177884615,Bacteroides (7),Bacteroidota (7),7
222289584648160,11600,0.2178485576923076,Phocaeicola (8),Bacteroidota (8),8
458062472618481,11594,0.2177358774038461,Blautia_A (6),Bacillota (6),6
426810469330218,11584,0.2175480769230769,Prevotella (7); Bacteroides (5); Phocaeicola (4),Bacteroidota (21),21
427117782527130,11568,0.2172475961538461,Odoribacter (1); Blautia_A (1),Bacteroidota (1); Bacillota (1),2
492509945114215,11568,0.2172475961538461,Oscillibacter (48); Faecousia (19); CAJOIG01 (12),Bacillota (118); Bacillota_I (1),119
377885261006369,11549,0.2168907752403846,Bacteroides (1),Bacteroidota (1),1
575146726675807,11537,0.2166654146634615,Bacteroides (5); Phocaeicola (4); CAG-873 (1),Bacteroidota (11); Actinomycetota (1),12
315230945949754,11524,0.2164212740384615,Phocaeicola (1),Bacteroidota (1),1
897682969592517,11523,0.2164024939903846,Blautia_A (5),Bacillota (5),5
205067688250081,11517,0.216289813701923,,,0
169004508348342,11508,0.2161207932692307,Blautia_A (5),Bacillota (5),5
807208663380028,11507,0.2161020132211538,Phocaeicola (2); W0P31-042 (1),Bacteroidota (3),3
579375806441677,11505,0.216064453125,Bacteroides (1),Bacteroidota (1),1
108634061272776,11498,0.2159329927884615,Bacteroides (1),Bacteroidota (1),1
12223597833845,11497,0.2159142127403846,Bacteroides (1),Bacteroidota (1),1
331861558264737,11497,0.2159142127403846,Blautia_A (1),Bacillota (1),1
858568566869129,11493,0.2158390925480769,Bacteroides (4),Bacteroidota (4),4
383722347510152,11490,0.2157827524038461,Prevotella (10); Bacteroides (5); Phocaeicola (4),Bacteroidota (23); Pseudomonadota (1),24
885486364960488,11490,0.2157827524038461,Bacteroides (14),Bacteroidota (14),14
518004176507422,11482,0.2156325120192307,Phocaeicola (1),Bacteroidota (1),1
427839141765977,11465,0.215313251201923,Blautia_A (4),Bacillota (4),4
130567333760490,11454,0.2151066706730769,Blautia_A (3); Allocoprococcus (1); Faecalimonas (1),Bacillota (11),11
29665938880435,11450,0.2150315504807692,Blautia_A (27),Bacillota (27),27
481336084504029,11446,0.2149564302884615,Blautia_A (2),Bacillota (2),2
253412403179605,11416,0.2143930288461538,Blautia_A (6); Allocoprococcus (3); CAG-964 (1),Bacillota (23),23
526848127979019,11415,0.2143742487980769,Bacteroides (9),Bacteroidota (9),9
382477850503997,11414,0.21435546875,Bacteroides (1),Bacteroidota (1),1
911644869452486,11404,0.2141676682692307,Phocaeicola (4),Bacteroidota (4),4
830359388649846,11403,0.2141488882211538,Ruminococcoides (2); Gallintestinimicrobium (1); Collinsella (1),Bacillota (12); Actinomycetota (1),13
238299766530554,11384,0.2137920673076923,Blautia_A (2); Allocoprococcus (1); Eubacterium_Q (1),Bacillota (10),10
745360148446439,11373,0.2135854867788461,Faecalibacterium (21),Bacillota (21),21
918994038626141,11373,0.2135854867788461,Blautia_A (1),Bacillota (1),1
765612776062897,11372,0.2135667067307692,Blautia_A (7); Senimuribacter (1),Bacillota (8),8
780212681073821,11372,0.2135667067307692,Phocaeicola (3),Bacteroidota (3),3
274624704426050,11369,0.2135103665865384,Blautia_A (1),Bacillota (1),1
859483890673367,11369,0.2135103665865384,Blautia_A (2); Petralouisia (1),Bacillota (3),3
792972410179073,11357,0.2132850060096154,Phocaeicola (2),Bacteroidota (2),2
329692709791552,11356,0.2132662259615384,Laedolimicola (2); Enterocloster (2); Senimuribacter (1),Bacillota (17); Bacillota_I (1); Actinomycetota (1),19
382534077908926,11354,0.2132286658653846,Blautia_A (5); COE1 (2); M0040 (1),Bacillota (16); Desulfobacterota (1),17
99706236174393,11335,0.212871844951923,Blautia_A (1),Bacillota (1),1
604026479138409,11314,0.2124774639423076,Phocaeicola (2),Bacteroidota (2),2
389339577709166,11305,0.2123084435096154,Faecalibacterium (5),Bacillota (5),5
873106025377622,11300,0.2122145432692307,Roseburia (7),Bacillota (7),7
711739982932297,11299,0.2121957632211538,Bacteroides (2),Bacteroidota (2),2
414824383009183,11298,0.2121769831730769,Phocaeicola (2),Bacteroidota (2),2
178239646421591,11291,0.2120455228365384,Roseburia (5); CAG-269 (1),Bacillota (6),6
751351867407451,11291,0.2120455228365384,Bacteroides (2),Bacteroidota (2),2
901984735190884,11272,0.2116887019230769,Enterocloster (2); Brotaphodocola (2); Blautia_A (1),Bacillota (15),15
821516904641611,11263,0.2115196814903846,Roseburia (9),Bacillota (9),9
517074170358541,11261,0.2114821213942307,Bacteroides (1),Bacteroidota (1),1
677183637271773,11259,0.2114445612980769,Bacteroides (2); Alistipes (2); Barnesiella (1),Bacteroidota (7),7
676048137053608,11257,0.211407001201923,Roseburia (4); UBA1258 (3); UBA737 (2),Bacillota (11),11
518214292194167,11247,0.2112192007211538,Roseburia (3),Bacillota (3),3
369814822806790,11242,0.2111253004807692,Blautia_A (4); Treponema_D (1); UBA3402 (1),Bacillota (11); Spirochaetota (1),12
695410534734330,11229,0.2108811598557692,Faecalibacterium (7),Bacillota (7),7
556204838536072,11222,0.2107496995192307,Blautia_A (2); Allocoprococcus (1); Eubacterium_Q (1),Bacillota (12),12
537027078180876,11218,0.210674579326923,Blautia_A (1),Bacillota (1),1
59195727209723,11215,0.2106182391826923,Blautia_A (3),Bacillota (3),3
412892399237100,11210,0.2105243389423076,Blautia_A (13); Claveliimonas (1),Bacillota (14),14
911222284957053,11201,0.2103553185096154,Blautia_A (1),Bacillota (1),1
313876759789341,11200,0.2103365384615384,Faecalibacterium (7); SXTU01 (1); DATEAV01 (1),Bacillota (7); Verrucomicrobiota (1); Chloroflexota (1),10
647892789504774,11197,0.2102801983173076,Phocaeicola (1),Bacteroidota (1),1
185460444387084,11193,0.210205078125,Bacteroides (1),Bacteroidota (1),1
724543140061664,11191,0.2101675180288461,Bacteroides (2); Alistipes (2); Barnesiella (1),Bacteroidota (7),7
82173656570004,11190,0.2101487379807692,Phocaeicola (6),Bacteroidota (6),6
54035422987152,11181,0.2099797175480769,Roseburia (4); Lachnocurva (1); Shuttleworthia (1),Bacillota (8),8
160738722163249,11176,0.2098858173076923,,,0
777801731713715,11173,0.2098294771634615,Bacteroides (1); SZUA-378 (1),Bacteroidota (1); Bacillota (1),2
641976953724115,11163,0.2096416766826923,Phocaeicola (5); Butyricimonas (3); Bacteroides (2),Bacteroidota (13),13
534120558663234,11161,0.2096041165865384,Hominicoprocola (22); Faecousia (14); Vescimonas (7),Bacillota (62); Bacteroidota (1),63
912547346534245,11160,0.2095853365384615,Bacteroides (5); Parabacteroides (2); Phocaeicola (2),Bacteroidota (9),9
673972463092925,11153,0.209453876201923,Blautia_A (6); Roseburia_C (1),Bacillota (7),7
184774560241791,11136,0.2091346153846154,Phocaeicola (1),Bacteroidota (1),1
5288306979850,11128,0.208984375,Bacteroides (13),Bacteroidota (13),13
462070683262854,11128,0.208984375,Blautia_A (2),Bacillota (2),2
615164974205501,11128,0.208984375,Dorea_A (6); Blautia_A (2); Dorea_D (1),Bacillota (9),9
169673345180382,11115,0.208740234375,Blautia_A (2),Bacillota (2),2
674832671146857,11115,0.208740234375,Roseburia (2); Eubacterium_Q (1),Bacillota (3),3
242714674881280,11112,0.2086838942307692,Butyricimonas (2); Bacteroides (2); 1XD8-76 (1),Bacteroidota (6); Bacillota (1); Actinomycetota (1),8
218333827905276,11110,0.2086463341346154,Roseburia (2),Bacillota (2),2
462435088722709,11110,0.2086463341346154,Brotaphodocola (1); Alitiscatomonas (1); Flavonifractor (1),Bacillota (3),3
343194182795078,11107,0.2085899939903846,Blautia_A (3); Allocoprococcus (1); Eubacterium_Q (1),Bacillota (12),12
645070430833210,11106,0.2085712139423076,Blautia_A (3),Bacillota (3),3
403866369705753,11089,0.208251953125,Roseburia (6),Bacillota (6),6
207216360444883,11088,0.208233173076923,Blautia_A (3),Bacillota (3),3
776406660819594,11088,0.208233173076923,Blautia_A (1),Bacillota (1),1
30629371515433,11082,0.2081204927884615,Blautia_A (2); Marvinbryantia (1); Eubacterium_J (1),Bacillota (13),13
637758046398028,11073,0.2079514723557692,Blautia_A (8),Bacillota (8),8
561217823737218,11068,0.2078575721153846,Bacteroides (5); Alloprevotella (1),Bacteroidota (6),6
847335383457371,11068,0.2078575721153846,Faecalibacterium (11),Bacillota (11),11
282011206842479,11057,0.2076509915865384,Prevotella (9); Bacteroides (6); Phocaeicola (2),Bacteroidota (19),19
189894046718382,11050,0.20751953125,Blautia_A (3),Bacillota (3),3
922202442592149,11050,0.20751953125,Bacteroides (11),Bacteroidota (11),11
365676443441373,11042,0.2073692908653846,Blautia_A (3); Mediterraneibacter (2); Dorea_D (2),Bacillota (14),14
568908671319153,11040,0.2073317307692307,Blautia_A (2),Bacillota (2),2
445963163848266,11035,0.2072378305288461,Roseburia (2),Bacillota (2),2
675291291096509,11030,0.2071439302884615,Faecalibacterium (6),Bacillota (6),6
73377034381251,11026,0.2070688100961538,Gemmiger (3); Blautia_A (2); CAJMAW01 (1),Bacillota (19); Verrucomicrobiota (1); Bacillota_I (1),21
7459515921998,11024,0.20703125,Roseburia (4),Bacillota (4),4
302193981058076,11018,0.2069185697115384,Blautia_A (3),Bacillota (3),3
239113278210018,11004,0.2066556490384615,Faecalibacterium (11),Bacillota (11),11
653615123504382,10998,0.20654296875,Bacteroides (11),Bacteroidota (11),11
371363557968037,10995,0.2064866286057692,Faecalibacterium (11),Bacillota (11),11
309727973246773,10982,0.2062424879807692,Faecalibacterium (23); Collinsella (1),Bacillota (23); Actinomycetota (1),24
614307166333924,10977,0.2061485877403846,Blautia_A (2); Ruminococcus (1); CAKSNH01 (1),Bacillota (6),6
472581887164250,10970,0.2060171274038461,Allocoprococcus (1); Eubacterium_Q (1); Fusicatenibacter (1),Bacillota (6),6
174662938113324,10963,0.2058856670673076,Blautia_A (3),Bacillota (3),3
489870921641870,10961,0.2058481069711538,Phocaeicola (5),Bacteroidota (5),5
845062231708833,10959,0.205810546875,Bacteroides (7),Bacteroidota (7),7
604213888445059,10957,0.2057729867788461,UMGS1251 (1); Blautia_A (1),Bacillota (2),2
749878317443095,10957,0.2057729867788461,Blautia_A (2),Bacillota (2),2
337869487247886,10956,0.2057542067307692,Faecalibacterium (16),Bacillota (16),16
297415085266213,10954,0.2057166466346154,Blautia_A (3),Bacillota (3),3
238581016581106,10938,0.2054161658653846,Blautia_A (5),Bacillota (5),5
429391528010321,10938,0.2054161658653846,Parabacteroides (2); Mobilitalea (1),Bacteroidota (2); Bacillota (1),3
594585321602200,10937,0.2053973858173076,Roseburia (3),Bacillota (3),3
178665774780292,10935,0.2053598257211538,Bacteroides (4); Phocaeicola (1),Bacteroidota (5),5
375638819625470,10931,0.2052847055288461,Blautia_A (3),Bacillota (3),3
208581489031982,10928,0.2052283653846154,Faecalibacterium (5),Bacillota (5),5
553380662467385,10928,0.2052283653846154,Allocoprococcus (2); Dorea_A (1); Blautia_A (1),Bacillota (9); Bacillota_I (1),10
403921735176340,10924,0.2051532451923076,Blautia_A (10); Thomasclavelia (2); Anaerobutyricum (1),Bacillota (19); Bacillota_I (3),22
434549256743084,10914,0.2049654447115384,Blautia_A (4),Bacillota (4),4
546024527051130,10912,0.2049278846153846,Faecalibacterium (5),Bacillota (5),5
674628471827603,10904,0.2047776442307692,Bacteroides (19); Phocaeicola (2),Bacteroidota (21),21
839422895407723,10891,0.2045335036057692,Faecousia (2); Collinsella (2); Blautia_A (2),Bacillota (17); Actinomycetota (2),19
272467308162147,10882,0.2043644831730769,Blautia_A (4),Bacillota (4),4
573419187374339,10881,0.204345703125,Phocaeicola (2),Bacteroidota (2),2
161797221883988,10875,0.2042330228365384,Anaerostipes (3); UBA3282 (2); Blautia_A (2),Bacillota (13); Pseudomonadota (3),16
838675161831313,10873,0.2041954627403846,Fusicatenibacter (1); Yanshouia (1); Bittarella (1),Bacillota (7),7
256063593357872,10871,0.2041579026442307,,,0
140227444240669,10865,0.2040452223557692,Alistipes (33); Bacteroides (5); Limimorpha (3),Bacteroidota (48),48
401117881798691,10858,0.2039137620192307,,,0
542848979930914,10836,0.2035006009615384,Alistipes (20); Parabacteroides (8); Colimorpha (6),Bacteroidota (66),66
843654064406065,10827,0.2033315805288461,Allocoprococcus (1); Blautia_A (1); Eubacterium_Q (1),Bacillota (14),14
215273813807551,10825,0.2032940204326923,Bifidobacterium (5); Confluentibacter (1),Actinomycetota (5); Bacteroidota (1),6
899483012429414,10811,0.2030310997596154,Bacteroides (5); Phocaeicola (1),Bacteroidota (6),6
294522482832086,10809,0.2029935396634615,CAG-791 (2); Gallintestinimicrobium (1); Brotaphodocola (1),Bacillota (4),4
657185905527402,10800,0.2028245192307692,Holdemania (1); Blautia (1); Gemmiger (1),Bacillota (8); Bacillota_I (2),10
605154772285585,10798,0.2027869591346154,Roseburia (4),Bacillota (4),4
109403590947686,10793,0.2026930588942307,Phocaeicola (2),Bacteroidota (2),2
393697599702151,10783,0.2025052584134615,Bacteroides (1),Bacteroidota (1),1
398776444462624,10767,0.2022047776442307,Blautia_A (2),Bacillota (2),2
675678905020767,10765,0.2021672175480769,Roseburia (4); Veillonella (1); UBA1234 (1),Bacillota (6),6
192044150682259,10760,0.2020733173076923,Blautia_A (1),Bacillota (1),1
504494702355347,10757,0.2020169771634615,Blautia_A (1),Bacillota (1),1
403570580598265,10756,0.2019981971153846,Faecalibacterium (6),Bacillota (6),6
417295778902030,10748,0.2018479567307692,Bacteroides (4),Bacteroidota (4),4
524620704098264,10747,0.2018291766826923,Faecalibacterium (8); Gemmiger (1); Ruthenibacterium (1),Bacillota (11),11
314307447703210,10743,0.2017540564903846,Mediterraneibacter (6); Enterenecus (5); Enterocloster (3),Bacillota (87); Bacillota_I (4); Verrucomicrobiota (1),94
654710347274263,10730,0.2015099158653846,Allocoprococcus (1); Ruminococcoides (1); Blautia_A (1),Bacillota (7),7
641949981734274,10727,0.2014535757211538,Bacteroides (6),Bacteroidota (6),6
574200224488004,10714,0.2012094350961538,Roseburia (3),Bacillota (3),3
270618298389687,10700,0.2009465144230769,Blautia_A (1),Bacillota (1),1
344707854318901,10697,0.2008901742788461,Bifidobacterium (6),Actinomycetota (6),6
547849450853236,10683,0.2006272536057692,Faecalibacterium (4); Hominimerdicola (1); Qingrenia (1),Bacillota (10),10
362633744909071,10672,0.200420673076923,Blautia_A (1); Allocoprococcus (1); Eubacterium_Q (1),Bacillota (8),8
633433962688025,10671,0.2004018930288461,Lachnospira (2); Coprococcus (2); Roseburia (2),Bacillota (17); Patescibacteriota (1),18
907221782206364,10662,0.2002328725961538,Bacteroides (4),Bacteroidota (4),4
691882056124208,10661,0.2002140925480769,Bacteroides (3),Bacteroidota (3),3
871731082925099,10661,0.2002140925480769,Scybalousia_A (1); Phocaeicola (1),Bacteroidota (2),2
729211466578102,10653,0.2000638521634615,,,0
726167880841277,10650,0.2000075120192307,Faecalibacterium (1); Enterocloster (1); Gallintestinimicrobium (1),Bacillota (9),9
218652446974087,10640,0.1998197115384615,Fusicatenibacter (2),Bacillota (2),2
208811273023938,10637,0.1997633713942307,Mailhella (1); Fimenecus (1); UBA3282 (1),Bacillota (22); Bacteroidota (2); Desulfobacterota (1),28
9061051479453,10628,0.1995943509615384,Citrobacter (16); Scandinavium (12); Escherichia (12),Pseudomonadota (60),60
30898749386547,10628,0.1995943509615384,Bacteroides (2),Bacteroidota (2),2
209702081525166,10625,0.1995380108173076,Blautia_A (1),Bacillota (1),1
685772256307835,10622,0.1994816706730769,Phocaeicola (2); Bacteroides (1),Bacteroidota (3),3
632682794107244,10621,0.199462890625,Blautia_A (3),Bacillota (3),3
664441878751307,10619,0.1994253305288461,Bacteroides (1),Bacteroidota (1),1
656200575167758,10611,0.1992750901442307,Roseburia (2),Bacillota (2),2
478931294085308,10601,0.1990872896634615,Faecalibacterium (7); Gemmiger (3); JAEZHK01 (3),Bacillota (13); Pseudomonadota (2),15
644891132064500,10597,0.1990121694711538,Bacteroides (16); Phocaeicola (1); JARXWG01 (1),Bacteroidota (18),18
613774473639092,10567,0.1984487680288461,Fusicatenibacter (2),Bacillota (2),2
119720979769766,10564,0.1983924278846154,Fusicatenibacter (4),Bacillota (4),4
100302141595654,10561,0.1983360877403846,Collinsella (963); Lancefieldella (45); Enorma (5),Actinomycetota (1038),1038
396750342542433,10561,0.1983360877403846,Collinsella (3); Limivivens (1); Coprococcus_A (1),Bacillota (7); Actinomycetota (3),10
128577571960865,10550,0.1981295072115384,Faecalibacterium (3),Bacillota (3),3
921883938801003,10547,0.1980731670673076,Bacteroides (6),Bacteroidota (6),6
477125007854828,10541,0.1979604867788461,Roseburia (3); Acetatifactor (1),Bacillota (4),4
195243537278285,10538,0.1979041466346154,Blautia_A (11); Kineothrix (2); Taurinivorans (1),Bacillota (14); Desulfobacterota (1),15
514441716668877,10518,0.1975285456730769,Escherichia (5); Enterobacter (2); ECMA0423 (1),Pseudomonadota (9),9
196258262438722,10508,0.1973407451923076,Ruminococcus_C (1); Gallintestinimicrobium (1); Blautia_A (1),Bacillota (5),5
832309472051977,10506,0.1973031850961538,Roseburia (3),Bacillota (3),3
652282162158702,10500,0.1971905048076923,Blautia_A (4),Bacillota (4),4
546438964399765,10498,0.1971529447115384,Enterocloster (2); Paludihabitans (2); Hominiventricola (1),Bacillota (18),18
338997124013794,10484,0.1968900240384615,Roseburia (1),Bacillota (1),1
727664789115742,10476,0.1967397836538461,Blautia_A (2),Bacillota (2),2
460635455810461,10472,0.1966646634615384,Bacteroides (1),Bacteroidota (1),1
312172919083293,10465,0.196533203125,Roseburia (1),Bacillota (1),1
272290280970360,10456,0.1963641826923076,Blautia_A (3),Bacillota (3),3
197784229394065,10451,0.196270282451923,Bacteroides (1); Phocaeicola (1); Alistipes_A (1),Bacteroidota (3),3
916268165888076,10450,0.1962515024038461,Fusicatenibacter (2),Bacillota (2),2
653471286931824,10445,0.1961576021634615,Collinsella (1033),Actinomycetota (1033),1033
384868714830287,10438,0.196026141826923,Parabacteroides (1),Bacteroidota (1),1
389377793930006,10432,0.1959134615384615,Fusicatenibacter (2); Mediterraneibacter (1),Bacillota (3),3
148355572601057,10431,0.1958946814903846,Phocaeicola (2),Bacteroidota (2),2
783498218001984,10430,0.1958759014423076,Blautia_A (6); Senimuribacter (1),Bacillota (7),7
552648414530740,10429,0.1958571213942307,Blautia_A (3); Dorea_A (1); Claveliimonas (1),Bacillota (6),6
389206233354322,10427,0.1958195612980769,Escherichia (9),Pseudomonadota (9),9
411743460255364,10408,0.1954627403846154,Azonexus (25); Faecousia (23); PFJX01 (21),Pseudomonadota (436); Bacillota (142); Actinomycetota (4),588
693884347905184,10405,0.1954064002403846,Collinsella (4); UMGS1052 (1); Fusicatenibacter (1),Bacillota (13); Actinomycetota (4),17
528275464178526,10401,0.1953312800480769,Bacteroides (7); Scybalousia_A (1),Bacteroidota (8),8
713898633904391,10396,0.1952373798076923,Alistipes (4),Bacteroidota (4),4
566631769567171,10378,0.1948993389423076,Blautia_A (2),Bacillota (2),2
326302028705054,10371,0.1947678786057692,Fusicatenibacter (1),Bacillota (1),1
95906656864369,10366,0.1946739783653846,Phocaeicola (6); Bacteroides (1),Bacteroidota (7),7
620641517067075,10366,0.1946739783653846,Bacteroides (1),Bacteroidota (1),1
354546748829298,10359,0.1945425180288461,Suilimivivens (1); Blautia_A (1); JAGTTR01 (1),Bacillota (5),5
90023434152092,10353,0.1944298377403846,Phocaeicola (6),Bacteroidota (6),6
865352741456749,10353,0.1944298377403846,Roseburia (1),Bacillota (1),1
444095872859107,10350,0.1943734975961538,Roseburia (1),Bacillota (1),1
431358130410992,10342,0.1942232572115384,Roseburia (4),Bacillota (4),4
663462366932727,10337,0.1941293569711538,Erwinia (9); Mixta (9); Salmonella (5),Pseudomonadota (34),34
107053405000175,10336,0.1941105769230769,Blautia_A (1); Allocoprococcus (1); Eubacterium_Q (1),Bacillota (7),7
169039750540809,10327,0.1939415564903846,Bacteroides (9),Bacteroidota (9),9
353864063184569,10327,0.1939415564903846,Citrobacter (18); Klebsiella (14); Escherichia (13),Pseudomonadota (104),104
728384561212069,10326,0.1939227764423076,Gallintestinimicrobium (1); Ligaoa (1); Coprococcus_A (1),Bacillota (4),4
286373300446183,10322,0.19384765625,Hominicoprocola (2); Vescimonas (2); Agathobaculum (1),Bacillota (7); Actinomycetota (1),8
922047784696827,10321,0.193828876201923,Bacteroides (10),Bacteroidota (10),10
490559979250758,10320,0.1938100961538461,Roseburia (3),Bacillota (3),3
554960309372211,10318,0.1937725360576923,Bacteroides (1); Eubacterium_F (1),Bacteroidota (1); Bacillota (1),2
888950431066642,10317,0.1937537560096154,Phocaeicola (3),Bacteroidota (3),3
837456611877045,10300,0.1934344951923076,Fusicatenibacter (2),Bacillota (2),2
473029279136390,10295,0.193340594951923,Faecalibacterium (21); PHOS-HE28 (4); Sodaliphilus (3),Bacillota (21); Bacteroidota (11); Planctomycetota (1),33
234177470028718,10293,0.1933030348557692,Bacteroides (1); Mycoplana (1),Bacteroidota (1); Pseudomonadota (1),2
418961268365128,10289,0.1932279146634615,Allocoprococcus (1); Holdemanella (1); Blautia_A (1),Bacillota (5); Bacillota_I (1),6
70640962870729,10288,0.1932091346153846,Escherichia (12); Pectobacterium (5); Kosakonia (4),Pseudomonadota (42),42
339988135883619,10286,0.1931715745192307,Acetatifactor (4),Bacillota (4),4
183824657621076,10284,0.1931340144230769,Bacteroides (6),Bacteroidota (6),6
515242551437426,10284,0.1931340144230769,Blautia_A (14),Bacillota (14),14
906736231739451,10274,0.1929462139423076,Bacteroides (3),Bacteroidota (3),3
115108818768315,10271,0.1928898737980769,,,0
380114367954549,10268,0.1928335336538461,Roseburia (1),Bacillota (1),1
573768347519725,10267,0.1928147536057692,Phocaeicola (6); Bacteroides (5); Prevotella (4),Bacteroidota (25); Bacillota (1),26
687687959964591,10266,0.1927959735576923,Blautia_A (5); Dorea_A (1),Bacillota (6),6
526425494762168,10262,0.1927208533653846,Blautia_A (4); UBA933 (1); Allocoprococcus (1),Bacillota (7),7
435502108323225,10252,0.1925330528846154,Phocaeicola (1),Bacteroidota (1),1
345022751842271,10248,0.1924579326923076,Faecalibacterium (4); 14-2 (1),Bacillota (5),5
868343478713899,10234,0.1921950120192307,Bacteroides (1),Bacteroidota (1),1
762588277397120,10226,0.1920447716346154,Bacteroides (1),Bacteroidota (1),1
543687665675333,10215,0.1918381911057692,Fusicatenibacter (3),Bacillota (3),3
106970816899006,10212,0.1917818509615384,Gemmiger (1); Anthropogastromicrobium (1); Gallintestinimicrobium (1),Bacillota (6),6
818434847277942,10198,0.1915189302884615,Fusicatenibacter (2),Bacillota (2),2
573455241717100,10197,0.1915001502403846,Parabacteroides (10),Bacteroidota (10),10
396570323488942,10194,0.1914438100961538,Escherichia (10); ECMA0423 (1); G047199115 (1),Pseudomonadota (12),12
474458060711332,10192,0.19140625,Bacteroides (2),Bacteroidota (2),2
398277442642003,10181,0.1911996694711538,Escherichia (8); Enterobacter (2); G047199115 (1),Pseudomonadota (11),11
811144511615766,10175,0.1910869891826923,Bacteroides (2); Scybalousia_A (1); SZUA-378 (1),Bacteroidota (3); Bacillota (1),4
134287984272243,10171,0.1910118689903846,Collinsella (5); Bifidobacterium (2); JAEHDI01 (1),Actinomycetota (7); Acidobacteriota (1),8
276405290181005,10169,0.1909743088942307,Fusicatenibacter (2),Bacillota (2),2
396385983883980,10168,0.1909555288461538,Bacteroides (3),Bacteroidota (3),3
606765984625806,10168,0.1909555288461538,Blautia_A (3),Bacillota (3),3
651449531039782,10164,0.1908804086538461,Fusicatenibacter (2),Bacillota (2),2
612013169762180,10161,0.1908240685096154,Fusicatenibacter (2),Bacillota (2),2
615177590146825,10156,0.1907301682692307,Parabacteroides (3),Bacteroidota (3),3
178785620689655,10147,0.1905611478365384,Bacteroides (1); Phocaeicola (1),Bacteroidota (2),2
187503336259300,10141,0.1904484675480769,Bacteroides (8),Bacteroidota (8),8
6739711137298,10140,0.1904296875,Blautia_A (1),Bacillota (1),1
175404792957003,10138,0.1903921274038461,Parabacteroides (3),Bacteroidota (3),3
512742046027000,10134,0.1903170072115384,Escherichia (10); Enterobacter (7); Pseudocitrobacter (2),Pseudomonadota (23); Actinomycetota (1),24
196209216665350,10133,0.1902982271634615,Escherichia (4); Enterobacter (2); ECMA0423 (1),Pseudomonadota (9),9
794478131316965,10132,0.1902794471153846,Parabacteroides (3); Negativibacillus (1),Bacteroidota (3); Bacillota (1),4
292205682828551,10130,0.1902418870192307,Faecousia (2); Eisenbergiella (2); Gemmiger (2),Bacillota (23); Bacillota_I (1),24
841476653889392,10126,0.190166766826923,Faecalibacterium (8),Bacillota (8),8
674337937169984,10123,0.1901104266826923,Fumia (1); Clostridium_AQ (1); Brotaphodocola (1),Bacillota (3); Bacillota_I (1),4
349552311948931,10122,0.1900916466346154,Parabacteroides (3),Bacteroidota (3),3
768909658446173,10118,0.1900165264423076,Parabacteroides (2),Bacteroidota (2),2
601545748360578,10110,0.1898662860576923,Roseburia (1),Bacillota (1),1
472952330362189,10109,0.1898475060096154,Fusicatenibacter (5); UBA3766 (2); Roseburia_C (1),Bacillota (13),13
374113178106547,10107,0.1898099459134615,Parabacteroides (4),Bacteroidota (4),4
150261507487047,10104,0.1897536057692307,Coprococcus (2); Roseburia (2); UBA3402 (1),Bacillota (12),12
426730732435082,10100,0.189678485576923,Roseburia (1),Bacillota (1),1
76010774260612,10095,0.1895845853365384,Fusicatenibacter (2),Bacillota (2),2
160329504850244,10094,0.1895658052884615,Escherichia (8); ECMA0423 (1); Enterobacter (1),Pseudomonadota (11); Bacillota (1); Myxococcota (1),13
777211076807562,10079,0.1892841045673076,Bacteroides (2),Bacteroidota (2),2
584089337645789,10073,0.1891714242788461,Faecalibacterium (10),Bacillota (10),10
889865526745791,10070,0.1891150841346154,Jutongia (2); Ruminococcoides (1); UBA3402 (1),Bacillota (11),11
785791300256593,10064,0.1890024038461538,Faecalibacterium (3),Bacillota (3),3
395948237497269,10063,0.1889836237980769,Parabacteroides (2); CAG-873 (1); Bacteroides (1),Bacteroidota (6),6
501014856313739,10057,0.1888709435096154,Escherichia (3); Enterobacter (2); ECMA0423 (1),Pseudomonadota (7),7
292982716763840,10049,0.188720703125,Faecalibacterium (2),Bacillota (2),2
679646623039117,10049,0.188720703125,Phocaeicola (5); Veillonella (1),Bacteroidota (5); Bacillota (1),6
99819682322587,10048,0.188701923076923,Blautia_A (1),Bacillota (1),1
387600832499700,10039,0.1885329026442307,Faecalibacterium (5); Gemmiger (2); SFJ001 (1),Bacillota (8),8
356246878507130,10030,0.1883638822115384,Bacteroides (8); Phocaeicola (1),Bacteroidota (9),9
198470664110286,10029,0.1883451021634615,W0P33-017 (5); Enterocloster (5); Roseburia (1),Bacillota (12),12
640282319302909,10029,0.1883451021634615,Fusicatenibacter (3),Bacillota (3),3
722809253877322,10014,0.1880634014423076,Bacteroides (3),Bacteroidota (3),3
563000210669451,10013,0.1880446213942307,Bacteroides (8),Bacteroidota (8),8
796438572580955,10012,0.1880258413461538,Anthropogastromicrobium (1); Blautia_A (1); Ruminococcoides (1),Bacillota (5); Bacillota_I (1),6
308651507924196,10010,0.18798828125,Roseburia (3),Bacillota (3),3
639379275425022,10010,0.18798828125,Roseburia (1),Bacillota (1),1
580469903609090,10007,0.1879319411057692,Faecalibacterium (6),Bacillota (6),6
10270161349909,10004,0.1878756009615384,Escherichia (10); Enterobacter (1); G047199115 (1),Pseudomonadota (12),12
867515482016552,9999,0.1877817007211538,Blautia_A (1),Bacillota (1),1
312871313003396,9997,0.187744140625,Escherichia (9); ECMA0423 (1); Enterobacter (1),Pseudomonadota (11),11
216685798199329,9994,0.1876878004807692,Acetatifactor (6); Roseburia (3); VSOB01 (2),Bacillota (25),25
634390734288906,9993,0.1876690204326923,Brotonthovivens (1); Limenecus (1); Blautia_A (1),Bacillota (3); Cyanobacteriota (1),4
647083179640400,9990,0.1876126802884615,Bacteroides (3),Bacteroidota (3),3
261061548687877,9985,0.1875187800480769,Parabacteroides (1),Bacteroidota (1),1
909493728480385,9984,0.1875,Fusicatenibacter (2); Petralouisia (1),Bacillota (3),3
104139121878851,9983,0.187481219951923,Bifidobacterium (17),Actinomycetota (17),17
222425615468407,9982,0.1874624399038461,Escherichia (13); Enterobacter (4); ECMA0423 (1),Pseudomonadota (20),20
695830760324042,9978,0.1873873197115384,Fusicatenibacter (1),Bacillota (1),1
192495014081435,9973,0.1872934194711538,Gemmiger (22),Bacillota (22),22
439597302509004,9971,0.187255859375,Parabacteroides (1),Bacteroidota (1),1
806940499986513,9968,0.1871995192307692,Parabacteroides (1),Bacteroidota (1),1
872702728102399,9961,0.1870680588942307,Bacteroides (1),Bacteroidota (1),1
786008729723093,9960,0.1870492788461538,,,0
409348542587729,9956,0.1869741586538461,Fusicatenibacter (4),Bacillota (4),4
202174104955944,9952,0.1868990384615384,Blautia_A (3),Bacillota (3),3
235148440828981,9950,0.1868614783653846,Fusicatenibacter (1),Bacillota (1),1
556877327001191,9949,0.1868426983173076,Escherichia (4); ECMA0423 (1); Enterobacter (1),Pseudomonadota (8),8
240112397007516,9947,0.1868051382211538,Fusicatenibacter (2),Bacillota (2),2
273744056949604,9938,0.1866361177884615,Blautia_A (1),Bacillota (1),1
147192108990904,9935,0.1865797776442307,Parabacteroides (3),Bacteroidota (3),3
596353441326059,9932,0.1865234375,Roseburia (1),Bacillota (1),1
198560060461987,9927,0.1864295372596154,Phocaeicola (3),Bacteroidota (3),3
665792425386478,9924,0.1863731971153846,Escherichia (6); Enterobacter (1),Pseudomonadota (7),7
554773826507717,9923,0.1863544170673076,Collinsella (921); Parolsenella (5); Paratractidigestivibacter (4),Actinomycetota (932),932
849704671176602,9923,0.1863544170673076,Blautia_A (6); Oliverpabstia (3); Massilistercora (1),Bacillota (25); Cyanobacteriota (1),26
46200416605535,9913,0.1861666165865384,Blautia_A (2),Bacillota (2),2
104220867395396,9912,0.1861478365384615,Faecalibacterium (6); Agathobaculum (1),Bacillota (7),7
365934789633806,9911,0.1861290564903846,Parabacteroides (3),Bacteroidota (3),3
484997149675188,9900,0.1859224759615384,Acetatifactor (1); Roseburia (1); Brotaphodocola (1),Bacillota (7),7
470171358102440,9898,0.1858849158653846,Roseburia (2),Bacillota (2),2
793822129002012,9897,0.1858661358173076,Parabacteroides (2),Bacteroidota (2),2
619529065473650,9895,0.1858285757211538,Blautia_A (9); Suilimivivens (1); Marvinbryantia (1),Bacillota (11),11
384747760122634,9890,0.1857346754807692,Parabacteroides (2),Bacteroidota (2),2
382706626161061,9889,0.1857158954326923,Eubacterium_R (1),Bacillota (1),1
644591805659205,9889,0.1857158954326923,Blautia_A (1),Bacillota (1),1
92257540276579,9886,0.1856595552884615,Parabacteroides (2),Bacteroidota (2),2
825804310771509,9886,0.1856595552884615,Blautia_A (4); Varibaculum (1),Bacillota (4); Actinomycetota (1),5
325120018735675,9883,0.1856032151442307,Parabacteroides (2),Bacteroidota (2),2
368918314477749,9883,0.1856032151442307,Fusicatenibacter (2),Bacillota (2),2
763479838364256,9880,0.185546875,Collinsella (1); Sutterella (1),Actinomycetota (1); Pseudomonadota (1),2
95528205715438,9877,0.1854905348557692,Bacteroides (2); Cryptobacteroides (1); Prevotella (1),Bacteroidota (7),7
165162251520407,9877,0.1854905348557692,Fusicatenibacter (3),Bacillota (3),3
913130131540154,9874,0.1854341947115384,Maccoyibacter (2); Roseburia (2); UBA3402 (1),Bacillota (11),11
381519105317350,9873,0.1854154146634615,Escherichia (7); ECMA0423 (1); Enterobacter (1),Pseudomonadota (9),9
726925489362480,9873,0.1854154146634615,Phocaeicola (4); Bacteroides (3); Prevotella (1),Bacteroidota (10),10
623095475027846,9872,0.1853966346153846,Bacteroides (1),Bacteroidota (1),1
892262672510982,9870,0.1853590745192307,Parabacteroides (3),Bacteroidota (3),3
160075259429817,9866,0.185283954326923,Parabacteroides (2),Bacteroidota (2),2
387555196816635,9866,0.185283954326923,Parabacteroides (3),Bacteroidota (3),3
818127333558320,9858,0.1851337139423076,Escherichia (3); Enterobacter (3); ECMA0423 (1),Pseudomonadota (10); Actinomycetota (1),11
900811493664862,9856,0.1850961538461538,Roseburia (2),Bacillota (2),2
216623164740656,9854,0.18505859375,Bacteroides (2); JAAVFS01 (1),Bacteroidota (3),3
58741984348609,9850,0.1849834735576923,Parabacteroides (3); Mobilitalea (1),Bacteroidota (3); Bacillota (1),4
556973947633868,9849,0.1849646935096154,Acetatifactor (3); Roseburia (3); Paludihabitans (2),Bacillota (20),20
465057801927272,9848,0.1849459134615384,Parabacteroides (1),Bacteroidota (1),1
473839479270460,9842,0.1848332331730769,Phocaeicola (5),Bacteroidota (5),5
708731837030768,9842,0.1848332331730769,Roseburia (3); Acetatifactor (1); Suilimivivens (1),Bacillota (8); Cyanobacteriota (1),9
196554251539848,9839,0.1847768930288461,Blautia_A (1),Bacillota (1),1
779852310603700,9834,0.1846829927884615,Bacteroides (3),Bacteroidota (3),3
362756491000924,9832,0.1846454326923076,Roseburia (3),Bacillota (3),3
590115408089351,9832,0.1846454326923076,Fusicatenibacter (4),Bacillota (4),4
663247704753839,9829,0.1845890925480769,Faecalibacterium (1),Bacillota (1),1
903887655698262,9829,0.1845890925480769,Fusicatenibacter (2),Bacillota (2),2
225487182059083,9826,0.1845327524038461,Faecalibacterium (2),Bacillota (2),2
832461946154817,9825,0.1845139723557692,Fusicatenibacter (2),Bacillota (2),2
603173711645581,9821,0.1844388521634615,Bacteroides (1),Bacteroidota (1),1
1652243004613,9818,0.1843825120192307,Klebsiella (13); Escherichia (10); Citrobacter_A (6),Pseudomonadota (31); Bacillota (1),32
140633625740719,9817,0.1843637319711538,Parabacteroides (1),Bacteroidota (1),1
652328365378372,9817,0.1843637319711538,Bacteroides (1),Bacteroidota (1),1
50636091282048,9816,0.1843449519230769,Escherichia (5); Citrobacter (3); ECMA0423 (1),Pseudomonadota (10),10
767278987429944,9813,0.1842886117788461,Faecalibacterium (15),Bacillota (15),15
838670789147421,9809,0.1842134915865384,Escherichia (4); Enterobacter (1); G047199115 (1),Pseudomonadota (7),7
50099298945835,9807,0.1841759314903846,Fusicatenibacter (2),Bacillota (2),2
391493082325454,9807,0.1841759314903846,Fusicatenibacter (1),Bacillota (1),1
70929646640932,9805,0.1841383713942307,Bacteroides (4),Bacteroidota (4),4
417597709441068,9800,0.1840444711538461,Blautia_A (1),Bacillota (1),1
189213351549125,9799,0.1840256911057692,Parabacteroides (2),Bacteroidota (2),2
703137372282060,9798,0.1840069110576923,Roseburia (2),Bacillota (2),2
859837201534949,9798,0.1840069110576923,Parabacteroides (1),Bacteroidota (1),1
125424224506850,9797,0.1839881310096154,Blautia_A (1),Bacillota (1),1
722961437301637,9793,0.1839130108173076,Roseburia (2),Bacillota (2),2
174292267448415,9791,0.1838754507211538,Faecalibacterium (7); Butyricicoccus_A (1),Bacillota (8),8
528053016460348,9791,0.1838754507211538,Clostridium_AQ (2); Murdochiella (1); Hominibacterium (1),Bacillota (10); Bacillota_I (3),13
26696320621246,9785,0.1837627704326923,Blautia_A (2); Acetatifactor (1),Bacillota (3),3
605896203560341,9780,0.1836688701923076,Faecalibacterium (3),Bacillota (3),3
529381494408273,9777,0.1836125300480769,Fusicatenibacter (2),Bacillota (2),2
231653392850138,9776,0.18359375,Parabacteroides (2),Bacteroidota (2),2
889717469806014,9772,0.1835186298076923,Blautia_A (7); Blautia (2); Limivivens (1),Bacillota (15),15
566106424790102,9770,0.1834810697115384,Blautia_A (2); Hominibacterium (1); Petralouisia (1),Bacillota (9),9
136594019016497,9768,0.1834435096153846,Escherichia (10); ECMA0423 (1); G047199115 (1),Pseudomonadota (14),14
911720696354951,9767,0.1834247295673076,Escherichia (3),Pseudomonadota (3),3
23273731015509,9762,0.183330829326923,Parabacteroides (3),Bacteroidota (3),3
464380400409143,9762,0.183330829326923,Escherichia (2); ECMA0423 (1); G047199115 (1),Pseudomonadota (4),4
585959841896444,9759,0.1832744891826923,Parabacteroides (2),Bacteroidota (2),2
809309132952898,9759,0.1832744891826923,Parabacteroides (1),Bacteroidota (1),1
264860626108603,9757,0.1832369290865384,Scybalousia_A (1); Bacteroides (1),Bacteroidota (2),2
908587311105601,9757,0.1832369290865384,Parabacteroides (1); RGIG5057 (1),Bacteroidota (1); Bacillota (1),2
551906947004265,9755,0.1831993689903846,Anaerostipes (4),Bacillota (4),4
555480866288574,9753,0.1831618088942307,Faecalibacterium (1); Pelethomonas (1),Bacillota (2),2
907265414091323,9753,0.1831618088942307,Phocaeicola (2),Bacteroidota (2),2
564359906472108,9751,0.1831242487980769,Bacteroides (5),Bacteroidota (5),5
106036387156068,9746,0.1830303485576923,Parabacteroides (2),Bacteroidota (2),2
107037393898407,9745,0.1830115685096154,Parabacteroides (1),Bacteroidota (1),1
15011238510980,9744,0.1829927884615384,Bacteroides (6); Butyricimonas (2); JAUUSJ01 (1),Bacteroidota (9); Bacillota (2); Fusobacteriota (1),12
547944778298653,9743,0.1829740084134615,Roseburia (2),Bacillota (2),2
312874392370377,9739,0.1828988882211538,Roseburia (3); Suilimivivens (1); UBA3282 (1),Bacillota (6),6
879083684298316,9738,0.1828801081730769,Fusicatenibacter (2),Bacillota (2),2
160796074669507,9737,0.182861328125,JAGTTR01 (1); Lactonifactor (1); Allocoprococcus (1),Bacillota (7),7
142209299494553,9731,0.1827486478365384,Blautia_A (14); Oliverpabstia (1),Bacillota (15),15
880218139427612,9731,0.1827486478365384,Parabacteroides (1); JAGBWK01 (1),Bacteroidota (2),2
614700553792687,9726,0.1826547475961538,Roseburia (2),Bacillota (2),2
367344687355996,9725,0.1826359675480769,Escherichia (12); Enterobacter (2); ECMA0423 (1),Pseudomonadota (17),17
422541580347842,9722,0.1825796274038461,Alistipes (6),Bacteroidota (6),6
516166688735346,9720,0.1825420673076923,Escherichia (6); Actinomyces (1); Methylobacterium (1),Pseudomonadota (8); Actinomycetota (1),9
432687547303767,9716,0.1824669471153846,Parabacteroides (5),Bacteroidota (5),5
550117891715163,9714,0.1824293870192307,Faecalibacterium (4),Bacillota (4),4
49477743006610,9711,0.182373046875,Phocaeicola (1),Bacteroidota (1),1
61180771129022,9704,0.1822415865384615,Fusicatenibacter (2),Bacillota (2),2
205786136256063,9704,0.1822415865384615,Fusicatenibacter (4),Bacillota (4),4
169900846626571,9702,0.1822040264423076,Blautia_A (2),Bacillota (2),2
255393749398996,9700,0.1821664663461538,Escherichia (6); Klebsiella (3); Enterobacter (3),Pseudomonadota (18),18
310543584856138,9697,0.182110126201923,Fusicatenibacter (2); Choladousia (1); TWA4 (1),Bacillota (5),5
156693358939031,9696,0.1820913461538461,Enterobacter (1); G047199095 (1); Nonomuraea (1),Pseudomonadota (3); Actinomycetota (1),4
431862922316210,9694,0.1820537860576923,Parabacteroides (3),Bacteroidota (3),3
719617967050450,9693,0.1820350060096154,,,0
448453628387764,9691,0.1819974459134615,Blautia_A (2),Bacillota (2),2
381863624433656,9689,0.1819598858173076,Allocoprococcus (1); Fusicatenibacter (1); Eubacterium_Q (1),Bacillota (5),5
392207938705282,9689,0.1819598858173076,Parabacteroides (1),Bacteroidota (1),1
185600699824282,9688,0.1819411057692307,Roseburia (1),Bacillota (1),1
293446710939773,9687,0.1819223257211538,Escherichia (4); ECMA0423 (1); Enterobacter (1),Pseudomonadota (7),7
663432641601587,9687,0.1819223257211538,Parabacteroides (1),Bacteroidota (1),1
45899665897718,9686,0.1819035456730769,Faecalibacterium (4),Bacillota (4),4
841701517361785,9685,0.181884765625,Blautia_A (2),Bacillota (2),2
287211417745216,9682,0.1818284254807692,,,0
679145746077850,9680,0.1817908653846154,Blautia_A (1); CAG-590 (1); Ruminococcus_G (1),Bacillota (6),6
394449845063615,9677,0.1817345252403846,Lawsonibacter (3); Roseburia (3); Oscillibacter (2),Bacillota (53); Bacillota_I (2); Bacteroidota (1),58
809255326872537,9669,0.1815842848557692,Bacteroides (20),Bacteroidota (20),20
793418758260467,9666,0.1815279447115384,Bacteroides (1),Bacteroidota (1),1
443518331442544,9660,0.1814152644230769,Parabacteroides (2),Bacteroidota (2),2
213705439577144,9654,0.1813025841346154,Fusicatenibacter (2),Bacillota (2),2
794565518467481,9651,0.1812462439903846,Cryptobacteroides (1); UMGS1865 (1); UBA3402 (1),Bacillota (6); Bacteroidota (1),7
193765954687343,9646,0.18115234375,Escherichia (3); G047199115 (1); G047199095 (1),Pseudomonadota (5),5
807097036929928,9643,0.1810960036057692,Faecalibacterium (6),Bacillota (6),6
823982839180760,9643,0.1810960036057692,Parabacteroides (1),Bacteroidota (1),1
323507748423382,9639,0.1810208834134615,Faecalibacterium (5),Bacillota (5),5
164240771424756,9637,0.1809833233173076,Roseburia (2),Bacillota (2),2
590693654197389,9636,0.1809645432692307,Parabacteroides (3),Bacteroidota (3),3
694580606470150,9634,0.1809269831730769,Parabacteroides (2),Bacteroidota (2),2
47195221954898,9633,0.180908203125,Faecalibacterium (2); CAKTER01 (1); Collinsella (1),Bacillota (3); Actinomycetota (1),4
226464979720071,9633,0.180908203125,Parabacteroides (2),Bacteroidota (2),2
243988418863322,9631,0.1808706430288461,Parabacteroides (2),Bacteroidota (2),2
509931521592048,9626,0.1807767427884615,Enterobacter (2); Escherichia (2); ECMA0423 (1),Pseudomonadota (7),7
87368737700326,9624,0.1807391826923076,Parabacteroides (2),Bacteroidota (2),2
610719231073071,9621,0.1806828425480769,Bacteroides (6),Bacteroidota (6),6
104773273931783,9620,0.1806640625,Fusicatenibacter (2),Bacillota (2),2
475881760180645,9618,0.1806265024038461,Bacteroides (4),Bacteroidota (4),4
781271648429386,9615,0.1805701622596154,Blautia_A (3); Dorea_A (2); Flavonifractor (2),Bacillota (62); Bacteroidota (2); Bacillota_I (1),66
75113424117148,9612,0.1805138221153846,Alistipes (4); Bacteroides (1),Bacteroidota (5),5
910149294522813,9611,0.1804950420673076,Roseburia (2),Bacillota (2),2
698728274572185,9610,0.1804762620192307,Faecalibacterium (2),Bacillota (2),2
918870842727506,9603,0.1803448016826923,Blautia_A (2); Faecalimonas (1); Oliverpabstia (1),Bacillota (8),8
343859713079497,9600,0.1802884615384615,Blautia_A (2),Bacillota (2),2
141864664157071,9599,0.1802696814903846,Parabacteroides (2),Bacteroidota (2),2
773308468247198,9591,0.1801194411057692,Parabacteroides (2),Bacteroidota (2),2
340381411596173,9589,0.1800818810096154,Bacteroides (1),Bacteroidota (1),1
767110528549150,9588,0.1800631009615384,Faecalibacterium (7),Bacillota (7),7
165698698394499,9586,0.1800255408653846,RGIG3925 (1); Fusicatenibacter (1); RUG626 (1),Bacillota (3),3
497534395097369,9583,0.1799692007211538,,,0
762535715779305,9581,0.179931640625,Bacteroides (1),Bacteroidota (1),1
891528098088283,9579,0.1798940805288461,Faecalibacterium (2),Bacillota (2),2
902165233862735,9578,0.1798753004807692,Fusicatenibacter (2); Blautia_A (1); Eubacterium_Q (1),Bacillota (4),4
869918047107428,9574,0.1798001802884615,Enterenecus (28); Flavonifractor (13); Intestinimonas (8),Bacillota (86); Actinomycetota (1),87
745464456594579,9572,0.1797626201923076,Parabacteroides (1),Bacteroidota (1),1
159039507783176,9563,0.1795935997596154,Roseburia (1),Bacillota (1),1
15418944142827,9556,0.1794621394230769,Escherichia (8); Enterobacter (2); ECMA0423 (1),Pseudomonadota (11),11
452642630116130,9553,0.1794057992788461,Fusicatenibacter (1),Bacillota (1),1
499843515048110,9553,0.1794057992788461,Fusicatenibacter (1),Bacillota (1),1
381565913303289,9550,0.1793494591346154,Phocaeicola (5); Bacteroides (4),Bacteroidota (9),9
253171136370136,9549,0.1793306790865384,Fusicatenibacter (2),Bacillota (2),2
114452154762736,9547,0.1792931189903846,Escherichia (7); Enterobacter (2); ECMA0423 (1),Pseudomonadota (11),11
514649029911850,9540,0.1791616586538461,,,0
655277654625427,9540,0.1791616586538461,Escherichia (2); ECMA0423 (1); G047199095 (1),Pseudomonadota (5),5
266187439994599,9536,0.1790865384615384,Fusicatenibacter (1),Bacillota (1),1
719379605775587,9531,0.1789926382211538,Fusicatenibacter (3),Bacillota (3),3
292048075326775,9527,0.1789175180288461,Parabacteroides (1),Bacteroidota (1),1
601823418701789,9524,0.1788611778846154,Faecalibacterium (2),Bacillota (2),2
297681540361090,9519,0.1787672776442307,Blautia_A (7); UBA933 (1); Eubacterium_I (1),Bacillota (9),9
767200954379453,9517,0.1787297175480769,Fusicatenibacter (1),Bacillota (1),1
883405110523883,9515,0.178692157451923,Roseburia (3),Bacillota (3),3
368967768069442,9513,0.1786545973557692,Alistipes (2),Bacteroidota (2),2
894790838681691,9513,0.1786545973557692,Aristaeella (6); Faecalibacterium (4); Anaerotardibacter (3),Bacillota (23); Actinomycetota (13); Chloroflexota (1),37
132089026102199,9504,0.1784855769230769,Faecalibacterium (7); Collinsella (1),Bacillota (7); Actinomycetota (1),8
489375276722321,9503,0.178466796875,Bacteroides (8),Bacteroidota (8),8
627754299131836,9498,0.1783728966346154,Blautia_A (3),Bacillota (3),3
613310818895865,9497,0.1783541165865384,Blautia_A (7); Anaerostipes (2); Sporofaciens (1),Bacillota (18),18
816288234779833,9490,0.17822265625,Bacteroides (5); Phocaeicola (1),Bacteroidota (6),6
53046533950956,9489,0.178203876201923,Fusicatenibacter (2); Oliverpabstia (1),Bacillota (3),3
689745238129143,9489,0.178203876201923,Novisyntrophococcus (1); Enterocloster (1); Christensenella (1),Bacillota (7),7
46225335646832,9487,0.1781663161057692,Faecalibacterium (6); UMGS263 (1),Bacillota (7),7
678491060538857,9487,0.1781663161057692,Parabacteroides (1),Bacteroidota (1),1
151585147847367,9486,0.1781475360576923,Fusicatenibacter (1),Bacillota (1),1
103809222448456,9485,0.1781287560096154,Blautia_A (3),Bacillota (3),3
818720975763728,9482,0.1780724158653846,Faecalibacterium (7); Gallintestinimicrobium (1),Bacillota (8),8
371398961825766,9481,0.1780536358173076,Faecalibacterium (2),Bacillota (2),2
116436108072803,9476,0.177959735576923,JAZOXB01 (9); CAG-475 (5); Faeciplasma (5),Bacillota (76); Acidobacteriota (12); Verrucomicrobiota (4),106
216422193201971,9473,0.1779033954326923,Escherichia (6); ECMA0423 (1); Enterobacter (1),Pseudomonadota (9); Bacillota (1),10
834173282895914,9466,0.1777719350961538,,,0
375947156459183,9463,0.177715594951923,Hominiventricola (2); Blautia_A (1); Anaerotruncus (1),Bacillota (12),12
579741617081488,9462,0.1776968149038461,Fusicatenibacter (1),Bacillota (1),1
896116774691105,9456,0.1775841346153846,Blautia_A (1),Bacillota (1),1
812727465948869,9452,0.1775090144230769,Parabacteroides (1),Bacteroidota (1),1
913338037005104,9451,0.177490234375,Roseburia (1),Bacillota (1),1
60392623159167,9449,0.1774526742788461,Blautia_A (2),Bacillota (2),2
914308033480262,9447,0.1774151141826923,Bacteroides (5),Bacteroidota (5),5
226291913108558,9443,0.1773399939903846,Parabacteroides (1),Bacteroidota (1),1
432118521614652,9440,0.1772836538461538,Escherichia (5); Enterobacter (1); G047199115 (1),Pseudomonadota (8),8
413573625286464,9438,0.17724609375,Fusicatenibacter (1),Bacillota (1),1
115802007739799,9436,0.1772085336538461,Parabacteroides (1),Bacteroidota (1),1
99158052302772,9435,0.1771897536057692,Fusicatenibacter (5),Bacillota (5),5
832511031758075,9432,0.1771334134615384,Parabacteroides (1),Bacteroidota (1),1
742672501965721,9431,0.1771146334134615,Parabacteroides (1),Bacteroidota (1),1
765742315269720,9431,0.1771146334134615,Faecalibacterium (1),Bacillota (1),1
383093118277321,9429,0.1770770733173076,Faecalibacterium (22),Bacillota (22),22
525527350406171,9429,0.1770770733173076,Bacteroides (1),Bacteroidota (1),1
660716944449011,9428,0.1770582932692307,Bacteroides (2),Bacteroidota (2),2
919616816918253,9427,0.1770395132211538,Faecalibacterium (7),Bacillota (7),7
678021759865581,9422,0.1769456129807692,Escherichia (2); Enterobacter (1); G047199115 (1),Pseudomonadota (5); Actinomycetota (1),6
522443896719219,9416,0.1768329326923076,Bacteroides (2); SZUA-378 (1),Bacteroidota (2); Bacillota (1),3
874571598616101,9415,0.1768141526442307,Mediterraneibacter (3); Faecalicoccus (1); CAG-196 (1),Bacillota (6); Bacillota_I (2); Cyanobacteriota (1),10
435301189182052,9412,0.1767578125,Escherichia (6); ECMA0423 (1); Pantoea (1),Pseudomonadota (9),9
783532510201531,9412,0.1767578125,Blautia_A (5); JALFVM01 (1); Acetatifactor (1),Bacillota (10),10
343511606170443,9410,0.1767202524038461,Escherichia (5); G047199095 (1),Pseudomonadota (6),6
598614947886771,9408,0.1766826923076923,G047199115 (1); Escherichia (1),Pseudomonadota (2),2
390106376745619,9406,0.1766451322115384,Fusicatenibacter (2),Bacillota (2),2
518187878279958,9406,0.1766451322115384,Anaerococcus (1); Enterobacter (1); Chryseobacterium (1),Pseudomonadota (3); Bacillota (1); Bacteroidota (1),5
698611822565762,9403,0.1765887920673076,Bacteroides (1),Bacteroidota (1),1
310128826283480,9402,0.1765700120192307,Blautia_A (1),Bacillota (1),1
524387895548993,9397,0.1764761117788461,Enterenecus (17); Lawsonibacter (10); Flavonifractor (7),Bacillota (51),51
818576012795651,9397,0.1764761117788461,Phocaeicola (2),Bacteroidota (2),2
561416387341433,9393,0.1764009915865384,Roseburia (1),Bacillota (1),1
283135482169641,9392,0.1763822115384615,Phocaeicola (2),Bacteroidota (2),2
652052249587564,9391,0.1763634314903846,Faecalibacterium (8); 14-2 (1),Bacillota (9),9
683165572445754,9391,0.1763634314903846,Faecalibacterium (6),Bacillota (6),6
575346044034147,9390,0.1763446514423076,Blautia_A (4),Bacillota (4),4
603673761491650,9387,0.1762883112980769,Roseburia (2),Bacillota (2),2
172903924919073,9386,0.17626953125,,,0
563949795891945,9386,0.17626953125,Faecalibacterium (2),Bacillota (2),2
674403757493696,9385,0.176250751201923,Bacteroides (5),Bacteroidota (5),5
787515338038222,9385,0.176250751201923,Blautia_A (6),Bacillota (6),6
70181633751331,9384,0.1762319711538461,Bifidobacterium (3),Actinomycetota (3),3
476736464406339,9383,0.1762131911057692,Escherichia (3); ECMA0423 (1); G047199095 (1),Pseudomonadota (7),7
767153902496653,9383,0.1762131911057692,Parabacteroides (2),Bacteroidota (2),2
771109399242584,9380,0.1761568509615384,Phocaeicola (5),Bacteroidota (5),5
499888415565566,9378,0.1761192908653846,RGIG1828 (2); JAUUSJ01 (1); CAKSKB01 (1),Bacillota (5),5
421797086562641,9376,0.1760817307692307,Escherichia (10); Enterobacter (1); G047199115 (1),Pseudomonadota (12); Actinomycetota (1),13
594698960183152,9376,0.1760817307692307,Fusicatenibacter (2),Bacillota (2),2
367917352551347,9373,0.176025390625,Parabacteroides (1); Butyricimonas (1),Bacteroidota (2),2
4491612660163,9371,0.1759878305288461,Fusicatenibacter (1),Bacillota (1),1
244192311320831,9361,0.1758000300480769,Parabacteroides (1),Bacteroidota (1),1
586077931965513,9359,0.175762469951923,Parabacteroides (5),Bacteroidota (5),5
410057818493171,9349,0.1755746694711538,Nocardia (20); Bifidobacterium (7); Microbacterium (3),Actinomycetota (48); Bacillota (6),54
182864305532917,9348,0.1755558894230769,Phocaeicola (2),Bacteroidota (2),2
583260290343335,9341,0.1754244290865384,Blautia_A (3); Allocoprococcus (2); Coprococcus_A (2),Bacillota (17),17
796951708140400,9336,0.1753305288461538,Bacteroides (9),Bacteroidota (9),9
52766782441426,9335,0.1753117487980769,Escherichia (10); Enterobacter (2); ECMA0423 (1),Pseudomonadota (15),15
915316653568216,9335,0.1753117487980769,Blautia_A (3); Brotaphodocola (1); JAGTTR01 (1),Bacillota (6),6
347893169315498,9328,0.1751802884615384,Bacteroides (7),Bacteroidota (7),7
595120177661256,9326,0.1751427283653846,Faecalibacterium (5),Bacillota (5),5
360322010591953,9324,0.1751051682692307,Parabacteroides (1),Bacteroidota (1),1
257482521227605,9322,0.1750676081730769,Streptomyces (4); Mycobacterium (3); Modestobacter (2),Actinomycetota (12); Bacillota (5); Pseudomonadota (4),23
696306219017823,9322,0.1750676081730769,Faecalibacterium (4),Bacillota (4),4
841169438543895,9322,0.1750676081730769,Suilimivivens (11); UBA3766 (8); Roseburia (5),Bacillota (53),53
725918885878473,9317,0.1749737079326923,Bacteroides (6); Phocaeicola (1),Bacteroidota (7),7
814173072777539,9317,0.1749737079326923,Blautia_A (2); Faecalimonas (2); Dorea_A (1),Bacillota (13),13
833023497061969,9309,0.1748234675480769,Parabacteroides (1),Bacteroidota (1),1
589012071603963,9305,0.1747483473557692,Parabacteroides (3),Bacteroidota (3),3
197479837833409,9304,0.1747295673076923,,,0
254158187932000,9302,0.1746920072115384,Escherichia (5); ECMA0423 (1); Enterobacter (1),Pseudomonadota (7); Actinomycetota (1),8
52736921055694,9299,0.1746356670673076,Ventricola (18); Faecousia (4); CAG-103 (4),Bacillota (49),49
886506552558769,9297,0.1745981069711538,Fusicatenibacter (1),Bacillota (1),1
191246052076237,9296,0.1745793269230769,Blautia_A (2); Odoribacter (1),Bacillota (2); Bacteroidota (1),3
555849123648892,9294,0.174541766826923,Escherichia (6); ECMA0423 (1); G047199095 (1),Pseudomonadota (10),10
880409663662483,9284,0.1743539663461538,Blautia_A (2),Bacillota (2),2
506084364117245,9280,0.1742788461538461,Blautia_A (1),Bacillota (1),1
900161794199155,9279,0.1742600661057692,Roseburia (4),Bacillota (4),4
254598702555174,9274,0.1741661658653846,Bacteroides (4),Bacteroidota (4),4
279033847585659,9273,0.1741473858173076,Enterobacter (2); Escherichia (2); ECMA0423 (1),Pseudomonadota (6),6
690416196007173,9273,0.1741473858173076,Faecalibacterium (1),Bacillota (1),1
344006276063911,9272,0.1741286057692307,Hominiventricola (2); Anaerotruncus (1); UBA3402 (1),Bacillota (11),11
499415999020462,9272,0.1741286057692307,Phocaeicola (2),Bacteroidota (2),2
351697546473002,9271,0.1741098257211538,Blautia_A (6); UBA9414 (1),Bacillota (7),7
53719831156937,9269,0.174072265625,Dorea_A (6),Bacillota (6),6
568117253936037,9269,0.174072265625,Parabacteroides (1),Bacteroidota (1),1
860640197059960,9269,0.174072265625,Blautia_A (1); Hominisplanchenecus (1); Limivivens (1),Bacillota (6),6
556799381462689,9267,0.1740347055288461,Anaerostipes (4),Bacillota (4),4
630904148539580,9266,0.1740159254807692,,,0
418835159902566,9263,0.1739595853365384,Escherichia (8); JAEWCC01 (1); ECMA0423 (1),Pseudomonadota (10); Bacillota (1),11
812740614040889,9263,0.1739595853365384,Bacteroides (7); Phocaeicola (1),Bacteroidota (8),8
86156275549697,9262,0.1739408052884615,Bifidobacterium (2),Actinomycetota (2),2
158792187621192,9260,0.1739032451923076,Collinsella (1); Bifidobacterium (1),Actinomycetota (2),2
504508462690115,9260,0.1739032451923076,Anaerostipes (3),Bacillota (3),3
804644963518497,9259,0.1738844651442307,Fusicatenibacter (3),Bacillota (3),3
611549152019118,9257,0.1738469050480769,Parabacteroides (1),Bacteroidota (1),1
871223265413641,9251,0.1737342247596154,Alistipes (2),Bacteroidota (2),2
611248272352814,9247,0.1736591045673076,Parabacteroides (1),Bacteroidota (1),1
314651558090189,9243,0.173583984375,Bacteroides (3),Bacteroidota (3),3
787230573363493,9235,0.1734337439903846,Parabacteroides (1),Bacteroidota (1),1
707462641441241,9233,0.1733961838942307,Phocaeicola (5); Bacteroides (2),Bacteroidota (7),7
583350333207780,9229,0.173321063701923,Escherichia (8); Enterobacter (2); G047199115 (1),Pseudomonadota (11),11
124286651737231,9227,0.1732835036057692,Faecalibacterium (2),Bacillota (2),2
639372281287687,9227,0.1732835036057692,Anaerostipes (3),Bacillota (3),3
802190277269682,9225,0.1732459435096154,Faecalibacterium (2); Limivicinus (1),Bacillota (3),3
250312428359186,9224,0.1732271634615384,Blautia_A (1),Bacillota (1),1
257011087209456,9219,0.1731332632211538,Bifidobacterium (9); Galliscardovia (1),Actinomycetota (10),10
401679526187146,9218,0.1731144831730769,Faecalibacterium (5),Bacillota (5),5
799954925728680,9217,0.173095703125,Parabacteroides (1),Bacteroidota (1),1
734320882924053,9205,0.1728703425480769,Blautia_A (3),Bacillota (3),3
670399941110292,9201,0.1727952223557692,Blautia_A (3),Bacillota (3),3
569894349320812,9196,0.1727013221153846,Blautia_A (2),Bacillota (2),2
558430565965346,9194,0.1726637620192307,Parabacteroides (1),Bacteroidota (1),1
236267219857830,9193,0.1726449819711538,Alistipes (1),Bacteroidota (1),1
750081150330730,9193,0.1726449819711538,Bacteroides (6),Bacteroidota (6),6
648677719499065,9187,0.1725323016826923,Faecalibacterium (4),Bacillota (4),4
402072331482186,9185,0.1724947415865384,Fusicatenibacter (2),Bacillota (2),2
679684100317535,9184,0.1724759615384615,Faecalibacterium (2),Bacillota (2),2
693487117727115,9182,0.1724384014423076,Faecalibacterium (2),Bacillota (2),2
30479755324431,9178,0.17236328125,Collinsella (15); Fimenecus (2); Rubripirellula (2),Bacillota (30); Pseudomonadota (19); Actinomycetota (16),95
126641586475862,9177,0.172344501201923,Parabacteroides (2),Bacteroidota (2),2
27321344908875,9176,0.1723257211538461,Bacteroides (5),Bacteroidota (5),5
495594065033656,9174,0.1722881610576923,UBA1081 (1),Bacillota (1),1
344407729519982,9171,0.1722318209134615,Fusicatenibacter (2),Bacillota (2),2
252675408996859,9168,0.1721754807692307,Bifidobacterium (1),Actinomycetota (1),1
233693768318200,9167,0.1721567007211538,Parabacteroides (1),Bacteroidota (1),1
258872628023258,9164,0.172100360576923,Bacteroides (6); JAIRLS01 (1),Bacteroidota (7),7
299919239697351,9160,0.1720252403846154,Dorea_A (2),Bacillota (2),2
5878728193792,9159,0.1720064603365384,Anaerostipes (3),Bacillota (3),3
791818924479612,9158,0.1719876802884615,Bacteroides (7),Bacteroidota (7),7
457134819706358,9157,0.1719689002403846,Collinsella (949); UBA11524 (2); Ruminococcoides (2),Actinomycetota (950); Bacillota (16),966
348284661049497,9155,0.1719313401442307,Anaerostipes (3),Bacillota (3),3
273265593147553,9150,0.1718374399038461,Bacteroides (5),Bacteroidota (5),5
394648486950235,9148,0.1717998798076923,Parabacteroides (1),Bacteroidota (1),1
716351301578029,9148,0.1717998798076923,Bacteroides (3),Bacteroidota (3),3
549990611363096,9147,0.1717810997596154,CAG-196 (1); Blautia_A (1),Cyanobacteriota (1); Bacillota (1),2
677720399018828,9146,0.1717623197115384,Parabacteroides (1),Bacteroidota (1),1
128971632368165,9145,0.1717435396634615,Faecalibacterium (2),Bacillota (2),2
33747870910949,9139,0.171630859375,,,0
704123486874906,9139,0.171630859375,Escherichia (4); Enterobacter (2),Pseudomonadota (6),6
160544511566970,9136,0.1715745192307692,Roseburia (2),Bacillota (2),2
479707162128104,9133,0.1715181790865384,CAG-791 (1); Calditerricola (1); Acidithrix (1),Bacillota (6); Actinomycetota (1); Pseudomonadota (1),8
129208125595750,9132,0.1714993990384615,Blautia_A (2),Bacillota (2),2
112861598873255,9131,0.1714806189903846,Roseburia (2); Butyribacter (1); Blautia (1),Bacillota (9),9
71967054025509,9128,0.1714242788461538,Blautia_A (9),Bacillota (9),9
139476144363313,9122,0.1713115985576923,Coprococcus_A (2),Bacillota (2),2
361118363605246,9117,0.1712176983173076,Faecalibacterium (1),Bacillota (1),1
745451934856467,9116,0.1711989182692307,Escherichia (6); Enterobacter (1); G047199115 (1),Pseudomonadota (9); Bacillota (1),10
65354365513979,9114,0.1711613581730769,Fusicatenibacter (2),Bacillota (2),2
292701200917423,9111,0.1711050180288461,Faecalibacterium (1); Collinsella (1),Bacillota (1); Actinomycetota (1),2
420366474665739,9111,0.1711050180288461,Faecalibacterium (6),Bacillota (6),6
491759795155896,9108,0.1710486778846154,Parabacteroides (1),Bacteroidota (1),1
892072268876206,9107,0.1710298978365384,Parabacteroides (1),Bacteroidota (1),1
172940525624111,9106,0.1710111177884615,Faecalibacterium (4); Alistipes (1),Bacillota (4); Bacteroidota (1),5
914392109808678,9106,0.1710111177884615,Parabacteroides (1),Bacteroidota (1),1
865664826608011,9104,0.1709735576923076,Bifidobacterium (1),Actinomycetota (1),1
835199590226468,9100,0.1708984375,Bacteroides (2); Parabacteroides (1); 1XD8-76 (1),Bacteroidota (3); Bacillota (1),4
871763345802425,9097,0.1708420973557692,Gemmiger (4); Collinsella (1),Bacillota (4); Actinomycetota (1),5
657541984328717,9096,0.1708233173076923,Blautia_A (1),Bacillota (1),1
561127128382557,9093,0.1707669771634615,Faecalibacterium (4),Bacillota (4),4
313709598390017,9091,0.1707294170673076,Escherichia (5); Enterobacter (2); G047199115 (1),Pseudomonadota (10),10
473924178714490,9087,0.170654296875,Bifidobacterium (4),Actinomycetota (4),4
67299224600329,9085,0.1706167367788461,JAIYDJ01 (1); JACMLC01 (1); Alistipes (1),Bacteroidota (3); Pseudomonadota (2); Acidobacteriota (1),6
408699440506123,9079,0.1705040564903846,Bacteroides (3),Bacteroidota (3),3
628274914634374,9078,0.1704852764423076,Bacteroides (6),Bacteroidota (6),6
62762011967378,9076,0.1704477163461538,Blautia_A (2),Bacillota (2),2
605707962667482,9076,0.1704477163461538,Bacteroides (6),Bacteroidota (6),6
169743786764901,9075,0.1704289362980769,Bacteroides (5); Prevotella (2); Odoribacter (1),Bacteroidota (11),11
184948849040886,9075,0.1704289362980769,Alistipes (1),Bacteroidota (1),1
423981749161617,9070,0.1703350360576923,Parabacteroides (1),Bacteroidota (1),1
530994694526646,9070,0.1703350360576923,Variovorax (117); Rugamonas (81); Telluria (66),Pseudomonadota (1076); Cyanobacteriota (14); Bacteroidota (7),1118
680635166155154,9070,0.1703350360576923,Escherichia (2); Enterobacter (1); G047199115 (1),Pseudomonadota (4),4
785757974319368,9070,0.1703350360576923,Bacteroides (1),Bacteroidota (1),1
446628679811575,9066,0.1702599158653846,Bacteroides (5),Bacteroidota (5),5
374145632273177,9064,0.1702223557692307,Bacteroides (1),Bacteroidota (1),1
214316590724694,9063,0.1702035757211538,Escherichia (2); ECMA0423 (1); Enterobacter (1),Pseudomonadota (5),5
43733861304623,9060,0.170147235576923,Bacteroides (1),Bacteroidota (1),1
650436630445282,9058,0.1701096754807692,Faecalibacterium (2),Bacillota (2),2
252315567093739,9057,0.1700908954326923,Phocaeicola (2),Bacteroidota (2),2
19094369443291,9056,0.1700721153846154,Bacteroides (5),Bacteroidota (5),5
569470664230200,9055,0.1700533353365384,Fusicatenibacter (1),Bacillota (1),1
484426436415031,9054,0.1700345552884615,Phocaeicola (2),Bacteroidota (2),2
869032083204950,9047,0.169903094951923,Parabacteroides (2),Bacteroidota (2),2
310264028985377,9046,0.1698843149038461,,,0
382684060595028,9046,0.1698843149038461,Parabacteroides (1); UMGS946 (1),Bacteroidota (1); Bacillota (1),2
824856490828281,9043,0.1698279747596154,Faecalibacterium (1),Bacillota (1),1
855757803853590,9043,0.1698279747596154,Anaerostipes (3),Bacillota (3),3
583081824139761,9040,0.1697716346153846,Faecalibacterium (9),Bacillota (9),9
84218703730650,9038,0.1697340745192307,Escherichia (9); Enterobacter (1); G047199115 (1),Pseudomonadota (12),12
208496134589858,9037,0.1697152944711538,Faecalibacterium (2),Bacillota (2),2
290788849816810,9033,0.1696401742788461,Faecalibacterium (6),Bacillota (6),6
905270165151254,9030,0.1695838341346154,Escherichia (2); Pseudocitrobacter (1); G047199115 (1),Pseudomonadota (4),4
51257965564757,9027,0.1695274939903846,Parabacteroides (1),Bacteroidota (1),1
904515806096718,9027,0.1695274939903846,Faecalibacterium (11),Bacillota (11),11
589726310897988,9024,0.1694711538461538,Anaerostipes (3); Catenibacillus (1); CAG-590 (1),Bacillota (5),5
714657742953682,9021,0.169414813701923,Collinsella (950),Actinomycetota (950),950
555142962534482,9020,0.1693960336538461,Parabacteroides (1),Bacteroidota (1),1
10520661846414,9019,0.1693772536057692,Fusicatenibacter (1),Bacillota (1),1
40082693966555,9016,0.1693209134615384,Parabacteroides (1),Bacteroidota (1),1
661478880316710,9016,0.1693209134615384,Escherichia (2); G047199095 (1); G047199115 (1),Pseudomonadota (4),4
11514728762888,9014,0.1692833533653846,Fusicatenibacter (1),Bacillota (1),1
513628175044015,9014,0.1692833533653846,Bacteroides (1); Paraprevotella (1),Bacteroidota (2),2
841838798423977,9012,0.1692457932692307,Collinsella (956),Actinomycetota (956),956
454041785484393,9010,0.1692082331730769,Faecalibacterium (2),Bacillota (2),2
117981477521380,9008,0.169170673076923,Faecalibacterium (2),Bacillota (2),2
20690295611963,9007,0.1691518930288461,Roseburia (2),Bacillota (2),2
187749480975441,9004,0.1690955528846154,Roseburia (3); Acetatifactor (1); Roseburia_B (1),Bacillota (6),6
214389734430443,9004,0.1690955528846154,Alistipes (1),Bacteroidota (1),1
708819282385090,9004,0.1690955528846154,Bifidobacterium (4),Actinomycetota (4),4
187880881704405,9003,0.1690767728365384,Bifidobacterium (3),Actinomycetota (3),3
429882820810939,9003,0.1690767728365384,Faecalibacterium (3),Bacillota (3),3
414887886466360,9000,0.1690204326923076,Escherichia (3); Enterobacter (1); G047199095 (1),Pseudomonadota (5),5
533424617076858,9000,0.1690204326923076,Blautia (2); Blautia_A (2); Oliverpabstia (1),Bacillota (6),6
476971590928205,8999,0.1690016526442307,Alistipes (1),Bacteroidota (1),1
471060839859323,8998,0.1689828725961538,Escherichia (2); Enterobacter (1); G047199115 (1),Pseudomonadota (4),4
823246082139474,8998,0.1689828725961538,,,0
748561240000313,8996,0.1689453125,Fusicatenibacter (1),Bacillota (1),1
25132189268697,8994,0.1689077524038461,,,0
726665132291427,8991,0.1688514122596154,Faecalibacterium (9); Gemmiger (1),Bacillota (10),10
207710725035038,8990,0.1688326322115384,Mobilitalea (1); Parabacteroides (1),Bacillota (1); Bacteroidota (1),2
824007575371104,8989,0.1688138521634615,Alistipes (1),Bacteroidota (1),1
580825930761792,8985,0.1687387319711538,Faecalibacterium (2),Bacillota (2),2
582697052812940,8984,0.1687199519230769,Parabacteroides (2),Bacteroidota (2),2
805456829708457,8983,0.168701171875,Alistipes (1),Bacteroidota (1),1
630653842133329,8981,0.1686636117788461,Gemmiger (4); Faecalibacterium (1); Lawsonibacter (1),Bacillota (6),6
329233795860105,8980,0.1686448317307692,Parabacteroides (1),Bacteroidota (1),1
598417332314721,8978,0.1686072716346154,Escherichia (6); ECMA0423 (1); Enterobacter (1),Pseudomonadota (11),11
293657848154315,8977,0.1685884915865384,Bacteroides (6),Bacteroidota (6),6
355836817124209,8977,0.1685884915865384,Anaerostipes (5),Bacillota (5),5
863538813146329,8977,0.1685884915865384,Coprococcus (3); Faecalimonas (1); Anaerobutyricum (1),Bacillota (10),10
231202260220188,8976,0.1685697115384615,,,0
233772825625215,8974,0.1685321514423076,Collinsella (3); Pilosibacter (2); Butyricicoccus_A (1),Bacillota (7); Actinomycetota (3),10
661835489826497,8973,0.1685133713942307,Escherichia (8); Scandinavium (4); Phytobacter (2),Pseudomonadota (17),17
528662870752553,8972,0.1684945913461538,Roseburia (3); Eubacterium_G (1); Schaedlerella (1),Bacillota (14),14
909570799338462,8972,0.1684945913461538,Bacteroides (6); Prevotella (6); Phocaeicola (2),Bacteroidota (20); Bacillota (4),24
761885202149019,8971,0.1684758112980769,Alistipes (1),Bacteroidota (1),1
733865815482882,8967,0.1684006911057692,Alistipes (3),Bacteroidota (3),3
549379247822863,8964,0.1683443509615384,Bacteroides (2),Bacteroidota (2),2
757977211405655,8962,0.1683067908653846,Fusicatenibacter (1),Bacillota (1),1
416023864602494,8958,0.1682316706730769,Agathobaculum (1); Hominicoprocola (1); Roseburia (1),Bacillota (5),5
120940956985383,8951,0.1681002103365384,Roseburia (1),Bacillota (1),1
592517808945384,8951,0.1681002103365384,Fusicatenibacter (2),Bacillota (2),2
105541157490335,8950,0.1680814302884615,Collinsella (860),Actinomycetota (860),860
143174264538985,8947,0.1680250901442307,Escherichia (11); Enterobacter (2); ECMA0423 (1),Pseudomonadota (15),15
858675045432570,8944,0.16796875,Bifidobacterium (7),Actinomycetota (7),7
281597755766767,8940,0.1678936298076923,Phocaeicola (5),Bacteroidota (5),5
115219083623393,8937,0.1678372896634615,Bifidobacterium (5),Actinomycetota (5),5
872016175292171,8936,0.1678185096153846,Phocaeicola (6); Bacteroides (3); Prevotella (1),Bacteroidota (11),11
891695368877557,8934,0.1677809495192307,Faecalibacterium (2),Bacillota (2),2
902228841187265,8931,0.167724609375,Bifidobacterium (3),Actinomycetota (3),3
362797989513206,8926,0.1676307091346154,Alistipes (1),Bacteroidota (1),1
470162480270336,8926,0.1676307091346154,Alistipes (1),Bacteroidota (1),1
526771278970477,8924,0.1675931490384615,Escherichia (8); Enterobacter (2); ECMA0423 (1),Pseudomonadota (11),11
244751477821557,8920,0.1675180288461538,Alistipes (1),Bacteroidota (1),1
406702559830251,8918,0.16748046875,Gemmiger (2),Bacillota (2),2
248665604341749,8915,0.1674241286057692,Escherichia (2); G047199095 (1); G047199115 (1),Pseudomonadota (4),4
731229689333468,8915,0.1674241286057692,Bacteroides (5),Bacteroidota (5),5
240897071474159,8910,0.1673302283653846,Blautia_A (3),Bacillota (3),3
890949816560490,8910,0.1673302283653846,Alistipes (1),Bacteroidota (1),1
414416764904469,8907,0.1672738882211538,,,0
281528446677902,8905,0.167236328125,Fusicatenibacter (2),Bacillota (2),2
603789343378136,8905,0.167236328125,Bacteroides (4),Bacteroidota (4),4
304094809942237,8904,0.167217548076923,Faecalibacterium (2),Bacillota (2),2
140757770470970,8903,0.1671987680288461,Alistipes (1),Bacteroidota (1),1
374445591615277,8900,0.1671424278846154,Alistipes (1),Bacteroidota (1),1
607017416938620,8900,0.1671424278846154,Blautia_A (7); Laedolimicola (1); Limivivens (1),Bacillota (11); Bacillota_I (1),12
629744133149209,8900,0.1671424278846154,Escherichia (3); Enterobacter (2); Brevibacterium (1),Pseudomonadota (5); Actinomycetota (1),6
811195821834677,8900,0.1671424278846154,Escherichia (6); ECMA0423 (1); Enterobacter (1),Pseudomonadota (10),10
657340504956533,8896,0.1670673076923076,Bacteroides (4); Egerieousia (1); Alistipes (1),Bacteroidota (6),6
348417932930423,8895,0.1670485276442307,Barnesiella (1); Culturomica (1); Bacteroides (1),Bacteroidota (4),4
903042465787576,8887,0.1668982872596154,Parabacteroides (3),Bacteroidota (3),3
34713748853404,8883,0.1668231670673076,Faecalibacterium (16),Bacillota (16),16
632230610388924,8880,0.1667668269230769,Alistipes (1),Bacteroidota (1),1
839006347944568,8880,0.1667668269230769,Blautia_A (5); Enterocloster (2); Acetatifactor (1),Bacillota (14),14
913146043111726,8880,0.1667668269230769,Bifidobacterium (3),Actinomycetota (3),3
237448511748184,8879,0.166748046875,Escherichia (9); ECMA0423 (1); G047199115 (1),Pseudomonadota (11),11
621847283595148,8877,0.1667104867788461,Bacteroides (6),Bacteroidota (6),6
63681965509000,8874,0.1666541466346154,Alistipes (1),Bacteroidota (1),1
161302366887713,8873,0.1666353665865384,Alistipes (1),Bacteroidota (1),1
426221930219062,8872,0.1666165865384615,Fusicatenibacter (2); Oliverpabstia (1),Bacillota (3),3
710046652634137,8871,0.1665978064903846,Blautia_A (7),Bacillota (7),7
900160095321705,8871,0.1665978064903846,Roseburia (3),Bacillota (3),3
458536148524056,8870,0.1665790264423076,Bacteroides (1),Bacteroidota (1),1
715382533994799,8870,0.1665790264423076,Faecalibacterium (14); Collinsella (1),Bacillota (14); Actinomycetota (1),15
463421832509996,8868,0.1665414663461538,Vescimonas (1); JAEWER01 (1); Faecalibacterium (1),Bacillota (5),5
253911902926961,8862,0.1664287860576923,Faecalibacterium (2); Anaerotruncus (1); Paratractidigestivibacter (1),Bacillota (4); Actinomycetota (1),5
651061322033669,8860,0.1663912259615384,Bacteroides (4),Bacteroidota (4),4
397266685900139,8858,0.1663536658653846,Barnesiella (1); Culturomica (1); Bacteroides (1),Bacteroidota (4),4
175667550201084,8855,0.1662973257211538,Dorea_A (4),Bacillota (4),4
494869129790369,8854,0.1662785456730769,Parabacteroides (1),Bacteroidota (1),1
159614126152056,8853,0.166259765625,Nonomuraea (1); Enterobacter (1); G047199115 (1),Pseudomonadota (4); Actinomycetota (1),5
373126116573613,8850,0.1662034254807692,Faecalibacterium (2),Bacillota (2),2
481182722853865,8848,0.1661658653846154,Blautia_A (1),Bacillota (1),1
578518056803543,8845,0.1661095252403846,Faecalibacterium (1),Bacillota (1),1
97179197815705,8841,0.1660344050480769,Escherichia (3); ECMA0423 (1); Enterobacter (1),Pseudomonadota (7); Bacillota (1),8
236747361880727,8840,0.166015625,Faecalibacterium (2),Bacillota (2),2
688574418814666,8839,0.165996844951923,Escherichia (6); ECMA0423 (1); Enterobacter (1),Pseudomonadota (9),9
261314260131533,8837,0.1659592848557692,Parabacteroides (1),Bacteroidota (1),1
103909417255171,8830,0.1658278245192307,Phocaeicola (1); Roseburia (1),Bacteroidota (1); Bacillota (1),2
560720536847241,8827,0.165771484375,Bifidobacterium (3),Actinomycetota (3),3
491740881792112,8826,0.165752704326923,Parabacteroides (1),Bacteroidota (1),1
100323765558174,8823,0.1656963641826923,,,0
96889830525702,8822,0.1656775841346154,Bacteroides (3); Paludibacter (1),Bacteroidota (4),4
276901364151650,8821,0.1656588040865384,Blautia_A (1); Fusicatenibacter (1),Bacillota (2),2
287286376850280,8820,0.1656400240384615,Faecalibacterium (1),Bacillota (1),1
784201625778539,8820,0.1656400240384615,Fusicatenibacter (2),Bacillota (2),2
642179192110488,8815,0.1655461237980769,Bifidobacterium (6); UMGS1519 (1),Actinomycetota (7),7
686734846833281,8815,0.1655461237980769,Faecalibacterium (14),Bacillota (14),14
89802024543260,8814,0.16552734375,Parabacteroides (2),Bacteroidota (2),2
840524612288076,8812,0.1654897836538461,Alistipes (1),Bacteroidota (1),1
828018442063479,8811,0.1654710036057692,Anaerostipes (2),Bacillota (2),2
902556149277480,8811,0.1654710036057692,Fusicatenibacter (2),Bacillota (2),2
298170910996830,8810,0.1654522235576923,Alistipes (1),Bacteroidota (1),1
619158418804275,8808,0.1654146634615384,Alistipes (1),Bacteroidota (1),1
809592848756481,8805,0.1653583233173076,Bacteroides (3); Phocaeicola (2),Bacteroidota (5),5
775783326114573,8802,0.1653019831730769,Alistipes (1),Bacteroidota (1),1
345402517493134,8800,0.165264423076923,Alistipes (1),Bacteroidota (1),1
34202169730653,8799,0.1652456430288461,Escherichia (8); G047199095 (1),Pseudomonadota (9),9
174995957253025,8793,0.1651329627403846,Anaerostipes (3),Bacillota (3),3
672406442521904,8791,0.1650954026442307,Eubacterium_R (4); Collinsella (3); UBA10677 (2),Bacillota (20); Pseudomonadota (19); Bacteroidota (19),87
57125713599464,8790,0.1650766225961538,Gemmiger (5); Aristaeella (2); RUG563 (1),Bacillota (11),11
295396556309162,8788,0.1650390625,Roseburia (2),Bacillota (2),2
851893157832587,8781,0.1649076021634615,Parabacteroides (1),Bacteroidota (1),1
913605512087705,8780,0.1648888221153846,Anaerostipes (2),Bacillota (2),2
224721874818912,8775,0.164794921875,Anaerostipes (1),Bacillota (1),1
678174060602313,8773,0.1647573617788461,Faecalibacterium (1),Bacillota (1),1
299358696745701,8769,0.1646822415865384,Blautia_A (7); Holdemanella (1); Hominisplanchenecus (1),Bacillota (9); Bacillota_I (1),10
729136894574358,8768,0.1646634615384615,Alistipes (1),Bacteroidota (1),1
139363068496307,8767,0.1646446814903846,Faecalibacterium (12),Bacillota (12),12
537914426232925,8767,0.1646446814903846,Bacteroides (8); Phocaeicola (1),Bacteroidota (9),9
661031135420474,8767,0.1646446814903846,Bacteroides (1),Bacteroidota (1),1
780271024010995,8767,0.1646446814903846,Faecalibacterium (3),Bacillota (3),3
119971828382061,8757,0.1644568810096154,Bacteroides (2); Phocaeicola (1),Bacteroidota (3),3
348564553277967,8754,0.1644005408653846,Alistipes (1),Bacteroidota (1),1
915690143379660,8753,0.1643817608173076,Anaerostipes (5),Bacillota (5),5
685913087672940,8752,0.1643629807692307,Bacteroides (2); QVMP01 (1),Bacteroidota (3),3
826152426006113,8751,0.1643442007211538,,,0
139978366130184,8749,0.164306640625,Bifidobacterium (3),Actinomycetota (3),3
499959881489831,8748,0.164287860576923,Bacteroides (3),Bacteroidota (3),3
245757593863366,8743,0.1641939603365384,CAYJBH01 (1); Gemmiger (1); CAG-217 (1),Bacillota (4),4
319423304721147,8743,0.1641939603365384,,,0
38867658538081,8741,0.1641564002403846,Oscillibacter (12); CAG-390 (8); Limivicinus (8),Bacillota (149); Actinomycetota (10); Bacillota_I (1),160
225667263180247,8741,0.1641564002403846,Escherichia (8); Enterobacter (1); G047199095 (1),Pseudomonadota (10),10
63272127345152,8739,0.1641188401442307,Escherichia (5); ECMA0423 (1); Enterobacter (1),Pseudomonadota (8),8
448951933031407,8739,0.1641188401442307,Faecalibacterium (1),Bacillota (1),1
721810642348200,8736,0.1640625,Bacteroides (1),Bacteroidota (1),1
693237368292786,8735,0.164043719951923,Gemmiger (1); Faecousia (1); Prevotella (1),Bacillota (2); Bacteroidota (1),3
332597838445945,8733,0.1640061598557692,Bifidobacterium (2),Actinomycetota (2),2
705068448120641,8731,0.1639685997596154,Roseburia (2),Bacillota (2),2
810808140563677,8731,0.1639685997596154,Bacteroides (2); Phocaeicola (2); UBA7173 (1),Bacteroidota (6),6
560620456890959,8725,0.1638559194711538,Fusicatenibacter (1),Bacillota (1),1
118765805266409,8721,0.1637807992788461,Faecalibacterium (1),Bacillota (1),1
47466007164649,8719,0.1637432391826923,Alistipes (1),Bacteroidota (1),1
242462808403703,8718,0.1637244591346154,Gemmiger (2); Vescimonas (1); Lawsonibacter (1),Bacillota (8),8
440243459344724,8718,0.1637244591346154,Petralouisia (1); Roseburia (1); Blautia_A (1),Bacillota (3),3
675461307794312,8718,0.1637244591346154,Faecalibacterium (3),Bacillota (3),3
18760439770061,8712,0.1636117788461538,UMGS1071 (1); JALFVM01 (1); Brotonthovivens (1),Bacillota (5),5
111507505471534,8712,0.1636117788461538,Alistipes (1),Bacteroidota (1),1
267906859249541,8711,0.1635929987980769,Blautia_A (4); Dorea_A (1); Hominifimenecus (1),Bacillota (8),8
248231638967089,8710,0.16357421875,Bacteroides (4),Bacteroidota (4),4
823664334398211,8710,0.16357421875,Bacteroides (2),Bacteroidota (2),2
120523112209373,8706,0.1634990985576923,Phocaeicola (1),Bacteroidota (1),1
502237709958368,8706,0.1634990985576923,Fusicatenibacter (1),Bacillota (1),1
507282212251751,8703,0.1634427584134615,Escherichia (5); ECMA0423 (1); Streptomyces (1),Pseudomonadota (6); Actinomycetota (1),7
112204705851285,8695,0.1632925180288461,Bacteroides (2),Bacteroidota (2),2
793915618126773,8694,0.1632737379807692,Faecalibacterium (2),Bacillota (2),2
921395290335451,8693,0.1632549579326923,Collinsella (826); Thermophilibacter (10); Parolsenella (5),Actinomycetota (853),853
656699520030299,8692,0.1632361778846154,Bifidobacterium (3),Actinomycetota (3),3
396793466437422,8688,0.1631610576923076,Blautia_A (10); Schaedlerella (1),Bacillota (11),11
752799065445143,8688,0.1631610576923076,Faecalibacterium (4),Bacillota (4),4
902986619350056,8686,0.1631234975961538,Bacteroides (2); Limisoma (1),Bacteroidota (3),3
199608871616021,8681,0.1630295973557692,,,0
828491804927424,8681,0.1630295973557692,Bacteroides (4); Scybalousia_A (1); Mobilitalea (1),Bacteroidota (5); Bacillota (1),6
853176827029254,8680,0.1630108173076923,Bifidobacterium (1),Actinomycetota (1),1
431161668089638,8677,0.1629544771634615,Bifidobacterium (1),Actinomycetota (1),1
77549254025842,8676,0.1629356971153846,Bacteroides (6),Bacteroidota (6),6
372758293248776,8675,0.1629169170673076,Roseburia (1),Bacillota (1),1
655585893185983,8673,0.1628793569711538,G047199115 (1); Collinsella (1); Enterobacter (1),Pseudomonadota (4); Actinomycetota (1),5
326881097220080,8670,0.162823016826923,Blautia_A (2),Bacillota (2),2
93107580355054,8669,0.1628042367788461,Bacteroides (6); Phocaeicola (1),Bacteroidota (7),7
861205840975090,8666,0.1627478966346154,Faecalibacterium (2),Bacillota (2),2
91697681009459,8665,0.1627291165865384,Bifidobacterium (4),Actinomycetota (4),4
122832342778848,8665,0.1627291165865384,Fusicatenibacter (1),Bacillota (1),1
126197520173073,8665,0.1627291165865384,Faecalibacterium (3),Bacillota (3),3
797924070747989,8663,0.1626915564903846,Faecalibacterium (1),Bacillota (1),1
32569568977358,8659,0.1626164362980769,Bacteroides (3),Bacteroidota (3),3
432844662122509,8659,0.1626164362980769,Phocaeicola (5),Bacteroidota (5),5
856924094782784,8657,0.162578876201923,Anaerostipes (2),Bacillota (2),2
918342181239861,8657,0.162578876201923,Faecalibacterium (1),Bacillota (1),1
415345469865169,8656,0.1625600961538461,Hydrogenophaga (42); Azonexus (20); Methyloceanibacter (14),Pseudomonadota (418); Gemmatimonadota (22); Desulfobacterota (15),521
395113186430911,8651,0.1624661959134615,Escherichia (5); Enterobacter (2); ECMA0423 (1),Pseudomonadota (9),9
593363284208371,8651,0.1624661959134615,Anaerostipes (3),Bacillota (3),3
167521684117351,8647,0.1623910757211538,Alistipes (28); Pseudolabrys (21); Mesorhizobium (21),Pseudomonadota (216); Bacteroidota (34); Actinomycetota (1),252
211240491219486,8647,0.1623910757211538,Bifidobacterium (1),Actinomycetota (1),1
592161063137954,8644,0.162334735576923,Blautia_A (1),Bacillota (1),1
775369730486961,8643,0.1623159555288461,Escherichia (3); ECMA0423 (1); G047199115 (1),Pseudomonadota (6),6
183617744343121,8640,0.1622596153846154,Gemmiger (2); Angelakisella (1),Bacillota (3),3
604330073089984,8639,0.1622408353365384,Acetatifactor (16); Bacteroides (1); Dorea_A (1),Bacillota (17); Bacteroidota (1),18
582452792464389,8637,0.1622032752403846,Faecalibacterium (1); Collinsella (1),Bacillota (1); Actinomycetota (1),2
544766650017394,8635,0.1621657151442307,Alistipes (1),Bacteroidota (1),1
406942244435428,8633,0.1621281550480769,Faecalibacterium (1); Gemmiger (1),Bacillota (2),2
664426292945729,8632,0.162109375,Bacteroides (5),Bacteroidota (5),5
719988126268413,8628,0.1620342548076923,Bifidobacterium (4),Actinomycetota (4),4
900934337340212,8625,0.1619779146634615,Escherichia (6); ECMA0423 (1); Citrobacter_A (1),Pseudomonadota (11),11
175693972512137,8624,0.1619591346153846,Alistipes (1),Bacteroidota (1),1
190754988110721,8624,0.1619591346153846,Phocaeicola (1),Bacteroidota (1),1
618626545117654,8623,0.1619403545673076,Faecalibacterium (1),Bacillota (1),1
831335234606793,8622,0.1619215745192307,Bacteroides (1),Bacteroidota (1),1
74489233734748,8619,0.161865234375,Bifidobacterium (1),Actinomycetota (1),1
699435942161840,8617,0.1618276742788461,Vescimonas (2); Alloenteromonas (1); Mediterraneibacter (1),Bacillota (13); Bacillota_I (1),14
862228833000723,8617,0.1618276742788461,Faecalibacterium (5); Mailhella (1); Allofournierella_A (1),Bacillota (6); Desulfobacterota (1),7
836954038403694,8614,0.1617713341346154,Anaerostipes (1),Bacillota (1),1
668352572276912,8610,0.1616962139423076,Dialister (1),Bacillota (1),1
719574787422648,8610,0.1616962139423076,Bacteroides (4),Bacteroidota (4),4
742922821306384,8609,0.1616774338942307,,,0
635169394383583,8601,0.1615271935096154,Fusicatenibacter (1),Bacillota (1),1
443294916314296,8599,0.1614896334134615,,,0
593406664965765,8599,0.1614896334134615,Escherichia (4); G047199115 (1); G047199095 (1),Pseudomonadota (6),6
107501752132327,8597,0.1614520733173076,Bacteroides (3),Bacteroidota (3),3
436569326349829,8596,0.1614332932692307,Bacteroides (4),Bacteroidota (4),4
366242507107392,8595,0.1614145132211538,Alistipes (1),Bacteroidota (1),1
675532627359618,8593,0.161376953125,Escherichia (11); ECMA0423 (1); G047199115 (1),Pseudomonadota (13),13
168425020153458,8592,0.161358173076923,Parabacteroides (1),Bacteroidota (1),1
239760952761980,8589,0.1613018329326923,Anaerostipes (3),Bacillota (3),3
856336539118208,8588,0.1612830528846154,Phocaeicola (1),Bacteroidota (1),1
859479389579694,8588,0.1612830528846154,Blautia_A (2); Enterocloster (2); Extibacter (1),Bacillota (9); Bacillota_I (1),10
527875215305116,8583,0.1611891526442307,Acetatifactor (15); Bacteroides (1); Lachnospira (1),Bacillota (18); Bacteroidota (1),19
822674120246187,8583,0.1611891526442307,Phocaeicola (3),Bacteroidota (3),3
326192957853252,8582,0.1611703725961538,Faecalibacterium (15),Bacillota (15),15
244905287692247,8581,0.1611515925480769,Fusicatenibacter (1),Bacillota (1),1
444080106298585,8575,0.1610389122596154,Bacteroides (5),Bacteroidota (5),5
735044142702532,8575,0.1610389122596154,Faecalibacterium (2),Bacillota (2),2
172638998667894,8573,0.1610013521634615,Gemmiger (5); SIG644 (1); Limivicinus (1),Bacillota (9),9
282332949787484,8572,0.1609825721153846,Faecalibacterium (2),Bacillota (2),2
217347399224713,8571,0.1609637920673076,Enterobacter (1); Escherichia (1),Pseudomonadota (2),2
176902136005677,8568,0.1609074519230769,Gemmiger (3),Bacillota (3),3
194997095165326,8568,0.1609074519230769,Escherichia (6); ECMA0423 (1); Collinsella (1),Pseudomonadota (7); Actinomycetota (1),8
398458301403657,8564,0.1608323317307692,Citrobacter (3); Escherichia (3); ECMA0423 (1),Pseudomonadota (11),11
62794585953358,8563,0.1608135516826923,CAG-269 (115); CAG-273 (34); UMGS1663 (28),Bacillota (344); Bacillota_I (1),345
611293864197565,8556,0.1606820913461538,Alistipes (1),Bacteroidota (1),1
127037322512206,8555,0.1606633112980769,Escherichia (9); Citrobacter_A (2); Enterobacter (1),Pseudomonadota (14),14
205640339610638,8553,0.160625751201923,Faecalibacterium (3),Bacillota (3),3
880116227548801,8553,0.160625751201923,Anaerostipes (2),Bacillota (2),2
7504968134,8552,0.1606069711538461,Bacteroides (5),Bacteroidota (5),5
718820978008403,8550,0.1605694110576923,Eubacterium_I (11); Dorea_A (2); Roseburia (1),Bacillota (18),18
888321945372702,8545,0.1604755108173076,Faecalibacterium (1),Bacillota (1),1
867385927175681,8542,0.1604191706730769,Blautia (1); Butyricicoccus_A (1),Bacillota (2),2
375990630026348,8539,0.1603628305288461,Caccovivens (1); DASQZK01 (1),Bacillota (1); Bacteroidota (1),2
21778439652635,8533,0.1602501502403846,Escherichia (4); G047199115 (1),Pseudomonadota (5),5
354978270411905,8533,0.1602501502403846,Faecalibacterium (2),Bacillota (2),2
699271219719709,8532,0.1602313701923076,Lachnospira (4),Bacillota (4),4
776390946760535,8531,0.1602125901442307,Bacteroides (7),Bacteroidota (7),7
852895664345507,8530,0.1601938100961538,Anaerostipes (2),Bacillota (2),2
155036177458864,8528,0.16015625,Alistipes (1),Bacteroidota (1),1
464560023955944,8528,0.16015625,Acetatifactor (2); Allocoprococcus (1); Coprococcus (1),Bacillota (7),7
585145493448445,8528,0.16015625,Bacteroides (3),Bacteroidota (3),3
431774309895431,8527,0.160137469951923,Culturomica (1); Butyricimonas (1),Bacteroidota (2),2
135187459670778,8526,0.1601186899038461,Faecalibacterium (2),Bacillota (2),2
304909318548039,8526,0.1601186899038461,Escherichia (7); ECMA0423 (1); Enterobacter (1),Pseudomonadota (11); Zhuqueibacterota (1),12
393732697583324,8525,0.1600999098557692,Enterobacter (2); ECMA0423 (1); G047199095 (1),Pseudomonadota (6),6
393760993712400,8525,0.1600999098557692,Serratia_B (2); Escherichia (2); ECMA0423 (1),Pseudomonadota (8); Actinomycetota (1),9
657746709664867,8525,0.1600999098557692,Alistipes (2),Bacteroidota (2),2
876372631082080,8525,0.1600999098557692,Bacteroides (4); Alloprevotella (1); CAG-1031 (1),Bacteroidota (7); Bacillota (1),8
167509662075255,8523,0.1600623497596154,Alistipes (1),Bacteroidota (1),1
717255144482273,8520,0.1600060096153846,Fusicatenibacter (2),Bacillota (2),2
437466264881323,8518,0.1599684495192307,Alistipes (1),Bacteroidota (1),1
526639986378395,8516,0.1599308894230769,Fusicatenibacter (2); Lacrimispora (1),Bacillota (3),3
531258348153175,8515,0.159912109375,Bacteroides (4),Bacteroidota (4),4
682864178764193,8515,0.159912109375,Dorea_A (3),Bacillota (3),3
82492238481326,8510,0.1598182091346154,Fusicatenibacter (1),Bacillota (1),1
329268030099295,8510,0.1598182091346154,Gemmiger (1),Bacillota (1),1
484863206416754,8509,0.1597994290865384,Fusicatenibacter (1),Bacillota (1),1
666070961393208,8507,0.1597618689903846,Faecalibacterium (4); Collinsella (1),Bacillota (4); Actinomycetota (1),5
868286582568379,8507,0.1597618689903846,Blautia_A (10),Bacillota (10),10
161902101254078,8505,0.1597243088942307,Oscillibacter (2); Gemmiger (1); UBA4248 (1),Bacillota (5); Myxococcota_A (1),6
744508541390639,8501,0.159649188701923,Bacteroides (2),Bacteroidota (2),2
202536019835785,8500,0.1596304086538461,Fusicatenibacter (1),Bacillota (1),1
460858039039684,8499,0.1596116286057692,Escherichia (7); G047199115 (1); G047199095 (1),Pseudomonadota (9),9
291548597263080,8498,0.1595928485576923,Bacteroides (7),Bacteroidota (7),7
842662289096124,8497,0.1595740685096154,Faecalibacterium (1),Bacillota (1),1
478196990454867,8494,0.1595177283653846,Phocaeicola (2),Bacteroidota (2),2
895149891492432,8494,0.1595177283653846,Vescimonas (4); Oscillibacter (2); SFEL01 (1),Bacillota (9),9
344985887495481,8489,0.159423828125,Bacteroides (3),Bacteroidota (3),3
657300555237995,8489,0.159423828125,Alistipes (1),Bacteroidota (1),1
832474500253595,8487,0.1593862680288461,Anaerostipes (1),Bacillota (1),1
472329636339385,8486,0.1593674879807692,Gemmiger (6); Faecalibacterium (3); UBA11524 (2),Bacillota (27); Pseudomonadota (3); Myxococcota_A (1),35
547143967297442,8486,0.1593674879807692,Bacteroides (5),Bacteroidota (5),5
37696121096047,8485,0.1593487079326923,Blautia_A (8),Bacillota (8),8
696721461688881,8484,0.1593299278846154,Bacteroides (1),Bacteroidota (1),1
916642731102300,8484,0.1593299278846154,Roseburia (3),Bacillota (3),3
307621991924106,8482,0.1592923677884615,,,0
393234608175166,8482,0.1592923677884615,Bifidobacterium (1),Actinomycetota (1),1
755598712723722,8482,0.1592923677884615,Fusicatenibacter (2),Bacillota (2),2
818774744529985,8480,0.1592548076923076,Faecalibacterium (1),Bacillota (1),1
348321866531560,8479,0.1592360276442307,Acetatifactor (1); Bilifractor (1); Laedolimicola (1),Bacillota (6); Bacillota_I (1),7
448444874831146,8479,0.1592360276442307,Faecalibacterium (3),Bacillota (3),3
504744340991653,8477,0.1591984675480769,Bifidobacterium (3),Actinomycetota (3),3
522005268428749,8477,0.1591984675480769,Bacteroides (4),Bacteroidota (4),4
257312562728838,8476,0.1591796875,Bifidobacterium (3); Collinsella (1),Actinomycetota (4),4
404632318092396,8476,0.1591796875,Bacteroides (5),Bacteroidota (5),5
662602781689770,8475,0.159160907451923,Bifidobacterium (1),Actinomycetota (1),1
87727324175241,8474,0.1591421274038461,Blautia_A (5); Fusicatenibacter (1),Bacillota (6),6
280948900577207,8473,0.1591233473557692,Faecalibacterium (15),Bacillota (15),15
345945989416192,8472,0.1591045673076923,Faecalibacterium (17),Bacillota (17),17
700931361289312,8472,0.1591045673076923,Faecalibacterium (1),Bacillota (1),1
308408172823279,8471,0.1590857872596154,Dorea_A (3); Dorea_D (1),Bacillota (4),4
561134165588624,8471,0.1590857872596154,Acetatifactor (28); Suilimivivens (7); RGIG8597 (1),Bacillota (36); Spirochaetota (1),37
26876593563960,8468,0.1590294471153846,Escherichia (2); Enterobacter (1); G047199095 (1),Pseudomonadota (4),4
556692507346164,8468,0.1590294471153846,Blautia_A (4),Bacillota (4),4
228310903308361,8467,0.1590106670673076,Faecalibacterium (2),Bacillota (2),2
529859362592655,8465,0.1589731069711538,Anaerobutyricum (4),Bacillota (4),4
869376972953053,8459,0.1588604266826923,Escherichia (6); ECMA0423 (1); Enterobacter (1),Pseudomonadota (8),8
174949292231152,8457,0.1588228665865384,Faecalibacterium (9),Bacillota (9),9
280827099945892,8456,0.1588040865384615,,,0
572186073828265,8456,0.1588040865384615,Enterobacter (2); Escherichia (2); G047199115 (1),Pseudomonadota (5),5
735937482997762,8456,0.1588040865384615,Bifidobacterium (2),Actinomycetota (2),2
681464030816771,8454,0.1587665264423076,Faecalibacterium (1),Bacillota (1),1
459492889207205,8453,0.1587477463942307,,,0
686645103654843,8452,0.1587289663461538,Alistipes (5),Bacteroidota (5),5
573421641344375,8450,0.15869140625,Dorea_A (3),Bacillota (3),3
66462053637440,8449,0.158672626201923,Anaerostipes (3),Bacillota (3),3
450767420622757,8440,0.1585036057692307,Blautia_A (6); Marvinbryantia (2),Bacillota (8),8
799112787786585,8433,0.1583721454326923,Anaerostipes (3); JAHHTM01 (3); Massiliimalia (1),Bacillota (7),7
206594933555899,8432,0.1583533653846154,CAVDRM01 (2); RUG11783 (1); Oribacterium (1),Bacillota (7),7
164698896589798,8431,0.1583345853365384,Roseburia (2),Bacillota (2),2
551839203280357,8429,0.1582970252403846,Bacteroides (3),Bacteroidota (3),3
602313530309964,8427,0.1582594651442307,Roseburia (2),Bacillota (2),2
124829216027687,8424,0.158203125,Collinsella (2); Pseudoflavonifractor_A (1); Hominicoprocola (1),Bacillota (5); Actinomycetota (2),7
161553636074374,8423,0.158184344951923,Faecalibacterium (9),Bacillota (9),9
297115448509407,8423,0.158184344951923,Phocaeicola (1),Bacteroidota (1),1
450543605830150,8423,0.158184344951923,Anaerostipes (3); UMGS1754 (1),Bacillota (4),4
164379776286297,8420,0.1581280048076923,Faecalibacterium (1),Bacillota (1),1
174385399571497,8416,0.1580528846153846,Dorea_A (2),Bacillota (2),2
556493965385277,8413,0.1579965444711538,,,0
90946986191046,8411,0.157958984375,Fusicatenibacter (3); Crickella (1),Bacillota (4),4
643749675262312,8409,0.1579214242788461,Enterocloster (2); Brotaphodocola (1),Bacillota (3),3
813280105298333,8409,0.1579214242788461,Parabacteroides (1),Bacteroidota (1),1
17654922434470,8405,0.1578463040865384,Intestinimonas (2); Enterenecus (2); Oscillibacter (2),Bacillota (54); Bacteroidota (3); Pseudomonadota (1),59
815920759800235,8402,0.1577899639423076,Hominiventricola (2); Laedolimicola (2); Blautia_A (1),Bacillota (13),13
313274690081975,8400,0.1577524038461538,Blautia_A (5); Lachnospira (2); Allocoprococcus (1),Bacillota (12),12
368865015299339,8399,0.1577336237980769,Bacteroides (6),Bacteroidota (6),6
649169367963573,8398,0.15771484375,Alistipes (1),Bacteroidota (1),1
252013742242548,8396,0.1576772836538461,Roseburia (2),Bacillota (2),2
778758617211244,8395,0.1576585036057692,Bifidobacterium (2),Actinomycetota (2),2
626655433581551,8392,0.1576021634615384,Mediterraneibacter (3); Dorea (2); Allocoprococcus (1),Bacillota (12),12
902961768738873,8392,0.1576021634615384,Escherichia (3); G047199115 (1); Enterobacter (1),Pseudomonadota (5),5
8056251796431,8391,0.1575833834134615,Bacteroides (4),Bacteroidota (4),4
781663299876580,8391,0.1575833834134615,Bacteroides (4); Prevotella (1),Bacteroidota (5),5
910276474029830,8391,0.1575833834134615,Bacteroides (4),Bacteroidota (4),4
634653414788153,8390,0.1575646033653846,Bifidobacterium (1),Actinomycetota (1),1
125788946922888,8387,0.1575082632211538,Faecalibacterium (2),Bacillota (2),2
657343277697078,8386,0.1574894831730769,Dorea_A (4),Bacillota (4),4
65633906609314,8385,0.157470703125,Bacteroides (3); Scybalousia_A (1),Bacteroidota (4),4
848897953394330,8383,0.1574331430288461,Anaerobutyricum (1),Bacillota (1),1
901460395185151,8383,0.1574331430288461,Bacteroides (1),Bacteroidota (1),1
298749811673847,8381,0.1573955829326923,Bifidobacterium (3),Actinomycetota (3),3
395570997811410,8376,0.1573016826923076,Faecalibacterium (2),Bacillota (2),2
559792615716349,8373,0.1572453425480769,Blautia_A (14); RGIG423 (2); JAZOXB01 (1),Bacillota (17),17
468350080252352,8372,0.1572265625,Bacteroides (2),Bacteroidota (2),2
736886178803930,8371,0.157207782451923,Faecalibacterium (2),Bacillota (2),2
684987193182219,8369,0.1571702223557692,Bifidobacterium (3),Actinomycetota (3),3
899634863391083,8368,0.1571514423076923,Allofournierella (3); Flavonifractor (3); Oscillibacter (2),Bacillota (18),18
553376076709209,8367,0.1571326622596154,Bifidobacterium (1); Collinsella (1),Actinomycetota (2),2
647427414202018,8366,0.1571138822115384,Bifidobacterium (4),Actinomycetota (4),4
752317476119910,8363,0.1570575420673076,Faecalibacterium (1),Bacillota (1),1
451622074346589,8362,0.1570387620192307,Bacteroides (3),Bacteroidota (3),3
567466364752237,8361,0.1570199819711538,Anaerostipes (2),Bacillota (2),2
766717405025511,8361,0.1570199819711538,Blautia_A (6),Bacillota (6),6
852499893681031,8361,0.1570199819711538,Bacteroides (2),Bacteroidota (2),2
830141187413227,8360,0.1570012019230769,Gemmiger (3),Bacillota (3),3
299231433042859,8359,0.156982421875,Blautia_A (5); Enterocloster (2); Ruminococcoides (2),Bacillota (11),11
646703764193493,8358,0.156963641826923,,,0
337972381315525,8357,0.1569448617788461,Blautia_A (4); Schaedlerella (2); Blautia (1),Bacillota (11),11
471818293321606,8356,0.1569260817307692,Roseburia (1),Bacillota (1),1
110461179200293,8355,0.1569073016826923,Faecalibacterium (1),Bacillota (1),1
396352830063633,8355,0.1569073016826923,Bifidobacterium (3),Actinomycetota (3),3
414689402857647,8353,0.1568697415865384,Anaerostipes (2),Bacillota (2),2
230038538354203,8352,0.1568509615384615,Collinsella (834),Actinomycetota (834),834
329524534831159,8351,0.1568321814903846,Gemmiger (1),Bacillota (1),1
681992961766992,8349,0.1567946213942307,Streptococcus (86); Collinsella (1),Bacillota (86); Actinomycetota (1),87
782321935808387,8348,0.1567758413461538,Bacteroides (4),Bacteroidota (4),4
893326023666627,8348,0.1567758413461538,Escherichia (6); Enterobacter (2),Pseudomonadota (8),8
287971516818623,8346,0.15673828125,Fusicatenibacter (2),Bacillota (2),2
713937340161054,8344,0.1567007211538461,Blautia_A (4); Dorea_A (1),Bacillota (5),5
567098695591956,8341,0.1566443810096154,Blautia_A (5); Dorea_A (4); Anaerostipes (1),Bacillota (10),10
504001947980719,8336,0.1565504807692307,Coprococcus_C (2); Vescimonas (2); Agathobaculum (1),Bacillota (10),10
907953768852663,8336,0.1565504807692307,Faecalibacterium (2),Bacillota (2),2
149427152459757,8335,0.1565317007211538,Anaerostipes (3),Bacillota (3),3
300261206796720,8335,0.1565317007211538,Escherichia (2); G047199095 (1); Streptomyces (1),Pseudomonadota (3); Actinomycetota (1),4
440658448005897,8335,0.1565317007211538,Faecalibacterium (14),Bacillota (14),14
458814712578039,8335,0.1565317007211538,Faecalibacterium (2),Bacillota (2),2
820789603110823,8335,0.1565317007211538,Blautia_A (3); Roseburia (2); UMGS1958 (1),Bacillota (8),8
603778807206066,8334,0.1565129206730769,Alistipes (1),Bacteroidota (1),1
722422507652356,8331,0.1564565805288461,Enterocloster (1); Blautia_A (1); Catenibacillus (1),Bacillota (4),4
118434260570858,8330,0.1564378004807692,Alistipes (1),Bacteroidota (1),1
831679580837674,8330,0.1564378004807692,UMGS1696 (1); Blautia_A (1); UBA644 (1),Bacillota (5),5
876309709575126,8330,0.1564378004807692,Lachnospira (2); Mediterraneibacter (2),Bacillota (4),4
389764628511291,8325,0.1563439002403846,Bifidobacterium (1),Actinomycetota (1),1
477776221566317,8321,0.1562687800480769,UMGS1071 (1); CAMYCP01 (1); UMGS2037 (1),Bacillota (6),6
69113589947549,8320,0.15625,Blautia_A (1),Bacillota (1),1
911347562135648,8320,0.15625,Faecalibacterium (3),Bacillota (3),3
94241419110903,8319,0.156231219951923,Bacteroides (4),Bacteroidota (4),4
414778900940544,8319,0.156231219951923,Enterobacter (1); G047199095 (1),Pseudomonadota (2),2
546079848855220,8317,0.1561936598557692,Bifidobacterium (2),Actinomycetota (2),2
37977485614655,8316,0.1561748798076923,Lepagella (1); Parabacteroides (1); Massilibacteroides (1),Bacteroidota (3),3
175948556406174,8316,0.1561748798076923,Gemmiger (2),Bacillota (2),2
821103937185626,8316,0.1561748798076923,Faecalibacterium (5),Bacillota (5),5
124375134504857,8314,0.1561373197115384,Eubacterium_I (1); Brotonthovivens (1); Oliverpabstia (1),Bacillota (5),5
540282901759461,8313,0.1561185396634615,Suilimivivens (2); Gemmiger (1); Anaerobutyricum (1),Bacillota (4),4
464637697397977,8311,0.1560809795673076,Faecalibacterium (2),Bacillota (2),2
543620297087070,8311,0.1560809795673076,Escherichia (4); G047199115 (1),Pseudomonadota (5),5
522927839509830,8307,0.156005859375,Faecalibacterium (2),Bacillota (2),2
211985466175316,8305,0.1559682992788461,Faecalibacterium (1),Bacillota (1),1
101293922894542,8304,0.1559495192307692,Hominicoprocola (13); Vescimonas (1),Bacillota (14),14
626040072203197,8301,0.1558931790865384,Anaerostipes (5),Bacillota (5),5
667756289016688,8300,0.1558743990384615,Faecalibacterium (1),Bacillota (1),1
879972173862649,8293,0.155742938701923,Fusicatenibacter (1),Bacillota (1),1
417731377159862,8290,0.1556865985576923,Roseburia (2); Acetatifactor (1); CAG-590 (1),Bacillota (9),9
789451367317748,8290,0.1556865985576923,,,0
96099033784870,8289,0.1556678185096154,Anaerostipes (3),Bacillota (3),3
16820776698818,8287,0.1556302584134615,,,0
141173133049047,8287,0.1556302584134615,Bacteroides (6),Bacteroidota (6),6
186138022321085,8283,0.1555551382211538,Anaerobutyricum (4),Bacillota (4),4
93998787829971,8281,0.155517578125,Gemmiger (2),Bacillota (2),2
533203838324659,8281,0.155517578125,Gemmiger (3),Bacillota (3),3
699547544447873,8279,0.1554800180288461,Parabacteroides (1),Bacteroidota (1),1
372778442652266,8278,0.1554612379807692,Blautia_A (2); Anaerobutyricum (1); Novisyntrophococcus (1),Bacillota (6),6
746885475617919,8278,0.1554612379807692,Parabacteroides (2),Bacteroidota (2),2
186704161884803,8276,0.1554236778846154,Bacteroides (4),Bacteroidota (4),4
225747004461908,8276,0.1554236778846154,Blautia_A (3); Coprococcus_A (1); C-19 (1),Bacillota (26); Bacillota_I (2),28
554149096470193,8276,0.1554236778846154,,,0
627923816300764,8275,0.1554048978365384,Bacteroides (6),Bacteroidota (6),6
437607551383470,8274,0.1553861177884615,Gemmiger (1),Bacillota (1),1
870198179294416,8273,0.1553673377403846,Faecalibacterium (3),Bacillota (3),3
432781908962705,8271,0.1553297776442307,Collinsella (858),Actinomycetota (858),858
841233604264914,8271,0.1553297776442307,Anaerostipes (2),Bacillota (2),2
634897531137637,8268,0.1552734375,Faecalibacterium (2),Bacillota (2),2
683058197010429,8268,0.1552734375,Bifidobacterium (4),Actinomycetota (4),4
234937786533856,8267,0.155254657451923,Acetatifactor (7); RGIG6375 (1),Bacillota (8),8
354454370932731,8267,0.155254657451923,Gemmiger (1),Bacillota (1),1
465632996383675,8266,0.1552358774038461,Streptococcus (11),Bacillota (11),11
657554192884918,8265,0.1552170973557692,Gemmiger (2); UBA2943 (1),Bacillota (3),3
449499717197199,8264,0.1551983173076923,Gemmiger (1); URNF01 (1),Bacillota (2),2
542209483699973,8262,0.1551607572115384,Anaerostipes (2),Bacillota (2),2
755475153775265,8262,0.1551607572115384,Faecalibacterium (1),Bacillota (1),1
342647037490969,8260,0.1551231971153846,Gemmiger (3),Bacillota (3),3
792742639655660,8259,0.1551044170673076,Bifidobacterium (1),Actinomycetota (1),1
158182624698896,8257,0.1550668569711538,Phocaeicola (3),Bacteroidota (3),3
276611824478175,8257,0.1550668569711538,Lawsonibacter (8); Enterenecus (6); Flavonifractor (4),Bacillota (32); Actinomycetota (1),33
105321998835343,8256,0.1550480769230769,Bacteroides (6),Bacteroidota (6),6
717561343085166,8256,0.1550480769230769,Blautia_A (4),Bacillota (4),4
619570095490711,8253,0.1549917367788461,Roseburia (1),Bacillota (1),1
836596043065381,8249,0.1549166165865384,Blautia_A (1),Bacillota (1),1
16676699073590,8248,0.1548978365384615,Bacteroides (2); Prevotella (1); Parabacteroides (1),Bacteroidota (5),5
653100811263256,8248,0.1548978365384615,Gemmiger (2),Bacillota (2),2
821963755527369,8246,0.1548602764423076,Faecalibacterium (1),Bacillota (1),1
312309653921537,8245,0.1548414963942307,Blautia_A (1),Bacillota (1),1
376601071338278,8245,0.1548414963942307,Faecalibacterium (1),Bacillota (1),1
857334473483270,8245,0.1548414963942307,Gemmiger (1); Oscillibacter (1),Bacillota (2),2
429635319874873,8243,0.1548039362980769,Phocaeicola (2),Bacteroidota (2),2
230863630347405,8242,0.15478515625,Blautia_A (6); Oliverpabstia (1),Bacillota (7),7
629428806902287,8239,0.1547288161057692,Blautia_A (8),Bacillota (8),8
155482317837348,8237,0.1546912560096154,,,0
177684592763277,8235,0.1546536959134615,Roseburia (1),Bacillota (1),1
270271321155305,8232,0.1545973557692307,Blautia_A (2); Marvinbryantia (1); Gallintestinimicrobium (1),Bacillota (12),12
746795029272166,8232,0.1545973557692307,Dorea_A (2),Bacillota (2),2
342075051791923,8231,0.1545785757211538,Parabacteroides (1),Bacteroidota (1),1
18872986204318,8230,0.1545597956730769,Bacteroides (4),Bacteroidota (4),4
57095303207240,8229,0.154541015625,Gemmiger (3); QANA01 (1),Bacillota (4),4
500785488141596,8227,0.1545034555288461,Bifidobacterium (8),Actinomycetota (8),8
707336947359500,8227,0.1545034555288461,Dorea_A (4),Bacillota (4),4
43288426247252,8226,0.1544846754807692,Bacteroides (7),Bacteroidota (7),7
706272499942798,8225,0.1544658954326923,Dorea_A (7); Eubacterium_Q (1),Bacillota (8),8
865579508576829,8221,0.1543907752403846,Bacteroides (7),Bacteroidota (7),7
108903580937021,8220,0.1543719951923076,Dorea_A (6),Bacillota (6),6
154816184872640,8220,0.1543719951923076,Pseudoflavonifractor_A (3); Lawsonibacter (2); Pelethomonas (1),Bacillota (14),14
493317315608631,8218,0.1543344350961538,Gemmiger (1),Bacillota (1),1
416665304513508,8217,0.1543156550480769,Parabacteroides (1),Bacteroidota (1),1
890618194336395,8217,0.1543156550480769,Alistipes (1),Bacteroidota (1),1
220492171304158,8216,0.154296875,Alistipes (4),Bacteroidota (4),4
279442667809900,8214,0.1542593149038461,Bifidobacterium (3),Actinomycetota (3),3
478460927563268,8214,0.1542593149038461,Fusicatenibacter (1),Bacillota (1),1
231368354972144,8212,0.1542217548076923,Streptococcus (15); Faecalibacterium (1),Bacillota (16),16
18775456643387,8211,0.1542029747596154,Bacteroides (5); Prevotella (1),Bacteroidota (6),6
32019665808240,8211,0.1542029747596154,Lachnospira (7); COE1 (1),Bacillota (8),8
347461445662983,8209,0.1541654146634615,Gemmiger (2),Bacillota (2),2
120811029870326,8205,0.1540902944711538,Bacteroides (5),Bacteroidota (5),5
797648741548210,8204,0.1540715144230769,Bacteroides (4),Bacteroidota (4),4
585919071273751,8203,0.154052734375,Blautia_A (3); Blautia (1); Brotaphodocola (1),Bacillota (8),8
826366464138497,8203,0.154052734375,Escherichia (3); ECMA0423 (1); Enterobacter (1),Pseudomonadota (8),8
634746067981994,8202,0.154033954326923,Bacteroides (3),Bacteroidota (3),3
379544071614327,8201,0.1540151742788461,Parabacteroides (1),Bacteroidota (1),1
167241822907259,8200,0.1539963942307692,Roseburia (2); UBA2821 (1); Acetatifactor (1),Bacillota (5),5
203182175578547,8200,0.1539963942307692,Bifidobacterium (4),Actinomycetota (4),4
386104642871269,8198,0.1539588341346154,Bacteroides (6); Scybalousia_A (1),Bacteroidota (7),7
790701632896266,8196,0.1539212740384615,Anaerostipes (2),Bacillota (2),2
266232199289868,8195,0.1539024939903846,Bacteroides (3),Bacteroidota (3),3
87042381044006,8192,0.1538461538461538,Faecalibacterium (1),Bacillota (1),1
240307457529216,8186,0.1537334735576923,Bacteroides (5),Bacteroidota (5),5
49937894865321,8184,0.1536959134615384,Bacteroides (7),Bacteroidota (7),7
41439456199324,8181,0.1536395733173076,Bacteroides (5),Bacteroidota (5),5
545209822706345,8181,0.1536395733173076,Scybalousia_A (1); Bacteroides (1),Bacteroidota (2),2
55673707890508,8179,0.1536020132211538,Faecalibacterium (1),Bacillota (1),1
723983455225768,8179,0.1536020132211538,Bacteroides (4),Bacteroidota (4),4
853476535778638,8178,0.1535832331730769,Fusicatenibacter (2),Bacillota (2),2
756381928476677,8176,0.153545673076923,Phocaeicola (1),Bacteroidota (1),1
390353223742655,8174,0.1535081129807692,Roseburia (2),Bacillota (2),2
311197524206558,8170,0.1534329927884615,Bifidobacterium (1),Actinomycetota (1),1
812100375667994,8167,0.1533766526442307,Gemmiger (1),Bacillota (1),1
482049701870101,8157,0.1531888521634615,Roseburia (1),Bacillota (1),1
273701955299695,8156,0.1531700721153846,Phocaeicola (2),Bacteroidota (2),2
31627743075764,8153,0.1531137319711538,Bacteroides (3); Culturomica (1); Paraprevotella (1),Bacteroidota (6),6
674986477661879,8149,0.1530386117788461,Bacteroides (5); Collinsella (1),Bacteroidota (5); Actinomycetota (1),6
765854961932814,8148,0.1530198317307692,Fusicatenibacter (1),Bacillota (1),1
765454998001649,8147,0.1530010516826923,Gemmiger (1),Bacillota (1),1
684279590842147,8144,0.1529447115384615,Vescimonas (3); UMGS75 (1); Fimenecus (1),Bacillota (9); Bacillota_I (1),10
862487362104979,8144,0.1529447115384615,Phocaeicola (2); Bacteroides (2),Bacteroidota (4),4
288089051327285,8140,0.1528695913461538,Parabacteroides (1),Bacteroidota (1),1
574182915045479,8139,0.1528508112980769,,,0
489139586901149,8137,0.152813251201923,Parabacteroides (1),Bacteroidota (1),1
263334335727111,8136,0.1527944711538461,Bifidobacterium (1),Actinomycetota (1),1
311482837567584,8132,0.1527193509615384,Faecalibacterium (3),Bacillota (3),3
70012635015594,8130,0.1526817908653846,Anaerostipes (3),Bacillota (3),3
799378320961844,8127,0.1526254507211538,Bacteroides (1),Bacteroidota (1),1
490683378179087,8125,0.152587890625,Bacteroides (5),Bacteroidota (5),5
772221178444924,8125,0.152587890625,Gemmiger (2); CAXXOK01 (1); Faecalibacterium (1),Bacillota (4),4
900073690107525,8124,0.152569110576923,,,0
917690753859929,8123,0.1525503305288461,Gemmiger (1),Bacillota (1),1
823104287417997,8119,0.1524752103365384,Roseburia (1),Bacillota (1),1
561405611146941,8118,0.1524564302884615,Anaerostipes (2),Bacillota (2),2
302032955890613,8116,0.1524188701923076,Bifidobacterium (3),Actinomycetota (3),3
685520885677494,8116,0.1524188701923076,Faecalibacterium (3),Bacillota (3),3
914911406652757,8116,0.1524188701923076,Bacteroides (1),Bacteroidota (1),1
882330949213120,8114,0.1523813100961538,,,0
667261967065214,8113,0.1523625300480769,Fusicatenibacter (2),Bacillota (2),2
45882198320425,8106,0.1522310697115384,Anaerostipes (2),Bacillota (2),2
541546429560437,8106,0.1522310697115384,Phocaeicola (2); Bacteroides (1),Bacteroidota (3),3
215162712792630,8104,0.1521935096153846,Gemmiger (1),Bacillota (1),1
755371611528412,8099,0.152099609375,Fusicatenibacter (1),Bacillota (1),1
564313184354719,8098,0.152080829326923,Collinsella (2); Faecalibacterium (2); Oscillibacter (1),Bacillota (3); Actinomycetota (2),5
541607243641918,8095,0.1520244891826923,Bacteroides (3),Bacteroidota (3),3
312935577202055,8094,0.1520057091346154,Acetatifactor (8); UMGS1810 (1),Bacillota (9),9
678576044331382,8094,0.1520057091346154,Phocaeicola (2),Bacteroidota (2),2
199990318058777,8091,0.1519493689903846,Fusicatenibacter (2),Bacillota (2),2
118950684394284,8090,0.1519305889423076,Bacteroides (5),Bacteroidota (5),5
734689681050222,8083,0.1517991286057692,Bacteroides (4),Bacteroidota (4),4
273215332211842,8077,0.1516864483173076,Gemmiger (2),Bacillota (2),2
887062305259571,8076,0.1516676682692307,Faecalibacterium (2),Bacillota (2),2
131356641456013,8075,0.1516488882211538,Gemmiger (1),Bacillota (1),1
196050699403813,8072,0.151592548076923,Parabacteroides (1),Bacteroidota (1),1
818571523818131,8071,0.1515737680288461,,,0
459053828530826,8069,0.1515362079326923,Gemmiger (1),Bacillota (1),1
194413265471084,8068,0.1515174278846154,Parabacteroides (1),Bacteroidota (1),1
705456301953462,8068,0.1515174278846154,Faecalibacterium (3),Bacillota (3),3
497459325142787,8067,0.1514986478365384,Parabacteroides (1),Bacteroidota (1),1
136334506356350,8066,0.1514798677884615,Bacteroides (4); Scybalousia_A (1); Mobilitalea (1),Bacteroidota (5); Bacillota (1),6
598022736150820,8066,0.1514798677884615,Anaerobutyricum (2); Eubacterium_G (1); Sarcina (1),Bacillota (8),8
122494949903590,8064,0.1514423076923076,,,0
222762552796582,8064,0.1514423076923076,Parabacteroides (1),Bacteroidota (1),1
452073219094687,8062,0.1514047475961538,JAZOXB01 (1); SFJ001 (1); Oscillibacter (1),Bacillota (6),6
774042508445844,8061,0.1513859675480769,Gemmiger (2),Bacillota (2),2
220402218040137,8060,0.1513671875,Phocaeicola (2),Bacteroidota (2),2
472071191989494,8054,0.1512545072115384,Phocaeicola (1),Bacteroidota (1),1
165407402552951,8053,0.1512357271634615,Gemmiger (1),Bacillota (1),1
54662195036321,8052,0.1512169471153846,Parabacteroides (1),Bacteroidota (1),1
536237711380640,8049,0.1511606069711538,Parabacteroides (1),Bacteroidota (1),1
562899619244840,8049,0.1511606069711538,Oscillibacter (3); Intestinimonas (1); Lawsonibacter (1),Bacillota (9),9
817637325607177,8047,0.151123046875,Parabacteroides (1),Bacteroidota (1),1
644387479167309,8045,0.1510854867788461,Faecalibacterium (1); Agathobaculum (1),Bacillota (2),2
807022721907498,8045,0.1510854867788461,Gemmiger (1),Bacillota (1),1
225818179539493,8044,0.1510667067307692,Faecalibacterium (3),Bacillota (3),3
397627056105496,8042,0.1510291466346154,Gemmiger (1),Bacillota (1),1
876419039469904,8042,0.1510291466346154,Escherichia (3); G047199115 (1),Pseudomonadota (4),4
14957931191535,8038,0.1509540264423076,Faecalibacterium (1),Bacillota (1),1
814106313919983,8033,0.150860126201923,,,0
814758548460674,8032,0.1508413461538461,Bacteroides (3),Bacteroidota (3),3
679034881970328,8030,0.1508037860576923,Anaerostipes (2),Bacillota (2),2
753564191448251,8028,0.1507662259615384,Alistipes (1),Bacteroidota (1),1
47432275623785,8026,0.1507286658653846,Hominiventricola (2); Blautia_A (1); CAJFUH01 (1),Bacillota (11),11
59575262283917,8022,0.1506535456730769,Prevotella (87); Physcousia (15); Alloprevotella (6),Bacteroidota (129); Bacillota (2); Actinomycetota (1),134
102158369946166,8022,0.1506535456730769,Phocaeicola (5),Bacteroidota (5),5
256090473685943,8022,0.1506535456730769,,,0
810830750574037,8022,0.1506535456730769,Dorea_A (3); Oceanobacillus (2),Bacillota (5),5
765722902393081,8020,0.150615985576923,Faecalibacterium (4),Bacillota (4),4
214981297193985,8018,0.1505784254807692,Gemmiger (1),Bacillota (1),1
592053923886115,8018,0.1505784254807692,Bacteroides (1),Bacteroidota (1),1
282522417305028,8016,0.1505408653846154,Faecalibacterium (1),Bacillota (1),1
71169916895135,8014,0.1505033052884615,Gemmiger (1),Bacillota (1),1
232713166414895,8012,0.1504657451923076,Anaerobutyricum (1),Bacillota (1),1
847470869613516,8012,0.1504657451923076,Phocaeicola (1),Bacteroidota (1),1
324670585478993,8011,0.1504469651442307,Phocaeicola (4),Bacteroidota (4),4
841157455507497,8008,0.150390625,QXXE01 (1); Oscillibacter (1); Hominiventricola (1),Bacillota (6),6
122723817439172,8007,0.150371844951923,Bacteroides (2),Bacteroidota (2),2
172654970866641,8007,0.150371844951923,Escherichia (7); ECMA0423 (1); G047199115 (1),Pseudomonadota (9),9
729786544349632,8007,0.150371844951923,Bacteroides (3),Bacteroidota (3),3
508018655835840,8006,0.1503530649038461,Dorea_A (2),Bacillota (2),2
884267477517406,8004,0.1503155048076923,Roseburia (1),Bacillota (1),1
922051742474585,8003,0.1502967247596154,Faecousia (38); CAG-177 (36); Ruminococcoides (13),Bacillota (157),157
231977818497894,7999,0.1502216045673076,Faecalibacterium (1),Bacillota (1),1
611094416876446,7990,0.1500525841346154,Bacteroides (6),Bacteroidota (6),6
121374433949204,7988,0.1500150240384615,Bifidobacterium (1),Actinomycetota (1),1
174751676319092,7988,0.1500150240384615,Dorea_A (3),Bacillota (3),3
75808437787898,7987,0.1499962439903846,Anaerostipes (3),Bacillota (3),3
327397276663232,7986,0.1499774639423076,Anaerostipes (3),Bacillota (3),3
848322461441399,7986,0.1499774639423076,Bacteroides (3),Bacteroidota (3),3
729428922423052,7983,0.1499211237980769,Blautia_A (6); Hominisplanchenecus_A (1); Blautia (1),Bacillota (13),13
261403152474205,7982,0.14990234375,Bifidobacterium (8),Actinomycetota (8),8
218057327783539,7980,0.1498647836538461,Bacteroides (1),Bacteroidota (1),1
827557637712947,7978,0.1498272235576923,Escherichia (2); Enterobacter (1); G047199115 (1),Pseudomonadota (5),5
259957616679590,7977,0.1498084435096154,Vescimonas (8); CAG-170 (5); Lawsonibacter (5),Bacillota (39),39
511258089162955,7976,0.1497896634615384,Escherichia (4); ECMA0423 (1); G047199095 (1),Pseudomonadota (6),6
804155171635255,7976,0.1497896634615384,Faecalibacterium (1),Bacillota (1),1
215384076755080,7969,0.149658203125,Bacteroides (5),Bacteroidota (5),5
497607485039922,7968,0.149639423076923,Bacteroides (1),Bacteroidota (1),1
255649891614602,7966,0.1496018629807692,Dorea_A (3),Bacillota (3),3
381855534745084,7966,0.1496018629807692,Bacteroides (2),Bacteroidota (2),2
855292396772669,7966,0.1496018629807692,Bifidobacterium (1),Actinomycetota (1),1
748157201842432,7965,0.1495830829326923,Bacteroides (4),Bacteroidota (4),4
339396853378317,7963,0.1495455228365384,Blautia_A (1),Bacillota (1),1
534076538411467,7963,0.1495455228365384,Gemmiger (2),Bacillota (2),2
540538480588691,7963,0.1495455228365384,Gemmiger (2),Bacillota (2),2
285944380536119,7959,0.1494704026442307,Anaerotruncus (1); Brotaphodocola (1); Otoolea (1),Bacillota (7),7
757957332712093,7959,0.1494704026442307,Lacrimispora (20); Saccharofermentans (13); Lawsonibacter (12),Bacillota (145),145
301174169934255,7957,0.1494328425480769,Faecalibacterium (3),Bacillota (3),3
385650243198669,7956,0.1494140625,Collinsella (788); Paratractidigestivibacter (1),Actinomycetota (789),789
753692949695639,7956,0.1494140625,Gemmiger (1),Bacillota (1),1
530814583673400,7954,0.1493765024038461,Bacteroides (2),Bacteroidota (2),2
22748065549754,7952,0.1493389423076923,Faecalibacterium (2),Bacillota (2),2
705657082429665,7952,0.1493389423076923,Bacteroides (3),Bacteroidota (3),3
36286745028591,7951,0.1493201622596154,Bacteroides (3),Bacteroidota (3),3
654037227697612,7945,0.1492074819711538,Bifidobacterium (2),Actinomycetota (2),2
52044795789406,7942,0.149151141826923,Bacteroides (4),Bacteroidota (4),4
575074688612380,7942,0.149151141826923,Alistipes (1),Bacteroidota (1),1
892912188199711,7942,0.149151141826923,Bifidobacterium (1),Actinomycetota (1),1
11416832453845,7937,0.1490572415865384,Faecalibacterium (4); HGM11616 (1),Bacillota (5),5
70674959984992,7935,0.1490196814903846,Bacteroides (5),Bacteroidota (5),5
712179202957005,7934,0.1490009014423076,Gemmiger (1),Bacillota (1),1
356647435024765,7933,0.1489821213942307,Alistipes (1),Bacteroidota (1),1
644114249523142,7931,0.1489445612980769,Bacteroides (4),Bacteroidota (4),4
472803724949546,7928,0.1488882211538461,Phocaeicola (2),Bacteroidota (2),2
767515889414934,7928,0.1488882211538461,Gemmiger (1),Bacillota (1),1
308295223285122,7926,0.1488506610576923,Bacteroides (6); Phocaeicola (1); UBA6382 (1),Bacteroidota (8),8
96114820987526,7922,0.1487755408653846,Phocaeicola (3); Bacteroides (2); Alistipes (1),Bacteroidota (8),8
837028919241740,7922,0.1487755408653846,Blautia_A (3),Bacillota (3),3
525163300872072,7921,0.1487567608173076,Anaerostipes (2),Bacillota (2),2
889004224649067,7916,0.148662860576923,Gemmiger (2),Bacillota (2),2
890468873506732,7910,0.1485501802884615,Roseburia (2),Bacillota (2),2
10739069740363,7902,0.1483999399038461,Roseburia (1),Bacillota (1),1
94727083921601,7901,0.1483811598557692,Fusicatenibacter (1); Enterocloster (1); Gemmiger (1),Bacillota (8),8
349648942474098,7899,0.1483435997596154,Roseburia (1),Bacillota (1),1
579719289847910,7899,0.1483435997596154,Gemmiger (1),Bacillota (1),1
558764324703444,7896,0.1482872596153846,Bacteroides (5),Bacteroidota (5),5
706054510763699,7896,0.1482872596153846,Blautia_A (1),Bacillota (1),1
796931313193553,7896,0.1482872596153846,Gemmiger (1),Bacillota (1),1
354953449097319,7892,0.1482121394230769,Bacteroides (4),Bacteroidota (4),4
619137411315007,7892,0.1482121394230769,Roseburia (3),Bacillota (3),3
397410799123177,7890,0.148174579326923,Fusicatenibacter (1),Bacillota (1),1
400482759122589,7890,0.148174579326923,Bacteroides (2),Bacteroidota (2),2
312462076486768,7887,0.1481182391826923,Blautia_A (2); Coprococcus (1); Choladousia (1),Bacillota (6),6
800663098379337,7887,0.1481182391826923,Bifidobacterium (2),Actinomycetota (2),2
801761962137355,7886,0.1480994591346154,Bifidobacterium (2),Actinomycetota (2),2
361009391825197,7881,0.1480055588942307,Escherichia (7); ECMA0423 (1); G047199115 (1),Pseudomonadota (11),11
669823307180639,7878,0.14794921875,,,0
70155073113200,7876,0.1479116586538461,Acetatifactor (5),Bacillota (5),5
338037408749557,7876,0.1479116586538461,Roseburia (2),Bacillota (2),2
459661886577605,7875,0.1478928786057692,Bacteroides (6),Bacteroidota (6),6
572325364076842,7875,0.1478928786057692,Prevotella (54); Roseiarcus (17); Palsa-465 (15),Bacteroidota (112); Chloroflexota (61); Actinomycetota (59),340
174502104356330,7873,0.1478553185096154,Phocaeicola (3); Bacteroides (3); Prevotella (1),Bacteroidota (8),8
591200348190663,7872,0.1478365384615384,Alistipes (4),Bacteroidota (4),4
856112020193263,7872,0.1478365384615384,Roseburia (1),Bacillota (1),1
550326228619140,7871,0.1478177584134615,Roseburia (2); Acetatifactor (1),Bacillota (3),3
787607341041517,7871,0.1478177584134615,Allocoprococcus (1); Fusicatenibacter (1); CAG-590 (1),Bacillota (3),3
102328350974180,7870,0.1477989783653846,Blautia_A (3),Bacillota (3),3
898070888710483,7867,0.1477426382211538,Faecalibacterium (1),Bacillota (1),1
443082948810281,7866,0.1477238581730769,Blautia_A (2),Bacillota (2),2
757724709391299,7864,0.147686298076923,Brotonthovivens (1); Roseburia (1),Bacillota (2),2
761788685551965,7864,0.147686298076923,Faecalibacterium (1),Bacillota (1),1
897994542713441,7864,0.147686298076923,Bacteroides (4),Bacteroidota (4),4
40444287406917,7860,0.1476111778846154,Bacteroides (3),Bacteroidota (3),3
335532082712133,7859,0.1475923978365384,Phocaeicola (1),Bacteroidota (1),1
237491307048552,7857,0.1475548377403846,Bacteroides (4),Bacteroidota (4),4
661751574755304,7855,0.1475172776442307,Blautia_A (1),Bacillota (1),1
415788036103272,7854,0.1474984975961538,Alistipes (1),Bacteroidota (1),1
917115157965902,7853,0.1474797175480769,Escherichia (4); ECMA0423 (1); Enterobacter (1),Pseudomonadota (6),6
887865944745667,7852,0.1474609375,Anaerostipes (1),Bacillota (1),1
336933824326771,7851,0.147442157451923,Faecalibacterium (3); 2-02-FULL-61-13 (2); Palsa-189 (1),Acidobacteriota (3); Bacillota (3); Pseudomonadota (3),12
480402582406399,7849,0.1474045973557692,Faecousia (2); Oscillibacter (1); UBA3818 (1),Bacillota (7),7
903991948052341,7849,0.1474045973557692,Anaerostipes (3),Bacillota (3),3
737524050571452,7845,0.1473294771634615,Bifidobacterium (2),Actinomycetota (2),2
912168377400746,7841,0.1472543569711538,Parabacteroides (1),Bacteroidota (1),1
159175989797396,7839,0.147216796875,Acetatifactor (13),Bacillota (13),13
351946565402085,7839,0.147216796875,Bacteroides (1),Bacteroidota (1),1
861219997199574,7839,0.147216796875,Bifidobacterium (1),Actinomycetota (1),1
630791250889190,7838,0.147198016826923,Bacteroides (3),Bacteroidota (3),3
762692666020367,7834,0.1471228966346154,,,0
270495240852031,7825,0.146953876201923,Gemmiger (1),Bacillota (1),1
81670194079115,7823,0.1469163161057692,Faecalibacterium (15),Bacillota (15),15
453178410459216,7823,0.1469163161057692,Bacteroides (2),Bacteroidota (2),2
662746123864425,7821,0.1468787560096154,Blautia_A (4); Mediterraneibacter (1); Roseburia (1),Bacillota (6),6
116685869638901,7817,0.1468036358173076,Enterobacter (2); Escherichia (2),Pseudomonadota (4),4
844713742019324,7817,0.1468036358173076,Bacteroides (3),Bacteroidota (3),3
675043838389790,7814,0.1467472956730769,Anaerostipes (1),Bacillota (1),1
758002440823834,7813,0.146728515625,Roseburia (1),Bacillota (1),1
378159332451722,7812,0.146709735576923,Collinsella (1); Gemmiger (1),Actinomycetota (1); Bacillota (1),2
836920292355089,7810,0.1466721754807692,Dorea_A (3); Holdemanella (1),Bacillota (3); Bacillota_I (1),4
536823359965751,7808,0.1466346153846154,Gemmiger (2),Bacillota (2),2
277061104353038,7806,0.1465970552884615,Bacteroides (1),Bacteroidota (1),1
76585900716541,7803,0.1465407151442307,Blautia_A (2),Bacillota (2),2
478587910762312,7803,0.1465407151442307,Bacteroides (4),Bacteroidota (4),4
363135145369110,7801,0.1465031550480769,Alistipes (1),Bacteroidota (1),1
344391863814811,7799,0.146465594951923,Bacteroides (4),Bacteroidota (4),4
802377486305984,7798,0.1464468149038461,,,0
842312593279870,7798,0.1464468149038461,Bacteroides (3),Bacteroidota (3),3
132465308965052,7793,0.1463529146634615,Dorea_A (2),Bacillota (2),2
468758693754624,7789,0.1462777944711538,Choladousia (2); Blautia_A (1); Dorea_A (1),Bacillota (5),5
417962825865801,7786,0.146221454326923,Collinsella (3); Faecalibacterium (1); Hominicoprocola (1),Bacillota (5); Actinomycetota (3); Bacteroidota (1),9
539368518063866,7785,0.1462026742788461,Paraprevotella (1); Phocaeicola (1); Prevotella (1),Bacteroidota (3),3
823438052741509,7785,0.1462026742788461,Anaerostipes (2),Bacillota (2),2
445784760519375,7782,0.1461463341346154,Parabacteroides (1),Bacteroidota (1),1
379004929630278,7780,0.1461087740384615,Gemmiger (1),Bacillota (1),1
167932295682665,7778,0.1460712139423076,Blautia_A (6); Choladousia (1),Bacillota (7),7
343834915080852,7778,0.1460712139423076,Anaerobutyricum (4),Bacillota (4),4
519467791660708,7778,0.1460712139423076,Bacteroides (4),Bacteroidota (4),4
194823581416063,7777,0.1460524338942307,Bacteroides (5),Bacteroidota (5),5
255637596609588,7777,0.1460524338942307,Bacteroides (3),Bacteroidota (3),3
363638117903125,7777,0.1460524338942307,Dorea_A (3),Bacillota (3),3
431596213216997,7776,0.1460336538461538,Gemmiger (1),Bacillota (1),1
280847109289801,7774,0.14599609375,Bacteroides (4); Phocaeicola (3); Alistipes (2),Bacteroidota (11),11
645171328749416,7774,0.14599609375,Phocaeicola (5),Bacteroidota (5),5
92099900772581,7773,0.145977313701923,Faecalibacterium (2); Gemmiger (2),Bacillota (4),4
328856029769719,7773,0.145977313701923,Streptomyces (2); Nocardia (1); JBCBRF01 (1),Actinomycetota (4); Pseudomonadota (1); Planctomycetota (1),7
215413519286103,7772,0.1459585336538461,Bacteroides (3),Bacteroidota (3),3
504054531843102,7771,0.1459397536057692,Faecalibacterium (15),Bacillota (15),15
342403561266198,7768,0.1458834134615384,Gemmiger (1),Bacillota (1),1
768227401465463,7768,0.1458834134615384,Faecalibacterium (1),Bacillota (1),1
877778102056554,7767,0.1458646334134615,Dorea_A (3),Bacillota (3),3
866610252666333,7766,0.1458458533653846,Escherichia (4); Enterobacter (2); ECMA0423 (1),Pseudomonadota (8),8
303128133962079,7765,0.1458270733173076,Faecalibacterium (2),Bacillota (2),2
561544168669972,7765,0.1458270733173076,Parabacteroides (1),Bacteroidota (1),1
761182822974456,7763,0.1457895132211538,Bifidobacterium (1),Actinomycetota (1),1
323995967350492,7760,0.145733173076923,Escherichia (2); Enterobacter (1); G047199115 (1),Pseudomonadota (4),4
779530634855064,7760,0.145733173076923,Faecalibacterium (1),Bacillota (1),1
38408099133471,7755,0.1456392728365384,Parabacteroides (9),Bacteroidota (9),9
534993435183654,7755,0.1456392728365384,Anaerostipes (2); RGIG8767 (2); CAZPZR01 (1),Bacillota (6),6
191815806404549,7754,0.1456204927884615,Escherichia (2); Enterobacter (1),Pseudomonadota (3),3
202746637957782,7752,0.1455829326923076,Roseburia (1),Bacillota (1),1
171844659746824,7750,0.1455453725961538,Faecalibacterium (1),Bacillota (1),1
372393125045429,7748,0.1455078125,Anaerostipes (2),Bacillota (2),2
168377806280249,7745,0.1454514723557692,Bacteroides (6),Bacteroidota (6),6
405084521334369,7745,0.1454514723557692,Roseburia (4),Bacillota (4),4
429585264325081,7745,0.1454514723557692,Faecalibacterium (1),Bacillota (1),1
531847489909856,7745,0.1454514723557692,Fusicatenibacter (1),Bacillota (1),1
266406694848104,7743,0.1454139122596154,Roseburia (3),Bacillota (3),3
66660964394635,7740,0.1453575721153846,Bacteroides (3); Phocaeicola (2); Prevotella (1),Bacteroidota (7),7
382958776519959,7736,0.1452824519230769,Phocaeicola (1),Bacteroidota (1),1
429185360758613,7735,0.145263671875,Anaerostipes (2),Bacillota (2),2
110177615114220,7734,0.145244891826923,Faecalibacterium (1); Gemmiger (1),Bacillota (2),2
13585334892674,7733,0.1452261117788461,,,0
94115088603656,7733,0.1452261117788461,Dorea_A (5),Bacillota (5),5
36713681161884,7732,0.1452073317307692,Blautia_A (1),Bacillota (1),1
372592153948908,7732,0.1452073317307692,Bacteroides (7),Bacteroidota (7),7
395119496242709,7730,0.1451697716346154,ECMA0423 (1); G047199115 (1); Escherichia (1),Pseudomonadota (3),3
336658699366330,7729,0.1451509915865384,Bacteroides (6); Mycoplana (1),Bacteroidota (6); Pseudomonadota (1),7
865077718216853,7729,0.1451509915865384,Bacteroides (2),Bacteroidota (2),2
543880198204404,7726,0.1450946514423076,Anaerostipes (2),Bacillota (2),2
101653215694574,7724,0.1450570913461538,Fusicatenibacter (1),Bacillota (1),1
88776823865532,7723,0.1450383112980769,Roseburia (3),Bacillota (3),3
125436003076746,7723,0.1450383112980769,Parabacteroides (1),Bacteroidota (1),1
425780855467960,7723,0.1450383112980769,Bacteroides (3); Faecalicoccus (1); SZUA-378 (1),Bacteroidota (3); Bacillota_I (1); Bacillota (1),5
599287177810507,7719,0.1449631911057692,Gemmiger (1),Bacillota (1),1
353017629152727,7717,0.1449256310096154,,,0
842415510820245,7716,0.1449068509615384,,,0
820179641366849,7715,0.1448880709134615,Gemmiger (2),Bacillota (2),2
835301970683171,7715,0.1448880709134615,Blautia_A (5),Bacillota (5),5
170428312776001,7712,0.1448317307692307,Roseburia (2),Bacillota (2),2
246871970976607,7705,0.1447002704326923,Phocaeicola (1),Bacteroidota (1),1
386763210731255,7705,0.1447002704326923,Gemmiger (1),Bacillota (1),1
355144026839611,7704,0.1446814903846154,Gemmiger (1),Bacillota (1),1
514360948284568,7702,0.1446439302884615,Bifidobacterium (2),Actinomycetota (2),2
102306062105075,7700,0.1446063701923076,Faecalibacterium (1),Bacillota (1),1
398433917908049,7698,0.1445688100961538,Faecalibacterium (3),Bacillota (3),3
575076138224211,7696,0.14453125,Blautia_A (4); Hominifimenecus (1); Anaerotignum_A (1),Bacillota (6),6
640093116039924,7693,0.1444749098557692,Anaerostipes (1),Bacillota (1),1
131034050672562,7692,0.1444561298076923,Blautia_A (1),Bacillota (1),1
769316232958423,7692,0.1444561298076923,Escherichia (4); ECMA0423 (1),Pseudomonadota (5),5
37379771175342,7690,0.1444185697115384,Anaerostipes (1),Bacillota (1),1
341424086383903,7689,0.1443997896634615,Roseburia (1),Bacillota (1),1
419517528597329,7689,0.1443997896634615,Fimisoma (1); Streptococcus (1),Bacillota (2),2
901503291435103,7686,0.1443434495192307,Prevotella (4); Bacteroides (1); UMGS1071 (1),Bacteroidota (8); Bacillota (1),9
65260376654221,7682,0.144268329326923,Parabacteroides (1),Bacteroidota (1),1
754185279815942,7677,0.1441744290865384,Lentihominibacter (2); Hoskinsella (1); Roseburia (1),Bacillota (11); Bacillota_I (2),13
554143496177643,7676,0.1441556490384615,Blautia_A (6),Bacillota (6),6
459969469080180,7675,0.1441368689903846,Blautia_A (4),Bacillota (4),4
710185207515331,7675,0.1441368689903846,Gemmiger (1),Bacillota (1),1
571671114750994,7674,0.1441180889423076,Bacteroides (3),Bacteroidota (3),3
504643367662767,7672,0.1440805288461538,Bacteroides (7),Bacteroidota (7),7
270793892615746,7670,0.14404296875,Fusicatenibacter (2),Bacillota (2),2
542706388001919,7670,0.14404296875,Gemmiger (2),Bacillota (2),2
641546688531277,7670,0.14404296875,Blautia_A (10),Bacillota (10),10
912959040690104,7669,0.144024188701923,Gemmiger (1); Limisoma (1),Bacillota (1); Bacteroidota (1),2
147027938072336,7667,0.1439866286057692,Faecalibacterium (2),Bacillota (2),2
331146747507657,7666,0.1439678485576923,,,0
613932640686888,7666,0.1439678485576923,Bacteroides (2),Bacteroidota (2),2
126013764389283,7664,0.1439302884615384,Roseburia (1),Bacillota (1),1
270803123736986,7661,0.1438739483173076,Bacteroides (2),Bacteroidota (2),2
250046567922979,7660,0.1438551682692307,Faecalibacterium (2),Bacillota (2),2
598828562071066,7660,0.1438551682692307,Collinsella (670),Actinomycetota (670),670
145760845418624,7658,0.1438176081730769,Gemmiger (1); Slackia (1); Collinsella (1),Actinomycetota (2); Bacillota (1),3
221331188855047,7657,0.143798828125,Blautia_A (4),Bacillota (4),4
163875308353163,7655,0.1437612680288461,Roseburia (3); Eubacterium_F (1),Bacillota (4),4
573237314646556,7653,0.1437237079326923,Anaerostipes (2),Bacillota (2),2
579161677644446,7653,0.1437237079326923,Faecalimonas (2); Zag111 (1); Blautia_A (1),Bacillota (12); Cyanobacteriota (1); Bacillota_I (1),14
666992952672927,7653,0.1437237079326923,Gemmiger (1),Bacillota (1),1
679770791143799,7653,0.1437237079326923,Roseburia (1),Bacillota (1),1
605192561125106,7652,0.1437049278846154,Blautia_A (2),Bacillota (2),2
633625356902305,7652,0.1437049278846154,Bifidobacterium (1),Actinomycetota (1),1
499532801545737,7650,0.1436673677884615,Faecalicoccus (1); Bacteroides (1),Bacillota_I (1); Bacteroidota (1),2
386571421792780,7649,0.1436485877403846,Gemmiger (1),Bacillota (1),1
790041469331902,7649,0.1436485877403846,Faecalibacterium (1),Bacillota (1),1
791504090167449,7649,0.1436485877403846,Gemmiger (1),Bacillota (1),1
407157273452949,7647,0.1436110276442307,Bacteroides (2),Bacteroidota (2),2
126861533353172,7646,0.1435922475961538,Faecalibacterium (1),Bacillota (1),1
642791217882662,7643,0.143535907451923,Bacteroides (1),Bacteroidota (1),1
438012865090555,7641,0.1434983473557692,Bacteroides (4),Bacteroidota (4),4
489455505616329,7641,0.1434983473557692,Roseburia (1),Bacillota (1),1
214659442804169,7637,0.1434232271634615,Gemmiger (1),Bacillota (1),1
366027509597506,7637,0.1434232271634615,Blautia_A (1),Bacillota (1),1
750895908329738,7636,0.1434044471153846,Roseburia (1),Bacillota (1),1
784071219671129,7635,0.1433856670673076,Faecalibacterium (2),Bacillota (2),2
824274187183021,7635,0.1433856670673076,Bacteroides (2),Bacteroidota (2),2
275393749978782,7633,0.1433481069711538,Roseburia (2),Bacillota (2),2
266722618195177,7631,0.143310546875,Gemmiger (8),Bacillota (8),8
81802429066483,7630,0.143291766826923,Faecalibacterium (1),Bacillota (1),1
282521669009209,7629,0.1432729867788461,Bacteroides (2),Bacteroidota (2),2
254670084834214,7628,0.1432542067307692,Blautia_A (4),Bacillota (4),4
277395007049871,7628,0.1432542067307692,Anaerostipes (1),Bacillota (1),1
254650969787473,7625,0.1431978665865384,Blautia_A (5),Bacillota (5),5
315847360577965,7625,0.1431978665865384,Gemmiger (1),Bacillota (1),1
746898067482904,7625,0.1431978665865384,Bacteroides (2),Bacteroidota (2),2
815948199298303,7625,0.1431978665865384,Roseburia (4); Lachnospira (1); Petralouisia (1),Bacillota (14),14
903559813756688,7625,0.1431978665865384,Gemmiger (1),Bacillota (1),1
783962918903998,7624,0.1431790865384615,Kitasatospora (1); CAZSSM01 (1); CBFGVE01 (1),Actinomycetota (2); Planctomycetota (1); Verrucomicrobiota (1),5
348768663185199,7623,0.1431603064903846,Gemmiger (1),Bacillota (1),1
817509628789408,7623,0.1431603064903846,Roseburia (1),Bacillota (1),1
832368940695965,7621,0.1431227463942307,Bacteroides (2),Bacteroidota (2),2
858189803474183,7621,0.1431227463942307,Streptomyces (2); Bifidobacterium (1); Geminicoccus (1),Pseudomonadota (7); Actinomycetota (6); Bacillota (2),15
73578877355311,7619,0.1430851862980769,Roseburia (3); Mediterraneibacter (2); Eubacterium_I (2),Bacillota (24),24
7718735790319,7616,0.1430288461538461,Bacteroides (2),Bacteroidota (2),2
395646968630174,7614,0.1429912860576923,Alistipes (1),Bacteroidota (1),1
419682152201340,7614,0.1429912860576923,Gemmiger (1); Collinsella (1),Bacillota (1); Actinomycetota (1),2
892373130835954,7614,0.1429912860576923,Oliverpabstia (2); Roseburia (1),Bacillota (3),3
288175482488772,7610,0.1429161658653846,Lentihominibacter (2); Hoskinsella (1); Clostridium_A (1),Bacillota (10); Bacillota_I (2),12
869857748561388,7609,0.1428973858173076,Alistipes (1); Collinsella (1),Bacteroidota (1); Actinomycetota (1),2
752408503539005,7608,0.1428786057692307,Bacteroides (3),Bacteroidota (3),3
770031503997506,7607,0.1428598257211538,Blautia_A (1); Faecalitalea (1); Oliverpabstia (1),Bacillota (5); Bacillota_I (1),6
114759141146518,7605,0.142822265625,Bacteroides (3),Bacteroidota (3),3
156521706364144,7605,0.142822265625,Faecalibacterium (10),Bacillota (10),10
379660856618512,7605,0.142822265625,Acetatifactor (11),Bacillota (11),11
632618609942304,7605,0.142822265625,Gemmiger (1),Bacillota (1),1
469952764756349,7604,0.142803485576923,Roseburia (1),Bacillota (1),1
516129491041766,7603,0.1427847055288461,Faecalibacterium (1); Collinsella (1),Bacillota (1); Actinomycetota (1),2
43726982953061,7601,0.1427471454326923,Roseburia (1),Bacillota (1),1
770556631055604,7601,0.1427471454326923,,,0
262991555097973,7600,0.1427283653846154,Bacteroides (3),Bacteroidota (3),3
629834858896028,7600,0.1427283653846154,Prevotella (10); SFTJ01 (1); Bacteroides (1),Bacteroidota (13),13
720931662032928,7600,0.1427283653846154,Faecalibacterium (4),Bacillota (4),4
179784528806703,7599,0.1427095853365384,Roseburia (1),Bacillota (1),1
610620907747296,7598,0.1426908052884615,Parabacteroides (4),Bacteroidota (4),4
813151413287291,7598,0.1426908052884615,Faecalibacterium (2); Collinsella (1),Bacillota (2); Actinomycetota (1),3
799280136883525,7597,0.1426720252403846,Bilifractor (3); Brotaphodocola (2); Pilosibacter (2),Bacillota (10),10
503619444248389,7596,0.1426532451923076,Enterocloster (1); Sellimonas (1); Lawsonibacter (1),Bacillota (7),7
855782017930196,7596,0.1426532451923076,Collinsella (718); Parolsenella (2),Actinomycetota (720),720
31557770479752,7595,0.1426344651442307,Faecalibacterium (1),Bacillota (1),1
808030796851608,7595,0.1426344651442307,Bacteroides (3),Bacteroidota (3),3
148322433793004,7592,0.142578125,Parabacteroides (4),Bacteroidota (4),4
234203630683187,7585,0.1424466646634615,Gemmiger (5),Bacillota (5),5
475478823200480,7585,0.1424466646634615,Fusicatenibacter (1),Bacillota (1),1
694659962053196,7585,0.1424466646634615,Bacteroides (2),Bacteroidota (2),2
542547208452019,7584,0.1424278846153846,Streptomyces (2); JADJCA01 (1); Qipengyuania_C (1),Actinomycetota (2); Myxococcota_A (1); Pseudomonadota (1),4
798129854052900,7581,0.1423715444711538,,,0
905754499150941,7581,0.1423715444711538,Bacteroides (4); Phocaeicola (1); Otoolea (1),Bacteroidota (5); Bacillota (1),6
559067709530488,7580,0.1423527644230769,Faecalibacterium (2),Bacillota (2),2
598964221992859,7580,0.1423527644230769,Bifidobacterium (1),Actinomycetota (1),1
431542695215669,7579,0.142333984375,Bacteroides (1),Bacteroidota (1),1
452257181550738,7579,0.142333984375,Roseburia (1),Bacillota (1),1
889949464937921,7579,0.142333984375,Collinsella (1); Bifidobacterium (1); Granulimonas (1),Actinomycetota (3),3
761931076690869,7577,0.1422964242788461,Faecalibacterium (2); Collinsella (1),Bacillota (2); Actinomycetota (1),3
719684556217511,7576,0.1422776442307692,Bacteroides (5),Bacteroidota (5),5
865294301400765,7576,0.1422776442307692,Bifidobacterium (3),Actinomycetota (3),3
915422982385894,7575,0.1422588641826923,Acetatifactor (1),Bacillota (1),1
395143500559208,7572,0.1422025240384615,Bacteroides (5),Bacteroidota (5),5
169355654811638,7570,0.1421649639423076,Roseburia (1),Bacillota (1),1
845014826052570,7568,0.1421274038461538,Bifidobacterium (2),Actinomycetota (2),2
199841950752751,7567,0.1421086237980769,Bacteroides (1),Bacteroidota (1),1
703592848856179,7567,0.1421086237980769,Bacteroides (2),Bacteroidota (2),2
828032182059992,7565,0.142071063701923,Gemmiger (1),Bacillota (1),1
458667215773868,7564,0.1420522836538461,Bifidobacterium (2),Actinomycetota (2),2
501698901931486,7564,0.1420522836538461,Gemmiger (1); Collinsella (1),Bacillota (1); Actinomycetota (1),2
346888297238313,7562,0.1420147235576923,Blautia_A (1),Bacillota (1),1
200892282344802,7561,0.1419959435096154,Bacteroides (1),Bacteroidota (1),1
265679580246389,7560,0.1419771634615384,Limivivens (1); Treponema_G (1); Faecalibacillus (1),Bacillota (2); Spirochaetota (1); Bacillota_I (1),4
359373752158918,7556,0.1419020432692307,Gemmiger (1),Bacillota (1),1
784517192926035,7555,0.1418832632211538,Coprococcus_A (2); Enterocloster (2); Mediterraneibacter (1),Bacillota (6),6
821915000371493,7554,0.1418644831730769,RUG159 (2); Faecalibacterium (2),Bacillota (4),4
84231919337578,7550,0.1417893629807692,Collinsella (4); Pseudoflavonifractor_A (1); Gemmiger (1),Actinomycetota (4); Bacillota (3),7
53673643683110,7549,0.1417705829326923,,,0
333118218937440,7546,0.1417142427884615,Gemmiger (1),Bacillota (1),1
839696725285161,7542,0.1416391225961538,,,0
439952359371850,7541,0.1416203425480769,Roseburia (4),Bacillota (4),4
727828479359424,7538,0.1415640024038461,Roseburia (1),Bacillota (1),1
346489527496266,7536,0.1415264423076923,Bacteroides (2),Bacteroidota (2),2
208038962196013,7535,0.1415076622596154,Bacteroides (3),Bacteroidota (3),3
83186151526633,7533,0.1414701021634615,Fusicatenibacter (1),Bacillota (1),1
317675691822070,7531,0.1414325420673076,Bacteroides (3),Bacteroidota (3),3
680379940604028,7530,0.1414137620192307,Faecalibacterium (1),Bacillota (1),1
603242779227251,7528,0.1413762019230769,Fusicatenibacter (2),Bacillota (2),2
725896334253442,7528,0.1413762019230769,Anaerobutyricum (2),Bacillota (2),2
232706262691245,7524,0.1413010817307692,Gemmiger (1),Bacillota (1),1
781451009221743,7523,0.1412823016826923,Collinsella (715),Actinomycetota (715),715
324383569074312,7522,0.1412635216346154,Roseburia (1),Bacillota (1),1
681713423048639,7521,0.1412447415865384,Bacteroides (1),Bacteroidota (1),1
805701920588765,7520,0.1412259615384615,Escherichia (5); Alkalicoccobacillus (1); G047199115 (1),Pseudomonadota (7); Bacillota (1),8
578224661471458,7519,0.1412071814903846,Escherichia (3); G047199115 (1); Enterobacter (1),Pseudomonadota (5),5
841577784477303,7519,0.1412071814903846,Phocaeicola (2); Parabacteroides (1),Bacteroidota (3),3
498386085447853,7517,0.1411696213942307,Hominiventricola (1); Roseburia (1); Blautia_A (1),Bacillota (3),3
508017609891576,7517,0.1411696213942307,Anaerostipes (1),Bacillota (1),1
114490254710042,7513,0.141094501201923,,,0
506700832206111,7513,0.141094501201923,Anaerostipes (2),Bacillota (2),2
617417269376419,7509,0.1410193810096154,Roseburia (1),Bacillota (1),1
376888539159748,7507,0.1409818209134615,Palsa-504 (26); Streptomyces (25); CSP1-8 (8),Actinomycetota (182); Desulfobacterota (20); Bacillota (14),245
495758575797260,7506,0.1409630408653846,Parabacteroides (2); Turicimonas (1),Bacteroidota (2); Pseudomonadota (1),3
758847662790642,7502,0.1408879206730769,Oscillibacter (3); CAG-170 (1); Vescimonas (1),Bacillota (5),5
780863509878736,7502,0.1408879206730769,Bacteroides (4); Mobilitalea (1),Bacteroidota (4); Bacillota (1),5
324819797075368,7501,0.140869140625,Bacteroides (4),Bacteroidota (4),4
771604315605597,7501,0.140869140625,Faecalibacterium (14),Bacillota (14),14
895587826394782,7501,0.140869140625,Brotaphodocola (1); Blautia (1); Eubacterium_I (1),Bacillota (3),3
717729753064273,7497,0.1407940204326923,Bacteroides (1),Bacteroidota (1),1
400333098458525,7495,0.1407564603365384,Gemmiger (3),Bacillota (3),3
759982762361007,7495,0.1407564603365384,Blautia_A (1),Bacillota (1),1
158192056623194,7494,0.1407376802884615,Bacteroides (2),Bacteroidota (2),2
357600307700496,7491,0.1406813401442307,Bacteroides (2),Bacteroidota (2),2
737264598989355,7490,0.1406625600961538,Anaerobutyricum (2),Bacillota (2),2
852553484309484,7490,0.1406625600961538,Faecalibacterium (1),Bacillota (1),1
80478574495003,7489,0.1406437800480769,Roseburia (1),Bacillota (1),1
83187938343520,7488,0.140625,Roseburia (4); Butyribacter (2); Ruminococcoides (1),Bacillota (11),11
450763182110618,7488,0.140625,Fusicatenibacter (1),Bacillota (1),1
708447374693463,7488,0.140625,Faecalibacterium (1),Bacillota (1),1
514368217408232,7487,0.140606219951923,Faecalibacterium (1),Bacillota (1),1
383090547212494,7486,0.1405874399038461,Anaerostipes (2),Bacillota (2),2
915369552755424,7484,0.1405498798076923,Bacteroides (2),Bacteroidota (2),2
438530130066175,7483,0.1405310997596154,Anaerostipes (1),Bacillota (1),1
744456252430287,7483,0.1405310997596154,Gemmiger (1),Bacillota (1),1
35211717646233,7482,0.1405123197115384,Collinsella (2); Pseudoflavonifractor_A (1); Hominicoprocola (1),Bacillota (4); Actinomycetota (2); Bacteroidota (1),7
44468483292844,7482,0.1405123197115384,,,0
227354549662196,7482,0.1405123197115384,Faecalibacterium (8); Gemmiger_A (2); SIG644 (1),Bacillota (14),14
749182311377432,7482,0.1405123197115384,Roseburia (1),Bacillota (1),1
248191778960448,7481,0.1404935396634615,Gemmiger (1),Bacillota (1),1
887658937196142,7480,0.1404747596153846,Pilosibacter (2); Claveliimonas (1); Roseburia (1),Bacillota (4),4
876372818547181,7478,0.1404371995192307,Fusicatenibacter (1),Bacillota (1),1
504236424373277,7474,0.140362079326923,Anaerostipes (2),Bacillota (2),2
369310980537450,7473,0.1403432992788461,Prevotella (13); Bacteroides (2); Phocaeicola (2),Bacteroidota (17),17
739468542858989,7473,0.1403432992788461,Bacteroides (4),Bacteroidota (4),4
147495810950950,7472,0.1403245192307692,Bacteroides (7); Parabacteroides (4); Phocaeicola (2),Bacteroidota (13),13
461443500412228,7471,0.1403057391826923,Bacteroides (3),Bacteroidota (3),3
662997038166742,7471,0.1403057391826923,Bacteroides (4); Muribaculum (3); Prevotella (2),Bacteroidota (20),20
319087011781426,7470,0.1402869591346154,Roseburia (1),Bacillota (1),1
525676894375332,7470,0.1402869591346154,Faecalibacterium (1),Bacillota (1),1
201280713589636,7469,0.1402681790865384,Anaerostipes (3),Bacillota (3),3
528197128609148,7469,0.1402681790865384,Bacteroides (2),Bacteroidota (2),2
286608223938861,7468,0.1402493990384615,Acetatifactor (4),Bacillota (4),4
224784492270603,7461,0.140117938701923,Roseburia (3); Blautia_A (2); Claveliimonas (2),Bacillota (15),15
316116823927484,7461,0.140117938701923,Bacteroides (4); Caccoplasma (1),Bacteroidota (5),5
119820426353672,7460,0.1400991586538461,Parabacteroides (3),Bacteroidota (3),3
295573543410680,7460,0.1400991586538461,Fusicatenibacter (1),Bacillota (1),1
583300366440653,7460,0.1400991586538461,Anaerostipes (1),Bacillota (1),1
685533045835521,7457,0.1400428185096154,Bacteroides (2),Bacteroidota (2),2
816786466472641,7455,0.1400052584134615,Faecalibacterium (1),Bacillota (1),1
697822465782701,7454,0.1399864783653846,Blautia_A (5),Bacillota (5),5
821587313119543,7454,0.1399864783653846,Bacteroides (2),Bacteroidota (2),2
396916531753414,7453,0.1399676983173076,Anaerostipes (1),Bacillota (1),1
723910019894498,7453,0.1399676983173076,Vescimonas (6),Bacillota (6),6
896781627583924,7452,0.1399489182692307,Roseburia (2),Bacillota (2),2
443703681086610,7451,0.1399301382211538,Roseburia (1),Bacillota (1),1
48303960477751,7450,0.1399113581730769,Bacteroides (4),Bacteroidota (4),4
423237484460012,7448,0.139873798076923,Roseburia (1),Bacillota (1),1
124886730548535,7442,0.1397611177884615,ECMA0423 (1); Escherichia (1),Pseudomonadota (2),2
643020389590186,7438,0.1396859975961538,Anaerobutyricum (5),Bacillota (5),5
138257480551900,7436,0.1396484375,,,0
423350167704372,7433,0.1395920973557692,Anaerostipes (1),Bacillota (1),1
301224301355170,7431,0.1395545372596154,Phocaeicola (1); Bacteroides (1); Barnesiella_B (1),Bacteroidota (3),3
551091427357223,7431,0.1395545372596154,CAWCAY01 (1); Gemmiger (1),JAUVQV01 (1); Bacillota (1),2
758972259066155,7431,0.1395545372596154,Bacteroides (3),Bacteroidota (3),3
451111743680025,7430,0.1395357572115384,Parabacteroides (1),Bacteroidota (1),1
24566137330730,7429,0.1395169771634615,Gemmiger (1),Bacillota (1),1
58825731374609,7427,0.1394794170673076,,,0
728830922280291,7424,0.1394230769230769,Roseburia (1),Bacillota (1),1
855106584780355,7423,0.139404296875,Anaerostipes (1),Bacillota (1),1
153925655939272,7422,0.139385516826923,,,0
566921317575854,7422,0.139385516826923,Bifidobacterium (2),Actinomycetota (2),2
678306947901182,7420,0.1393479567307692,Faecalibacterium (1),Bacillota (1),1
321813304567055,7419,0.1393291766826923,Roseburia (1),Bacillota (1),1
794377988919299,7418,0.1393103966346154,Roseburia (1),Bacillota (1),1
403512700263165,7415,0.1392540564903846,Gemmiger (1),Bacillota (1),1
747693427686645,7414,0.1392352764423076,Acetatifactor (3),Bacillota (3),3
828034277318063,7414,0.1392352764423076,Lachnospira (2); CAG-245 (1); Jutongia (1),Bacillota (6),6
537108999099355,7413,0.1392164963942307,Roseburia (1),Bacillota (1),1
320230445685742,7410,0.13916015625,Blautia_A (4),Bacillota (4),4
893525581920081,7406,0.1390850360576923,Bacteroides (1),Bacteroidota (1),1
308805853733111,7399,0.1389535757211538,Bacteroides (3),Bacteroidota (3),3
173208128341649,7398,0.1389347956730769,Alistipes (1),Bacteroidota (1),1
467001635162552,7398,0.1389347956730769,Roseburia (2); UBA2882 (1); Enterocloster (1),Bacillota (5),5
106208001016639,7395,0.1388784555288461,Blautia_A (1); Marvinbryantia (1),Bacillota (2),2
219871530416530,7393,0.1388408954326923,Bacteroides (1),Bacteroidota (1),1
761759878087494,7392,0.1388221153846154,Bacteroides (3),Bacteroidota (3),3
374463639749883,7391,0.1388033353365384,Bacteroides (5),Bacteroidota (5),5
874253664085286,7390,0.1387845552884615,Parabacteroides (7),Bacteroidota (7),7
242824612662528,7389,0.1387657752403846,Roseburia (1),Bacillota (1),1
610289333987486,7389,0.1387657752403846,Blautia_A (5),Bacillota (5),5
885534603492559,7389,0.1387657752403846,Blautia_A (6),Bacillota (6),6
116160229027785,7388,0.1387469951923076,Gemmiger (4),Bacillota (4),4
780528172888741,7388,0.1387469951923076,Bacteroides (6),Bacteroidota (6),6
459798921216631,7387,0.1387282151442307,,,0
373443370697300,7385,0.1386906550480769,Bacteroides (4),Bacteroidota (4),4
653951028962995,7385,0.1386906550480769,,,0
900122471658698,7384,0.138671875,Roseburia (1); W0P33-017 (1),Bacillota (2),2
334055234290739,7383,0.138653094951923,Enterobacter (1); G047199095 (1); G047199115 (1),Pseudomonadota (3),3
888529308438162,7382,0.1386343149038461,Roseburia (1),Bacillota (1),1
479558485839970,7381,0.1386155348557692,Bacteroides (1),Bacteroidota (1),1
572286139919033,7381,0.1386155348557692,Faecalibacterium (7); Collinsella (1),Bacillota (7); Actinomycetota (1),8
865839089968036,7381,0.1386155348557692,Bacteroides (2),Bacteroidota (2),2
879303147510542,7381,0.1386155348557692,Bacteroides (3),Bacteroidota (3),3
899810432489433,7381,0.1386155348557692,Acetatifactor (4),Bacillota (4),4
650194095383241,7375,0.1385028545673076,Bifidobacterium (2),Actinomycetota (2),2
94467813547943,7373,0.1384652944711538,Alistipes (1),Bacteroidota (1),1
625122535721640,7373,0.1384652944711538,Roseburia (1),Bacillota (1),1
293580286109011,7371,0.138427734375,Bacteroides (21); Phocaeicola (2),Bacteroidota (23),23
442541090808534,7368,0.1383713942307692,Gemmiger (1),Bacillota (1),1
714457412416854,7368,0.1383713942307692,Bacteroides (2),Bacteroidota (2),2
38134627284560,7363,0.1382774939903846,Bacteroides (4),Bacteroidota (4),4
188586898136336,7360,0.1382211538461538,Faecalibacterium (1),Bacillota (1),1
11846478812640,7358,0.13818359375,Bacteroides (3),Bacteroidota (3),3
70370675312741,7358,0.13818359375,Faecalibacterium (3),Bacillota (3),3
751779504499796,7357,0.138164813701923,Parabacteroides (3),Bacteroidota (3),3
102018965021502,7356,0.1381460336538461,Brotonthovivens (1); JAGTTR01 (1); Coprococcus (1),Bacillota (8); Bacillota_I (1),9
398688077282236,7356,0.1381460336538461,Anaerostipes (1),Bacillota (1),1
704108097153412,7356,0.1381460336538461,Bacteroides (3),Bacteroidota (3),3
150520840529905,7354,0.1381084735576923,Gemmiger (1),Bacillota (1),1
708615185296078,7354,0.1381084735576923,Roseburia (1),Bacillota (1),1
760139580345284,7352,0.1380709134615384,Ruthenibacterium (1); QVMH01 (1),Bacillota (1); Bacteroidota (1),2
35839563060359,7351,0.1380521334134615,Bacteroides (2),Bacteroidota (2),2
525361195686190,7349,0.1380145733173076,Acidovorax (25); Mycobacterium (23); Telluria (23),Pseudomonadota (339); Planctomycetota (58); Acidobacteriota (50),582
754433002259008,7349,0.1380145733173076,Faecalibacterium (2),Bacillota (2),2
687119653274063,7348,0.1379957932692307,Bacteroides (7),Bacteroidota (7),7
155458273898665,7346,0.1379582331730769,Bacteroides (3),Bacteroidota (3),3
72333686637678,7343,0.1379018930288461,Roseburia (1),Bacillota (1),1
867019643641762,7342,0.1378831129807692,Acetatifactor (7); Pararoseburia (2); Suilimivivens (1),Bacillota (13),13
823042703235534,7336,0.1377704326923076,Fusicatenibacter (2),Bacillota (2),2
414176331451358,7334,0.1377328725961538,Blautia_A (3),Bacillota (3),3
97725122246740,7333,0.1377140925480769,Blautia_A (1); Fusicatenibacter (1),Bacillota (2),2
308608958951635,7333,0.1377140925480769,Phocaeicola (1),Bacteroidota (1),1
453413526693539,7331,0.137676532451923,Bacteroides (3); Phocaeicola (2); Alloprevotella (1),Bacteroidota (8),8
502250996297227,7330,0.1376577524038461,Gemmiger (1),Bacillota (1),1
244927002400013,7329,0.1376389723557692,Acetatifactor (4),Bacillota (4),4
627494592076635,7329,0.1376389723557692,Anaerostipes (2),Bacillota (2),2
57038481020229,7327,0.1376014122596154,Faecalibacterium (1),Bacillota (1),1
312760379896112,7327,0.1376014122596154,Bacteroides (5),Bacteroidota (5),5
726758320335897,7326,0.1375826322115384,Blautia_A (1),Bacillota (1),1
92719812232156,7322,0.1375075120192307,Bacteroides (3),Bacteroidota (3),3
42798057399332,7318,0.137432391826923,Roseburia (2); Bacteroides_F (1),Bacillota (3),3
463471724957579,7317,0.1374136117788461,Escherichia (5); Streptomyces (2); Paenibacillus (1),Pseudomonadota (17); Bacillota (7); Bacteroidota (4),31
879129537078300,7317,0.1374136117788461,Parabacteroides (1),Bacteroidota (1),1
389496696438959,7313,0.1373384915865384,Gemmiger (1),Bacillota (1),1
150780086566676,7310,0.1372821514423076,Faecalibacterium (4),Bacillota (4),4
58654754699787,7308,0.1372445913461538,Ruminococcoides (3); Pseudoruminococcus (1),Bacillota (4),4
553189146363285,7308,0.1372445913461538,Mediterraneibacter (1),Bacillota (1),1
636001814755545,7307,0.1372258112980769,Faecalibacterium (1),Bacillota (1),1
377618668851960,7303,0.1371506911057692,Parabacteroides (1),Bacteroidota (1),1
903241448292042,7303,0.1371506911057692,Fusicatenibacter (1),Bacillota (1),1
643221678568691,7302,0.1371319110576923,Ruminococcoides (2),Bacillota (2),2
455665747758328,7300,0.1370943509615384,Fimisoma (1); Blautia_A (1); Brotaphodocola (1),Bacillota (8),8
572883461625653,7299,0.1370755709134615,Fusicatenibacter (1),Bacillota (1),1
621308983299062,7299,0.1370755709134615,Acetatifactor (1),Bacillota (1),1
863657665866711,7298,0.1370567908653846,Ruminococcoides (4),Bacillota (4),4
764390838536245,7297,0.1370380108173076,,,0
565968304041921,7296,0.1370192307692307,Bacteroides (2),Bacteroidota (2),2
705486998814144,7296,0.1370192307692307,Phocaeicola (4); Bacteroides (1),Bacteroidota (5),5
804001827159717,7296,0.1370192307692307,Bifidobacterium (2); Collinsella (2),Actinomycetota (4),4
822846992286409,7295,0.1370004507211538,Roseburia (1),Bacillota (1),1
667030376274133,7294,0.1369816706730769,Phocaeicola (4); Bacteroides (1),Bacteroidota (5),5
388646198917653,7291,0.1369253305288461,Faecalibacterium (1),Bacillota (1),1
809702426116353,7286,0.1368314302884615,Faecalibacterium (2),Bacillota (2),2
831595539038153,7286,0.1368314302884615,Alistipes (1),Bacteroidota (1),1
679806499346066,7284,0.1367938701923076,Escherichia (4); ECMA0423 (1); Enterobacter (1),Pseudomonadota (7),7
303775174627314,7282,0.1367563100961538,Anaerostipes (2),Bacillota (2),2
388011287931178,7282,0.1367563100961538,Bacteroides (3),Bacteroidota (3),3
661644393044318,7282,0.1367563100961538,Eubacterium_F (1); Enterocloster (1); Pseudoflavonifractor_A (1),Bacillota (14),14
868546299563397,7281,0.1367375300480769,Fusicatenibacter (1),Bacillota (1),1
19311594297117,7280,0.13671875,Faecalibacterium (4),Bacillota (4),4
276807431757643,7280,0.13671875,Escherichia (3); Enterobacter (2); ECMA0423 (1),Pseudomonadota (8),8
370128413643003,7279,0.136699969951923,Acetatifactor (18),Bacillota (18),18
503958748509833,7276,0.1366436298076923,Parabacteroides (4),Bacteroidota (4),4
535529846993104,7275,0.1366248497596154,Anaerobutyricum (4),Bacillota (4),4
753888749469142,7275,0.1366248497596154,Fusicatenibacter (2),Bacillota (2),2
564754396867123,7274,0.1366060697115384,Dorea_A (2),Bacillota (2),2
766062748791787,7271,0.1365497295673076,Roseburia (2),Bacillota (2),2
264913852054176,7270,0.1365309495192307,Faecalibacterium (1),Bacillota (1),1
724011823902566,7269,0.1365121694711538,,,0
455882408243608,7268,0.1364933894230769,Bacteroides (3); Collinsella (1),Bacteroidota (3); Actinomycetota (1),4
448382253426283,7267,0.136474609375,Escherichia (3); Microbacterium (1); Enterobacter (1),Pseudomonadota (5); Actinomycetota (1),6
678257712777159,7267,0.136474609375,Blautia_A (1),Bacillota (1),1
718613686168671,7267,0.136474609375,Faecalibacterium (1),Bacillota (1),1
582887977452881,7265,0.1364370492788461,Bacteroides (1),Bacteroidota (1),1
690811337035507,7264,0.1364182692307692,Blautia_A (1),Bacillota (1),1
53944186721291,7262,0.1363807091346154,,,0
386583218692780,7262,0.1363807091346154,Bacteroides (1),Bacteroidota (1),1
166971187909713,7261,0.1363619290865384,Blautia_A (5); Collinsella (1),Bacillota (5); Actinomycetota (1),6
124235852508136,7260,0.1363431490384615,Gemmiger (1),Bacillota (1),1
498980133564683,7260,0.1363431490384615,Blautia_A (6),Bacillota (6),6
354016901829413,7259,0.1363243689903846,Faecalibacterium (2),Bacillota (2),2
567608127865628,7259,0.1363243689903846,,,0
164345961207542,7256,0.1362680288461538,,,0
579073876226658,7256,0.1362680288461538,Anaerobutyricum (2),Bacillota (2),2
408150105302203,7252,0.1361929086538461,Avoscillospira_A (1); F23-B02 (1),Bacillota (2),2
455484983093982,7251,0.1361741286057692,Phocaeicola (2),Bacteroidota (2),2
814136408668738,7251,0.1361741286057692,Bacteroides (2),Bacteroidota (2),2
297036697859248,7250,0.1361553485576923,Dorea_A (3); Collinsella (1),Bacillota (3); Actinomycetota (1),4
801036637084817,7249,0.1361365685096154,Bacteroides (2),Bacteroidota (2),2
697977014629391,7248,0.1361177884615384,Alistipes (1),Bacteroidota (1),1
834647436207491,7248,0.1361177884615384,Blautia_A (4),Bacillota (4),4
105947078014017,7247,0.1360990084134615,,,0
218694129231250,7244,0.1360426682692307,Fusicatenibacter (1),Bacillota (1),1
241814990055110,7243,0.1360238882211538,Lachnospira (2); Schaedlerella (1),Bacillota (3),3
893311285746273,7243,0.1360238882211538,Anaerotruncus (1); Intestinimonas (1); HGM13006 (1),Bacillota (5),5
683750010515545,7241,0.135986328125,Faecalibacterium (11); Gemmiger (1); Sphaerochaeta (1),Bacillota (14); Spirochaetota (1),15
748717651426304,7241,0.135986328125,Anaerostipes (1),Bacillota (1),1
756886715065362,7238,0.1359299879807692,CADCWF01 (1); DT-68 (1); UBA969 (1),Chloroflexota (1); Bacillota_I (1); Planctomycetota (1),4
912273008774802,7238,0.1359299879807692,Roseburia (1),Bacillota (1),1
800083953302506,7237,0.1359112079326923,Anaerostipes (1),Bacillota (1),1
267287882106188,7236,0.1358924278846154,Phocaeicola (3); Bacteroides (1),Bacteroidota (4),4
490474926281285,7236,0.1358924278846154,Escherichia (6); Enterobacter (1); G047199115 (1),Pseudomonadota (8),8
45187617150028,7234,0.1358548677884615,Bacteroides (2); UPXZ01 (1); Prevotella (1),Bacteroidota (4),4
305572838408585,7234,0.1358548677884615,Phocaeicola (1),Bacteroidota (1),1
457127005460570,7229,0.1357609675480769,Parabacteroides (5),Bacteroidota (5),5
782941337170512,7229,0.1357609675480769,Bacteroides (4); Phocaeicola (2); Alloprevotella (1),Bacteroidota (8); Bacillota (1),9
631387737986695,7228,0.1357421875,,,0
422992423276545,7227,0.135723407451923,Faecalibacterium (1),Bacillota (1),1
885104283238214,7226,0.1357046274038461,Bacteroides (2),Bacteroidota (2),2
58688533849742,7224,0.1356670673076923,Faecalibacterium (12),Bacillota (12),12
13532825779858,7222,0.1356295072115384,Roseburia (1),Bacillota (1),1
105316625447999,7222,0.1356295072115384,Bacteroides (6),Bacteroidota (6),6
127408596527272,7222,0.1356295072115384,Roseburia (2),Bacillota (2),2
598537319814122,7221,0.1356107271634615,Parabacteroides (3),Bacteroidota (3),3
567235161634738,7218,0.1355543870192307,Bacteroides (1),Bacteroidota (1),1
904536060266619,7218,0.1355543870192307,Bacteroides (2),Bacteroidota (2),2
142246905907858,7213,0.1354604867788461,Anaerotruncus (1); Butyricicoccus_B (1); Intestinimonas (1),Bacillota (6),6
62249294297158,7211,0.1354229266826923,Bacteroides (2),Bacteroidota (2),2
63634069211533,7210,0.1354041466346154,Phocaeicola (1),Bacteroidota (1),1
541692752700045,7210,0.1354041466346154,Faecalibacterium (4); COE1 (1),Bacillota (5),5
648550939756264,7206,0.1353290264423076,Bacteroides (2),Bacteroidota (2),2
467892351210526,7202,0.13525390625,Bacteroides (1),Bacteroidota (1),1
17012496918706,7199,0.1351975661057692,Blautia_A (2),Bacillota (2),2
597061342721133,7197,0.1351600060096154,Blautia_A (8); Oliverpabstia (1),Bacillota (9),9
743118337532557,7197,0.1351600060096154,Streptococcus (12),Bacillota (12),12
206814318561348,7196,0.1351412259615384,Bacteroides (2),Bacteroidota (2),2
663912761266477,7193,0.1350848858173076,Metaruminococcus_A (1); Gemmiger (1),Bacillota (2),2
651179740686557,7190,0.1350285456730769,Allocoprococcus (3),Bacillota (3),3
92205936372712,7188,0.134990985576923,Phocaeicola (3); Eubacterium_G (1),Bacteroidota (3); Bacillota (1),4
348601715019808,7186,0.1349534254807692,Roseburia (1),Bacillota (1),1
458525202256526,7184,0.1349158653846154,Gemmiger (1); Faecousia (1),Bacillota (2),2
388139508854432,7183,0.1348970853365384,Bacteroides (2); Prevotella (1),Bacteroidota (3),3
891286890189105,7183,0.1348970853365384,Anaerobutyricum (2),Bacillota (2),2
2219168097973,7180,0.1348407451923076,Faecalibacterium (1); Gemmiger (1),Bacillota (2),2
360445978530580,7180,0.1348407451923076,Bacteroides (4),Bacteroidota (4),4
772984998282926,7178,0.1348031850961538,Escherichia (4); ECMA0423 (1); G047199095 (1),Pseudomonadota (6),6
234956970851044,7175,0.134746844951923,Escherichia (2); G047199095 (1); G047199115 (1),Pseudomonadota (4),4
780496258335391,7175,0.134746844951923,Acetatifactor (4),Bacillota (4),4
210281299015258,7174,0.1347280649038461,Blautia_A (4),Bacillota (4),4
289414559209660,7174,0.1347280649038461,Bacteroides (4),Bacteroidota (4),4
33857394984793,7173,0.1347092848557692,,,0
62368357618835,7173,0.1347092848557692,Blautia_A (1); Laedolimicola (1),Bacillota (2),2
262087353866622,7173,0.1347092848557692,Bacteroides (4); Collinsella (1),Bacteroidota (4); Actinomycetota (1),5
282573154923277,7173,0.1347092848557692,Blautia_A (4),Bacillota (4),4
320454190342,7171,0.1346717247596154,Bacteroides (7),Bacteroidota (7),7
39759333710629,7170,0.1346529447115384,Enterobacter (2); Escherichia (2); ECMA0423 (1),Pseudomonadota (6); Bacillota (1),7
373172890580150,7168,0.1346153846153846,Ruminococcoides (5),Bacillota (5),5
414036507530140,7168,0.1346153846153846,Anaerotruncus (1); Intestinimonas (1); HGM13006 (1),Bacillota (5),5
717461247791651,7168,0.1346153846153846,Roseburia (1),Bacillota (1),1
48458329776827,7166,0.1345778245192307,Gemmiger (3),Bacillota (3),3
62998820795759,7166,0.1345778245192307,Gemmiger (1),Bacillota (1),1
813253678885017,7166,0.1345778245192307,Ruminococcoides (2),Bacillota (2),2
429066827680934,7165,0.1345590444711538,Onthomonas (1); Gemmiger (1); UMGS1484 (1),Bacillota (3),3
913523179184475,7162,0.134502704326923,Bacteroides (6),Bacteroidota (6),6
138562272289143,7161,0.1344839242788461,Parabacteroides (1),Bacteroidota (1),1
525175003548143,7159,0.1344463641826923,Parabacteroides (2),Bacteroidota (2),2
673066210920410,7159,0.1344463641826923,Collinsella (680),Actinomycetota (680),680
917495298690374,7159,0.1344463641826923,Roseburia (2); Pararoseburia (2),Bacillota (4),4
816398965611364,7158,0.1344275841346154,Gemmiger (1),Bacillota (1),1
345051229250647,7155,0.1343712439903846,Bacteroides (2),Bacteroidota (2),2
725729967188121,7153,0.1343336838942307,Bacteroides (7),Bacteroidota (7),7
720890953565654,7152,0.1343149038461538,Allocoprococcus (2); UMGS902 (1),Bacillota (3),3
1986441761172,7147,0.1342210036057692,Lachnospira (1); Blautia_A (1); Butyribacter (1),Bacillota (3),3
66201713251252,7147,0.1342210036057692,Faecalibacterium (2),Bacillota (2),2
621574639865207,7147,0.1342210036057692,JAQWFD01 (1); Fusicatenibacter (1),Desulfobacterota (1); Bacillota (1),2
59717042870374,7146,0.1342022235576923,Faecalibacterium (5); Gemmiger (1),Bacillota (6),6
336611091941936,7145,0.1341834435096154,Dorea_A (3),Bacillota (3),3
64255345878388,7144,0.1341646634615384,Parabacteroides (3),Bacteroidota (3),3
804752268383395,7144,0.1341646634615384,Bifidobacterium (2),Actinomycetota (2),2
43369912924854,7138,0.1340519831730769,Alistipes (1),Bacteroidota (1),1
695946386298591,7137,0.134033203125,Bacteroides (2),Bacteroidota (2),2
853112866386980,7137,0.134033203125,Faecalibacterium (3); Hominiventricola (1); Limivivens (1),Bacillota (14),14
240147800748145,7136,0.134014423076923,Faecalibacterium (2),Bacillota (2),2
919459330366869,7134,0.1339768629807692,Bacteroides (2); Ruminiclostridium (1),Bacteroidota (2); Bacillota (1),3
359125626388050,7127,0.1338454026442307,Mediterraneibacter (1),Bacillota (1),1
156396178058593,7125,0.1338078425480769,Gemmiger (1),Bacillota (1),1
817203652016085,7125,0.1338078425480769,Bifidobacterium (2),Actinomycetota (2),2
53671894545823,7123,0.133770282451923,Roseburia (1),Bacillota (1),1
246817095059161,7122,0.1337515024038461,Gemmiger (1),Bacillota (1),1
808826177799948,7122,0.1337515024038461,Bacteroides (3),Bacteroidota (3),3
506227147529743,7121,0.1337327223557692,Blautia_A (2),Bacillota (2),2
825116611607631,7121,0.1337327223557692,Escherichia (10); Enterobacter (3); ECMA0423 (1),Pseudomonadota (16),16
911552504689844,7121,0.1337327223557692,Bacteroides (4),Bacteroidota (4),4
698323959604559,7120,0.1337139423076923,Ruminococcoides (4),Bacillota (4),4
543382646175149,7119,0.1336951622596154,Escherichia (6); Enterobacter (1); G047199115 (1),Pseudomonadota (9),9
821629032764415,7119,0.1336951622596154,Blautia_A (1),Bacillota (1),1
371629382130828,7117,0.1336576021634615,Bacteroides (1),Bacteroidota (1),1
200579532883153,7116,0.1336388221153846,Enterobacter (2); Escherichia (2); ECMA0423 (1),Pseudomonadota (5); Bacteroidota (1),6
118043262623074,7114,0.1336012620192307,Bacteroides (3),Bacteroidota (3),3
345909954098757,7114,0.1336012620192307,Lacrimispora (7); UBA3282 (6); Brotaphodocola (5),Bacillota (58),58
420298952244384,7114,0.1336012620192307,Parabacteroides (1),Bacteroidota (1),1
110625604597938,7113,0.1335824819711538,Faecalibacterium (1),Bacillota (1),1
3019857182491,7111,0.133544921875,Roseburia (2),Bacillota (2),2
635396834370848,7108,0.1334885817307692,Faecalibacterium (1),Bacillota (1),1
108504167887418,7107,0.1334698016826923,Mediterraneibacter (2),Bacillota (2),2
249958189300506,7103,0.1333946814903846,Anaerobutyricum (4); Ruminococcus (1); UMGS1387 (1),Bacillota (9),9
307731492833514,7103,0.1333946814903846,Faecalibacterium (1),Bacillota (1),1
631693624531488,7100,0.1333383413461538,Bacteroides (5); Roseibium (1),Bacteroidota (5); Pseudomonadota (1),6
801264727448474,7100,0.1333383413461538,Faecalibacterium (11),Bacillota (11),11
489515950559616,7099,0.1333195612980769,Lachnospira (7),Bacillota (7),7
664632600475165,7099,0.1333195612980769,Bacteroides (1); Phocaeicola (1),Bacteroidota (2),2
54840587760073,7098,0.13330078125,Laedolimicola (2); Blautia (1); UBA3402 (1),Bacillota (10),10
623801242453748,7097,0.133282001201923,Bacteroides (4); Phocaeicola (2); Parabacteroides (1),Bacteroidota (7),7
374817443410017,7095,0.1332444411057692,Blautia_A (5),Bacillota (5),5
264902499324135,7094,0.1332256610576923,Brotaphodocola (2); Blautia_A (1); Merdivicinus (1),Bacillota (5),5
54541877696482,7092,0.1331881009615384,Faecalibacterium (1),Bacillota (1),1
353456964178182,7092,0.1331881009615384,Parabacteroides (1),Bacteroidota (1),1
171592458117897,7089,0.1331317608173076,Bacteroides (1); Intestinibacter (1),Bacteroidota (1); Bacillota (1),2
241183932541202,7086,0.1330754206730769,Faecalibacterium (1),Bacillota (1),1
336381950103410,7083,0.1330190805288461,Bacteroides (4); Phocaeicola (1),Bacteroidota (5),5
503261747821267,7083,0.1330190805288461,Bacteroides (1),Bacteroidota (1),1
51630650498197,7080,0.1329627403846154,Phocaeicola (1),Bacteroidota (1),1
920758975723894,7080,0.1329627403846154,Bacteroides (3),Bacteroidota (3),3
584783345486532,7079,0.1329439603365384,Bacteroides (1),Bacteroidota (1),1
600404194349792,7079,0.1329439603365384,Bacteroides (2),Bacteroidota (2),2
604821468845133,7079,0.1329439603365384,Faecalibacterium (1),Bacillota (1),1
478074719578859,7078,0.1329251802884615,Roseburia (2),Bacillota (2),2
67321977065082,7077,0.1329064002403846,Blautia_A (3); Marvinbryantia (2),Bacillota (5),5
93857389441194,7077,0.1329064002403846,Escherichia (2); Enterobacter (1); G047199115 (1),Pseudomonadota (5),5
801079978261449,7076,0.1328876201923076,,,0
855338655618364,7076,0.1328876201923076,Faecalibacterium (1),Bacillota (1),1
689350213455294,7075,0.1328688401442307,Faecalibacterium (1),Bacillota (1),1
878826324868381,7075,0.1328688401442307,Bacteroides (3),Bacteroidota (3),3
906062184915483,7075,0.1328688401442307,Blautia_A (5); Choladousia (1),Bacillota (6),6
22305952782082,7074,0.1328500600961538,Vescimonas (8); F23-B02 (1),Bacillota (9),9
571929844262935,7074,0.1328500600961538,Bacteroides (2); Collinsella (1); Phocaeicola (1),Bacteroidota (3); Actinomycetota (1),4
310255783678241,7073,0.1328312800480769,Roseburia (1),Bacillota (1),1
502032182294176,7071,0.132793719951923,Fusicatenibacter (1),Bacillota (1),1
492741136599924,7069,0.1327561598557692,Roseburia (1),Bacillota (1),1
53032056820888,7068,0.1327373798076923,Bacteroides (5),Bacteroidota (5),5
449162550735158,7068,0.1327373798076923,Roseburia (1); Enterocloster (1); Hominifimenecus (1),Bacillota (5),5
379071892355144,7067,0.1327185997596154,Gemmiger (1),Bacillota (1),1
169759092993944,7066,0.1326998197115384,UBA737 (5); Fimenecus (4); Porcipelethomonas (3),Bacillota (58),58
870550039115297,7066,0.1326998197115384,Gemmiger (1),Bacillota (1),1
115050438378372,7065,0.1326810396634615,Bacteroides (2),Bacteroidota (2),2
632467362383450,7064,0.1326622596153846,Bacteroides (5),Bacteroidota (5),5
32827492550950,7063,0.1326434795673076,Blautia_A (1),Bacillota (1),1
211570339248697,7063,0.1326434795673076,Gemmiger (1),Bacillota (1),1
24527769711324,7062,0.1326246995192307,Lachnospira (5),Bacillota (5),5
826172062570130,7058,0.132549579326923,Phocaeicola (1),Bacteroidota (1),1
277672384381308,7053,0.1324556790865384,Gemmiger (2),Bacillota (2),2
297787663833912,7053,0.1324556790865384,Bacteroides (3),Bacteroidota (3),3
135063246236863,7052,0.1324368990384615,Blautia_A (1),Bacillota (1),1
478962994065186,7051,0.1324181189903846,Bacteroides (5),Bacteroidota (5),5
339601936027615,7050,0.1323993389423076,Parabacteroides (1),Bacteroidota (1),1
617210177986727,7049,0.1323805588942307,Parabacteroides (1),Bacteroidota (1),1
863300112519331,7049,0.1323805588942307,Anaerobutyricum (1),Bacillota (1),1
513192518088105,7048,0.1323617788461538,Roseburia (1),Bacillota (1),1
217728967174557,7047,0.1323429987980769,Bacteroides (4),Bacteroidota (4),4
265955175864375,7047,0.1323429987980769,,,0
99704212612649,7045,0.132305438701923,Collinsella (722),Actinomycetota (722),722
785147565426376,7045,0.132305438701923,Roseburia (2),Bacillota (2),2
41462449849037,7044,0.1322866586538461,Ruminococcoides (6),Bacillota (6),6
803772843980232,7044,0.1322866586538461,Bacteroides (3),Bacteroidota (3),3
338144772121653,7041,0.1322303185096154,Streptococcus (11); CALIQN01 (1),Bacillota (12),12
614551015285255,7040,0.1322115384615384,Phocaeicola (1),Bacteroidota (1),1
317630974614167,7038,0.1321739783653846,Gemmiger (1),Bacillota (1),1
162159549772812,7037,0.1321551983173076,Blautia_A (1),Bacillota (1),1
38174864792084,7036,0.1321364182692307,W11650 (2); Phascolarctobacterium_A (1); Schaedlerella (1),Bacillota (17); Spirochaetota (1),18
586379281729266,7036,0.1321364182692307,Bacteroides (3),Bacteroidota (3),3
782655188742432,7035,0.1321176382211538,Escherichia (6); ECMA0423 (1); Enterobacter (1),Pseudomonadota (9),9
684952871218064,7034,0.1320988581730769,Escherichia (2); ECMA0423 (1); G047199115 (1),Pseudomonadota (5),5
894605378705113,7033,0.132080078125,Anaerostipes (2),Bacillota (2),2
280028260142975,7032,0.132061298076923,Parabacteroides (1),Bacteroidota (1),1
73461255424299,7030,0.1320237379807692,Faecalibacterium (2),Bacillota (2),2
209016109346930,7030,0.1320237379807692,Pseudoflavonifractor_A (5); Flavonifractor (4); Lawsonibacter (3),Bacillota (16),16
356746340711310,7030,0.1320237379807692,Oscillibacter (16); Vescimonas (10); Gallimonas (3),Bacillota (47); Desulfobacterota (4); Actinomycetota (1),53
836625700054177,7030,0.1320237379807692,Bacteroides (3); SACZ01 (1),Bacteroidota (4),4
642733691278951,7027,0.1319673978365384,Bacteroides (2),Bacteroidota (2),2
733588962041858,7024,0.1319110576923076,Bacteroides (2),Bacteroidota (2),2
663731391136487,7023,0.1318922776442307,Faecalibacterium (5); CABQAC01 (1),Bacillota (6),6
846511998877823,7023,0.1318922776442307,Bacteroides (3),Bacteroidota (3),3
896560459190468,7023,0.1318922776442307,CAG-115 (2); Oscillibacter (1); UBA11540 (1),Bacillota (6); Bacteroidota (1); Pseudomonadota (1),8
691191525978431,7021,0.1318547175480769,Gemmiger (2); Slackia (1),Bacillota (2); Actinomycetota (1),3
467596844864128,7020,0.1318359375,Roseburia (6); Brotaphodocola (1); Blautia (1),Bacillota (9),9
340582642937698,7018,0.1317983774038461,Gemmiger (1); UMGS1858 (1),Bacillota (2),2
591415868795455,7018,0.1317983774038461,Hominicoprocola (2),Bacillota (2),2
632152787169751,7018,0.1317983774038461,Enterobacter (1); Escherichia (1); ECMA0423 (1),Pseudomonadota (3),3
451463529208473,7017,0.1317795973557692,HGM13006 (2); Anaerotruncus (1); Butyricicoccus_B (1),Bacillota (7),7
789605204967302,7016,0.1317608173076923,Gemmiger (2),Bacillota (2),2
406724047404680,7015,0.1317420372596154,Anaerostipes (2),Bacillota (2),2
302245969323474,7014,0.1317232572115384,Acetatifactor (3),Bacillota (3),3
70384712986110,7010,0.1316481370192307,Parabacteroides (2),Bacteroidota (2),2
215564933663191,7010,0.1316481370192307,Paraburkholderia (3); PALSA-1003 (3); Novosphingobium (3),Pseudomonadota (37); Verrucomicrobiota (5); Bacillota (5),50
402399483194113,7009,0.1316293569711538,Bacteroides (1),Bacteroidota (1),1
343198671735365,7007,0.131591796875,Bacteroides (1),Bacteroidota (1),1
548429657021458,7007,0.131591796875,Allocoprococcus (3),Bacillota (3),3
602227116811933,7007,0.131591796875,Faecalibacterium (1),Bacillota (1),1
30232734724404,7005,0.1315542367788461,Vescimonas (2); Coprococcus_C (1); Caccousia (1),Bacillota (9),9
154074855644778,7004,0.1315354567307692,Prevotella (3); Limisoma (1),Bacteroidota (4),4
670121515872944,7004,0.1315354567307692,Anthropogastromicrobium (1); Otoolea (1); Enterocloster (1),Bacillota (4),4
472638151216016,7003,0.1315166766826923,Bacteroides (2),Bacteroidota (2),2
300651573402504,7001,0.1314791165865384,Hominicoprocola (5); Collinsella (1),Bacillota (5); Actinomycetota (1),6
191183490130244,7000,0.1314603365384615,,,0
344844364461646,7000,0.1314603365384615,Blautia_A (1),Bacillota (1),1
346221790630997,7000,0.1314603365384615,Ruminococcoides (4),Bacillota (4),4
909335822763822,6999,0.1314415564903846,Bacteroides (2),Bacteroidota (2),2
198188881620839,6997,0.1314039963942307,Parabacteroides (1); Prevotella (1),Bacteroidota (2),2
707200897554594,6997,0.1314039963942307,Roseburia (1),Bacillota (1),1
215206114463857,6996,0.1313852163461538,Hominicoprocola (4),Bacillota (4),4
352539747667364,6993,0.131328876201923,Culturomica (1); Bacteroides (1); Butyricimonas (1),Bacteroidota (3),3
72533721069279,6990,0.1312725360576923,Blautia_A (1),Bacillota (1),1
355321631075764,6989,0.1312537560096154,Fusicatenibacter (2),Bacillota (2),2
572453232209222,6988,0.1312349759615384,Parabacteroides (2); Porphyromonas_A (1),Bacteroidota (3),3
759581604987710,6985,0.1311786358173076,Blautia_A (2),Bacillota (2),2
871586079154492,6985,0.1311786358173076,Phocaeicola (2),Bacteroidota (2),2
881457596467649,6985,0.1311786358173076,Faecalibacterium (7),Bacillota (7),7
514759501494618,6984,0.1311598557692307,Faecalibacterium (5),Bacillota (5),5
129077267991104,6983,0.1311410757211538,Aristaeella (6); Thermophilibacter (4); Tannerella (3),Bacillota (22); Bacteroidota (8); Actinomycetota (8),45
210588730354978,6981,0.131103515625,Bacteroides (1),Bacteroidota (1),1
86605830438224,6980,0.131084735576923,Oscillibacter (18),Bacillota (18),18
388790214489565,6980,0.131084735576923,Bacteroides (3),Bacteroidota (3),3
564394404740447,6980,0.131084735576923,Bacteroides (3),Bacteroidota (3),3
664778956232597,6980,0.131084735576923,Bacteroides (3),Bacteroidota (3),3
886265416497345,6980,0.131084735576923,,,0
400766857380495,6977,0.1310283954326923,Faecalibacterium (2); Paramuribaculum (1),Bacillota (2); Bacteroidota (1),3
668975201854559,6974,0.1309720552884615,Dorea_A (3),Bacillota (3),3
675494141472877,6973,0.1309532752403846,Roseburia (1),Bacillota (1),1
876086849899527,6972,0.1309344951923076,Gemmiger (1),Bacillota (1),1
585731148020304,6970,0.1308969350961538,Bacteroides (2),Bacteroidota (2),2
524642330391638,6969,0.1308781550480769,Blautia_A (1),Bacillota (1),1
860855166756105,6969,0.1308781550480769,Blautia_A (1),Bacillota (1),1
350106087553553,6968,0.130859375,Allocoprococcus (2); Blautia_A (1),Bacillota (3),3
257757420840968,6967,0.130840594951923,Blautia_A (1),Bacillota (1),1
856731104268569,6967,0.130840594951923,Bacteroides (4),Bacteroidota (4),4
822087572725630,6966,0.1308218149038461,Faecalibacterium (1),Bacillota (1),1
765611257717578,6964,0.1307842548076923,Gemmiger (3),Bacillota (3),3
432327083407637,6963,0.1307654747596154,Gemmiger (1),Bacillota (1),1
626670104097084,6963,0.1307654747596154,Blautia_A (1),Bacillota (1),1
838218196870532,6963,0.1307654747596154,Blautia_A (1),Bacillota (1),1
117941638552266,6957,0.1306527944711538,Eubacterium_I (1); Butyribacter (1),Bacillota (2),2
144913846190517,6957,0.1306527944711538,Bacteroides (4),Bacteroidota (4),4
388031248107152,6956,0.1306340144230769,Bacteroides (2),Bacteroidota (2),2
16745824553225,6954,0.130596454326923,Parabacteroides (10),Bacteroidota (10),10
910774882101469,6954,0.130596454326923,Gemmiger (1),Bacillota (1),1
54682162988062,6953,0.1305776742788461,Mediterraneibacter (2),Bacillota (2),2
361147457623488,6951,0.1305401141826923,Fusicatenibacter (1),Bacillota (1),1
189494068881966,6950,0.1305213341346154,Roseburia (1); COE1 (1),Bacillota (2),2
361090352159292,6950,0.1305213341346154,Phocaeicola (1),Bacteroidota (1),1
508713202040891,6949,0.1305025540865384,Mediterraneibacter (2); Acetatifactor (1),Bacillota (3),3
565481548829880,6949,0.1305025540865384,Lachnospira (4),Bacillota (4),4
445337982382147,6948,0.1304837740384615,Blautia_A (1),Bacillota (1),1
88249947526821,6946,0.1304462139423076,Bacteroides (3),Bacteroidota (3),3
770183018239192,6946,0.1304462139423076,,,0
203083360923951,6945,0.1304274338942307,Acetatifactor (2),Bacillota (2),2
374211316742321,6945,0.1304274338942307,Phocaeicola (2),Bacteroidota (2),2
904861990719532,6945,0.1304274338942307,Blautia_A (1),Bacillota (1),1
289004497830165,6944,0.1304086538461538,G047199095 (1); Escherichia (1),Pseudomonadota (2),2
63237161784383,6943,0.1303898737980769,Lachnospira (4),Bacillota (4),4
492550879356590,6943,0.1303898737980769,Collinsella (616),Actinomycetota (616),616
645092188195128,6942,0.13037109375,Corynebacterium (47); Akkermansia (7); Nakamurella (2),Actinomycetota (55); Verrucomicrobiota (7),62
884610251212996,6942,0.13037109375,Mediterraneibacter (2); Scatomorpha (1); Hominibacterium (1),Bacillota (19); Bacillota_I (1); Actinomycetota (1),21
120091325866312,6941,0.130352313701923,Bacteroides (3),Bacteroidota (3),3
143789415025987,6940,0.1303335336538461,Escherichia (2),Pseudomonadota (2),2
518862775434335,6939,0.1303147536057692,Bacteroides (2); Parabacteroides (2); Phocaeicola (1),Bacteroidota (5),5
54576035780063,6938,0.1302959735576923,Anaerostipes (3),Bacillota (3),3
254870046792607,6938,0.1302959735576923,Anaerostipes (1),Bacillota (1),1
356468287354170,6937,0.1302771935096154,Bacteroides (1),Bacteroidota (1),1
241984801696826,6935,0.1302396334134615,Gemmiger (2),Bacillota (2),2
74665576793230,6933,0.1302020733173076,Allocoprococcus (2),Bacillota (2),2
367530144145543,6933,0.1302020733173076,Enterenecus (9); Hominicoprocola (5); RGIG7949 (1),Bacillota (15),15
607661662695679,6933,0.1302020733173076,Escherichia (3); ECMA0423 (1); Buttiauxella (1),Pseudomonadota (6),6
916129943096522,6933,0.1302020733173076,Parabacteroides (1),Bacteroidota (1),1
917104146623216,6932,0.1301832932692307,Gemmiger (1); Angelakisella (1),Bacillota (2),2
89336805125337,6931,0.1301645132211538,,,0
391649004575062,6928,0.130108173076923,Collinsella (654),Actinomycetota (654),654
752352750986720,6928,0.130108173076923,Bacteroides (5),Bacteroidota (5),5
121641122614564,6927,0.1300893930288461,Roseburia (3),Bacillota (3),3
166751126521596,6926,0.1300706129807692,Bacteroides (3),Bacteroidota (3),3
476172596105522,6926,0.1300706129807692,Faecalibacterium (1),Bacillota (1),1
387763721327414,6925,0.1300518329326923,Gemmiger (2); Sphaerochaeta (1),Bacillota (2); Spirochaetota (1),3
789259243731520,6925,0.1300518329326923,Parabacteroides (1),Bacteroidota (1),1
178527231785283,6924,0.1300330528846154,Ruminococcoides (2),Bacillota (2),2
858795363900793,6923,0.1300142728365384,Parabacteroides (3),Bacteroidota (3),3
314419770576010,6921,0.1299767127403846,Faecalibacterium (1),Bacillota (1),1
418455128583800,6921,0.1299767127403846,Blautia_A (6),Bacillota (6),6
694183302023496,6921,0.1299767127403846,Ruminococcoides (2),Bacillota (2),2
514781129764781,6919,0.1299391526442307,Phocaeicola (2); Bacteroides (1),Bacteroidota (3),3
545891056735169,6919,0.1299391526442307,Parabacteroides (1),Bacteroidota (1),1
79656856263297,6918,0.1299203725961538,Bacteroides (3),Bacteroidota (3),3
239980398226667,6917,0.1299015925480769,Dorea_A (3),Bacillota (3),3
125573478261304,6916,0.1298828125,Parabacteroides (2),Bacteroidota (2),2
55146786155280,6914,0.1298452524038461,Allocoprococcus (2),Bacillota (2),2
10261903250666,6909,0.1297513521634615,Parabacteroides (1),Bacteroidota (1),1
716196297986441,6909,0.1297513521634615,,,0
639750122195515,6908,0.1297325721153846,Bacteroides (2),Bacteroidota (2),2
144354673440036,6906,0.1296950120192307,Faecalibacterium (1),Bacillota (1),1
828694987502925,6904,0.1296574519230769,Enterobacter (2); ECMA0423 (1); G047199095 (1),Pseudomonadota (7); Bacillota (1); Actinomycetota (1),9
577275092678573,6903,0.129638671875,Oliverpabstia (2); Coprococcus (1); Blautia_A (1),Bacillota (4),4
101146731520077,6902,0.129619891826923,Lachnospira (7),Bacillota (7),7
175157962926107,6902,0.129619891826923,Phocaeicola (1),Bacteroidota (1),1
598530391710651,6900,0.1295823317307692,Lachnospira (5),Bacillota (5),5
683738721274924,6900,0.1295823317307692,Bifidobacterium (2),Actinomycetota (2),2
30778782089998,6899,0.1295635516826923,Acetatifactor (6),Bacillota (6),6
836618146177727,6898,0.1295447716346154,Roseburia (2),Bacillota (2),2
260908940370872,6897,0.1295259915865384,Bacteroides (3),Bacteroidota (3),3
728751726003539,6897,0.1295259915865384,Parabacteroides (2); Alloprevotella (1),Bacteroidota (3),3
305861671120080,6896,0.1295072115384615,Collinsella (682),Actinomycetota (682),682
342221974653284,6895,0.1294884314903846,Ruminococcoides (5),Bacillota (5),5
288134431241328,6894,0.1294696514423076,Parabacteroides (1),Bacteroidota (1),1
570414806854502,6893,0.1294508713942307,Blautia_A (5),Bacillota (5),5
85359312245341,6891,0.1294133112980769,Parabacteroides (1),Bacteroidota (1),1
786921209081754,6891,0.1294133112980769,Roseburia (1),Bacillota (1),1
603775010310402,6890,0.12939453125,Parabacteroides (3),Bacteroidota (3),3
851620324060168,6887,0.1293381911057692,Allocoprococcus (2),Bacillota (2),2
281426042432354,6886,0.1293194110576923,Parabacteroides (1),Bacteroidota (1),1
239546007855124,6885,0.1293006310096154,Gemmiger (1),Bacillota (1),1
894675889279912,6885,0.1293006310096154,G047199115 (1),Pseudomonadota (1),1
346810867167383,6883,0.1292630709134615,Blautia_A (4),Bacillota (4),4
433984661623660,6882,0.1292442908653846,Parabacteroides (1),Bacteroidota (1),1
12428986242383,6881,0.1292255108173076,Phocaeicola (1),Bacteroidota (1),1
61808806589562,6881,0.1292255108173076,Escherichia (3); Microbacterium (1); G047199115 (1),Pseudomonadota (5); Actinomycetota (1); Myxococcota (1),7
133750250227656,6878,0.1291691706730769,Anaerobutyricum (1),Bacillota (1),1
324081419120820,6877,0.129150390625,Pseudoflavonifractor_A (1); Hominicoprocola (1); Gemmiger (1),Bacillota (5); Actinomycetota (1),6
514258412744997,6877,0.129150390625,Brotaphodocola (3); Hominiventricola (1); Allocoprococcus (1),Bacillota (14),14
128381354581293,6876,0.129131610576923,Blautia_A (5),Bacillota (5),5
587958439899176,6876,0.129131610576923,Bacteroides (2),Bacteroidota (2),2
221863744134275,6874,0.1290940504807692,Blautia_A (4),Bacillota (4),4
767654741683192,6874,0.1290940504807692,Faecalibacterium (3); Collinsella (1); CAG-170 (1),Bacillota (4); Actinomycetota (1),5
201572765206265,6871,0.1290377103365384,Bacteroides (3),Bacteroidota (3),3
464790342987326,6871,0.1290377103365384,,,0
534854672167360,6870,0.1290189302884615,Anaerostipes (2),Bacillota (2),2
817765557103665,6868,0.1289813701923076,Faecalibacterium (1),Bacillota (1),1
123741218208392,6867,0.1289625901442307,Phocaeicola (1),Bacteroidota (1),1
75729949899282,6866,0.1289438100961538,Hominicoprocola (7); JAZTYK01 (1),Bacillota (8),8
391851176560241,6866,0.1289438100961538,Bacteroides (3),Bacteroidota (3),3
117107742514291,6865,0.1289250300480769,Dorea_A (2),Bacillota (2),2
790475023527863,6862,0.1288686899038461,Bacteroides (3),Bacteroidota (3),3
237011703778814,6860,0.1288311298076923,Allocoprococcus (3); Sellimonas (1),Bacillota (4),4
327827084381149,6858,0.1287935697115384,Parabacteroides (1),Bacteroidota (1),1
381638881186803,6857,0.1287747896634615,Anaerobutyricum (1),Bacillota (1),1
87599892488680,6855,0.1287372295673076,Lachnospira (6),Bacillota (6),6
486067122632365,6854,0.1287184495192307,Lachnospira (3),Bacillota (3),3
596264126055904,6854,0.1287184495192307,Ruminococcoides (5),Bacillota (5),5
672237120663604,6854,0.1287184495192307,Fusicatenibacter (1),Bacillota (1),1
856363173203692,6854,0.1287184495192307,Phocaeicola (2),Bacteroidota (2),2
455088283114744,6853,0.1286996694711538,Acetatifactor (1); Prevotella (1),Bacillota (1); Bacteroidota (1),2
892768026860432,6853,0.1286996694711538,Alistipes (1),Bacteroidota (1),1
77642001299506,6851,0.128662109375,Allocoprococcus (3),Bacillota (3),3
147139286434350,6851,0.128662109375,Lachnospira (6); Acetatifactor (1),Bacillota (7),7
675790934817671,6848,0.1286057692307692,Blautia_A (1),Bacillota (1),1
306039233028003,6847,0.1285869891826923,Bacteroides (3),Bacteroidota (3),3
679787892218135,6845,0.1285494290865384,Faecalibacterium (1),Bacillota (1),1
61235935244223,6843,0.1285118689903846,Phocaeicola (1),Bacteroidota (1),1
7476800825463,6842,0.1284930889423076,Gemmiger (1),Bacillota (1),1
338260819172090,6842,0.1284930889423076,Bacteroides (2),Bacteroidota (2),2
601850005098283,6842,0.1284930889423076,Parabacteroides (1),Bacteroidota (1),1
75108584283552,6840,0.1284555288461538,Bacteroides (2),Bacteroidota (2),2
155194428295144,6840,0.1284555288461538,HGM13006 (2); Anaerotruncus (1); Intestinimonas (1),Bacillota (6); Bacteroidota (1),7
742774914544463,6840,0.1284555288461538,Bacteroides (2),Bacteroidota (2),2
756259346592004,6840,0.1284555288461538,Bacteroides (5),Bacteroidota (5),5
840907522648261,6840,0.1284555288461538,,,0
799391955720298,6839,0.1284367487980769,,,0
488590630424223,6837,0.128399188701923,Faecalibacterium (2),Bacillota (2),2
484929319393841,6835,0.1283616286057692,Faecalibacterium (7),Bacillota (7),7
835170378931474,6834,0.1283428485576923,Ruminococcoides (1),Bacillota (1),1
132238317980636,6833,0.1283240685096154,Phocaeicola (1),Bacteroidota (1),1
187419419690960,6833,0.1283240685096154,Bacteroides (4),Bacteroidota (4),4
670263993498723,6830,0.1282677283653846,Parabacteroides (1),Bacteroidota (1),1
131114402114250,6828,0.1282301682692307,Gemmiger (1),Bacillota (1),1
788171661323941,6828,0.1282301682692307,Bacteroides (3),Bacteroidota (3),3
843439858148956,6828,0.1282301682692307,Blautia_A (2),Bacillota (2),2
66574602723619,6825,0.128173828125,Gemmiger (1),Bacillota (1),1
495152564044020,6824,0.128155048076923,HGM13006 (2); Mediterraneibacter (2); Gemmiger (1),Bacillota (20),20
121698267150018,6822,0.1281174879807692,,,0
641294634986765,6822,0.1281174879807692,Bacteroides (3),Bacteroidota (3),3
191832307875270,6820,0.1280799278846154,Vescimonas (4); Oscillibacter (2); Brotaphodocola (1),Bacillota (13); Actinomycetota (1); Bacillota_I (1),15
345348926114057,6820,0.1280799278846154,Faecalibacterium (2); Olsenella_D (1),Bacillota (2); Actinomycetota (1),3
484727849499647,6820,0.1280799278846154,Lachnospira (6),Bacillota (6),6
93814812746592,6818,0.1280423677884615,Faecalibacterium (3),Bacillota (3),3
623851309752856,6818,0.1280423677884615,Lachnospira (2),Bacillota (2),2
892540702979401,6818,0.1280423677884615,Fusicatenibacter (2),Bacillota (2),2
307411456897453,6817,0.1280235877403846,Gemmiger (1); Collinsella (1),Bacillota (1); Actinomycetota (1),2
411189824774947,6817,0.1280235877403846,Blautia_A (3),Bacillota (3),3
646181045824981,6816,0.1280048076923076,Anaerobutyricum (2),Bacillota (2),2
63346964093379,6815,0.1279860276442307,Parabacteroides (2),Bacteroidota (2),2
334807536351441,6815,0.1279860276442307,Bacteroides (3),Bacteroidota (3),3
226496762564313,6813,0.1279484675480769,Gemmiger (1),Bacillota (1),1
374654287964443,6812,0.1279296875,Gemmiger (2),Bacillota (2),2
575460261895394,6812,0.1279296875,Phocaeicola (1); Bacteroides (1),Bacteroidota (2),2
216175255117031,6811,0.127910907451923,Blautia_A (2),Bacillota (2),2
324285823254418,6809,0.1278733473557692,Blautia_A (1),Bacillota (1),1
361420933422304,6809,0.1278733473557692,Gemmiger (1),Bacillota (1),1
894301581389560,6808,0.1278545673076923,Bacteroides (2),Bacteroidota (2),2
395416773996638,6807,0.1278357872596154,Blautia_A (2),Bacillota (2),2
226556923961236,6803,0.1277606670673076,Oliverpabstia (1); Fusicatenibacter (1),Bacillota (2),2
647536999969214,6801,0.1277231069711538,Blautia_A (1),Bacillota (1),1
293510503657770,6799,0.127685546875,Bacteroides (2),Bacteroidota (2),2
467813509522513,6799,0.127685546875,Acetatifactor (4); Vescimonas (1),Bacillota (5),5
814877030778345,6799,0.127685546875,,,0
244572627734920,6798,0.127666766826923,Bifidobacterium (2),Actinomycetota (2),2
313735857654498,6798,0.127666766826923,,,0
792224767223795,6798,0.127666766826923,Streptococcus (69),Bacillota (69),69
8365181503012,6796,0.1276292067307692,Phocaeicola (1),Bacteroidota (1),1
282577747358523,6794,0.1275916466346154,Dorea_A (1); Dorea_D (1); Claveliimonas (1),Bacillota (3),3
744473210999239,6794,0.1275916466346154,Ruminococcoides (5),Bacillota (5),5
756073927701798,6794,0.1275916466346154,Phocaeicola (1),Bacteroidota (1),1
611287635301739,6792,0.1275540865384615,Collinsella (422); Paratractidigestivibacter (1); Parolsenella (1),Actinomycetota (425),425
347471654451737,6791,0.1275353064903846,Bacteroides (2),Bacteroidota (2),2
556115675634104,6791,0.1275353064903846,Faecalibacterium (9),Bacillota (9),9
577239954812008,6789,0.1274977463942307,Bacteroides (3),Bacteroidota (3),3
391387655719399,6788,0.1274789663461538,Parabacteroides (2),Bacteroidota (2),2
605695612726105,6788,0.1274789663461538,Bacteroides (2),Bacteroidota (2),2
781258440558106,6787,0.1274601862980769,Parabacteroides (1),Bacteroidota (1),1
5637562325687,6786,0.12744140625,Roseburia (1),Bacillota (1),1
76571528765926,6785,0.127422626201923,Bacteroides (1),Bacteroidota (1),1
501629928938072,6785,0.127422626201923,Bacteroides (3); Acetobacterium (1); JBBQKF01 (1),Bacteroidota (3); Bacillota (2),5
634116040146159,6782,0.1273662860576923,Blautia_A (4),Bacillota (4),4
698861783871960,6780,0.1273287259615384,Ruminococcoides (2),Bacillota (2),2
757817175697815,6780,0.1273287259615384,Dorea_A (3),Bacillota (3),3
164684901167477,6779,0.1273099459134615,Parabacteroides (2),Bacteroidota (2),2
253405700791097,6779,0.1273099459134615,Parabacteroides (1),Bacteroidota (1),1
279669763755744,6779,0.1273099459134615,Bacteroides (2),Bacteroidota (2),2
241630618243255,6778,0.1272911658653846,Bacteroides (3); Phocaeicola (2); Alloprevotella (1),Bacteroidota (7),7
793099851229973,6778,0.1272911658653846,Blautia_A (4),Bacillota (4),4
881114537098274,6777,0.1272723858173076,Bacteroides (2),Bacteroidota (2),2
5986402278272,6776,0.1272536057692307,Gemmiger (1),Bacillota (1),1
706412795613592,6775,0.1272348257211538,Faecalibacterium (5),Bacillota (5),5
752831103828809,6775,0.1272348257211538,Fusicatenibacter (2),Bacillota (2),2
786670583425251,6775,0.1272348257211538,Bacteroides (3),Bacteroidota (3),3
211411184227829,6774,0.1272160456730769,Anaerostipes (1),Bacillota (1),1
355467961908572,6774,0.1272160456730769,Anaerobutyricum (2),Bacillota (2),2
782446663250597,6774,0.1272160456730769,Blautia_A (3),Bacillota (3),3
190112979349368,6773,0.127197265625,Phocaeicola (1),Bacteroidota (1),1
525668903627787,6772,0.127178485576923,Phocaeicola (1),Bacteroidota (1),1
254654088631661,6771,0.1271597055288461,Phocaeicola (1),Bacteroidota (1),1
231988338991897,6770,0.1271409254807692,Gemmiger (1),Bacillota (1),1
865496787138748,6769,0.1271221454326923,Blautia_A (4),Bacillota (4),4
572505533618722,6768,0.1271033653846154,Mediterraneibacter (2),Bacillota (2),2
831935852890992,6768,0.1271033653846154,Faecalibacterium (15),Bacillota (15),15
876005571968617,6768,0.1271033653846154,Phocaeicola (1),Bacteroidota (1),1
739397034747182,6767,0.1270845853365384,Ruminococcoides (3); Allocoprococcus (1); Intestinimonas (1),Bacillota (23); Bacillota_I (1),24
789440854071826,6767,0.1270845853365384,Bacteroides (1); DTU059 (1),Bacteroidota (1); Bacillota (1),2
884304015751486,6766,0.1270658052884615,Anaerobutyricum (1),Bacillota (1),1
104737643781586,6763,0.1270094651442307,Anaerostipes (3),Bacillota (3),3
693452941499342,6763,0.1270094651442307,Anaerotruncus (1); Angelakisella (1); Faecousia (1),Bacillota (4),4
6440519394480,6762,0.1269906850961538,Bacteroides (2); Collinsella (1),Bacteroidota (2); Actinomycetota (1),3
516448454719203,6762,0.1269906850961538,Blautia_A (1),Bacillota (1),1
637827495560788,6762,0.1269906850961538,Bacteroides (4),Bacteroidota (4),4
803379733502942,6762,0.1269906850961538,Blautia_A (1),Bacillota (1),1
854036603489328,6762,0.1269906850961538,Escherichia (2); Chromohalobacter (1); G047199115 (1),Pseudomonadota (4),4
455970384627079,6761,0.1269719050480769,Roseburia (1),Bacillota (1),1
561681179700135,6761,0.1269719050480769,Roseburia (1),Bacillota (1),1
74729018116029,6760,0.126953125,Hominiventricola (2); RGIG3040 (1); Acetatifactor (1),Bacillota (5),5
323058814225295,6760,0.126953125,Fusicatenibacter (1),Bacillota (1),1
751752567694946,6758,0.1269155649038461,Parabacteroides (2),Bacteroidota (2),2
854044740262625,6758,0.1269155649038461,Allocoprococcus (3),Bacillota (3),3
1427741096871,6756,0.1268780048076923,Faecalibacterium (1),Bacillota (1),1
762901028342534,6756,0.1268780048076923,Bacteroides (3),Bacteroidota (3),3
485249252189085,6755,0.1268592247596154,Roseburia (1),Bacillota (1),1
860654897810307,6755,0.1268592247596154,Bacteroides (3); Parabacteroides (1),Bacteroidota (4),4
590947198631725,6753,0.1268216646634615,HGM13006 (2); Anaerotruncus (1); Butyricicoccus_B (1),Bacillota (8),8
343434125468276,6752,0.1268028846153846,Roseburia (2),Bacillota (2),2
332163018368053,6751,0.1267841045673076,Alistipes (1),Bacteroidota (1),1
371335974859653,6751,0.1267841045673076,Lachnospira (2),Bacillota (2),2
609957181644030,6751,0.1267841045673076,Faecalibacterium (1),Bacillota (1),1
508899839769628,6750,0.1267653245192307,Fusicatenibacter (1); Blautia_A (1),Bacillota (2),2
538574486783989,6749,0.1267465444711538,Gemmiger (1),Bacillota (1),1
228894082932305,6748,0.1267277644230769,Escherichia (3); G047199095 (1); G047199115 (1),Pseudomonadota (7),7
330553118336383,6748,0.1267277644230769,Blautia_A (1),Bacillota (1),1
66024925977810,6747,0.126708984375,Parabacteroides (1),Bacteroidota (1),1
758502397659367,6746,0.126690204326923,Bacteroides (3),Bacteroidota (3),3
826824115004757,6746,0.126690204326923,Vescimonas (3); Hominicoprocola (2); Faecousia (1),Bacillota (10); Bacillota_I (1),11
600260646347008,6745,0.1266714242788461,Bacteroides (2),Bacteroidota (2),2
828911236109910,6744,0.1266526442307692,Blautia_A (6),Bacillota (6),6
71076411585373,6743,0.1266338641826923,Bacteroides (2),Bacteroidota (2),2
566903687236252,6741,0.1265963040865384,UMGS2037 (1); Roseburia (1),Bacillota (2),2
68448078350912,6740,0.1265775240384615,Phocaeicola (1); Bacteroides (1); Barnesiella_B (1),Bacteroidota (3),3
169206349344826,6739,0.1265587439903846,Phocaeicola (1),Bacteroidota (1),1
598657561927980,6738,0.1265399639423076,Faecalibacterium (2),Bacillota (2),2
815008263238084,6735,0.1264836237980769,Anaerostipes (1),Bacillota (1),1
374247976703493,6734,0.12646484375,Pseudoflavonifractor (1); Coprococcus_A (1),Bacillota (2),2
447335160351262,6734,0.12646484375,Parabacteroides (1),Bacteroidota (1),1
577831161539337,6734,0.12646484375,Anaerostipes (3),Bacillota (3),3
513344334932711,6733,0.126446063701923,Lachnospira (6),Bacillota (6),6
329027055305056,6732,0.1264272836538461,Bacteroides (8); Phocaeicola (1),Bacteroidota (9),9
813779243850584,6731,0.1264085036057692,Vescimonas (2); Hominicoprocola (2); F23-B02 (1),Bacillota (11),11
894471110717281,6730,0.1263897235576923,Faecalibacterium (7),Bacillota (7),7
12713717567525,6729,0.1263709435096154,Escherichia (5); Enterobacter (2); ECMA0423 (1),Pseudomonadota (8),8
648651489248694,6727,0.1263333834134615,NK4A136 (1); Gordonibacter (1); Faecalibacterium (1),Bacillota (4); Actinomycetota (1),5
668618916922783,6726,0.1263146033653846,Bacteroides (4),Bacteroidota (4),4
793819373936934,6726,0.1263146033653846,Parabacteroides (1),Bacteroidota (1),1
242022964540636,6725,0.1262958233173076,Blautia_A (1),Bacillota (1),1
510487443848184,6724,0.1262770432692307,Blautia_A (4),Bacillota (4),4
266336144663077,6722,0.1262394831730769,Parabacteroides (1),Bacteroidota (1),1
853137532121434,6722,0.1262394831730769,Blautia_A (1),Bacillota (1),1
874639450992202,6722,0.1262394831730769,Alistipes (2),Bacteroidota (2),2
166840958459808,6720,0.126201923076923,Gemmiger (1),Bacillota (1),1
386025589862581,6720,0.126201923076923,Bacteroides (2),Bacteroidota (2),2
738300546653813,6720,0.126201923076923,Gemmiger (1),Bacillota (1),1
208527161408503,6719,0.1261831430288461,Parabacteroides (1),Bacteroidota (1),1
332594861065265,6719,0.1261831430288461,,,0
853088320896734,6718,0.1261643629807692,Faecalibacterium (3),Bacillota (3),3
770793550977402,6717,0.1261455829326923,Phocaeicola (1),Bacteroidota (1),1
39226753398740,6716,0.1261268028846154,Blautia_A (5),Bacillota (5),5
706527845776236,6716,0.1261268028846154,Parabacteroides (1),Bacteroidota (1),1
908633541437114,6716,0.1261268028846154,HGM13006 (2); Mediterraneibacter (2); Gemmiger (1),Bacillota (19),19
259657927136223,6715,0.1261080228365384,Bacteroides (1),Bacteroidota (1),1
486592865674144,6715,0.1261080228365384,Faecalibacterium (1),Bacillota (1),1
692730744166119,6715,0.1261080228365384,Blautia_A (5),Bacillota (5),5
46331602519297,6713,0.1260704627403846,Phocaeicola (1),Bacteroidota (1),1
795919827007253,6713,0.1260704627403846,Lachnospira (1); Eubacterium_Q (1); Stercorousia (1),Bacillota (2); Cyanobacteriota (1),3
651024067009729,6712,0.1260516826923076,Parabacteroides (1),Bacteroidota (1),1
12459445222610,6711,0.1260329026442307,Escherichia (3); Enterobacter (1),Pseudomonadota (4),4
651995179464,6710,0.1260141225961538,Cupidesulfovibrio (6); Enterenecus (6); Limiplasma (5),Bacillota (51); Pseudomonadota (39); Desulfobacterota (23),152
576566803417303,6710,0.1260141225961538,Bacteroides (4),Bacteroidota (4),4
616681707622885,6710,0.1260141225961538,Escherichia (2); Enterobacter (1),Pseudomonadota (3),3
738744913375818,6710,0.1260141225961538,Mediterraneibacter (2),Bacillota (2),2
824932872283705,6710,0.1260141225961538,Parabacteroides (4),Bacteroidota (4),4
163690851452127,6709,0.1259953425480769,Bacteroides (1),Bacteroidota (1),1
447237941371915,6709,0.1259953425480769,Roseburia (1),Bacillota (1),1
655442931925443,6709,0.1259953425480769,Parabacteroides (1),Bacteroidota (1),1
813588237831136,6708,0.1259765625,Allocoprococcus (2); Lachnoclostridium_A (1),Bacillota (3),3
706315317215735,6707,0.125957782451923,,,0
513236620926767,6706,0.1259390024038461,Phocaeicola (1),Bacteroidota (1),1
601140408010875,6706,0.1259390024038461,Roseburia (1),Bacillota (1),1
864259126520411,6706,0.1259390024038461,Alistipes (1),Bacteroidota (1),1
72132763161441,6705,0.1259202223557692,Blautia_A (1),Bacillota (1),1
263266489656772,6705,0.1259202223557692,Ruminococcoides (2),Bacillota (2),2
124505303948931,6703,0.1258826622596154,Parabacteroides (2),Bacteroidota (2),2
852043046263521,6702,0.1258638822115384,Lachnospira (3),Bacillota (3),3
259630708205001,6701,0.1258451021634615,Bacteroides (4),Bacteroidota (4),4
593403205513278,6701,0.1258451021634615,Phocaeicola (1),Bacteroidota (1),1
176857458863318,6700,0.1258263221153846,Parabacteroides (1),Bacteroidota (1),1
463732179902043,6700,0.1258263221153846,Phocaeicola (1),Bacteroidota (1),1
800004665182138,6700,0.1258263221153846,Escherichia (2),Pseudomonadota (2),2
339862275453630,6699,0.1258075420673076,Roseburia (1),Bacillota (1),1
49483528719889,6698,0.1257887620192307,Hominicoprocola (2); CAG-115 (1); Oscillibacter (1),Bacillota (6); Pseudomonadota (1); Bacteroidota (1),8
118605921613324,6695,0.125732421875,Butyricimonas (1); Bacteroides (1); Eubacterium_R (1),Bacteroidota (4); Bacillota (1),5
152106354428702,6695,0.125732421875,Bacteroides (2); Alistipes (2); Barnesiella (1),Bacteroidota (6),6
273325053498353,6695,0.125732421875,Parabacteroides (1),Bacteroidota (1),1
611397677813728,6695,0.125732421875,Bacteroides (2); Alistipes (1); Phocaeicola (1),Bacteroidota (4),4
589375873974905,6692,0.1256760817307692,Oscillibacter (1); Clostridium_AQ (1); Senimuribacter (1),Bacillota (2); Bacillota_I (1),3
468616837801058,6691,0.1256573016826923,Prevotella (3); Bacteroides (2); Parabacteroides (1),Bacteroidota (9); Bacillota (1),10
805650202496309,6691,0.1256573016826923,Collinsella (588); UBA1740 (1); Coprousia (1),Actinomycetota (589); Bacillota (1),590
819823553531051,6689,0.1256197415865384,Anaerobutyricum (2),Bacillota (2),2
97555678420088,6688,0.1256009615384615,Parabacteroides (2),Bacteroidota (2),2
548090589604931,6688,0.1256009615384615,Prevotella (38),Bacteroidota (38),38
24026716943159,6687,0.1255821814903846,Parabacteroides (1),Bacteroidota (1),1
379122984722766,6687,0.1255821814903846,Roseburia (1),Bacillota (1),1
391165546036877,6686,0.1255634014423076,Fusicatenibacter (1),Bacillota (1),1
536680559660207,6685,0.1255446213942307,Parabacteroides (1),Bacteroidota (1),1
243572565621464,6684,0.1255258413461538,Phocaeicola (2),Bacteroidota (2),2
6859808151834,6683,0.1255070612980769,Blautia_A (5); Caproicibacterium (1); Acutalibacter (1),Bacillota (7),7
186353615550594,6683,0.1255070612980769,Gemmiger (1),Bacillota (1),1
560562782111257,6683,0.1255070612980769,Phocaeicola (1),Bacteroidota (1),1
837304255386451,6683,0.1255070612980769,Anaerobutyricum (1),Bacillota (1),1
48282215201149,6682,0.12548828125,Fimimonas (2); SFEB01 (1); Faecousia (1),Bacillota (8),8
239904356589787,6682,0.12548828125,Hominicoprocola (14),Bacillota (14),14
395219122186646,6681,0.125469501201923,Bacteroides (3),Bacteroidota (3),3
208973690012685,6680,0.1254507211538461,Ruminococcoides (5),Bacillota (5),5
223279533493978,6679,0.1254319411057692,Parabacteroides (4),Bacteroidota (4),4
410866637295337,6679,0.1254319411057692,Blautia_A (5),Bacillota (5),5
430608999563646,6679,0.1254319411057692,Bacteroides (4),Bacteroidota (4),4
241157331200988,6677,0.1253943810096154,Blautia_A (2),Bacillota (2),2
731597247963228,6677,0.1253943810096154,Faecalibacterium (1),Bacillota (1),1
767326946209185,6677,0.1253943810096154,,,0
886734061899459,6676,0.1253756009615384,Phocaeicola (1),Bacteroidota (1),1
190911523486627,6675,0.1253568209134615,Faecalibacterium (2),Bacillota (2),2
308822030318539,6674,0.1253380408653846,Blautia_A (5),Bacillota (5),5
644178232198793,6674,0.1253380408653846,Gemmiger (1),Bacillota (1),1
431755627763602,6673,0.1253192608173076,Bacteroides (2),Bacteroidota (2),2
16105447778942,6671,0.1252817007211538,Lachnospira (3),Bacillota (3),3
120627566969673,6671,0.1252817007211538,Vescimonas (3); Hominicoprocola (2); Laedolimicola (1),Bacillota (7),7
896009971632905,6671,0.1252817007211538,Parabacteroides (1),Bacteroidota (1),1
88624745584859,6670,0.1252629206730769,Parabacteroides (1),Bacteroidota (1),1
188556414140386,6670,0.1252629206730769,Hominilimicola (1),Bacillota (1),1
122645873568860,6668,0.125225360576923,Blautia (1); CAG-217 (1); Clostridium_AQ (1),Bacillota (5); Bacillota_I (1),6
166133842967296,6668,0.125225360576923,Mediterraneibacter (2); Dorea_D (1),Bacillota (3),3
399600287853269,6668,0.125225360576923,Marvinbryantia (2); Dorea_A (1); Allocoprococcus (1),Bacillota (5),5
658378787123522,6668,0.125225360576923,Blautia (1); CAG-170 (1); Coprococcus_A (1),Bacillota (6),6
712161591434693,6668,0.125225360576923,Phocaeicola (1),Bacteroidota (1),1
632962760381704,6667,0.1252065805288461,Bifidobacterium (2); Collinsella (1),Actinomycetota (3),3
737892641212846,6667,0.1252065805288461,Lachnospira (10),Bacillota (10),10
720409985200288,6666,0.1251878004807692,Dialister (1); Hominisplanchenecus (1); Blautia_A (1),Bacillota (3),3
740859949885387,6665,0.1251690204326923,Parabacteroides (1),Bacteroidota (1),1
884075124547788,6664,0.1251502403846154,Parabacteroides (1),Bacteroidota (1),1
914546247584114,6664,0.1251502403846154,Blautia_A (5); Claveliimonas (1); Choladousia (1),Bacillota (7),7
290027797129493,6663,0.1251314603365384,Phocaeicola (1),Bacteroidota (1),1
478872653551634,6663,0.1251314603365384,Roseburia (1),Bacillota (1),1
148948935181135,6662,0.1251126802884615,Blautia_A (1),Bacillota (1),1
410362497204028,6661,0.1250939002403846,Anaerotruncus (1); Intestinimonas (1); HGM13006 (1),Bacillota (5),5
405693601696208,6659,0.1250563401442307,,,0
13235641750710,6658,0.1250375600961538,Parabacteroides (2),Bacteroidota (2),2
517844803225839,6658,0.1250375600961538,Blautia_A (3),Bacillota (3),3
114183436507362,6657,0.1250187800480769,Phocaeicola (1),Bacteroidota (1),1
222919307405612,6657,0.1250187800480769,Bacteroides (2),Bacteroidota (2),2
807677527745803,6657,0.1250187800480769,Anaerostipes (1),Bacillota (1),1
118017233328982,6656,0.125,Vescimonas (1); UBA4644 (1); Prevotella (1),Bacillota (3); Bacteroidota (1),4
29590432977390,6655,0.124981219951923,Bacteroides (2),Bacteroidota (2),2
727247295208515,6655,0.124981219951923,Bacteroides (2),Bacteroidota (2),2
2665011373793,6654,0.1249624399038461,Gemmiger (1),Bacillota (1),1
123912031041117,6653,0.1249436598557692,Phocaeicola (1),Bacteroidota (1),1
125059464099999,6653,0.1249436598557692,Blautia_A (4); UBA933 (1); HGM13006 (1),Bacillota (7),7
462761960088290,6653,0.1249436598557692,Bacteroides (2),Bacteroidota (2),2
300177767357354,6652,0.1249248798076923,Faecalibacterium (1),Bacillota (1),1
366601580751992,6652,0.1249248798076923,Anaerobutyricum (4); Enterococcus_C (1),Bacillota (5),5
76961815902460,6651,0.1249060997596153,Gemmiger (1),Bacillota (1),1
237111117521258,6651,0.1249060997596153,Blautia_A (1),Bacillota (1),1
588059932266784,6651,0.1249060997596153,Phocaeicola (2),Bacteroidota (2),2
855714311856504,6651,0.1249060997596153,Bacteroides (4),Bacteroidota (4),4
910828662699738,6651,0.1249060997596153,Bacteroides (2),Bacteroidota (2),2
516230702553667,6649,0.1248685396634615,Bacteroides (2); Phocaeicola (1),Bacteroidota (3),3
652555683153808,6649,0.1248685396634615,Anaerostipes (1),Bacillota (1),1
77057453204378,6646,0.1248121995192307,Gemmiger (1),Bacillota (1),1
766298322915407,6646,0.1248121995192307,Bacteroides (7),Bacteroidota (7),7
898860418992351,6645,0.1247934194711538,Hominicoprocola (4); Collinsella (1),Bacillota (4); Actinomycetota (1),5
567684298979824,6642,0.124737079326923,Roseburia (1),Bacillota (1),1
21736902673850,6640,0.1246995192307692,Scybalousia_A (1); Bacteroides (1),Bacteroidota (2),2
761580844458575,6640,0.1246995192307692,Bacteroides (1),Bacteroidota (1),1
818768336491050,6640,0.1246995192307692,Alistipes (1),Bacteroidota (1),1
905482577049896,6640,0.1246995192307692,Parabacteroides (8),Bacteroidota (8),8
445619935595250,6639,0.1246807391826923,Bacteroides (2),Bacteroidota (2),2
869757714204839,6639,0.1246807391826923,Ruminococcoides (2); Lachnospira (1),Bacillota (3),3
516612391275781,6637,0.1246431790865384,,,0
528451149612531,6636,0.1246243990384615,Fusicatenibacter (1),Bacillota (1),1
547248014945371,6636,0.1246243990384615,Gemmiger (1),Bacillota (1),1
678692316773229,6636,0.1246243990384615,Bifidobacterium (1),Actinomycetota (1),1
799415629912891,6636,0.1246243990384615,Bacteroides (3),Bacteroidota (3),3
195814031356788,6635,0.1246056189903846,UBA3282 (1); UBA3402 (1); Bacteroides (1),Bacillota (2); Bacteroidota (2); Bdellovibrionota_C (1),5
282182862348174,6635,0.1246056189903846,Phocaeicola (1),Bacteroidota (1),1
300699440867334,6635,0.1246056189903846,Gemmiger (1); Collinsella (1),Bacillota (1); Actinomycetota (1),2
126181528148975,6633,0.1245680588942307,Phocaeicola (1),Bacteroidota (1),1
564607372161179,6633,0.1245680588942307,Hominicoprocola (7); Microbacterium (3); CAIQCK01 (2),Bacillota (16); Actinomycetota (13); Verrucomicrobiota (3),41
227285858047338,6632,0.1245492788461538,Anaerobutyricum (1),Bacillota (1),1
296996195115201,6629,0.124492938701923,Bacteroides (3),Bacteroidota (3),3
528168400436177,6629,0.124492938701923,Blautia_A (1),Bacillota (1),1
586002599641574,6629,0.124492938701923,Coprococcus_C (1); Roseburia (1); Bacteroides_F (1),Bacillota (3),3
681186520296138,6629,0.124492938701923,Parabacteroides (1),Bacteroidota (1),1
111066463240231,6628,0.1244741586538461,Faecalibacterium (14),Bacillota (14),14
608006457647364,6628,0.1244741586538461,Blautia_A (1),Bacillota (1),1
719132200813975,6627,0.1244553786057692,,,0
352993016904342,6626,0.1244365985576923,Faecalibacterium (4); Collinsella (1),Bacillota (4); Actinomycetota (1),5
565400309775977,6626,0.1244365985576923,Roseburia (2),Bacillota (2),2
848081835169981,6626,0.1244365985576923,Ruminococcoides (1); Christensenella (1); Schaedlerella (1),Bacillota (5),5
671379446926382,6625,0.1244178185096153,Clostridium_AQ (2); Anaerofustis (1); Schaedlerella (1),Bacillota (3); Bacillota_I (2),5
504489788969874,6624,0.1243990384615384,Blautia_A (3),Bacillota (3),3
906412375179748,6624,0.1243990384615384,Bacteroides (1),Bacteroidota (1),1
686236657127772,6622,0.1243614783653846,Blautia_A (3); Eubacterium_I (1),Bacillota (4),4
449756690767575,6621,0.1243426983173077,Parabacteroides (1),Bacteroidota (1),1
506604122436407,6619,0.1243051382211538,Alistipes (1),Bacteroidota (1),1
854310903258228,6618,0.1242863581730769,Mediterraneibacter (1),Bacillota (1),1
613652444202337,6616,0.124248798076923,Mycobacterium (423); Actinomyces (31); Kibdelosporangium (3),Actinomycetota (460); Pseudomonadota (2); Patescibacteriota (1),463
690004263236472,6616,0.124248798076923,Phocaeicola (1),Bacteroidota (1),1
868273583381807,6616,0.124248798076923,Parabacteroides (1),Bacteroidota (1),1
201843738524987,6615,0.1242300180288461,Ruminococcoides (3),Bacillota (3),3
433308953478730,6615,0.1242300180288461,,,0
103974562833566,6614,0.1242112379807692,CAKTAA01 (1); Suilimivivens (1); Senimuribacter (1),Bacillota (3),3
280328111846396,6614,0.1242112379807692,Phocaeicola (1); Bacteroides (1),Bacteroidota (2),2
770534119817089,6614,0.1242112379807692,,,0
13347849731110,6613,0.1241924579326923,Ruminococcoides (3),Bacillota (3),3
116636534429230,6613,0.1241924579326923,Parabacteroides (1),Bacteroidota (1),1
543590030878888,6613,0.1241924579326923,Anaerobutyricum (2),Bacillota (2),2
563732596633339,6613,0.1241924579326923,Blautia_A (2),Bacillota (2),2
891436701862758,6613,0.1241924579326923,Parabacteroides (1),Bacteroidota (1),1
355857088817752,6612,0.1241736778846153,Bacteroides (4),Bacteroidota (4),4
648465292707024,6612,0.1241736778846153,Bifidobacterium (1),Actinomycetota (1),1
708247122178982,6612,0.1241736778846153,Ruminococcoides (1),Bacillota (1),1
792434502377841,6611,0.1241548978365384,Phocaeicola (1),Bacteroidota (1),1
263539689561381,6610,0.1241361177884615,Parabacteroides (1),Bacteroidota (1),1
456861008912863,6610,0.1241361177884615,Bacteroides (1),Bacteroidota (1),1
264653818832988,6609,0.1241173377403846,Phocaeicola (3),Bacteroidota (3),3
311411185932683,6609,0.1241173377403846,Mediterraneibacter (1),Bacillota (1),1
265126648239907,6608,0.1240985576923077,Phocaeicola (1),Bacteroidota (1),1
485686019261642,6607,0.1240797776442307,Lachnospira (2); UBA3789 (1),Bacillota (2); Bacillota_I (1),3
865809699934175,6607,0.1240797776442307,Phocaeicola (1),Bacteroidota (1),1
456761582861740,6606,0.1240609975961538,Lawsonibacter (23); Vescimonas (7); Flavonifractor (3),Bacillota (38),38
460386594126842,6606,0.1240609975961538,Mediterraneibacter (2),Bacillota (2),2
603988219160524,6606,0.1240609975961538,Gemmiger (6); UBA1248 (2); RUG11272 (1),Bacillota (10); Sysuimicrobiota (1),11
271785889023545,6605,0.1240422175480769,Lawsonibacter (2); Coprococcus_C (1); Acetatifactor (1),Bacillota (8),8
780895302117144,6601,0.1239670973557692,Bacteroides (2); Mycoplana (1),Bacteroidota (2); Pseudomonadota (1),3
191329548214188,6596,0.1238731971153846,,,0
408399683025553,6596,0.1238731971153846,Phocaeicola (2),Bacteroidota (2),2
771540998305131,6596,0.1238731971153846,HGM13006 (1); Anaerotruncus (1); Oscillibacter (1),Bacillota (3),3
580415258081852,6595,0.1238544170673077,Blautia_A (3),Bacillota (3),3
228759565436260,6593,0.1238168569711538,Anaerobutyricum (1),Bacillota (1),1
689432479989094,6592,0.1237980769230769,Bacteroides (2),Bacteroidota (2),2
774176781846631,6592,0.1237980769230769,Bacteroides (7); Paludibacter (4); CANHVK01 (2),Bacteroidota (16),16
64126541504994,6590,0.123760516826923,Alistipes (1),Bacteroidota (1),1
69364090598884,6587,0.1237041766826923,Lentihominibacter (2); Hoskinsella (1); Blautia_A (1),Bacillota (7); Bacillota_I (2),9
168959461116368,6587,0.1237041766826923,Parabacteroides (1),Bacteroidota (1),1
605989240718786,6586,0.1236853966346153,Anaerostipes (1),Bacillota (1),1
679325289736618,6583,0.1236290564903846,Phocaeicola (1),Bacteroidota (1),1
371485057067995,6582,0.1236102764423077,Parabacteroides (2),Bacteroidota (2),2
604217011979916,6580,0.1235727163461538,Anaerobutyricum (1),Bacillota (1),1
367423814450377,6579,0.1235539362980769,Phocaeicola (1),Bacteroidota (1),1
457442646245528,6579,0.1235539362980769,Anaerobutyricum (1),Bacillota (1),1
78551797102063,6578,0.12353515625,Parabacteroides (1),Bacteroidota (1),1
302585983675600,6578,0.12353515625,Phocaeicola (1),Bacteroidota (1),1
412499397773631,6578,0.12353515625,Phocaeicola (2),Bacteroidota (2),2
503700143479259,6578,0.12353515625,Phocaeicola (2),Bacteroidota (2),2
60347789914506,6577,0.123516376201923,,,0
879870347516692,6577,0.123516376201923,Bifidobacterium (20); Galliscardovia (1),Actinomycetota (21),21
795604100950083,6576,0.1234975961538461,Roseburia (1),Bacillota (1),1
104615848458422,6574,0.1234600360576923,Faecalibacterium (2),Bacillota (2),2
162648733504038,6574,0.1234600360576923,,,0
300548098992678,6574,0.1234600360576923,Phocaeicola (1),Bacteroidota (1),1
511692894943592,6574,0.1234600360576923,Anaerobutyricum (2),Bacillota (2),2
557172915455320,6574,0.1234600360576923,Coprococcus (4); Roseburia (2); Anaerostipes (1),Bacillota (8),8
737374179294464,6574,0.1234600360576923,,,0
294407665519461,6573,0.1234412560096153,Phocaeicola (1),Bacteroidota (1),1
215604063074577,6572,0.1234224759615384,Mediterraneibacter (2); Gemmiger (1); Zongyangia (1),Bacillota (19),19
158723536164494,6571,0.1234036959134615,Lachnospira (5),Bacillota (5),5
227967568053164,6571,0.1234036959134615,Phocaeicola (1),Bacteroidota (1),1
257173316466565,6571,0.1234036959134615,Bacteroides (3),Bacteroidota (3),3
578169321064570,6571,0.1234036959134615,Phocaeicola (1),Bacteroidota (1),1
799371835928677,6571,0.1234036959134615,Roseburia (1),Bacillota (1),1
272594959814252,6569,0.1233661358173077,,,0
380319208291823,6569,0.1233661358173077,Bacteroides (2),Bacteroidota (2),2
343680631539878,6568,0.1233473557692307,Bacteroides (2),Bacteroidota (2),2
157838146974784,6567,0.1233285757211538,Faecalibacterium (2),Bacillota (2),2
713829988173338,6567,0.1233285757211538,Phocaeicola (3),Bacteroidota (3),3
840296499604071,6567,0.1233285757211538,CAG-115 (1); Oscillibacter (1); UBA11540 (1),Bacillota (5); Pseudomonadota (1),6
302229549319494,6566,0.1233097956730769,Faecalibacterium (3),Bacillota (3),3
307388327501910,6564,0.123272235576923,Vescimonas (4); Pelethomonas (1); Oscillibacter (1),Bacillota (6),6
406493912130875,6564,0.123272235576923,,,0
415524966011019,6564,0.123272235576923,Stercorousia (1); Phocaeicola (1),Cyanobacteriota (1); Bacteroidota (1),2
437490281430237,6564,0.123272235576923,Prevotella (6); Paraprevotella (1); JABCPE02 (1),Bacteroidota (12),12
797570197235550,6564,0.123272235576923,,,0
318063230246635,6563,0.1232534555288461,Parabacteroides (1),Bacteroidota (1),1
195541743331905,6559,0.1231783353365384,Bacteroides (2); Parabacteroides (1); Phocaeicola (1),Bacteroidota (4),4
524681447375299,6559,0.1231783353365384,Parabacteroides (3),Bacteroidota (3),3
891221151348916,6559,0.1231783353365384,,,0
52882823419175,6558,0.1231595552884615,Escherichia (6),Pseudomonadota (6),6
141061169760207,6558,0.1231595552884615,Anaerobutyricum (1),Bacillota (1),1
477076461221501,6558,0.1231595552884615,Gemmiger (1),Bacillota (1),1
840043611588083,6558,0.1231595552884615,,,0
453785874893762,6555,0.1231032151442307,Blautia_A (1),Bacillota (1),1
626729116827715,6555,0.1231032151442307,Bacteroides (3),Bacteroidota (3),3
399453148087899,6554,0.1230844350961538,Bacteroides (3),Bacteroidota (3),3
883664181273662,6552,0.123046875,Ruminococcoides (1),Bacillota (1),1
397495399388226,6551,0.123028094951923,Parabacteroides (1),Bacteroidota (1),1
484981304515608,6551,0.123028094951923,Phocaeicola (1),Bacteroidota (1),1
887770719342331,6551,0.123028094951923,Fusicatenibacter (1),Bacillota (1),1
170542753965786,6550,0.1230093149038461,Phocaeicola (1),Bacteroidota (1),1
172743641263770,6550,0.1230093149038461,Ruminococcoides (3),Bacillota (3),3
455180794811669,6548,0.1229717548076923,Anaerobutyricum (1),Bacillota (1),1
303870320357434,6545,0.1229154146634615,Phocaeicola (1),Bacteroidota (1),1
712231281015687,6545,0.1229154146634615,Bacteroides (4),Bacteroidota (4),4
874002573235305,6545,0.1229154146634615,Phocaeicola (1),Bacteroidota (1),1
365351278987567,6544,0.1228966346153846,Parabacteroides (2),Bacteroidota (2),2
479258979068796,6544,0.1228966346153846,,,0
531087393883979,6544,0.1228966346153846,Faecalibacterium (2),Bacillota (2),2
546497457491886,6543,0.1228778545673077,Bacteroides (2),Bacteroidota (2),2
777245074965678,6543,0.1228778545673077,Lachnospira (4),Bacillota (4),4
325937233134833,6541,0.1228402944711538,Phocaeicola (1),Bacteroidota (1),1
423969999874536,6541,0.1228402944711538,Parabacteroides (2),Bacteroidota (2),2
787381132070922,6539,0.122802734375,Alistipes (1),Bacteroidota (1),1
845120688547065,6539,0.122802734375,Blautia_A (2),Bacillota (2),2
871198592116463,6539,0.122802734375,Anaerobutyricum (1),Bacillota (1),1
160931736758601,6538,0.122783954326923,Bacteroides (4),Bacteroidota (4),4
456618602794861,6538,0.122783954326923,Gemmiger (1); Stercorousia (1),Bacillota (1); Cyanobacteriota (1),2
753750427375939,6538,0.122783954326923,Blautia_A (2),Bacillota (2),2
476819962088888,6536,0.1227463942307692,Anaerostipes (1),Bacillota (1),1
723242149911180,6536,0.1227463942307692,Bacteroides (2),Bacteroidota (2),2
547157357364061,6535,0.1227276141826923,Parabacteroides (3),Bacteroidota (3),3
727324642985074,6535,0.1227276141826923,Anaerobutyricum (3),Bacillota (3),3
357270563322596,6534,0.1227088341346153,Oscillibacter (2); Hominicoprocola (1),Bacillota (3),3
244394000881632,6531,0.1226524939903846,,,0
645250320554497,6530,0.1226337139423077,Gemmiger (1),Bacillota (1),1
802882320586288,6530,0.1226337139423077,Alistipes (1),Bacteroidota (1),1
660754571100922,6529,0.1226149338942307,Bacteroides (4),Bacteroidota (4),4
401360664645651,6528,0.1225961538461538,Faecalibacterium (3),Bacillota (3),3
577539828795270,6528,0.1225961538461538,Acetatifactor (2),Bacillota (2),2
48777557889653,6527,0.1225773737980769,Bacteroides (1),Bacteroidota (1),1
740180177986981,6526,0.12255859375,Blautia_A (2),Bacillota (2),2
104805402635628,6521,0.1224646935096153,Odoribacter (1),Bacteroidota (1),1
298953339222458,6520,0.1224459134615384,Blautia_A (3),Bacillota (3),3
299017906023440,6520,0.1224459134615384,Faecalibacterium (10),Bacillota (10),10
779130744645549,6520,0.1224459134615384,Lachnospira (5),Bacillota (5),5
518088624638239,6519,0.1224271334134615,Faecalibacterium (1),Bacillota (1),1
255055298222935,6518,0.1224083533653846,Blautia_A (2),Bacillota (2),2
596334501338417,6518,0.1224083533653846,Parabacteroides (2),Bacteroidota (2),2
420134382561311,6517,0.1223895733173077,Prevotella (5); Bacteroides (2); Limisoma (1),Bacteroidota (9),9
637682680864608,6517,0.1223895733173077,Alistipes (1),Bacteroidota (1),1
908989442619350,6517,0.1223895733173077,Phocaeicola (1),Bacteroidota (1),1
371122294190687,6516,0.1223707932692307,Hominicoprocola (2),Bacillota (2),2
297129359726647,6515,0.1223520132211538,Blautia_A (2),Bacillota (2),2
909873615172180,6515,0.1223520132211538,Parabacteroides (2),Bacteroidota (2),2
95218358384494,6514,0.1223332331730769,Bacteroides (1),Bacteroidota (1),1
229895295525842,6514,0.1223332331730769,Bacteroides (1),Bacteroidota (1),1
546763932709569,6514,0.1223332331730769,Stercorousia (1); Anaerobutyricum (1),Cyanobacteriota (1); Bacillota (1),2
534630602482033,6513,0.122314453125,Fusicatenibacter (1),Bacillota (1),1
545680070219113,6513,0.122314453125,Hominicoprocola (3); QAMH01 (1),Bacillota (3); Actinomycetota (1),4
180525968359113,6511,0.1222768930288461,Blautia_A (4); UMGS1264 (1),Bacillota (5),5
700604814342498,6510,0.1222581129807692,Bacteroides (3),Bacteroidota (3),3
722207969143434,6510,0.1222581129807692,Blautia_A (5),Bacillota (5),5
631606042582693,6509,0.1222393329326923,Phocaeicola (1),Bacteroidota (1),1
17145560865355,6508,0.1222205528846153,Blautia_A (4),Bacillota (4),4
188709285010896,6508,0.1222205528846153,Parabacteroides (1),Bacteroidota (1),1
295825566632259,6508,0.1222205528846153,Lawsonibacter (27); RUG563 (6); CANQKG01 (2),Bacillota (49),49
248157661304700,6507,0.1222017728365384,Anaerobutyricum (1),Bacillota (1),1
474168892321861,6506,0.1221829927884615,Faecalibacterium (1),Bacillota (1),1
672145610425645,6506,0.1221829927884615,,,0
709426164833150,6506,0.1221829927884615,Intestinimonas (2); HGM13006 (1); Holdemania (1),Bacillota (13); Bacillota_I (1),14
303748899685852,6504,0.1221454326923077,,,0
631742855672568,6504,0.1221454326923077,Scatomonas (1); HGM13006 (1),Bacillota (2),2
635081026532576,6504,0.1221454326923077,Phocaeicola (1),Bacteroidota (1),1
751278446116543,6504,0.1221454326923077,Phocaeicola (1),Bacteroidota (1),1
341277543467136,6503,0.1221266526442307,Phocaeicola (1),Bacteroidota (1),1
613031590286552,6501,0.1220890925480769,Anaerobutyricum (1),Bacillota (1),1
111628383626583,6500,0.1220703125,Lachnospira (4); RGIG9151 (2); Coprococcus_C (2),Bacillota (11),11
535934442816805,6500,0.1220703125,Bacteroides (1),Bacteroidota (1),1
171808615975249,6499,0.122051532451923,Alistipes (2),Bacteroidota (2),2
502842845291325,6498,0.1220327524038461,Bacteroides (1),Bacteroidota (1),1
165782633853610,6497,0.1220139723557692,Acetatifactor (3); Choladousia (2); Blautia_A (2),Bacillota (17); Bacillota_I (1),18
268212526815216,6496,0.1219951923076923,Parabacteroides (1),Bacteroidota (1),1
647679130271490,6496,0.1219951923076923,Roseburia (1),Bacillota (1),1
415483632690399,6495,0.1219764122596153,Bacteroides (2),Bacteroidota (2),2
118226051097342,6493,0.1219388521634615,Bifidobacterium (5),Actinomycetota (5),5
124174116064568,6493,0.1219388521634615,Bacteroides (1),Bacteroidota (1),1
509420335634764,6490,0.1218825120192307,Roseburia (1),Bacillota (1),1
718481932739212,6490,0.1218825120192307,Choladousia (1); Parabacteroides (1),Bacillota (1); Bacteroidota (1),2
604053640485926,6488,0.1218449519230769,Phocaeicola (1),Bacteroidota (1),1
499264602141640,6487,0.121826171875,Alistipes (1),Bacteroidota (1),1
280573666934436,6486,0.121807391826923,Blautia_A (3),Bacillota (3),3
911466966906730,6486,0.121807391826923,Bacteroides (2),Bacteroidota (2),2
67190138869138,6485,0.1217886117788461,Bacteroides (4),Bacteroidota (4),4
744010547979248,6484,0.1217698317307692,Parabacteroides (2),Bacteroidota (2),2
218957421774525,6482,0.1217322716346153,Parabacteroides (2),Bacteroidota (2),2
427127849999728,6481,0.1217134915865384,,,0
403388563898541,6480,0.1216947115384615,Blautia_A (2),Bacillota (2),2
15014781126177,6479,0.1216759314903846,Bacteroides (2),Bacteroidota (2),2
214639726690517,6478,0.1216571514423077,Acetatifactor (2),Bacillota (2),2
657309902778051,6478,0.1216571514423077,Bacteroides (1),Bacteroidota (1),1
737688416140983,6477,0.1216383713942307,Bacteroides (2),Bacteroidota (2),2
54940226293530,6476,0.1216195913461538,Phocaeicola (1),Bacteroidota (1),1
669268733846002,6476,0.1216195913461538,Bacteroides (3),Bacteroidota (3),3
682159481563291,6476,0.1216195913461538,Alistipes (1),Bacteroidota (1),1
290822956359849,6475,0.1216008112980769,Phocaeicola (1),Bacteroidota (1),1
702400887447953,6475,0.1216008112980769,Escherichia (1); G047199115 (1); Alkalicoccobacillus (1),Pseudomonadota (2); Bacillota (1),3
920643361581393,6475,0.1216008112980769,Enterobacter (2); Escherichia (2); ECMA0423 (1),Pseudomonadota (6),6
102312055826649,6473,0.121563251201923,Anaerobutyricum (1),Bacillota (1),1
29330239123106,6471,0.1215256911057692,Phocaeicola (1),Bacteroidota (1),1
116785536744713,6471,0.1215256911057692,Streptococcus (10),Bacillota (10),10
827583448490494,6470,0.1215069110576923,Bacteroides (2),Bacteroidota (2),2
869701963511141,6469,0.1214881310096153,Blautia_A (8),Bacillota (8),8
421037880791088,6468,0.1214693509615384,Bacteroides (1),Bacteroidota (1),1
535112861101186,6468,0.1214693509615384,Phocaeicola (1),Bacteroidota (1),1
110222532729026,6467,0.1214505709134615,Phocaeicola (1),Bacteroidota (1),1
90543163511020,6466,0.1214317908653846,,,0
875688193105248,6464,0.1213942307692307,Blautia_A (3),Bacillota (3),3
259943926075531,6462,0.1213566706730769,Gemmiger (1),Bacillota (1),1
49325777662180,6461,0.121337890625,Parabacteroides (3),Bacteroidota (3),3
226718981961467,6461,0.121337890625,Blautia_A (3),Bacillota (3),3
750668508107220,6460,0.121319110576923,Blautia_A (3),Bacillota (3),3
216219820585191,6457,0.1212627704326923,Phocaeicola (1),Bacteroidota (1),1
550421330644180,6457,0.1212627704326923,Phocaeicola (1),Bacteroidota (1),1
559621430741462,6457,0.1212627704326923,Parabacteroides (1),Bacteroidota (1),1
756310510896998,6456,0.1212439903846153,Bacteroides (2),Bacteroidota (2),2
207469250995067,6454,0.1212064302884615,Bacteroides (2),Bacteroidota (2),2
764646731346502,6454,0.1212064302884615,Mediterraneibacter (3),Bacillota (3),3
27107161410005,6453,0.1211876502403846,,,0
901144291390657,6453,0.1211876502403846,Bacteroides (2),Bacteroidota (2),2
36117270657491,6452,0.1211688701923077,Bacteroides (4),Bacteroidota (4),4
767573967383294,6452,0.1211688701923077,Bacteroides (1),Bacteroidota (1),1
401045910319789,6450,0.1211313100961538,Allocoprococcus (3),Bacillota (3),3
445206167136379,6450,0.1211313100961538,Gemmiger (1),Bacillota (1),1
754226965579224,6450,0.1211313100961538,Bacteroides (2),Bacteroidota (2),2
56297266523232,6449,0.1211125300480769,Bacteroides (3),Bacteroidota (3),3
787771973001063,6449,0.1211125300480769,Phocaeicola (1),Bacteroidota (1),1
830465919669502,6449,0.1211125300480769,Alistipes (3); Tidjanibacter (1),Bacteroidota (4),4
620385949158783,6448,0.12109375,Enterocloster (2); Laedolimicola (2); Faecalibacterium (1),Bacillota (7); Bacillota_I (1),8
485906679139421,6446,0.1210561899038461,Anaerostipes (1),Bacillota (1),1
376050807898643,6445,0.1210374098557692,Faecalibacterium (1),Bacillota (1),1
567285134887002,6445,0.1210374098557692,Alistipes (1),Bacteroidota (1),1
497390838945320,6443,0.1209998497596153,Bacteroides (2),Bacteroidota (2),2
74944467087199,6442,0.1209810697115384,Bifidobacterium (1),Actinomycetota (1),1
661784931651164,6442,0.1209810697115384,Roseburia (1),Bacillota (1),1
1524229107534,6440,0.1209435096153846,Acetatifactor (1); Blautia_A (1); Enterocloster (1),Bacillota (7),7
146748190731483,6439,0.1209247295673077,Bacteroides (2),Bacteroidota (2),2
800777500474333,6439,0.1209247295673077,Bacteroides (1),Bacteroidota (1),1
281403622075425,6438,0.1209059495192307,Blautia_A (3); Roseburia (2); Blautia (2),Bacillota (8),8
864855613277595,6438,0.1209059495192307,Bacteroides (1),Bacteroidota (1),1
657666490231920,6436,0.1208683894230769,UBA8904 (1); Bianquea (1); Agathobaculum (1),Bacillota (10); Desulfobacterota (1); Bacteroidota (1),12
42924281935829,6434,0.120830829326923,Bacteroides (3),Bacteroidota (3),3
210095537966653,6434,0.120830829326923,Alistipes (5),Bacteroidota (5),5
232306478848640,6434,0.120830829326923,Bacteroides (2),Bacteroidota (2),2
467126324013802,6434,0.120830829326923,Parabacteroides (1),Bacteroidota (1),1
669064168804764,6434,0.120830829326923,Lachnospira (1),Bacillota (1),1
115511297579549,6433,0.1208120492788461,Bacteroides (4),Bacteroidota (4),4
274601347938200,6433,0.1208120492788461,Blautia_A (1),Bacillota (1),1
600235817120457,6433,0.1208120492788461,Roseburia (1),Bacillota (1),1
229846768016214,6428,0.1207181490384615,Parabacteroides (1),Bacteroidota (1),1
224482943158735,6427,0.1206993689903846,Blautia (1); Mediterraneibacter (1); Claveliimonas (1),Bacillota (4),4
43202963522961,6425,0.1206618088942307,Mediterraneibacter (2),Bacillota (2),2
473084441812077,6425,0.1206618088942307,Enterobacter (2); ECMA0423 (1); Nanosynbacter (1),Pseudomonadota (6); Patescibacteriota (1),7
745512674637520,6425,0.1206618088942307,Bacteroides (3),Bacteroidota (3),3
804469802174574,6425,0.1206618088942307,Parabacteroides (1),Bacteroidota (1),1
895372218183698,6424,0.1206430288461538,Bacteroides (1),Bacteroidota (1),1
273795402188489,6423,0.1206242487980769,Phocaeicola (1),Bacteroidota (1),1
553198951316068,6423,0.1206242487980769,Bacteroides (1),Bacteroidota (1),1
771667517262753,6423,0.1206242487980769,,,0
844153493027017,6423,0.1206242487980769,Faecalibacterium (1),Bacillota (1),1
858913723563248,6423,0.1206242487980769,Phocaeicola (1),Bacteroidota (1),1
566001190977808,6421,0.120586688701923,Parabacteroides (2),Bacteroidota (2),2
152776663806351,6420,0.1205679086538461,,,0
366250710804254,6420,0.1205679086538461,Anthropogastromicrobium (1); Hominifimenecus (1); Blautia_A (1),Bacillota (4),4
531993860699271,6419,0.1205491286057692,Ruminococcoides (1),Bacillota (1),1
566574611241685,6419,0.1205491286057692,Roseburia (3); COE1 (2); FD2005 (1),Bacillota (12); Bacillota_I (1),13
558407531282438,6418,0.1205303485576923,Blautia_A (4),Bacillota (4),4
529334588748497,6417,0.1205115685096153,Blautia_A (1),Bacillota (1),1
668673477177172,6417,0.1205115685096153,Phocaeicola (1),Bacteroidota (1),1
78926588011219,6416,0.1204927884615384,Faecalibacterium (3),Bacillota (3),3
189940472425899,6416,0.1204927884615384,Acetatifactor (1); Bacteroides (1),Bacillota (1); Bacteroidota (1),2
343428788574602,6416,0.1204927884615384,Roseburia (2),Bacillota (2),2
417074993180030,6416,0.1204927884615384,Acetatifactor (2),Bacillota (2),2
169265427425028,6415,0.1204740084134615,Bacteroides (1),Bacteroidota (1),1
173367808019914,6414,0.1204552283653846,Gemmiger (1),Bacillota (1),1
425616028387664,6414,0.1204552283653846,Blautia_A (2),Bacillota (2),2
491199194957989,6413,0.1204364483173077,Oscillibacter (16),Bacillota (16),16
500156343645926,6413,0.1204364483173077,,,0
25046384879616,6412,0.1204176682692307,Allocoprococcus (3),Bacillota (3),3
737869742188049,6410,0.1203801081730769,Blautia_A (4),Bacillota (4),4
360215301136873,6409,0.120361328125,Blautia_A (5),Bacillota (5),5
852785726486473,6409,0.120361328125,Phocaeicola (2); Faecimorpha (1); Bacteroides (1),Bacteroidota (3); Bacillota (1),4
101382954349177,6407,0.1203237680288461,,,0
249427779872356,6407,0.1203237680288461,Bacteroides (3),Bacteroidota (3),3
502155093406436,6407,0.1203237680288461,Kitasatospora (2); Frankia (1); CALGDE01 (1),Actinomycetota (3); Cyanobacteriota (1),4
686785722891754,6407,0.1203237680288461,Bacteroides (3),Bacteroidota (3),3
746384192130801,6407,0.1203237680288461,Parabacteroides (1),Bacteroidota (1),1
905495302408828,6407,0.1203237680288461,Parabacteroides (5),Bacteroidota (5),5
285571689957772,6406,0.1203049879807692,Phocaeicola (1),Bacteroidota (1),1
383480042069925,6406,0.1203049879807692,Mediterraneibacter (1),Bacillota (1),1
421921577387264,6405,0.1202862079326923,Blautia_A (5),Bacillota (5),5
651536894316334,6403,0.1202486478365384,Lawsonibacter (2); Intestinimonas (1); Flavonifractor (1),Bacillota (4),4
8128682138789,6402,0.1202298677884615,Gemmiger (1),Bacillota (1),1
622384642237671,6402,0.1202298677884615,Alistipes (2); CAG-1031 (1); Phocaeicola (1),Bacteroidota (5),5
178014664688874,6401,0.1202110877403846,Phocaeicola (1),Bacteroidota (1),1
118388390850230,6400,0.1201923076923077,Phocaeicola (1); Lentihominibacter (1),Bacteroidota (1); Bacillota (1),2
287691381784181,6400,0.1201923076923077,Parabacteroides (1),Bacteroidota (1),1
349663232401440,6400,0.1201923076923077,Enterocloster (7); Brotaphodocola (2); Allofournierella (1),Bacillota (11),11
123130160307654,6399,0.1201735276442307,Bacteroides (1),Bacteroidota (1),1
211090364009630,6397,0.1201359675480769,Blautia_A (3),Bacillota (3),3
855955667129546,6397,0.1201359675480769,Parabacteroides (1),Bacteroidota (1),1
124705036405751,6396,0.1201171875,Allocoprococcus (1),Bacillota (1),1
129634224919303,6396,0.1201171875,Allocoprococcus (2),Bacillota (2),2
579043166673351,6396,0.1201171875,Blautia_A (2); Brotaphodocola (2); Hominiventricola (1),Bacillota (10),10
897342285413960,6396,0.1201171875,Roseburia (1); Eubacterium_Q (1); Butyribacter (1),Bacillota (3),3
413472159978073,6394,0.1200796274038461,Blautia_A (1),Bacillota (1),1
676059922691368,6391,0.1200232872596153,Oscillibacter (1); Sodaliphilus (1); Gemmiger (1),Bacillota (4); Bacteroidota (1),5
817503358736187,6391,0.1200232872596153,Parabacteroides (2),Bacteroidota (2),2
22333615244613,6388,0.1199669471153846,Bacteroides (3),Bacteroidota (3),3
206061316745234,6388,0.1199669471153846,Roseburia (1),Bacillota (1),1
448073041533715,6387,0.1199481670673077,Bacteroides (3),Bacteroidota (3),3
233923534062001,6386,0.1199293870192307,Bacteroides (2); Phocaeicola (1),Bacteroidota (3),3
170674178644838,6385,0.1199106069711538,Bacteroides (4),Bacteroidota (4),4
735886549060599,6385,0.1199106069711538,Alistipes (1),Bacteroidota (1),1
881714712026189,6385,0.1199106069711538,Gemmiger (1),Bacillota (1),1
40313907440857,6384,0.1198918269230769,Bacteroides (1),Bacteroidota (1),1
351520717976046,6383,0.119873046875,Roseburia (2),Bacillota (2),2
870977594523574,6383,0.119873046875,Blautia_A (4); Oliverpabstia (1),Bacillota (5),5
902254932740453,6383,0.119873046875,Faecousia (1); Faecalibacterium (1); Blautia_A (1),Bacillota (3),3
100261272063311,6382,0.119854266826923,Allocoprococcus (3),Bacillota (3),3
561206084011688,6382,0.119854266826923,Parabacteroides (1),Bacteroidota (1),1
568095200433591,6382,0.119854266826923,Blautia_A (2),Bacillota (2),2
670454201767434,6382,0.119854266826923,Fusicatenibacter (2),Bacillota (2),2
730404811727902,6382,0.119854266826923,Bacteroides (9),Bacteroidota (9),9
754638993388801,6382,0.119854266826923,Anaerobutyricum (1),Bacillota (1),1
237652201200654,6380,0.1198167067307692,Gemmiger (1),Bacillota (1),1
63348083802713,6379,0.1197979266826923,Agathobaculum (2); Lawsonibacter (2); HGM13006 (1),Bacillota (6),6
239992640379434,6379,0.1197979266826923,Escherichia (3); Enterobacter (1); G047199095 (1),Pseudomonadota (5),5
291030794258777,6379,0.1197979266826923,Limiplasma (1); Phocaeicola (1); Bacteroides (1),Bacteroidota (3); Bacillota (1),4
398879073651077,6379,0.1197979266826923,Lachnospira (3),Bacillota (3),3
573924421199120,6378,0.1197791466346153,Parabacteroides (7),Bacteroidota (7),7
94753835100500,6376,0.1197415865384615,Bacteroides (2),Bacteroidota (2),2
717314964062807,6375,0.1197228064903846,Parabacteroides (1),Bacteroidota (1),1
887577109071523,6374,0.1197040264423077,Ruminococcoides (1),Bacillota (1),1
222637165183411,6373,0.1196852463942307,Roseburia (1),Bacillota (1),1
71464399654234,6372,0.1196664663461538,Alistipes (2),Bacteroidota (2),2
341371839664262,6371,0.1196476862980769,Roseburia (1),Bacillota (1),1
574884399827878,6369,0.119610126201923,Gemmiger (1),Bacillota (1),1
704964300708592,6368,0.1195913461538461,Bacteroides (2),Bacteroidota (2),2
185443517494712,6367,0.1195725661057692,Roseburia (2),Bacillota (2),2
636470989384783,6366,0.1195537860576923,Anaerobutyricum (1); CAG-170 (1); 14-2 (1),Bacillota (5),5
525052977981744,6365,0.1195350060096153,Bacteroides (2); Scybalousia_A (1); Mobilitalea (1),Bacteroidota (3); Bacillota (1),4
404399837670226,6364,0.1195162259615384,Blautia_A (3),Bacillota (3),3
185998069003769,6363,0.1194974459134615,Bacteroides (1),Bacteroidota (1),1
780391763861442,6363,0.1194974459134615,Faecalibacterium (1); Faecousia (1),Bacillota (2),2
547322936466169,6362,0.1194786658653846,Bacteroides (2),Bacteroidota (2),2
877858422706654,6362,0.1194786658653846,Anaerostipes (1),Bacillota (1),1
551148681992816,6360,0.1194411057692307,Faecalibacterium (2); Collinsella (1),Bacillota (2); Actinomycetota (1),3
184312674375994,6358,0.1194035456730769,Alistipes (4),Bacteroidota (4),4
544273360516797,6358,0.1194035456730769,Blautia_A (2),Bacillota (2),2
511943624788799,6355,0.1193472055288461,Bacteroides (3); Alloprevotella (1); DYCT01 (1),Bacteroidota (5),5
145156649078224,6354,0.1193284254807692,Bacteroides (1),Bacteroidota (1),1
787786584160853,6353,0.1193096454326923,Anaerobutyricum (1),Bacillota (1),1
37844761005677,6352,0.1192908653846153,Parabacteroides (1),Bacteroidota (1),1
47430271874923,6352,0.1192908653846153,Roseburia (1),Bacillota (1),1
519297635993414,6348,0.1192157451923077,Roseburia (1),Bacillota (1),1
848991240262277,6348,0.1192157451923077,Bacteroides (2),Bacteroidota (2),2
272231763738445,6347,0.1191969651442307,Hominicoprocola (3); QAMH01 (1),Bacillota (3); Actinomycetota (1),4
862800528944920,6347,0.1191969651442307,Pseudoflavonifractor_A (1); Hominicoprocola (1); CAG-103 (1),Bacillota (3),3
273227355119291,6346,0.1191781850961538,Hominicoprocola (4),Bacillota (4),4
80680558443220,6345,0.1191594050480769,Alistipes (1),Bacteroidota (1),1
919107200751076,6345,0.1191594050480769,Bacteroides (3),Bacteroidota (3),3
303380071522472,6342,0.1191030649038461,Hominicoprocola (3); Collinsella (1),Bacillota (3); Actinomycetota (1),4
731929550194684,6342,0.1191030649038461,Bacteroides (2),Bacteroidota (2),2
160522426937094,6340,0.1190655048076923,Bacteroides (3),Bacteroidota (3),3
187999313674260,6340,0.1190655048076923,Gemmiger (1),Bacillota (1),1
718442666329785,6340,0.1190655048076923,Faecalibacterium (1); Hominicoprocola (1),Bacillota (2),2
879694733952507,6340,0.1190655048076923,Mediterraneibacter (1),Bacillota (1),1
579051594168952,6336,0.1189903846153846,Mediterraneibacter (2),Bacillota (2),2
345498940522073,6335,0.1189716045673077,Roseburia (1),Bacillota (1),1
513493587123311,6335,0.1189716045673077,Bacteroides (4),Bacteroidota (4),4
753987159392095,6335,0.1189716045673077,Bacteroides (5),Bacteroidota (5),5
627872952000694,6334,0.1189528245192307,Bacteroides (2),Bacteroidota (2),2
588253333634741,6332,0.1189152644230769,Allocoprococcus (2),Bacillota (2),2
763749611240343,6332,0.1189152644230769,Lawsonibacter (1); Vescimonas (1),Bacillota (2),2
599339536005003,6331,0.118896484375,Ruminococcoides (1),Bacillota (1),1
170920035981006,6330,0.118877704326923,Parabacteroides (1),Bacteroidota (1),1
745284678201123,6328,0.1188401442307692,Parabacteroides (7); Alistipes (4),Bacteroidota (11),11
163992868938692,6326,0.1188025841346153,Alistipes (2),Bacteroidota (2),2
193428713007835,6326,0.1188025841346153,,,0
853382957374000,6326,0.1188025841346153,Parabacteroides (2),Bacteroidota (2),2
784721544302449,6325,0.1187838040865384,Bacteroides (3); Phocaeicola (1),Bacteroidota (4),4
416028633687640,6324,0.1187650240384615,Bacteroides (2),Bacteroidota (2),2
622964523570403,6323,0.1187462439903846,Escherichia (3); ECMA0423 (1); Enterobacter (1),Pseudomonadota (7),7
764064762157532,6323,0.1187462439903846,,,0
703761036029024,6322,0.1187274639423077,UBA12545 (3); Alistipes (1),Bacillota (3); Bacteroidota (1),4
935788157445,6319,0.1186711237980769,Ruminococcoides (2),Bacillota (2),2
453344272642261,6319,0.1186711237980769,Faecalibacterium (2); Gemmiger (1); Fimivicinus (1),Bacillota (4),4
855892511218168,6319,0.1186711237980769,Phocaeicola (1),Bacteroidota (1),1
521210597691105,6318,0.11865234375,Gemmiger (1),Bacillota (1),1
611117512116110,6318,0.11865234375,Phocaeicola (1),Bacteroidota (1),1
859155061877736,6317,0.118633563701923,Roseburia (1),Bacillota (1),1
218639514327893,6316,0.1186147836538461,Ruminococcoides (2); UMGS363 (1),Bacillota (3),3
843829105041261,6316,0.1186147836538461,Escherichia (4); G047199115 (1),Pseudomonadota (5),5
714825785420394,6315,0.1185960036057692,Bacteroides (2),Bacteroidota (2),2
507677837265710,6314,0.1185772235576923,,,0
386007969054495,6313,0.1185584435096153,Blautia_A (1),Bacillota (1),1
153203759160734,6312,0.1185396634615384,Lachnospira (3),Bacillota (3),3
526868714222074,6312,0.1185396634615384,Faecalibacterium (1),Bacillota (1),1
544838766322441,6312,0.1185396634615384,Blautia_A (1); Catenibacillus (1),Bacillota (2),2
166389702909952,6311,0.1185208834134615,CAG-103 (8); RUG626 (3); CANRIN01 (2),Bacillota (14),14
638957590550477,6311,0.1185208834134615,Bacteroides (1),Bacteroidota (1),1
884012194119736,6311,0.1185208834134615,,,0
264031400153586,6310,0.1185021033653846,Bacteroides (2); UBA1189 (1),Bacteroidota (3),3
759852806881071,6309,0.1184833233173077,Parabacteroides (5),Bacteroidota (5),5
368197566622683,6308,0.1184645432692307,Parabacteroides (1),Bacteroidota (1),1
488244433168839,6308,0.1184645432692307,Bacteroides (4),Bacteroidota (4),4
566253066572359,6308,0.1184645432692307,Streptococcus (11),Bacillota (11),11
626073146415658,6307,0.1184457632211538,Phocaeicola (1),Bacteroidota (1),1
94117438858785,6306,0.1184269831730769,Enterocloster (2); Senimuribacter (1); Oscillibacter (1),Bacillota (4),4
165594974673125,6306,0.1184269831730769,Faecalibacterium (1),Bacillota (1),1
256462255804337,6306,0.1184269831730769,Bifidobacterium (3),Actinomycetota (3),3
379020903226484,6306,0.1184269831730769,Blautia_A (3),Bacillota (3),3
403400265088359,6305,0.118408203125,Bacteroides (2),Bacteroidota (2),2
67186632810250,6304,0.118389423076923,Blautia_A (2),Bacillota (2),2
9519181881202,6302,0.1183518629807692,Blautia_A (2); Schaedlerella (1); Laedolimicola (1),Bacillota (9); Bacillota_I (1),10
164663950294300,6301,0.1183330829326923,Bacteroides (1),Bacteroidota (1),1
200336082364735,6301,0.1183330829326923,Fusicatenibacter (1); Flavonifractor (1),Bacillota (2),2
407088967525140,6301,0.1183330829326923,Allocoprococcus (3),Bacillota (3),3
819557682204124,6301,0.1183330829326923,Phocaeicola (1),Bacteroidota (1),1
664244104898470,6300,0.1183143028846153,Phocaeicola (3),Bacteroidota (3),3
43536949735734,6299,0.1182955228365384,Alistipes (2),Bacteroidota (2),2
579567736012803,6299,0.1182955228365384,Blautia_A (2); CAG-238 (1); Brotonthovivens (1),Bacillota (6),6
891896198976649,6298,0.1182767427884615,Blautia_A (1),Bacillota (1),1
425677991651589,6297,0.1182579627403846,Bacteroides (5),Bacteroidota (5),5
857138832116648,6296,0.1182391826923077,Gemmiger (1); Megasphaera (1),Bacillota (2),2
654172895802193,6295,0.1182204026442307,Parabacteroides (1),Bacteroidota (1),1
106825848467130,6294,0.1182016225961538,Ruminococcoides (3),Bacillota (3),3
478519718461791,6293,0.1181828425480769,,,0
622719243132936,6293,0.1181828425480769,Gemmiger (1),Bacillota (1),1
521317281827305,6292,0.1181640625,Faecalibacterium (1),Bacillota (1),1
726056037311005,6292,0.1181640625,Bacteroides (3),Bacteroidota (3),3
129827502860951,6291,0.118145282451923,Phocaeicola (2),Bacteroidota (2),2
604694867927366,6291,0.118145282451923,Parabacteroides (1),Bacteroidota (1),1
637279559783988,6289,0.1181077223557692,Bacteroides (1),Bacteroidota (1),1
261875052493153,6288,0.1180889423076923,Alistipes (1),Bacteroidota (1),1
104444015811816,6287,0.1180701622596153,Bacteroides (1),Bacteroidota (1),1
347530731673672,6287,0.1180701622596153,Acetatifactor (2),Bacillota (2),2
348871646039435,6287,0.1180701622596153,Phocaeicola (1),Bacteroidota (1),1
479018938723391,6285,0.1180326021634615,Bacteroides (4),Bacteroidota (4),4
119122522663425,6284,0.1180138221153846,,,0
634887661389566,6284,0.1180138221153846,Parabacteroides (1),Bacteroidota (1),1
815381908630055,6284,0.1180138221153846,Anaerostipes (2),Bacillota (2),2
110242047482891,6283,0.1179950420673077,Faecalibacterium (1),Bacillota (1),1
210843090744507,6282,0.1179762620192307,Gemmiger (1),Bacillota (1),1
357484483057971,6282,0.1179762620192307,Bacteroides (1),Bacteroidota (1),1
529124617627978,6282,0.1179762620192307,Faecalibacterium (3),Bacillota (3),3
869745132786298,6282,0.1179762620192307,Caulobacter (44); JABFXX01 (40); Amaricoccus (29),Pseudomonadota (1022); Gemmatimonadota (206); Planctomycetota (137),1608
374198041800377,6281,0.1179574819711538,Bacteroides (2); SIG351 (1),Bacteroidota (2); Bacillota (1),3
400343748484221,6280,0.1179387019230769,Faecalibacterium (3),Bacillota (3),3
114560049289041,6279,0.117919921875,Blautia_A (1),Bacillota (1),1
504747385376880,6279,0.117919921875,,,0
518453358561177,6279,0.117919921875,Bacteroides (1),Bacteroidota (1),1
470363903289505,6278,0.117901141826923,Anaerobutyricum (1),Bacillota (1),1
33517137022028,6277,0.1178823617788461,Roseburia (1),Bacillota (1),1
39393902965761,6276,0.1178635817307692,Hominicoprocola (2),Bacillota (2),2
864094412673802,6276,0.1178635817307692,Streptococcus (9),Bacillota (9),9
174394109326215,6275,0.1178448016826923,Bacteroides (2),Bacteroidota (2),2
409890173027149,6275,0.1178448016826923,Phocaeicola (1); Veillonella (1),Bacteroidota (1); Bacillota (1),2
562722947174845,6275,0.1178448016826923,Phocaeicola (1),Bacteroidota (1),1
272646042106470,6274,0.1178260216346153,Roseburia (2),Bacillota (2),2
404732135837600,6274,0.1178260216346153,Parabacteroides (1),Bacteroidota (1),1
650764246296881,6274,0.1178260216346153,,,0
867578357589122,6274,0.1178260216346153,Blautia_A (1); Limivicinus (1),Bacillota (2),2
52988246790917,6273,0.1178072415865384,Phocaeicola (6); Parabacteroides (2); Bacteroides (1),Bacteroidota (9),9
115653412445486,6273,0.1178072415865384,Alistipes (1),Bacteroidota (1),1
698524062356194,6273,0.1178072415865384,Blautia_A (1),Bacillota (1),1
199222285823624,6272,0.1177884615384615,Anaerostipes (1),Bacillota (1),1
865579069660814,6272,0.1177884615384615,Bacteroides (3),Bacteroidota (3),3
184392882493659,6271,0.1177696814903846,Roseburia (2),Bacillota (2),2
642944052172889,6271,0.1177696814903846,Mediterraneibacter (1),Bacillota (1),1
919892915976578,6271,0.1177696814903846,Roseburia (1),Bacillota (1),1
127112831553005,6270,0.1177509014423077,,,0
757812681529011,6270,0.1177509014423077,Bacteroides (1),Bacteroidota (1),1
414669554251235,6269,0.1177321213942307,Anaerobutyricum (1),Bacillota (1),1
273158020732303,6268,0.1177133413461538,Mediterraneibacter (2),Bacillota (2),2
390758018961393,6268,0.1177133413461538,Bacteroides (2),Bacteroidota (2),2
393089974893347,6268,0.1177133413461538,Bacteroides (1),Bacteroidota (1),1
502486132775984,6268,0.1177133413461538,Bacteroides (1),Bacteroidota (1),1
658639041736457,6268,0.1177133413461538,Parabacteroides (1),Bacteroidota (1),1
553279423434700,6267,0.1176945612980769,Bacteroides (1),Bacteroidota (1),1
738857454031302,6266,0.11767578125,Faecalibacterium (1),Bacillota (1),1
447184807549285,6265,0.117657001201923,,,0
476755938562148,6264,0.1176382211538461,Blautia_A (1),Bacillota (1),1
763923656244593,6264,0.1176382211538461,Bacteroides (1),Bacteroidota (1),1
200297859858259,6263,0.1176194411057692,Alistipes (1),Bacteroidota (1),1
612645824534679,6261,0.1175818810096153,Bacteroides (1),Bacteroidota (1),1
180735576918803,6260,0.1175631009615384,Bifidobacterium (2),Actinomycetota (2),2
251893003670213,6260,0.1175631009615384,Faecalibacterium (9),Bacillota (9),9
255345605713814,6259,0.1175443209134615,Anaerobutyricum (1),Bacillota (1),1
3118866710863,6258,0.1175255408653846,,,0
87801850259245,6258,0.1175255408653846,Lachnospira (3),Bacillota (3),3
162658462824972,6257,0.1175067608173077,Phocaeicola (1),Bacteroidota (1),1
326860343588727,6257,0.1175067608173077,Alistipes (3),Bacteroidota (3),3
715518581904186,6257,0.1175067608173077,Bifidobacterium (2),Actinomycetota (2),2
586336419362441,6256,0.1174879807692307,,,0
150475121523156,6254,0.1174504206730769,Allocoprococcus (3),Bacillota (3),3
569810407867965,6254,0.1174504206730769,Streptococcus (46); Aerococcus (3); WOFB19 (2),Bacillota (52); Bacillota_I (8); Patescibacteriota (4),69
666557772773651,6254,0.1174504206730769,Bacteroides (4),Bacteroidota (4),4
751972849699994,6254,0.1174504206730769,Phocaeicola (2),Bacteroidota (2),2
218760509159038,6252,0.117412860576923,Blautia_A (1),Bacillota (1),1
287163119406454,6252,0.117412860576923,Parabacteroides (5),Bacteroidota (5),5
803677211502451,6252,0.117412860576923,Phocaeicola (1),Bacteroidota (1),1
388771428566429,6251,0.1173940805288461,Bacteroides (2),Bacteroidota (2),2
297741171176215,6250,0.1173753004807692,Phocaeicola (1),Bacteroidota (1),1
402875283196757,6249,0.1173565204326923,Bacteroides (2),Bacteroidota (2),2
610563371283554,6249,0.1173565204326923,Blautia_A (1),Bacillota (1),1
170198389691157,6248,0.1173377403846153,Roseburia (1),Bacillota (1),1
489215606755230,6248,0.1173377403846153,Bacteroides (2),Bacteroidota (2),2
22234706644558,6247,0.1173189603365384,Parabacteroides (1),Bacteroidota (1),1
82878106654553,6246,0.1173001802884615,Bacteroides (1),Bacteroidota (1),1
326670918271777,6246,0.1173001802884615,Bacteroides (2),Bacteroidota (2),2
814087390091872,6246,0.1173001802884615,,,0
457007137417998,6245,0.1172814002403846,Faecalibacterium (1),Bacillota (1),1
500671106689914,6243,0.1172438401442307,Roseburia (1),Bacillota (1),1
825043615219008,6243,0.1172438401442307,Hominicoprocola (2),Bacillota (2),2
530955621444432,6242,0.1172250600961538,Parabacteroides (1),Bacteroidota (1),1
630159186554235,6242,0.1172250600961538,Bacteroides (3),Bacteroidota (3),3
125036872507438,6241,0.1172062800480769,Phocaeicola (1),Bacteroidota (1),1
288770691353435,6241,0.1172062800480769,Bacteroides (1),Bacteroidota (1),1
338739418539731,6241,0.1172062800480769,Roseburia (1),Bacillota (1),1
595122489403078,6240,0.1171875,Bacteroides (1),Bacteroidota (1),1
112812500547933,6239,0.117168719951923,QVMH01 (1),Bacteroidota (1),1
574387470400025,6239,0.117168719951923,Lawsonibacter (8); Pseudoflavonifractor_A (7); Flavonifractor (4),Bacillota (33),33
604620422650353,6239,0.117168719951923,Bacteroides (1),Bacteroidota (1),1
7322825145010,6238,0.1171499399038461,Alistipes (1),Bacteroidota (1),1
439335549363284,6238,0.1171499399038461,Roseburia (1),Bacillota (1),1
733972722360350,6238,0.1171499399038461,Dorea_A (2),Bacillota (2),2
482537677997822,6237,0.1171311598557692,Anthropogastromicrobium (3),Bacillota (3),3
860138537181883,6237,0.1171311598557692,Anaerobutyricum (1),Bacillota (1),1
80988917055587,6236,0.1171123798076923,Bacteroides (1),Bacteroidota (1),1
177359218127390,6236,0.1171123798076923,Alistipes (2),Bacteroidota (2),2
222206541375826,6236,0.1171123798076923,Allocoprococcus (3),Bacillota (3),3
241651076477357,6236,0.1171123798076923,Hominicoprocola (5),Bacillota (5),5
567501861675527,6236,0.1171123798076923,Faecalibacterium (6); Nevskia (1); JAZOXB01 (1),Bacillota (7); Pseudomonadota (1); Acidobacteriota (1),9
44133580521880,6235,0.1170935997596153,Bacteroides (2),Bacteroidota (2),2
136099851337845,6235,0.1170935997596153,Roseburia (1),Bacillota (1),1
166756849763324,6235,0.1170935997596153,Parabacteroides (1),Bacteroidota (1),1
230056677225227,6235,0.1170935997596153,Oscillibacter (3); Lawsonibacter (1); Hominicoprocola (1),Bacillota (5),5
845493115908572,6234,0.1170748197115384,Anaerobutyricum (1),Bacillota (1),1
478716932056784,6232,0.1170372596153846,Luteolibacter (17); Prosthecobacter (14); UBA5072 (9),Bacteroidota (129); Verrucomicrobiota (79); Planctomycetota (46),409
702112189302248,6232,0.1170372596153846,Lachnospira (3),Bacillota (3),3
43293034063768,6231,0.1170184795673077,Bacteroides (8); Parabacteroides (2); GCA-2711565 (1),Bacteroidota (11),11
346759236214636,6231,0.1170184795673077,Blautia_A (1),Bacillota (1),1
633199069395524,6229,0.1169809194711538,Bifidobacterium (2),Actinomycetota (2),2
613279817627094,6228,0.1169621394230769,Prevotella (29),Bacteroidota (29),29
838246753476325,6228,0.1169621394230769,Bacteroides (1),Bacteroidota (1),1
547537613590426,6226,0.116924579326923,Bacteroides (1),Bacteroidota (1),1
339725252778601,6225,0.1169057992788461,,,0
607296009837066,6225,0.1169057992788461,Allocoprococcus (3),Bacillota (3),3
785409708660357,6225,0.1169057992788461,Gemmiger (1),Bacillota (1),1
98130172568823,6224,0.1168870192307692,Bacteroides (1),Bacteroidota (1),1
367162585348465,6224,0.1168870192307692,Parabacteroides (2),Bacteroidota (2),2
381804686984265,6224,0.1168870192307692,,,0
46175154789969,6223,0.1168682391826923,Parabacteroides (1),Bacteroidota (1),1
317860606919420,6223,0.1168682391826923,Alistipes (6),Bacteroidota (6),6
9879401825847,6222,0.1168494591346153,Parabacteroides (1),Bacteroidota (1),1
663146143558811,6222,0.1168494591346153,Blautia_A (1),Bacillota (1),1
836338907549906,6222,0.1168494591346153,Phocaeicola (1),Bacteroidota (1),1
472538854065475,6221,0.1168306790865384,Bacteroides (5); Phocaeicola (1),Bacteroidota (6),6
542311451451726,6221,0.1168306790865384,Dorea_A (2),Bacillota (2),2
860736886742864,6221,0.1168306790865384,Alistipes (1),Bacteroidota (1),1
644406515934920,6220,0.1168118990384615,Escherichia (6); Enterobacter (2); ECMA0423 (1),Pseudomonadota (11),11
140457060612922,6218,0.1167743389423077,Prevotella (29),Bacteroidota (29),29
587044789018564,6218,0.1167743389423077,,,0
114939867264357,6217,0.1167555588942307,Roseburia (1),Bacillota (1),1
680403681122439,6217,0.1167555588942307,Blautia_A (3),Bacillota (3),3
866953881069771,6216,0.1167367788461538,Parabacteroides (1),Bacteroidota (1),1
384699438086295,6215,0.1167179987980769,Lachnospira (1),Bacillota (1),1
552397907011742,6214,0.11669921875,Prevotella (33),Bacteroidota (33),33
389794778382033,6213,0.116680438701923,Hominicoprocola (3),Bacillota (3),3
638014634741630,6213,0.116680438701923,Roseburia (1),Bacillota (1),1
794308343091810,6213,0.116680438701923,Collinsella (586),Actinomycetota (586),586
140731267026786,6212,0.1166616586538461,,,0
612194618284039,6212,0.1166616586538461,Alistipes (1),Bacteroidota (1),1
479019297072234,6211,0.1166428786057692,Gemmiger (1),Bacillota (1),1
738979693221594,6211,0.1166428786057692,Blautia_A (2),Bacillota (2),2
5939833417339,6210,0.1166240985576923,Mediterraneibacter (1),Bacillota (1),1
228423383768670,6210,0.1166240985576923,Blautia_A (5),Bacillota (5),5
793845290349263,6210,0.1166240985576923,Anaerobutyricum (1),Bacillota (1),1
156666284656163,6209,0.1166053185096153,Prevotella (37); Alloprevotella (2); Limimorpha (1),Bacteroidota (41); Spirochaetota (1),42
542619745981419,6209,0.1166053185096153,Bacteroides (1),Bacteroidota (1),1
756688400750236,6207,0.1165677584134615,Alistipes (1),Bacteroidota (1),1
136612491645203,6205,0.1165301983173077,Allocoprococcus (2),Bacillota (2),2
494672140710049,6205,0.1165301983173077,Faecalibacterium (12); Collinsella (1),Bacillota (12); Actinomycetota (1),13
69251648575183,6202,0.1164738581730769,Roseburia (2),Bacillota (2),2
678642439440266,6202,0.1164738581730769,Bacteroides (1),Bacteroidota (1),1
220992870220773,6200,0.116436298076923,Allocoprococcus (2),Bacillota (2),2
398189697185268,6200,0.116436298076923,Escherichia (2); Enterobacter (1); Haemophilus_D (1),Pseudomonadota (4),4
868451951299274,6200,0.116436298076923,Bacteroides (1),Bacteroidota (1),1
920907313542643,6199,0.1164175180288461,Alistipes (2); JAEWQO01 (1),Bacteroidota (2); Actinomycetota (1),3
775398622378329,6198,0.1163987379807692,Enterenecus (1); Faecalibacterium (1),Bacillota (2),2
348552612883811,6197,0.1163799579326923,,,0
823770199748833,6197,0.1163799579326923,Phocaeicola (1),Bacteroidota (1),1
146319834591673,6195,0.1163423978365384,Bacteroides (1),Bacteroidota (1),1
345741054833297,6194,0.1163236177884615,Escherichia (3); Enterobacter (2),Pseudomonadota (5),5
500153085600989,6194,0.1163236177884615,Oscillibacter (6); Pseudoscillospira (2); Flavonifractor (2),Bacillota (16),16
795729416904082,6194,0.1163236177884615,Alistipes (1),Bacteroidota (1),1
393871218461388,6192,0.1162860576923077,Blautia_A (1),Bacillota (1),1
674572731265489,6192,0.1162860576923077,Alistipes (2),Bacteroidota (2),2
25504263196161,6191,0.1162672776442307,Anaerobutyricum (1),Bacillota (1),1
753316614475707,6191,0.1162672776442307,Blautia_A (1),Bacillota (1),1
44415273549628,6190,0.1162484975961538,Roseburia (2),Bacillota (2),2
851936244955123,6190,0.1162484975961538,Bacteroides (1),Bacteroidota (1),1
47150301894518,6188,0.1162109375,Phocaeicola (1),Bacteroidota (1),1
538167515501638,6187,0.116192157451923,Blautia_A (2),Bacillota (2),2
663371602104737,6187,0.116192157451923,Faecalibacterium (2); Collinsella (1),Bacillota (2); Actinomycetota (1),3
161567826110176,6184,0.1161358173076923,Anaerobutyricum (2),Bacillota (2),2
203094701048393,6184,0.1161358173076923,Parabacteroides (3),Bacteroidota (3),3
130760353503606,6183,0.1161170372596153,Mediterraneibacter (3); Acetatifactor (1),Bacillota (4),4
75062728009223,6182,0.1160982572115384,Bacteroides (4); Muribaculum (1); CAG-1031 (1),Bacteroidota (10),10
858899945468339,6182,0.1160982572115384,Lachnospira (4),Bacillota (4),4
883448344657125,6181,0.1160794771634615,Roseburia (1),Bacillota (1),1
134318070740597,6179,0.1160419170673077,Bacteroides (1),Bacteroidota (1),1
136380799151626,6179,0.1160419170673077,Phocaeicola (1),Bacteroidota (1),1
277817302871358,6179,0.1160419170673077,Faecalibacterium (3),Bacillota (3),3
185493251786168,6178,0.1160231370192307,CAG-103 (7),Bacillota (7),7
818333910354132,6178,0.1160231370192307,Dorea_A (1); CAG-238 (1),Bacillota (2),2
68418974083824,6177,0.1160043569711538,Mediterraneibacter (2),Bacillota (2),2
637761341823816,6177,0.1160043569711538,Allocoprococcus (2),Bacillota (2),2
710737169887596,6177,0.1160043569711538,Bifidobacterium (3),Actinomycetota (3),3
858548035521781,6177,0.1160043569711538,Bifidobacterium (3),Actinomycetota (3),3
686771970579251,6176,0.1159855769230769,Parabacteroides (2),Bacteroidota (2),2
342494827114695,6175,0.115966796875,Lachnospira (1); Enterocloster (1); Falcatimonas (1),Bacillota (3); Bacteroidota (1),4
830025982561518,6174,0.115948016826923,Roseburia (1); CAG-238 (1),Bacillota (2),2
564233893103054,6173,0.1159292367788461,Roseburia (2),Bacillota (2),2
525582499569813,6171,0.1158916766826923,Bacteroides (1),Bacteroidota (1),1
13952221816821,6170,0.1158728966346153,Otoolea (2); JBCAXP01 (1); RGIG3528 (1),Bacillota (4); Pseudomonadota (1),5
31468658852977,6168,0.1158353365384615,Bacteroides (6),Bacteroidota (6),6
205291351601907,6168,0.1158353365384615,Bifidobacterium (1),Actinomycetota (1),1
586317251719667,6168,0.1158353365384615,,,0
639808027804917,6167,0.1158165564903846,UMGS1590 (2); Anthropogastromicrobium (1); Agathobaculum (1),Bacillota (12); Bacteroidota (1),13
659368332736372,6167,0.1158165564903846,Anaerobutyricum (1),Bacillota (1),1
383231346670986,6165,0.1157789963942307,Bacteroides (2),Bacteroidota (2),2
683338149930471,6165,0.1157789963942307,Bacteroides (1),Bacteroidota (1),1
895265499834419,6164,0.1157602163461538,Dorea_A (2),Bacillota (2),2
173657171276507,6162,0.11572265625,Phocaeicola (1),Bacteroidota (1),1
785501752478228,6162,0.11572265625,Blautia_A (2),Bacillota (2),2
268549649144099,6161,0.115703876201923,Bacteroides (8),Bacteroidota (8),8
486160151738208,6160,0.1156850961538461,Vescimonas (2); Enterenecus (1); Lawsonibacter (1),Bacillota (8),8
70642687128809,6159,0.1156663161057692,,,0
274126975818140,6159,0.1156663161057692,,,0
334268998458206,6159,0.1156663161057692,Blautia_A (1),Bacillota (1),1
525057855576437,6158,0.1156475360576923,Blautia_A (2),Bacillota (2),2
656434401861096,6158,0.1156475360576923,Roseburia (1),Bacillota (1),1
58975402821976,6156,0.1156099759615384,Bifidobacterium (1),Actinomycetota (1),1
594277381861288,6156,0.1156099759615384,Bacteroides (1),Bacteroidota (1),1
826185810431632,6155,0.1155911959134615,Alistipes (1),Bacteroidota (1),1
849361678328763,6155,0.1155911959134615,Alistipes (2); Collinsella (1); Sutterella (1),Bacteroidota (2); Actinomycetota (1); Pseudomonadota (1),4
517740125958943,6154,0.1155724158653846,Acetatifactor (1),Bacillota (1),1
53329935738931,6152,0.1155348557692307,Collinsella (552),Actinomycetota (552),552
168888141483328,6150,0.1154972956730769,Bacteroides (2),Bacteroidota (2),2
743065941621776,6150,0.1154972956730769,Blautia_A (4); Mediterraneibacter_A (1),Bacillota (5),5
896934243466486,6150,0.1154972956730769,Hominicoprocola (2),Bacillota (2),2
526037478767594,6149,0.115478515625,Bacteroides (1),Bacteroidota (1),1
697049961795821,6149,0.115478515625,Ruminococcoides (2),Bacillota (2),2
551247754460401,6147,0.1154409555288461,Blautia_A (2); Collinsella (1),Bacillota (2); Actinomycetota (1),3
646114898741416,6147,0.1154409555288461,Roseburia (2),Bacillota (2),2
774724955363775,6147,0.1154409555288461,Bacteroides (1),Bacteroidota (1),1
51628755519075,6146,0.1154221754807692,Bacteroides (2),Bacteroidota (2),2
448289090583504,6145,0.1154033954326923,Mediterraneibacter (3),Bacillota (3),3
464292964183857,6145,0.1154033954326923,Gemmiger (2); Aphodovivens (1),Bacillota (2); Actinomycetota (1),3
738568138315409,6145,0.1154033954326923,Gemmiger (1),Bacillota (1),1
519084465107975,6144,0.1153846153846153,Bacteroides (1),Bacteroidota (1),1
258186611603343,6143,0.1153658353365384,Blautia_A (3),Bacillota (3),3
677450839124757,6142,0.1153470552884615,Pilosibacter (1); Faecalibacterium (1); UBA9414 (1),Bacillota (3),3
317325160842560,6141,0.1153282752403846,Bacteroides (2),Bacteroidota (2),2
503779011990977,6141,0.1153282752403846,Alistipes (2),Bacteroidota (2),2
132538413676251,6137,0.1152531550480769,Bifidobacterium (3),Actinomycetota (3),3
161873904707824,6137,0.1152531550480769,Collinsella (2),Actinomycetota (2),2
308474560581164,6137,0.1152531550480769,Bacteroides (1),Bacteroidota (1),1
12645709390364,6136,0.115234375,Alistipes (3),Bacteroidota (3),3
557156140017178,6135,0.115215594951923,Anaerobutyricum (1),Bacillota (1),1
597149594172773,6134,0.1151968149038461,Faecalibacterium (2),Bacillota (2),2
432745353805679,6133,0.1151780348557692,Allocoprococcus (2),Bacillota (2),2
776401751612511,6133,0.1151780348557692,Roseburia (3); Acetatifactor (1); CAG-590 (1),Bacillota (8),8
32584948585868,6132,0.1151592548076923,Bacteroides (2),Bacteroidota (2),2
730503058925849,6130,0.1151216947115384,Gemmiger (1),Bacillota (1),1
754086237161621,6130,0.1151216947115384,Bacteroides (1),Bacteroidota (1),1
549701180279792,6129,0.1151029146634615,Hominisplanchenecus (1),Bacillota (1),1
694175581771503,6129,0.1151029146634615,Faecalibacterium (1),Bacillota (1),1
848034162717579,6129,0.1151029146634615,Hominicoprocola (6),Bacillota (6),6
8857520469277,6127,0.1150653545673077,Anaerobutyricum (1),Bacillota (1),1
101841773954933,6127,0.1150653545673077,Phocaeicola (1),Bacteroidota (1),1
263949618188760,6127,0.1150653545673077,Bacteroides (1),Bacteroidota (1),1
125079499533861,6126,0.1150465745192307,Phocaeicola (7); Parabacteroides (2); Bacteroides (1),Bacteroidota (10); Bacillota (1),11
341782503076848,6126,0.1150465745192307,Faecalibacterium (3),Bacillota (3),3
594628397315742,6126,0.1150465745192307,Bacteroides (4),Bacteroidota (4),4
295627620761038,6125,0.1150277944711538,Roseburia (1),Bacillota (1),1
323657890862978,6125,0.1150277944711538,Allocoprococcus (3),Bacillota (3),3
643325199274542,6125,0.1150277944711538,Bifidobacterium (3); CAG-873 (1),Actinomycetota (3); Bacteroidota (1),4
124717194605568,6124,0.1150090144230769,Alistipes (1),Bacteroidota (1),1
806690686274094,6124,0.1150090144230769,Hominicoprocola (11); Collinsella (1),Bacillota (11); Actinomycetota (1),12
144683458029731,6123,0.114990234375,Roseburia (1),Bacillota (1),1
202146507998907,6123,0.114990234375,Escherichia (3); Enterobacter (2); ECMA0423 (1),Pseudomonadota (10),10
366449252256780,6123,0.114990234375,Mediterraneibacter (2),Bacillota (2),2
369206097465604,6123,0.114990234375,Phocaeicola (1),Bacteroidota (1),1
723692684636038,6123,0.114990234375,Anaerobutyricum (1),Bacillota (1),1
839437137908715,6123,0.114990234375,Faecalibacterium (1),Bacillota (1),1
164005619472977,6122,0.114971454326923,Bacteroides (4),Bacteroidota (4),4
297073926070905,6122,0.114971454326923,Hominicoprocola (3); JAFUXM01 (1),Bacillota (3); Synergistota (1),4
917413520092462,6122,0.114971454326923,Escherichia (2); ECMA0423 (1); G047199115 (1),Pseudomonadota (4),4
144311245162099,6121,0.1149526742788461,,,0
565568120309362,6121,0.1149526742788461,Oscillibacter (2); Hominenteromicrobium (1),Bacillota (3),3
66484998380324,6120,0.1149338942307692,Gemmiger (2),Bacillota (2),2
111926675209437,6120,0.1149338942307692,Hominilimicola (1),Bacillota (1),1
188743142108352,6120,0.1149338942307692,Roseburia (2),Bacillota (2),2
191371238243965,6120,0.1149338942307692,Bacteroides (1),Bacteroidota (1),1
343420227801541,6120,0.1149338942307692,Vescimonas (1); Oscillibacter (1); Chordicoccus (1),Bacillota (4),4
575635986442891,6120,0.1149338942307692,Collinsella (1),Actinomycetota (1),1
605136942434819,6120,0.1149338942307692,Roseburia (1),Bacillota (1),1
222741094093118,6119,0.1149151141826923,Hominicoprocola (6),Bacillota (6),6
531004314966395,6119,0.1149151141826923,Anaerobutyricum (1),Bacillota (1),1
541183841582995,6119,0.1149151141826923,Roseburia (2),Bacillota (2),2
100967938602441,6118,0.1148963341346153,Bacteroides (1),Bacteroidota (1),1
537582112299603,6118,0.1148963341346153,Faecalibacterium (1),Bacillota (1),1
209950612447876,6117,0.1148775540865384,Phocaeicola (1),Bacteroidota (1),1
43824835225373,6116,0.1148587740384615,Lachnospira (1),Bacillota (1),1
905022103240187,6116,0.1148587740384615,Blautia_A (1),Bacillota (1),1
883704514200371,6115,0.1148399939903846,Acetatifactor (3),Bacillota (3),3
210693502971746,6113,0.1148024338942307,Lachnospira (2),Bacillota (2),2
318853037736461,6111,0.1147648737980769,Ruminococcoides (3),Bacillota (3),3
694593863657464,6111,0.1147648737980769,Blautia_A (1),Bacillota (1),1
70219527265498,6110,0.11474609375,Alistipes (1),Bacteroidota (1),1
291067431163776,6110,0.11474609375,Collinsella (1),Actinomycetota (1),1
258324613121318,6109,0.114727313701923,Roseburia (2); Exiguobacterium (1),Bacillota (3),3
104504913243687,6108,0.1147085336538461,Blautia_A (1),Bacillota (1),1
191852818502568,6108,0.1147085336538461,Anthropogastromicrobium (4),Bacillota (4),4
572411020082238,6108,0.1147085336538461,Anaerobutyricum (1),Bacillota (1),1
4348314029520,6107,0.1146897536057692,Bacteroides (4); Alloprevotella (1); Acetatifactor (1),Bacteroidota (7); Bacillota (1),8
335632520994761,6107,0.1146897536057692,Alistipes (5),Bacteroidota (5),5
364601206095763,6107,0.1146897536057692,Blautia_A (3),Bacillota (3),3
407590550527554,6107,0.1146897536057692,Blautia_A (3),Bacillota (3),3
468214104896771,6106,0.1146709735576923,Phocaeicola (1),Bacteroidota (1),1
229252061216128,6105,0.1146521935096153,Bacteroides (1),Bacteroidota (1),1
350005599607619,6105,0.1146521935096153,Blautia_A (4),Bacillota (4),4
670667007934440,6105,0.1146521935096153,Faecalibacterium (6),Bacillota (6),6
596768540973091,6104,0.1146334134615384,Lawsonibacter (21); Oscillibacter (3); Enterenecus (3),Bacillota (28),28
32995043298717,6102,0.1145958533653846,Blautia_A (6),Bacillota (6),6
884262497659789,6102,0.1145958533653846,Flavonifractor (10); Pseudoflavonifractor_A (4); UMGS1202 (1),Bacillota (16),16
94395317403481,6101,0.1145770733173077,,,0
115519716407791,6101,0.1145770733173077,Choladousia (1); Mediterraneibacter (1),Bacillota (2),2
345658397997753,6101,0.1145770733173077,Blautia_A (1); UBA9414 (1),Bacillota (2),2
568145024489018,6101,0.1145770733173077,Blautia_A (2),Bacillota (2),2
818131651689331,6101,0.1145770733173077,Bacteroides (1),Bacteroidota (1),1
719693982702812,6099,0.1145395132211538,Faecalibacterium (4),Bacillota (4),4
759472855994022,6099,0.1145395132211538,Blautia_A (2),Bacillota (2),2
719577613376786,6098,0.1145207331730769,Mediterraneibacter (2),Bacillota (2),2
459877920796725,6096,0.114483173076923,Ligaoa (1); Angelakisella (1); Bianquea (1),Bacillota (3),3
465207189578715,6096,0.114483173076923,Roseburia (1); CAG-238 (1),Bacillota (2),2
474186610730411,6096,0.114483173076923,Gemmiger (1); Borkfalkia (1),Bacillota (2),2
663189710409111,6096,0.114483173076923,Enterocloster (2); Senimuribacter (1); Oscillibacter (1),Bacillota (4),4
468769450741227,6095,0.1144643930288461,Bifidobacterium (2),Actinomycetota (2),2
851815775328838,6095,0.1144643930288461,Faecalibacterium (1),Bacillota (1),1
917662009685275,6093,0.1144268329326923,Hominicoprocola (2); Collinsella (1),Bacillota (2); Actinomycetota (1),3
193934675564949,6092,0.1144080528846153,Allofournierella (3); Massilioclostridium (1); Lawsonibacter_A (1),Bacillota (9),9
70006335480325,6091,0.1143892728365384,Blautia_A (3),Bacillota (3),3
309996422969021,6090,0.1143704927884615,Parabacteroides (6),Bacteroidota (6),6
297122594391680,6089,0.1143517127403846,Lachnospira (4),Bacillota (4),4
647906136882917,6088,0.1143329326923077,Dorea_A (1),Bacillota (1),1
807216209153891,6087,0.1143141526442307,Blautia_A (3),Bacillota (3),3
843977722676441,6087,0.1143141526442307,Blautia_A (3); QVMM01 (1); W0P33-017 (1),Bacillota (7); Bacteroidota (1),8
381779274426171,6082,0.1142202524038461,Alistipes (2),Bacteroidota (2),2
158581514173032,6081,0.1142014723557692,,,0
459924091315576,6081,0.1142014723557692,Bacteroides (1),Bacteroidota (1),1
564440780264784,6080,0.1141826923076923,Bacteroides (5),Bacteroidota (5),5
619871910926566,6080,0.1141826923076923,Bacteroides (2),Bacteroidota (2),2
46866680499760,6078,0.1141451322115384,Blautia_A (1),Bacillota (1),1
821386804154660,6078,0.1141451322115384,Roseburia (2),Bacillota (2),2
603638351994387,6077,0.1141263521634615,Bifidobacterium (3),Actinomycetota (3),3
250367970712816,6075,0.1140887920673077,Gemmiger (1),Bacillota (1),1
266092511208986,6075,0.1140887920673077,Bacteroides (2),Bacteroidota (2),2
21961393481303,6074,0.1140700120192307,Faecalibacterium (2); Collinsella (1),Bacillota (2); Actinomycetota (1),3
511078584172152,6074,0.1140700120192307,Blautia_A (1); Hominiventricola (1),Bacillota (2),2
724398540882834,6074,0.1140700120192307,Alistipes (2),Bacteroidota (2),2
866243134581079,6074,0.1140700120192307,Alistipes (3),Bacteroidota (3),3
284824413359676,6072,0.1140324519230769,Bacteroides (2),Bacteroidota (2),2
355047374455855,6072,0.1140324519230769,Streptococcus (8),Bacillota (8),8
376844645176291,6072,0.1140324519230769,Acetatifactor (1),Bacillota (1),1
726350897379196,6072,0.1140324519230769,Bacteroides (2),Bacteroidota (2),2
824934766671359,6072,0.1140324519230769,Bacteroides (2); Anaerostipes (1),Bacteroidota (2); Bacillota (1),3
121997647123268,6071,0.114013671875,Bifidobacterium (4),Actinomycetota (4),4
62960638174435,6070,0.113994891826923,Escherichia (3); ECMA0423 (1); Enterobacter (1),Pseudomonadota (5),5
727181377980232,6070,0.113994891826923,,,0
88863652458214,6069,0.1139761117788461,Bacteroides (2),Bacteroidota (2),2
368873543591333,6068,0.1139573317307692,Bacteroides (1),Bacteroidota (1),1
439122400758244,6068,0.1139573317307692,Bacteroides (1),Bacteroidota (1),1
728681958889356,6068,0.1139573317307692,Bacteroides (2),Bacteroidota (2),2
313147996785239,6067,0.1139385516826923,Alistipes (2); UBA3263 (1),Bacteroidota (3),3
536691953985868,6067,0.1139385516826923,Bacteroides (1),Bacteroidota (1),1
350961749878502,6065,0.1139009915865384,Bacteroides (3),Bacteroidota (3),3
574043750913369,6065,0.1139009915865384,Allocoprococcus (1),Bacillota (1),1
691756416326273,6065,0.1139009915865384,Bacteroides (1),Bacteroidota (1),1
117016253786413,6064,0.1138822115384615,Alistipes (1),Bacteroidota (1),1
21753360893614,6063,0.1138634314903846,CAG-115 (5); Roseburia (2); Fusicatenibacter (1),Bacillota (16),16
176652858631209,6063,0.1138634314903846,Blautia_A (1),Bacillota (1),1
156187880344337,6062,0.1138446514423077,Bacteroides (1); Prevotella (1),Bacteroidota (2),2
193587650878185,6062,0.1138446514423077,Bacteroides (1),Bacteroidota (1),1
257069712846438,6062,0.1138446514423077,Bacteroides (1),Bacteroidota (1),1
914780876827728,6062,0.1138446514423077,Bacteroides (1),Bacteroidota (1),1
84384406716750,6061,0.1138258713942307,Hominilimicola (1),Bacillota (1),1
424809593634052,6060,0.1138070913461538,Coprococcus_C (5); XBB1006 (1); Enterocloster (1),Bacillota (7),7
768892989410449,6060,0.1138070913461538,Bacteroides (2),Bacteroidota (2),2
878213324448471,6060,0.1138070913461538,Hominicoprocola (1),Bacillota (1),1
303145972265389,6059,0.1137883112980769,,,0
308412851164038,6059,0.1137883112980769,,,0
497177879299218,6059,0.1137883112980769,Allocoprococcus (2),Bacillota (2),2
723169682703789,6059,0.1137883112980769,Acetatifactor (4); UBA9414 (1),Bacillota (5),5
523665918566222,6058,0.11376953125,,,0
666844791999452,6056,0.1137319711538461,Blautia_A (3),Bacillota (3),3
176099046137010,6055,0.1137131911057692,Parabacteroides (1),Bacteroidota (1),1
250813501188091,6055,0.1137131911057692,Bacteroides (3),Bacteroidota (3),3
487934868638231,6055,0.1137131911057692,Fusicatenibacter (2),Bacillota (2),2
128403026381314,6054,0.1136944110576923,Blautia_A (2),Bacillota (2),2
372806402750745,6054,0.1136944110576923,Odoribacter (1),Bacteroidota (1),1
460343685086165,6054,0.1136944110576923,Bifidobacterium (2),Actinomycetota (2),2
777561878928677,6053,0.1136756310096153,SFDP01 (1); Parabacteroides (1); Bacteroides (1),Bacteroidota (2); Bacillota (1),3
560783842030525,6051,0.1136380709134615,,,0
660017707175411,6051,0.1136380709134615,Bifidobacterium (3),Actinomycetota (3),3
266707094576034,6050,0.1136192908653846,Collinsella (602),Actinomycetota (602),602
396251195488277,6050,0.1136192908653846,Bacteroides (2),Bacteroidota (2),2
724598039515910,6049,0.1136005108173077,Anthropogastromicrobium (3),Bacillota (3),3
763521974085519,6048,0.1135817307692307,Roseburia (1),Bacillota (1),1
798504610283704,6048,0.1135817307692307,Hominicoprocola (4),Bacillota (4),4
913698087771132,6048,0.1135817307692307,Bacteroides (1),Bacteroidota (1),1
548065826210181,6046,0.1135441706730769,Bifidobacterium (3),Actinomycetota (3),3
564834912207935,6045,0.113525390625,Collinsella (564),Actinomycetota (564),564
315568820448590,6043,0.1134878305288461,Blautia_A (1),Bacillota (1),1
536362808182050,6043,0.1134878305288461,Blautia_A (2); Choladousia (1),Bacillota (3),3
90149407569425,6042,0.1134690504807692,Mediterraneibacter (2),Bacillota (2),2
368369753933010,6041,0.1134502704326923,Allocoprococcus (1),Bacillota (1),1
128501750506668,6040,0.1134314903846153,Bacteroides (1),Bacteroidota (1),1
335117878407586,6040,0.1134314903846153,Bacteroides (2); Phocaeicola (1),Bacteroidota (3),3
822862341860844,6040,0.1134314903846153,Faecalibacterium (14),Bacillota (14),14
853582742826106,6039,0.1134127103365384,Bacteroides (1),Bacteroidota (1),1
62129100450101,6038,0.1133939302884615,Bacteroides (6),Bacteroidota (6),6
270071179263543,6037,0.1133751502403846,Escherichia (2); Mucilaginibacter (1); Alistipes_A (1),Pseudomonadota (3); Bacteroidota (2),5
568461209933513,6037,0.1133751502403846,Faecalibacterium (8),Bacillota (8),8
435204249322032,6036,0.1133563701923077,UBA3402 (1); SUG1684 (1); Oscillibacter (1),Bacillota (3),3
342214932766789,6035,0.1133375901442307,Anaerobutyricum (1),Bacillota (1),1
422255427467697,6033,0.1133000300480769,,,0
168055030796600,6032,0.11328125,Anthropogastromicrobium (3),Bacillota (3),3
669189411941624,6031,0.113262469951923,Allocoprococcus (1),Bacillota (1),1
136038619778393,6030,0.1132436899038461,Escherichia (2),Pseudomonadota (2),2
173265914978639,6030,0.1132436899038461,Hominicoprocola (3),Bacillota (3),3
552163443475685,6030,0.1132436899038461,Lachnospira (1),Bacillota (1),1
614681079242724,6030,0.1132436899038461,Allocoprococcus (2),Bacillota (2),2
817158513961602,6030,0.1132436899038461,CAKTAA01 (1); Oscillibacter (1); Ruthenibacterium (1),Bacillota (10),10
839526753905806,6030,0.1132436899038461,Vescimonas (11); HGM13006 (1); UBA6987 (1),Bacillota (18),18
907323309419608,6029,0.1132249098557692,Ruminococcoides (1),Bacillota (1),1
268773784771065,6027,0.1131873497596153,Escherichia (3); G047199115 (1),Pseudomonadota (4),4
337640702188663,6027,0.1131873497596153,Bacteroides (2),Bacteroidota (2),2
423737113000307,6027,0.1131873497596153,Bacteroides (1),Bacteroidota (1),1
609479700801116,6027,0.1131873497596153,Alistipes (2); Collinsella (1),Bacteroidota (2); Actinomycetota (1),3
837127524307637,6027,0.1131873497596153,Hominicoprocola (6),Bacillota (6),6
500641339580662,6025,0.1131497896634615,Anaerobutyricum (2),Bacillota (2),2
536566364357775,6025,0.1131497896634615,Gemmiger (2),Bacillota (2),2
675545677132947,6025,0.1131497896634615,Bacteroides (1),Bacteroidota (1),1
728663909432672,6025,0.1131497896634615,Dorea_A (4),Bacillota (4),4
47501594097175,6024,0.1131310096153846,Faecalibacterium (1),Bacillota (1),1
525227133951252,6023,0.1131122295673077,Lachnospira (4),Bacillota (4),4
5458252130166,6021,0.1130746694711538,Bacteroides (4),Bacteroidota (4),4
124067259598570,6021,0.1130746694711538,Fusicatenibacter (2),Bacillota (2),2
368265861686762,6021,0.1130746694711538,Alistipes_A (1),Bacteroidota (1),1
809302324467143,6021,0.1130746694711538,Blautia_A (3),Bacillota (3),3
255914230743063,6020,0.1130558894230769,Roseburia (1),Bacillota (1),1
890191895022368,6020,0.1130558894230769,Dorea_D (2); Agathobaculum (1); Blautia_A (1),Bacillota (4),4
139939933154063,6019,0.113037109375,Bacteroides (2),Bacteroidota (2),2
536837986609296,6018,0.113018329326923,Bacteroides (3),Bacteroidota (3),3
25931649910509,6017,0.1129995492788461,Bacteroides (1),Bacteroidota (1),1
213816148375973,6017,0.1129995492788461,Vescimonas (2); Acutalibacter (1); Diplocloster (1),Bacillota (6),6
437739802802039,6017,0.1129995492788461,Hominicoprocola (5),Bacillota (5),5
478967105802150,6017,0.1129995492788461,Phocaeicola (1),Bacteroidota (1),1
743653847757860,6017,0.1129995492788461,Anaerobutyricum (3),Bacillota (3),3
115024823261917,6016,0.1129807692307692,Hominilimicola (1),Bacillota (1),1
587080851202605,6016,0.1129807692307692,Phocaeicola (1),Bacteroidota (1),1
128830487632665,6015,0.1129619891826923,Faecalibacterium (6),Bacillota (6),6
793031749569434,6014,0.1129432091346153,Gemmiger (1),Bacillota (1),1
314847154558449,6013,0.1129244290865384,Fusicatenibacter (3),Bacillota (3),3
722940726775487,6012,0.1129056490384615,Blautia_A (1),Bacillota (1),1
907694972880874,6012,0.1129056490384615,Bacteroides (3),Bacteroidota (3),3
607395518737490,6011,0.1128868689903846,Blautia_A (4),Bacillota (4),4
602104379994399,6010,0.1128680889423077,Blautia_A (5),Bacillota (5),5
829564181997943,6010,0.1128680889423077,Bacteroides (1),Bacteroidota (1),1
251871279219344,6009,0.1128493088942307,Flavonifractor (2); RGIG3009 (2); Pseudoflavonifractor_A (1),Bacillota (6); Bacillota_I (2); Planctomycetota (1),9
795722150738499,6008,0.1128305288461538,Akkermansia (2),Verrucomicrobiota (2),2
845984473895659,6008,0.1128305288461538,Oscillibacter (4); UBA11524 (4); SFMI01 (1),Bacillota (16),16
754561796878040,6007,0.1128117487980769,Bacteroides (1),Bacteroidota (1),1
70450439360713,6006,0.11279296875,Anaerobutyricum (1),Bacillota (1),1
467750622007544,6006,0.11279296875,Bifidobacterium (3),Actinomycetota (3),3
873651305505309,6006,0.11279296875,Alistipes (1); Sutterella (1),Bacteroidota (1); Pseudomonadota (1),2
761572256633728,6005,0.112774188701923,Bacteroides (2),Bacteroidota (2),2
337886380158317,6004,0.1127554086538461,Anaerobutyricum (1),Bacillota (1),1
517903748177260,6004,0.1127554086538461,,,0
311333194857860,6003,0.1127366286057692,Fusicatenibacter (1),Bacillota (1),1
152509179919286,6002,0.1127178485576923,Mediterraneibacter (2),Bacillota (2),2
720761232306912,6001,0.1126990685096153,Faecalibacterium (1),Bacillota (1),1
522023256567324,6000,0.1126802884615384,Bifidobacterium (4),Actinomycetota (4),4
214556308898032,5999,0.1126615084134615,Bacteroides (1),Bacteroidota (1),1
442994826322252,5999,0.1126615084134615,Alistipes (2),Bacteroidota (2),2
905353201336022,5999,0.1126615084134615,Alistipes (1),Bacteroidota (1),1
33658782913204,5998,0.1126427283653846,Phocaeicola (1),Bacteroidota (1),1
680300019717309,5998,0.1126427283653846,Faecalibacterium (3),Bacillota (3),3
844799758419187,5998,0.1126427283653846,Roseburia (1),Bacillota (1),1
797980055913814,5996,0.1126051682692307,Bacteroides (1),Bacteroidota (1),1
295225451865253,5995,0.1125863882211538,Bacteroides (1),Bacteroidota (1),1
436126862477353,5995,0.1125863882211538,Alistipes (2),Bacteroidota (2),2
719828395711763,5995,0.1125863882211538,Bacteroides (2),Bacteroidota (2),2
324375620265399,5993,0.112548828125,Blautia_A (2),Bacillota (2),2
791807955884201,5993,0.112548828125,Acetatifactor (3),Bacillota (3),3
25832387939812,5989,0.1124737079326923,Blautia_A (3),Bacillota (3),3
132179628003083,5989,0.1124737079326923,Bacteroides (2),Bacteroidota (2),2
173058770435370,5989,0.1124737079326923,Mediterraneibacter (2),Bacillota (2),2
324380432761172,5989,0.1124737079326923,,,0
42490375773541,5988,0.1124549278846153,Gemmiger (1),Bacillota (1),1
16446242949669,5987,0.1124361478365384,Lachnospira (1),Bacillota (1),1
532271909016747,5987,0.1124361478365384,Faecalibacterium (12); UBA4246 (1),Bacillota (13),13
78898692659124,5986,0.1124173677884615,Roseburia (3),Bacillota (3),3
105720521166670,5986,0.1124173677884615,Acetatifactor (10),Bacillota (10),10
807417363626570,5985,0.1123985877403846,Anaerobutyricum (1),Bacillota (1),1
56455502400123,5984,0.1123798076923077,Collinsella (543),Actinomycetota (543),543
82761935722865,5984,0.1123798076923077,Phocaeicola (2),Bacteroidota (2),2
499746724023278,5984,0.1123798076923077,Faecalibacterium (1),Bacillota (1),1
827963692030131,5984,0.1123798076923077,Gallintestinimicrobium (1); Otoolea (1),Bacillota (2),2
474075148925648,5983,0.1123610276442307,Escherichia (6); Pseudocitrobacter (5); Enterobacter (5),Pseudomonadota (25); Actinomycetota (1),26
553920739645532,5983,0.1123610276442307,Bacteroides (2),Bacteroidota (2),2
134255778052080,5982,0.1123422475961538,Faecalibacterium (1),Bacillota (1),1
286588803062354,5981,0.1123234675480769,Enterocloster (6),Bacillota (6),6
378169475814189,5981,0.1123234675480769,Allocoprococcus (1),Bacillota (1),1
547933184787801,5981,0.1123234675480769,Oscillibacter (2); Luxibacter (1); Pseudoflavonifractor_A (1),Bacillota (10); Actinomycetota (1),11
124486269488263,5980,0.1123046875,Alistipes (1),Bacteroidota (1),1
496699098548559,5980,0.1123046875,Roseburia (2),Bacillota (2),2
725500634446087,5980,0.1123046875,Alistipes (2),Bacteroidota (2),2
375452178924528,5979,0.112285907451923,Ruminococcoides (1),Bacillota (1),1
389941950805971,5979,0.112285907451923,Hominicoprocola (4),Bacillota (4),4
517396736625805,5979,0.112285907451923,Phocaeicola (2); UBA3282 (1),Bacteroidota (2); Bacillota (1),3
561297930813556,5979,0.112285907451923,Blautia_A (3); Oliverpabstia (1),Bacillota (4),4
248201148436068,5978,0.1122671274038461,Faecalibacterium (1),Bacillota (1),1
633668609339796,5978,0.1122671274038461,Bacteroides (6),Bacteroidota (6),6
129643741141578,5977,0.1122483473557692,Escherichia (6); ECMA0423 (1); Enterobacter (1),Pseudomonadota (9),9
396556390842339,5976,0.1122295673076923,Acetatifactor (3),Bacillota (3),3
121033923245480,5975,0.1122107872596153,Blautia_A (8),Bacillota (8),8
150660299555231,5974,0.1121920072115384,Roseburia (1),Bacillota (1),1
357123116108490,5974,0.1121920072115384,Gemmiger (1),Bacillota (1),1
381144462006152,5974,0.1121920072115384,Blautia_A (1),Bacillota (1),1
453334963563752,5974,0.1121920072115384,Bifidobacterium (2),Actinomycetota (2),2
661503508470843,5973,0.1121732271634615,Alistipes (1),Bacteroidota (1),1
154513005046509,5972,0.1121544471153846,Roseburia (2); Eubacterium_Q (1),Bacillota (3),3
285407856768261,5972,0.1121544471153846,Dorea_A (1),Bacillota (1),1
386457205455722,5972,0.1121544471153846,Acetatifactor (1),Bacillota (1),1
729624466745726,5972,0.1121544471153846,Blautia_A (2); Oliverpabstia (1),Bacillota (3),3
223910775894112,5968,0.1120793269230769,Dorea_A (3),Bacillota (3),3
748801696534346,5968,0.1120793269230769,Ruminococcoides (2),Bacillota (2),2
291005712915842,5967,0.112060546875,Pauljensenia (63); Actinomyces (57); Aquiluna (14),Actinomycetota (258); Verrucomicrobiota (2); Pseudomonadota (1),261
577262018212035,5967,0.112060546875,Faecalibacterium (1); Collinsella (1),Bacillota (1); Actinomycetota (1),2
840069885141265,5967,0.112060546875,Faecalibacterium (1),Bacillota (1),1
842045065746753,5967,0.112060546875,Bifidobacterium (2),Actinomycetota (2),2
93886685507326,5966,0.112041766826923,Parabacteroides (1),Bacteroidota (1),1
381528217707372,5966,0.112041766826923,,,0
279415734360963,5965,0.1120229867788461,Bacteroides (1),Bacteroidota (1),1
339288093120225,5965,0.1120229867788461,,,0
371116228553305,5965,0.1120229867788461,RUG806 (1); SFEL01 (1); Hominicoprocola (1),Bacillota (5),5
180407362682475,5964,0.1120042067307692,Roseburia (1),Bacillota (1),1
206806666224193,5964,0.1120042067307692,Mediterraneibacter (2),Bacillota (2),2
535276229079356,5964,0.1120042067307692,Blautia_A (2); Collinsella (1),Bacillota (2); Actinomycetota (1),3
888674252828135,5964,0.1120042067307692,Bifidobacterium (4),Actinomycetota (4),4
446407292486271,5963,0.1119854266826923,Enterobacter (1); G047199095 (1),Pseudomonadota (2),2
345941392570803,5962,0.1119666466346153,Bacteroides (1),Bacteroidota (1),1
688567568090243,5962,0.1119666466346153,JBOFSR01 (2); RDZD01 (1); Bacteroides (1),Spirochaetota (2); Bacteroidota (2),4
866035833226338,5962,0.1119666466346153,Lachnospira (3); CAYYVJ01 (1),Bacillota (4),4
229783110641935,5961,0.1119478665865384,Ruminococcoides (4),Bacillota (4),4
400427941490093,5961,0.1119478665865384,Hominicoprocola (1),Bacillota (1),1
432666075993020,5961,0.1119478665865384,Bacteroides (1),Bacteroidota (1),1
864063290571095,5961,0.1119478665865384,Blautia_A (1),Bacillota (1),1
562804951154942,5960,0.1119290865384615,Faecalibacterium (1),Bacillota (1),1
40852139458548,5959,0.1119103064903846,Paraprevotella (1); Bacteroides (1); Parabacteroides (1),Bacteroidota (3),3
517221211396314,5958,0.1118915264423077,Dorea (1); CAKRJP01 (1),Bacillota (2),2
793732005067640,5958,0.1118915264423077,Bacteroides (2),Bacteroidota (2),2
246073702130977,5957,0.1118727463942307,Roseburia (1),Bacillota (1),1
263320085295259,5957,0.1118727463942307,Parabacteroides (2),Bacteroidota (2),2
853229759544936,5957,0.1118727463942307,Blautia_A (2),Bacillota (2),2
693580738681990,5956,0.1118539663461538,Dorea_A (1),Bacillota (1),1
488478949300224,5954,0.11181640625,Phocaeicola (2); Paraprevotella (1); Alistipes (1),Bacteroidota (7),7
583097636383386,5954,0.11181640625,Parabacteroides (1),Bacteroidota (1),1
38340148044009,5953,0.111797626201923,,,0
312301840172692,5953,0.111797626201923,Phocaeicola (1),Bacteroidota (1),1
595774249938797,5953,0.111797626201923,,,0
779170047825188,5952,0.1117788461538461,Bifidobacterium (3),Actinomycetota (3),3
55239278340375,5951,0.1117600661057692,Bifidobacterium (1),Actinomycetota (1),1
132083265632632,5951,0.1117600661057692,Anaerobutyricum (1),Bacillota (1),1
566777689015250,5951,0.1117600661057692,Roseburia (2),Bacillota (2),2
757377901035901,5950,0.1117412860576923,Alistipes (2),Bacteroidota (2),2
375913223735217,5949,0.1117225060096153,Bacteroides (1),Bacteroidota (1),1
838516890146563,5949,0.1117225060096153,Escherichia (5); Enterobacter (1),Pseudomonadota (6),6
290776492860814,5948,0.1117037259615384,Bacteroides (3),Bacteroidota (3),3
215282686967752,5947,0.1116849459134615,Bacteroides (2),Bacteroidota (2),2
560944823869420,5947,0.1116849459134615,Bacteroides (2),Bacteroidota (2),2
706582072034318,5947,0.1116849459134615,Lachnospira (5); CAG-590 (1),Bacillota (6),6
345794134115632,5946,0.1116661658653846,Bacteroides (3); Parabacteroides (2),Bacteroidota (5),5
248098686430684,5945,0.1116473858173077,Phocaeicola (1),Bacteroidota (1),1
381245223268812,5945,0.1116473858173077,Lachnospira (2),Bacillota (2),2
444322978038914,5945,0.1116473858173077,Bacteroides (5),Bacteroidota (5),5
700096962593023,5944,0.1116286057692307,Roseburia (1),Bacillota (1),1
457077055854601,5943,0.1116098257211538,Alistipes (1),Bacteroidota (1),1
460028235225974,5939,0.1115347055288461,Dorea (1),Bacillota (1),1
853232471226890,5939,0.1115347055288461,Blautia_A (2),Bacillota (2),2
195248466274534,5938,0.1115159254807692,Collinsella (234); Coprousia (1),Actinomycetota (235),235
716784532084231,5938,0.1115159254807692,CAG-245 (1); CAG-196 (1); Methanocatella (1),Bacillota (1); Cyanobacteriota (1); Methanobacteriota (1),3
849895594234605,5938,0.1115159254807692,Gemmiger (3),Bacillota (3),3
471295341770630,5937,0.1114971454326923,Dorea_A (3),Bacillota (3),3
262181201205315,5936,0.1114783653846153,Roseburia (1),Bacillota (1),1
875129783281290,5936,0.1114783653846153,Dorea_A (2),Bacillota (2),2
258005098970355,5935,0.1114595853365384,Acetatifactor (1),Bacillota (1),1
858995748153725,5935,0.1114595853365384,Bacteroides (4),Bacteroidota (4),4
80519412463421,5934,0.1114408052884615,Bacteroides (1),Bacteroidota (1),1
571438988372921,5934,0.1114408052884615,Blautia_A (2),Bacillota (2),2
741983250084544,5934,0.1114408052884615,Hominicoprocola (3),Bacillota (3),3
118862474267605,5932,0.1114032451923077,Bacteroides (3); MGBC119817 (1); CAMJGD01 (1),Bacteroidota (3); Bacillota (2); Bacillota_I (1),6
136281977962366,5932,0.1114032451923077,Bifidobacterium (3),Actinomycetota (3),3
363409422988464,5932,0.1114032451923077,Dorea_A (1); Eubacterium_I (1),Bacillota (2),2
718056402593728,5932,0.1114032451923077,,,0
514159817461111,5931,0.1113844651442307,Alistipes (2),Bacteroidota (2),2
572592768700504,5931,0.1113844651442307,Streptococcus (9),Bacillota (9),9
575507740258525,5930,0.1113656850961538,,,0
816798045033450,5930,0.1113656850961538,Bacteroides (1),Bacteroidota (1),1
372825143868071,5929,0.1113469050480769,Heritagella_A (1); Allocoprococcus (1); Paenibacillus_G (1),Bacillota (3),3
414567791907791,5929,0.1113469050480769,Lachnospira (2),Bacillota (2),2
41965081134178,5928,0.111328125,Faecalibacterium (1),Bacillota (1),1
681122894731657,5928,0.111328125,Bacteroides (2),Bacteroidota (2),2
848796753150723,5928,0.111328125,Roseburia (1),Bacillota (1),1
853388255189432,5928,0.111328125,Faecalibacterium (1),Bacillota (1),1
841186035976035,5927,0.111309344951923,Parabacteroides (3),Bacteroidota (3),3
899660239546930,5927,0.111309344951923,Bacteroides (1),Bacteroidota (1),1
187273206964881,5925,0.1112717848557692,Bifidobacterium (2),Actinomycetota (2),2
463641985922,5924,0.1112530048076923,Gemmiger (1),Bacillota (1),1
62175990094201,5924,0.1112530048076923,Bacteroides (3),Bacteroidota (3),3
495201613499483,5924,0.1112530048076923,Bacteroides (1),Bacteroidota (1),1
520116426670144,5924,0.1112530048076923,Streptococcus (9); Granulicatella (1),Bacillota (10),10
159806324320212,5922,0.1112154447115384,Bacteroides (2); Phocaeicola (1); CAG-1031 (1),Bacteroidota (4),4
152774311534654,5921,0.1111966646634615,Bifidobacterium (2),Actinomycetota (2),2
423299076315481,5921,0.1111966646634615,COE1 (1); Coprococcus (1); Fusicatenibacter (1),Bacillota (6),6
492767916456400,5921,0.1111966646634615,Bacteroides (3),Bacteroidota (3),3
356981523970934,5919,0.1111591045673077,Bacteroides (2),Bacteroidota (2),2
557598372727258,5919,0.1111591045673077,Parabacteroides (1),Bacteroidota (1),1
345727541033046,5918,0.1111403245192307,Bifidobacterium (4),Actinomycetota (4),4
663934770507233,5917,0.1111215444711538,Limivivens (1); Pilosibacter (1),Bacillota (2),2
751836877717152,5917,0.1111215444711538,Faecalibacterium (1),Bacillota (1),1
840524600146679,5917,0.1111215444711538,Bacteroides (2); Phocaeicola (1); Barnesiella (1),Bacteroidota (4),4
660763933429997,5916,0.1111027644230769,Phocaeicola (2),Bacteroidota (2),2
399928689427592,5915,0.111083984375,Hominicoprocola (3),Bacillota (3),3
6710059671162,5914,0.111065204326923,Dorea_A (3),Bacillota (3),3
11910094635737,5914,0.111065204326923,Bifidobacterium (3),Actinomycetota (3),3
111115304959712,5914,0.111065204326923,Bacteroides (1),Bacteroidota (1),1
774841036283886,5914,0.111065204326923,Acetatifactor (1),Bacillota (1),1
64025559063217,5912,0.1110276442307692,Alistipes (1),Bacteroidota (1),1
785677794600146,5911,0.1110088641826923,Acetatifactor (1),Bacillota (1),1
222353553646487,5910,0.1109900841346153,Bacteroides (3),Bacteroidota (3),3
607980137518043,5910,0.1109900841346153,Faecalibacterium (2),Bacillota (2),2
584640008193942,5909,0.1109713040865384,Dorea_A (1),Bacillota (1),1
742649234175063,5909,0.1109713040865384,Hominicoprocola (2),Bacillota (2),2
869404769680091,5909,0.1109713040865384,Bacteroides (3),Bacteroidota (3),3
651320032999427,5905,0.1108961838942307,Faecalibacterium (15),Bacillota (15),15
573906071102124,5904,0.1108774038461538,Lachnospira (3),Bacillota (3),3
734517706015524,5904,0.1108774038461538,Parabacteroides (1),Bacteroidota (1),1
779693181180712,5903,0.1108586237980769,,,0
18881494938097,5902,0.11083984375,CAG-314 (1); Bacteroides (1),Bacillota (1); Bacteroidota (1),2
765336704634328,5902,0.11083984375,Parabacteroides (2),Bacteroidota (2),2
73968851467643,5901,0.110821063701923,CAYZJD01 (1),Acidobacteriota (1),1
324579960448725,5901,0.110821063701923,Parabacteroides (1),Bacteroidota (1),1
352186946892530,5901,0.110821063701923,Sellimonas (1); Limivivens (1); Faecalibacterium (1),Bacillota (11),11
2756695559996,5900,0.1108022836538461,,,0
141558546991570,5900,0.1108022836538461,Lachnospira (4),Bacillota (4),4
484887608156606,5900,0.1108022836538461,Hominicoprocola (1),Bacillota (1),1
782269850787949,5900,0.1108022836538461,Hominicoprocola (2); QAMH01 (1),Bacillota (2); Actinomycetota (1),3
483389678403950,5899,0.1107835036057692,Alistipes (1),Bacteroidota (1),1
611504010165776,5898,0.1107647235576923,Phocaeicola (1),Bacteroidota (1),1
903778526062445,5896,0.1107271634615384,Bacteroides (2); Metalachnospira (1),Bacteroidota (2); Bacillota (1),3
720724016071095,5895,0.1107083834134615,Acetatifactor (7),Bacillota (7),7
153902051283810,5891,0.1106332632211538,Bacteroides (6); Phocaeicola (1),Bacteroidota (7),7
11770119318768,5890,0.1106144831730769,Escherichia (5); Enterobacter (1); G047199115 (1),Pseudomonadota (8),8
384116578645774,5890,0.1106144831730769,Bifidobacterium (4),Actinomycetota (4),4
663032728480974,5890,0.1106144831730769,Escherichia (2); Enterobacter (1); G047199115 (1),Pseudomonadota (4),4
707454638375915,5890,0.1106144831730769,Blautia_A (2); Hominifimenecus (1),Bacillota (3),3
161663741706689,5889,0.110595703125,Pilosibacter (5); Blautia_A (2); Hungatella (1),Bacillota (11),11
172830913867401,5888,0.110576923076923,Blautia_A (8); Limivivens (1),Bacillota (9),9
486820716612777,5888,0.110576923076923,Bacteroides (1),Bacteroidota (1),1
679227793357214,5886,0.1105393629807692,Blautia_A (2),Bacillota (2),2
274927744871077,5885,0.1105205829326923,Roseburia (1),Bacillota (1),1
425474673388018,5885,0.1105205829326923,Ornithospirochaeta (1); Hespellia (1); Dorea_A (1),Bacillota (2); Spirochaetota (1),3
160962336693239,5884,0.1105018028846153,Escherichia (2); ECMA0423 (1); Enterobacter (1),Pseudomonadota (5),5
253159281158623,5884,0.1105018028846153,Collinsella (539),Actinomycetota (539),539
770988989771680,5883,0.1104830228365384,Roseburia (1),Bacillota (1),1
405859435853541,5882,0.1104642427884615,Enterobacter (1); G047199095 (1); G047199115 (1),Pseudomonadota (3); Bacillota (1),4
717749770981046,5882,0.1104642427884615,Mediterraneibacter (2),Bacillota (2),2
810775079992250,5882,0.1104642427884615,Roseburia (2),Bacillota (2),2
843229830694469,5882,0.1104642427884615,Mediterraneibacter (1),Bacillota (1),1
916606945803087,5882,0.1104642427884615,Fimenecus (1); Roseburia (1),Bacillota (2),2
711054136086101,5881,0.1104454627403846,,,0
223858720456041,5880,0.1104266826923077,Mediterraneibacter (2),Bacillota (2),2
207476122721367,5879,0.1104079026442307,Acetatifactor (1); Laedolimicola (1),Bacillota (2),2
378571292807618,5876,0.1103515625,Hominilimicola (1),Bacillota (1),1
488963007265363,5876,0.1103515625,Faecalibacillus (3),Bacillota_I (3),3
495970214906873,5876,0.1103515625,Alistipes (3); Collinsella (1),Bacteroidota (3); Actinomycetota (1),4
353537477580517,5875,0.110332782451923,,,0
533111633839841,5875,0.110332782451923,Anaerobutyricum (2),Bacillota (2),2
568516687806072,5875,0.110332782451923,Anthropogastromicrobium (2),Bacillota (2),2
910731512077664,5875,0.110332782451923,Bifidobacterium (2),Actinomycetota (2),2
913019895036672,5874,0.1103140024038461,Bacteroides (4),Bacteroidota (4),4
253702778204549,5872,0.1102764423076923,Blautia_A (2); Hominiventricola (1); Colimorpha_A (1),Bacillota (5),5
255299368304896,5872,0.1102764423076923,Blautia_A (5),Bacillota (5),5
862643122695941,5872,0.1102764423076923,Enterocloster (3); Senimuribacter (1); Lawsonibacter (1),Bacillota (5),5
180165677036160,5871,0.1102576622596153,Blautia_A (2),Bacillota (2),2
311601016385726,5871,0.1102576622596153,Enterocloster (2),Bacillota (2),2
343538568537529,5871,0.1102576622596153,Anthropogastromicrobium (2),Bacillota (2),2
753873061034624,5871,0.1102576622596153,Alistipes (2),Bacteroidota (2),2
457756760451817,5869,0.1102201021634615,Oscillibacter (2),Bacillota (2),2
149456279785675,5868,0.1102013221153846,Dorea_A (1),Bacillota (1),1
758063045301678,5868,0.1102013221153846,Faecalibacillus (6); Longibaculum (2); JAQVWN01 (1),Bacillota_I (10),10
74346024572931,5867,0.1101825420673077,Faecalibacterium (1),Bacillota (1),1
100410570135407,5867,0.1101825420673077,,,0
1529183360523,5866,0.1101637620192307,Parabacteroides (1),Bacteroidota (1),1
210977437506598,5866,0.1101637620192307,Parabacteroides (1),Bacteroidota (1),1
676494506492861,5866,0.1101637620192307,Alistipes (1),Bacteroidota (1),1
223359313939310,5865,0.1101449819711538,Bacteroides (4),Bacteroidota (4),4
479795328397795,5865,0.1101449819711538,Mediterraneibacter (2),Bacillota (2),2
221903128515928,5863,0.110107421875,Bacteroides (1),Bacteroidota (1),1
223249068104148,5863,0.110107421875,Prevotella (35); UBA4417 (1),Bacteroidota (36),36
352237724069362,5863,0.110107421875,Ruminococcoides (2),Bacillota (2),2
455583450267787,5862,0.110088641826923,Alistipes (1),Bacteroidota (1),1
642346688879721,5862,0.110088641826923,Alistipes (2),Bacteroidota (2),2
785190954599894,5862,0.110088641826923,Alistipes (3),Bacteroidota (3),3
772386038296915,5861,0.1100698617788461,Blautia_A (4),Bacillota (4),4
836363395870257,5861,0.1100698617788461,Alistipes (2),Bacteroidota (2),2
45390056386884,5860,0.1100510817307692,Butyricimonas (2); Parabacteroides (1); Bacteroides (1),Bacteroidota (5),5
52502553901368,5860,0.1100510817307692,Blautia_A (2),Bacillota (2),2
489062619946128,5860,0.1100510817307692,Blautia_A (1),Bacillota (1),1
782473895978711,5860,0.1100510817307692,Bacteroides (2),Bacteroidota (2),2
38820792042415,5859,0.1100323016826923,Faecalibacterium (1),Bacillota (1),1
216561860275614,5858,0.1100135216346153,Bacteroides (1),Bacteroidota (1),1
236278850050495,5858,0.1100135216346153,,,0
621631733963597,5858,0.1100135216346153,Enterobacter (1); G047199095 (1); G047199115 (1),Pseudomonadota (3); Patescibacteriota (1),4
661294446636304,5854,0.1099384014423077,Bacteroides (3),Bacteroidota (3),3
493742536926273,5852,0.1099008413461538,,,0
682304008343258,5850,0.10986328125,Parabacteroides (1),Bacteroidota (1),1
459924639279685,5849,0.109844501201923,Bacteroides (3),Bacteroidota (3),3
521630815987926,5849,0.109844501201923,Hominilimicola (1),Bacillota (1),1
79564640503636,5848,0.1098257211538461,Bifidobacterium (3),Actinomycetota (3),3
204957569843513,5848,0.1098257211538461,Bifidobacterium (6),Actinomycetota (6),6
666101872911627,5848,0.1098257211538461,Bacteroides (2),Bacteroidota (2),2
476425740913899,5847,0.1098069411057692,Alistipes (2),Bacteroidota (2),2
856977772436806,5847,0.1098069411057692,Bacteroides (1),Bacteroidota (1),1
27107397391214,5846,0.1097881610576923,Ruminococcoides (2),Bacillota (2),2
363970210361469,5846,0.1097881610576923,Hominicoprocola (4),Bacillota (4),4
218407692748031,5844,0.1097506009615384,Anaerobutyricum (1),Bacillota (1),1
567289549127436,5844,0.1097506009615384,Gemmiger (1),Bacillota (1),1
106880521272283,5843,0.1097318209134615,Parabacteroides (1); Butyricimonas (1),Bacteroidota (2),2
107180549433488,5843,0.1097318209134615,Lachnospira (6),Bacillota (6),6
261926978864036,5843,0.1097318209134615,Bacteroides (3),Bacteroidota (3),3
856010177183381,5843,0.1097318209134615,Roseburia (1),Bacillota (1),1
621365424383088,5842,0.1097130408653846,Bifidobacterium (3),Actinomycetota (3),3
657863396340664,5842,0.1097130408653846,Bacteroides (4),Bacteroidota (4),4
371596306134431,5841,0.1096942608173077,Roseburia (1),Bacillota (1),1
532381440137789,5840,0.1096754807692307,,,0
397980610663358,5838,0.1096379206730769,Bacteroides (2),Bacteroidota (2),2
385237067852183,5837,0.109619140625,Collinsella (520),Actinomycetota (520),520
566369352126156,5837,0.109619140625,Bacteroides (2),Bacteroidota (2),2
440045301084072,5836,0.109600360576923,Hominicoprocola (5); CAG-170 (1); Oscillibacter (1),Bacillota (7),7
55809859663649,5832,0.1095252403846153,Dorea_A (3),Bacillota (3),3
588248025956937,5832,0.1095252403846153,Hominilimicola (1),Bacillota (1),1
50768697711221,5831,0.1095064603365384,Anaerostipes (1),Bacillota (1),1
60815587847517,5831,0.1095064603365384,Fusicatenibacter (1),Bacillota (1),1
167143797550627,5831,0.1095064603365384,,,0
396030128833686,5831,0.1095064603365384,Allocoprococcus (2),Bacillota (2),2
569164796111043,5830,0.1094876802884615,Alistipes (1),Bacteroidota (1),1
713785235599085,5830,0.1094876802884615,Bacteroides (2),Bacteroidota (2),2
393239760687672,5829,0.1094689002403846,Fusicatenibacter (1),Bacillota (1),1
723095370864967,5829,0.1094689002403846,Roseburia (2),Bacillota (2),2
866389784850938,5829,0.1094689002403846,Acetatifactor (1),Bacillota (1),1
240228262049021,5828,0.1094501201923077,Blautia_A (4),Bacillota (4),4
693067671160556,5828,0.1094501201923077,Coprococcus (1); CAG-465 (1); Merdicola (1),Bacillota (3),3
761287643776644,5828,0.1094501201923077,Hominicoprocola (5),Bacillota (5),5
216908331667945,5827,0.1094313401442307,UMGS1663 (1); Phocaeicola (1); Bacteroides (1),Bacteroidota (3); Bacillota (1),4
661123717532251,5827,0.1094313401442307,Anaerobutyricum (1),Bacillota (1),1
190484450223298,5826,0.1094125600961538,Parabacteroides (1),Bacteroidota (1),1
431244158678253,5826,0.1094125600961538,Anthropogastromicrobium (1),Bacillota (1),1
490565566349916,5826,0.1094125600961538,,,0
93596839234946,5825,0.1093937800480769,Mediterraneibacter (13); Faecalimonas (2); Schaedlerella (2),Bacillota (21),21
283722930629547,5825,0.1093937800480769,Prevotella (13); Phocaeicola (3); Bacteroides (1),Bacteroidota (19),19
581472632154641,5825,0.1093937800480769,Agathobaculum (2),Bacillota (2),2
248508504479215,5824,0.109375,Bifidobacterium (3),Actinomycetota (3),3
395418219019504,5824,0.109375,Alistipes (1),Bacteroidota (1),1
410142516559530,5824,0.109375,Bacteroides (2),Bacteroidota (2),2
437274763145834,5824,0.109375,,,0
389707751759475,5822,0.1093374399038461,Faecalibacterium (2),Bacillota (2),2
639081941215368,5822,0.1093374399038461,Hominilimicola (1),Bacillota (1),1
161489599709675,5821,0.1093186598557692,Anaerobutyricum (1),Bacillota (1),1
492761530078113,5821,0.1093186598557692,Bacteroides (1),Bacteroidota (1),1
366312812351579,5820,0.1092998798076923,Dorea_A (1),Bacillota (1),1
513605409093968,5818,0.1092623197115384,Acetatifactor (5),Bacillota (5),5
158456712480054,5817,0.1092435396634615,Anaerobutyricum (1),Bacillota (1),1
482655243278095,5816,0.1092247596153846,Blautia_A (2),Bacillota (2),2
680085923884173,5816,0.1092247596153846,Collinsella (582),Actinomycetota (582),582
206677682133553,5815,0.1092059795673077,Faecalibacterium (1),Bacillota (1),1
489844166417356,5814,0.1091871995192307,Dorea_A (4); Extibacter (1),Bacillota (5),5
536594268139466,5813,0.1091684194711538,Enterobacter (2); Escherichia (2); G047199115 (1),Pseudomonadota (5),5
846865561458057,5813,0.1091684194711538,Alistipes (1),Bacteroidota (1),1
888404510755747,5813,0.1091684194711538,Bifidobacterium (3); Collinsella (1),Actinomycetota (4),4
310441977570984,5812,0.1091496394230769,Faecalibacterium (1),Bacillota (1),1
442704774159619,5812,0.1091496394230769,Alistipes (3),Bacteroidota (3),3
454048257170263,5812,0.1091496394230769,Faecalibacterium (12); Gemmiger (1),Bacillota (13),13
339517939563053,5810,0.109112079326923,Faecalibacterium (2),Bacillota (2),2
817631376259588,5810,0.109112079326923,Anaerobutyricum (1),Bacillota (1),1
436418306952369,5809,0.1090932992788461,Lachnospira (4),Bacillota (4),4
832486034884624,5809,0.1090932992788461,Bacteroides (4); Phocaeicola (1),Bacteroidota (5),5
328544192720052,5808,0.1090745192307692,Blautia_A (1),Bacillota (1),1
541625008566808,5808,0.1090745192307692,Bacteroides (3),Bacteroidota (3),3
666375676313510,5808,0.1090745192307692,Faecalibacterium (3),Bacillota (3),3
796319264041288,5808,0.1090745192307692,Dorea_A (1); HGM11521 (1); Claveliimonas (1),Bacillota (7),7
122900957572788,5806,0.1090369591346153,CAVVWJ01 (4); BD2-11 (3); Gemmiger (2),Bacillota (26); Gemmatimonadota (11); Verrucomicrobiota (2),42
103020905532099,5805,0.1090181790865384,Roseburia (1),Bacillota (1),1
299300573537892,5805,0.1090181790865384,Blautia_A (1); Choladousia (1),Bacillota (2),2
394735893731129,5805,0.1090181790865384,Dorea_A (3),Bacillota (3),3
707981466286267,5805,0.1090181790865384,Alistipes (1),Bacteroidota (1),1
271581876678431,5804,0.1089993990384615,Collinsella (58); Senegalimassilia (3); Gordonibacter (2),Actinomycetota (76),76
289718925709622,5804,0.1089993990384615,Bacteroides (2),Bacteroidota (2),2
595725525280071,5804,0.1089993990384615,Alistipes (1),Bacteroidota (1),1
72412452554659,5803,0.1089806189903846,Allocoprococcus (2),Bacillota (2),2
817365242535177,5803,0.1089806189903846,Alistipes (1),Bacteroidota (1),1
185889336746744,5801,0.1089430588942307,Prevotella (22); Physcousia (3),Bacteroidota (25),25
727894827036760,5800,0.1089242788461538,Bacteroides (1),Bacteroidota (1),1
130259141029347,5799,0.1089054987980769,Dorea_A (2),Bacillota (2),2
412390420675676,5799,0.1089054987980769,Anaerobutyricum (1),Bacillota (1),1
718181254402591,5799,0.1089054987980769,Ruminococcoides (3),Bacillota (3),3
911427146271371,5798,0.10888671875,Dorea (1),Bacillota (1),1
6658130751707,5797,0.108867938701923,Faecalibacterium (1),Bacillota (1),1
788810832531706,5797,0.108867938701923,Bacteroides (5),Bacteroidota (5),5
218517737675370,5796,0.1088491586538461,Bacteroides (3),Bacteroidota (3),3
509471520177019,5796,0.1088491586538461,Bifidobacterium (2),Actinomycetota (2),2
303058041784957,5795,0.1088303786057692,Bacteroides (2); Phocaeicola (1),Bacteroidota (3),3
417023983337476,5795,0.1088303786057692,Bifidobacterium (2),Actinomycetota (2),2
338278997964738,5794,0.1088115985576923,Anaerobutyricum (1),Bacillota (1),1
518105909465255,5794,0.1088115985576923,Akkermansia (3),Verrucomicrobiota (3),3
901065910256296,5794,0.1088115985576923,Acetatifactor (5),Bacillota (5),5
314559459966254,5792,0.1087740384615384,Blautia_A (1),Bacillota (1),1
417229244194482,5792,0.1087740384615384,Blautia_A (5),Bacillota (5),5
425038407080203,5792,0.1087740384615384,Acetatifactor (5),Bacillota (5),5
238566472139728,5790,0.1087364783653846,Acetatifactor (2),Bacillota (2),2
631003235720551,5790,0.1087364783653846,Blautia_A (1),Bacillota (1),1
774918075358375,5790,0.1087364783653846,Dorea_A (1),Bacillota (1),1
628425572454299,5788,0.1086989182692307,Alistipes (1),Bacteroidota (1),1
28518781763455,5787,0.1086801382211538,Mediterraneibacter (2),Bacillota (2),2
79126381013351,5787,0.1086801382211538,Dorea_A (1); Gallintestinimicrobium (1); Claveliimonas (1),Bacillota (8),8
157899529586918,5787,0.1086801382211538,Blautia_A (2); Coprococcus (1); Choladousia (1),Bacillota (5),5
756965573501355,5787,0.1086801382211538,,,0
129983392014681,5786,0.1086613581730769,Aquipseudomonas (47); Hydrogenophaga (11); Ramlibacter (11),Pseudomonadota (188); Actinomycetota (49); Chloroflexota (28),343
502624489874135,5786,0.1086613581730769,Bacteroides (2),Bacteroidota (2),2
757871143894170,5785,0.108642578125,Bifidobacterium (2),Actinomycetota (2),2
858740404704171,5785,0.108642578125,Bacteroides (4); JAABRU01 (1),Bacteroidota (4); Desulfobacterota (1),5
555157701236458,5784,0.108623798076923,Lachnospira (4),Bacillota (4),4
862807879338592,5784,0.108623798076923,Glo-17 (1),Krumholzibacteriota (1),1
71644868535599,5783,0.1086050180288461,Lachnospira (1),Bacillota (1),1
704529087962531,5783,0.1086050180288461,Blautia_A (2),Bacillota (2),2
704546830733661,5783,0.1086050180288461,Faecalibacterium (1),Bacillota (1),1
9860118336442,5782,0.1085862379807692,Dorea_A (1); Vescimonas (1); Fimenecus (1),Bacillota (4),4
854481263636486,5782,0.1085862379807692,Dorea (1),Bacillota (1),1
95950963219864,5781,0.1085674579326923,Bacteroides (2),Bacteroidota (2),2
227002146660727,5781,0.1085674579326923,Bacteroides (2),Bacteroidota (2),2
309402145856719,5781,0.1085674579326923,Blautia_A (5),Bacillota (5),5
251352006423946,5780,0.1085486778846153,Allocoprococcus (1),Bacillota (1),1
329818815381627,5780,0.1085486778846153,Roseburia (1),Bacillota (1),1
161292998061900,5779,0.1085298978365384,Anthropogastromicrobium (1),Bacillota (1),1
729451535256672,5779,0.1085298978365384,Mediterraneibacter (1),Bacillota (1),1
361737069433861,5778,0.1085111177884615,Fimisoma (1); Bacteroides (1),Bacillota (1); Bacteroidota (1),2
454296711038577,5777,0.1084923377403846,Bacteroides (1),Bacteroidota (1),1
775733658280304,5777,0.1084923377403846,Blautia_A (1),Bacillota (1),1
292630400471500,5775,0.1084547776442307,Roseburia (1),Bacillota (1),1
463110465250654,5775,0.1084547776442307,Oscillibacter (2); Lawsonibacter (1); JAZOXB01 (1),Bacillota (4),4
845350249278943,5775,0.1084547776442307,Faecalibacterium (3),Bacillota (3),3
79774154127342,5774,0.1084359975961538,Parabacteroides (1),Bacteroidota (1),1
165865464173945,5773,0.1084172175480769,Parabacteroides (2),Bacteroidota (2),2
308954938678966,5773,0.1084172175480769,,,0
358313982533023,5773,0.1084172175480769,Bifidobacterium (8),Actinomycetota (8),8
210021287307003,5772,0.1083984375,Alistipes (2),Bacteroidota (2),2
213114284460568,5772,0.1083984375,Parabacteroides (1),Bacteroidota (1),1
256820393775299,5772,0.1083984375,Alistipes (2),Bacteroidota (2),2
343654517489581,5772,0.1083984375,Bacteroides (4),Bacteroidota (4),4
823092817877471,5772,0.1083984375,Hominenteromicrobium (2),Bacillota (2),2
703972833121248,5771,0.108379657451923,Alistipes (1),Bacteroidota (1),1
296032505336663,5770,0.1083608774038461,Collinsella (2); Faecalibacterium (1),Actinomycetota (2); Bacillota (1),3
912905721598816,5770,0.1083608774038461,Lachnospira (4),Bacillota (4),4
370087524132002,5769,0.1083420973557692,Prevotella (25),Bacteroidota (25),25
514226426310395,5768,0.1083233173076923,Parabacteroides (4); Phocaeicola (1),Bacteroidota (5),5
836867042617915,5768,0.1083233173076923,Gemmiger (2),Bacillota (2),2
381629006386936,5767,0.1083045372596153,Mobilitalea (10); Mediterraneibacter (5); Schaedlerella (3),Bacillota (89); Synergistota (1); Bacillota_I (1),91
634240605659416,5766,0.1082857572115384,Bifidobacterium (2); Collinsella (1),Actinomycetota (3),3
484673238355423,5765,0.1082669771634615,Anaerobutyricum (1),Bacillota (1),1
346263373554329,5764,0.1082481971153846,Blautia_A (1),Bacillota (1),1
371415574605483,5764,0.1082481971153846,Bacteroides (4),Bacteroidota (4),4
436827133242017,5764,0.1082481971153846,Alistipes (2),Bacteroidota (2),2
384329179222298,5762,0.1082106370192307,Faecalibacterium (5),Bacillota (5),5
427904676525,5761,0.1081918569711538,Parabacteroides (2),Bacteroidota (2),2
345379745587234,5761,0.1081918569711538,Hominicoprocola (4),Bacillota (4),4
52437983851006,5760,0.1081730769230769,Prevotella (21),Bacteroidota (21),21
117433469194723,5759,0.108154296875,Blautia_A (2),Bacillota (2),2
213570610100289,5759,0.108154296875,Hominilimicola (1),Bacillota (1),1
361966072584608,5758,0.108135516826923,Burkholderia (67); Novosphingobium (40); Sphingomonas (38),Pseudomonadota (1193); Acidobacteriota (88); Verrucomicrobiota (34),1403
421707895122677,5758,0.108135516826923,Blautia_A (1),Bacillota (1),1
14496811692308,5756,0.1080979567307692,Bacteroides (3); Parabacteroides (2); Ruminococcus_C (1),Bacteroidota (5); Bacillota (1),6
306563113801188,5756,0.1080979567307692,Acetatifactor (1); Anaerotignum_A (1); Vescimonas (1),Bacillota (5),5
498876240743072,5755,0.1080791766826923,Parabacteroides (1),Bacteroidota (1),1
282367243986884,5754,0.1080603966346153,Blautia_A (3); Agathobaculum (1); Roseburia (1),Bacillota (16),16
726570697921051,5754,0.1080603966346153,Sellimonas (1); Collinsella (1); Hoskinsella (1),Bacillota (2); Actinomycetota (1); Bacillota_I (1),4
793171498819806,5754,0.1080603966346153,Blautia_A (4),Bacillota (4),4
107670833687337,5753,0.1080416165865384,Escherichia (2),Pseudomonadota (2),2
356702076904200,5753,0.1080416165865384,Hominicoprocola (4),Bacillota (4),4
465919128973794,5752,0.1080228365384615,CAG-103 (8),Bacillota (8),8
874317290542420,5752,0.1080228365384615,Alistipes (1),Bacteroidota (1),1
270054394182907,5750,0.1079852764423077,Bacteroides (1),Bacteroidota (1),1
625107436652525,5750,0.1079852764423077,Anaerobutyricum (1),Bacillota (1),1
264949722126718,5749,0.1079664963942307,Hominilimicola (1),Bacillota (1),1
390769796375369,5749,0.1079664963942307,Blautia_A (2),Bacillota (2),2
484398439209827,5749,0.1079664963942307,Alistipes (1),Bacteroidota (1),1
536075577598658,5747,0.1079289362980769,Fusicatenibacter (1),Bacillota (1),1
866627284393330,5747,0.1079289362980769,Parabacteroides (1),Bacteroidota (1),1
111139581726577,5746,0.10791015625,JAEWQO01 (1); Alistipes (1),Actinomycetota (1); Bacteroidota (1),2
219704009874314,5746,0.10791015625,Bacteroides (5),Bacteroidota (5),5
630186441735920,5746,0.10791015625,Bacteroides (4),Bacteroidota (4),4
30639388307580,5745,0.107891376201923,Anthropogastromicrobium (1),Bacillota (1),1
542008019867624,5745,0.107891376201923,Bacteroides (4),Bacteroidota (4),4
9012862992073,5744,0.1078725961538461,Acetatifactor (1),Bacillota (1),1
409185661263287,5744,0.1078725961538461,Bacteroides (1),Bacteroidota (1),1
476582044581983,5744,0.1078725961538461,Phocaeicola (1),Bacteroidota (1),1
9558867713443,5743,0.1078538161057692,,,0
603990501594571,5743,0.1078538161057692,Bacteroides (1),Bacteroidota (1),1
882012510029154,5743,0.1078538161057692,Faecalibacterium (1),Bacillota (1),1
558020587980091,5742,0.1078350360576923,Alistipes (1),Bacteroidota (1),1
814769326036670,5742,0.1078350360576923,Brotonthovivens (1); Eubacterium_R (1); Butyribacter (1),Bacillota (4),4
164810017738021,5741,0.1078162560096153,Faecalibacterium (2),Bacillota (2),2
246465022085203,5741,0.1078162560096153,Lachnospira (2),Bacillota (2),2
666320790054693,5741,0.1078162560096153,Faecousia (1); Acetatifactor (1),Bacillota (2),2
702590425584156,5741,0.1078162560096153,Bacteroides (3),Bacteroidota (3),3
735450629502704,5741,0.1078162560096153,Blautia_A (2),Bacillota (2),2
4233332743542,5740,0.1077974759615384,Anthropogastromicrobium (2),Bacillota (2),2
217049436338142,5740,0.1077974759615384,Enterobacter (2); Escherichia (2); G047199095 (1),Pseudomonadota (5),5
305362912669851,5740,0.1077974759615384,Allocoprococcus (1),Bacillota (1),1
782943722274233,5740,0.1077974759615384,Bacteroides (1),Bacteroidota (1),1
241524474570796,5737,0.1077411358173077,Acetatifactor (2),Bacillota (2),2
674202553539930,5736,0.1077223557692307,Bifidobacterium (3),Actinomycetota (3),3
901178805558636,5736,0.1077223557692307,Bifidobacterium (2),Actinomycetota (2),2
29945814548067,5735,0.1077035757211538,Allocoprococcus (3),Bacillota (3),3
489654153491350,5735,0.1077035757211538,Anaerostipes (1); Anaerobutyricum (1),Bacillota (2),2
605333964051218,5735,0.1077035757211538,Bacteroides (1),Bacteroidota (1),1
58413771787840,5733,0.107666015625,Blautia_A (2),Bacillota (2),2
210885832004297,5733,0.107666015625,Alistipes (1),Bacteroidota (1),1
237566213200513,5733,0.107666015625,Bacteroides (3),Bacteroidota (3),3
851102583727351,5733,0.107666015625,Bifidobacterium (2); Collinsella (1),Actinomycetota (3),3
407396403532272,5732,0.107647235576923,Phocaeicola (1),Bacteroidota (1),1
366113496978066,5730,0.1076096754807692,Streptococcus (6),Bacillota (6),6
751857857325016,5730,0.1076096754807692,Acetatifactor (1),Bacillota (1),1
86824413588866,5729,0.1075908954326923,Bacteroides (2),Bacteroidota (2),2
524417813257075,5729,0.1075908954326923,Faecalibacterium (1),Bacillota (1),1
612630849188273,5729,0.1075908954326923,Blautia_A (1),Bacillota (1),1
702271688767321,5729,0.1075908954326923,Lachnospira (2); Faecalitalea (1),Bacillota (2); Bacillota_I (1),3
108057554286480,5728,0.1075721153846153,Parabacteroides (1),Bacteroidota (1),1
221462426448526,5728,0.1075721153846153,Faecalibacterium (5),Bacillota (5),5
552839332663638,5728,0.1075721153846153,Alistipes (2),Bacteroidota (2),2
878549212682125,5727,0.1075533353365384,Prevotella (25),Bacteroidota (25),25
184604045979639,5726,0.1075345552884615,Roseburia (1),Bacillota (1),1
70201147067241,5725,0.1075157752403846,Faecalibacterium (1),Bacillota (1),1
295902609597090,5724,0.1074969951923077,Bifidobacterium (3),Actinomycetota (3),3
75929242070199,5722,0.1074594350961538,Anaerobutyricum (1),Bacillota (1),1
80475641733992,5722,0.1074594350961538,CAG-103 (5),Bacillota (5),5
637555212348566,5722,0.1074594350961538,Otoolea (1),Bacillota (1),1
70002813333268,5721,0.1074406550480769,Allocoprococcus (2),Bacillota (2),2
225752805395305,5721,0.1074406550480769,Faecalibacterium (1),Bacillota (1),1
685198641331296,5721,0.1074406550480769,Oscillibacter (5),Bacillota (5),5
724249537682583,5721,0.1074406550480769,Fusicatenibacter (2),Bacillota (2),2
6751128465217,5720,0.107421875,Lachnospira (3),Bacillota (3),3
466248802799306,5718,0.1073843149038461,Faecalibacterium (2),Bacillota (2),2
304908253998573,5717,0.1073655348557692,Bifidobacterium (3),Actinomycetota (3),3
385702392249468,5717,0.1073655348557692,Acetatifactor (1),Bacillota (1),1
819866155423195,5717,0.1073655348557692,Prevotella (25); Alcanivorax (1),Bacteroidota (25); Pseudomonadota (1),26
79449081335492,5715,0.1073279747596153,Bacteroides (1),Bacteroidota (1),1
799225022606888,5715,0.1073279747596153,Alistipes (2),Bacteroidota (2),2
59320006025595,5714,0.1073091947115384,Roseburia (1),Bacillota (1),1
70533883056400,5714,0.1073091947115384,Hominilimicola (1),Bacillota (1),1
611354520526846,5714,0.1073091947115384,Limivicinus (1); Gemmiger (1); Vescimonas (1),Bacillota (5),5
260797256254691,5713,0.1072904146634615,Dorea_A (3); Roseburia (1),Bacillota (4),4
512054727661307,5712,0.1072716346153846,CAG-103 (7),Bacillota (7),7
572782442242308,5712,0.1072716346153846,Hominicoprocola (2); Phil1 (1); Diplocloster (1),Bacillota (5),5
712186426596036,5712,0.1072716346153846,Phocaeicola (2),Bacteroidota (2),2
530501360332326,5711,0.1072528545673077,Blautia_A (3),Bacillota (3),3
143634418613139,5710,0.1072340745192307,Bacteroides (2),Bacteroidota (2),2
189694538832245,5710,0.1072340745192307,Bifidobacterium (3); Collinsella (1),Actinomycetota (4),4
718619253101111,5710,0.1072340745192307,Anaerostipes (2),Bacillota (2),2
292797377961758,5709,0.1072152944711538,Bacteroides (2),Bacteroidota (2),2
513417741578621,5709,0.1072152944711538,Bacteroides (1),Bacteroidota (1),1
912805154627967,5709,0.1072152944711538,Oliverpabstia (4); Roseburia (2); Blautia_A (2),Bacillota (9),9
71816240063696,5708,0.1071965144230769,Egerieousia (1); Bacteroides (1),Bacteroidota (2),2
205837019848625,5708,0.1071965144230769,Fusicatenibacter (1); Butyricicoccus_B (1),Bacillota (2),2
536456917540411,5708,0.1071965144230769,Dorea_A (1),Bacillota (1),1
186022686250154,5707,0.107177734375,Prevotella (24),Bacteroidota (24),24
602476753743605,5707,0.107177734375,Gemmiger (1),Bacillota (1),1
80993023200859,5706,0.107158954326923,Anthropogastromicrobium (2); Anaerobutyricum (1); UBA2882 (1),Bacillota (4),4
158404554485829,5706,0.107158954326923,Bacteroides (2),Bacteroidota (2),2
368519459724774,5706,0.107158954326923,Parabacteroides (1),Bacteroidota (1),1
809013897496009,5706,0.107158954326923,Escherichia (6),Pseudomonadota (6),6
87698049823946,5705,0.1071401742788461,Bacteroides (4),Bacteroidota (4),4
216388207304692,5705,0.1071401742788461,Hominicoprocola (2),Bacillota (2),2
561988991128945,5705,0.1071401742788461,Blautia_A (3),Bacillota (3),3
606615537661043,5705,0.1071401742788461,Roseburia (1),Bacillota (1),1
804781658641525,5705,0.1071401742788461,Roseburia (1),Bacillota (1),1
767246312930702,5704,0.1071213942307692,Oscillibacter (8); RGIG5472 (1); RUG563 (1),Bacillota (10),10
83299570124228,5703,0.1071026141826923,Agathobaculum (1),Bacillota (1),1
624278347484392,5703,0.1071026141826923,Bacteroides (1),Bacteroidota (1),1
677287963515123,5703,0.1071026141826923,Ruminococcus (1); Hoskinsella (1); Blautia (1),Bacillota (4); Bacillota_I (2); Bacteroidota (1),7
65550257671328,5702,0.1070838341346153,Faecalibacterium (1),Bacillota (1),1
169659720616934,5702,0.1070838341346153,Bacteroides (3),Bacteroidota (3),3
274772330366723,5702,0.1070838341346153,Alistipes (1),Bacteroidota (1),1
790131255184311,5702,0.1070838341346153,Escherichia (1),Pseudomonadota (1),1
537821011665300,5701,0.1070650540865384,Bifidobacterium (2),Actinomycetota (2),2
849173252057280,5701,0.1070650540865384,Fusicatenibacter (1),Bacillota (1),1
671454801540482,5700,0.1070462740384615,Bacteroides (3),Bacteroidota (3),3
242336247767666,5699,0.1070274939903846,Parabacteroides (2),Bacteroidota (2),2
509513098105574,5699,0.1070274939903846,,,0
514337143274252,5699,0.1070274939903846,Blautia_A (2),Bacillota (2),2
574273222461346,5699,0.1070274939903846,Collinsella (537),Actinomycetota (537),537
525156942706349,5698,0.1070087139423077,Bacteroides (1),Bacteroidota (1),1
151621255969077,5697,0.1069899338942307,Collinsella (1); Gemmiger (1),Actinomycetota (1); Bacillota (1),2
603357184424649,5697,0.1069899338942307,Dorea_A (2),Bacillota (2),2
636660034229277,5697,0.1069899338942307,Anthropogastromicrobium (2),Bacillota (2),2
191320210837770,5696,0.1069711538461538,Allocoprococcus (2),Bacillota (2),2
622375680134116,5695,0.1069523737980769,Parabacteroides (3); PHOS-HE28 (1); UMGS1865 (1),Bacteroidota (5); Bacillota (1),6
635701979535019,5694,0.10693359375,Fusicatenibacter (1),Bacillota (1),1
569159778816656,5693,0.106914813701923,Roseburia (1); Maccoyibacter (1),Bacillota (2),2
369471518117217,5692,0.1068960336538461,Hominilimicola (1),Bacillota (1),1
577640472440501,5692,0.1068960336538461,Bifidobacterium (4),Actinomycetota (4),4
899614447182907,5692,0.1068960336538461,Parabacteroides (1),Bacteroidota (1),1
252807541402170,5691,0.1068772536057692,Bacteroides (2); Collinsella (1); Parabacteroides (1),Bacteroidota (3); Actinomycetota (1),4
349961671747425,5691,0.1068772536057692,Faecalibacterium (2),Bacillota (2),2
392650144175185,5690,0.1068584735576923,Eubacterium_G (1); Blautia_A (1),Bacillota (2),2
67033574724991,5688,0.1068209134615384,Phocaeicola (1),Bacteroidota (1),1
235934613922416,5688,0.1068209134615384,Acetatifactor (2),Bacillota (2),2
735217689992234,5687,0.1068021334134615,G047199095 (1); G047199115 (1),Pseudomonadota (2),2
128747258030848,5686,0.1067833533653846,,,0
290169688544454,5686,0.1067833533653846,Prevotella (24),Bacteroidota (24),24
437645785448024,5685,0.1067645733173077,Blautia_A (1),Bacillota (1),1
678391444843563,5684,0.1067457932692307,Bifidobacterium (3),Actinomycetota (3),3
600476030138904,5681,0.106689453125,Fusicatenibacter (3),Bacillota (3),3
139202191814483,5680,0.106670673076923,Dorea_A (2),Bacillota (2),2
203059992776179,5679,0.1066518930288461,Bacteroides (1),Bacteroidota (1),1
866374921545879,5679,0.1066518930288461,Lachnospira (3); Roseburia_D (1),Bacillota (4),4
378354796599385,5678,0.1066331129807692,Bacteroides (2),Bacteroidota (2),2
404564524959871,5678,0.1066331129807692,UMGS1387 (2); Hominilimicola (1),Bacillota (3),3
28898828479221,5677,0.1066143329326923,Blautia_A (2),Bacillota (2),2
228237957574604,5677,0.1066143329326923,Bacteroides (5),Bacteroidota (5),5
264332918410877,5677,0.1066143329326923,Fusicatenibacter (1),Bacillota (1),1
320436445094043,5674,0.1065579927884615,Alistipes (1),Bacteroidota (1),1
2928236577490,5673,0.1065392127403846,Lachnospira (4),Bacillota (4),4
166555582940644,5673,0.1065392127403846,Dorea_A (2),Bacillota (2),2
755382803776149,5673,0.1065392127403846,Bacteroides (1),Bacteroidota (1),1
340005040656143,5672,0.1065204326923077,Agathobaculum (1),Bacillota (1),1
791298812012830,5672,0.1065204326923077,,,0
844279893195658,5671,0.1065016526442307,Anaerobutyricum (1),Bacillota (1),1
524718869029598,5670,0.1064828725961538,Escherichia (3); Enterobacter (1),Pseudomonadota (4),4
572065138386967,5670,0.1064828725961538,Dorea_A (2),Bacillota (2),2
96099302961985,5669,0.1064640925480769,Faecalibacterium (1); JAZOXB01 (1),Bacillota (2),2
676710547951980,5669,0.1064640925480769,Dorea_A (2),Bacillota (2),2
389481670108800,5668,0.1064453125,Anaerobutyricum (1),Bacillota (1),1
278156776346567,5666,0.1064077524038461,Allocoprococcus (3),Bacillota (3),3
343339762685533,5666,0.1064077524038461,Anaerobutyricum (1),Bacillota (1),1
503622859544481,5666,0.1064077524038461,Dorea_A (2); Roseburia (1),Bacillota (3),3
716100483441441,5666,0.1064077524038461,Faecalibacterium (3),Bacillota (3),3
741732613130138,5666,0.1064077524038461,Bacteroides (2); Phocaeicola (1); CAG-1031 (1),Bacteroidota (4),4
651244737507195,5664,0.1063701923076923,Negativibacillus (1),Bacillota (1),1
801269318585202,5664,0.1063701923076923,Faecalibacterium (2),Bacillota (2),2
59062967130609,5663,0.1063514122596153,Streptococcus (11),Bacillota (11),11
245925160534863,5663,0.1063514122596153,Bacteroides (3),Bacteroidota (3),3
560459505977864,5663,0.1063514122596153,Alistipes (1),Bacteroidota (1),1
854872476783311,5663,0.1063514122596153,Bacteroides (3),Bacteroidota (3),3
432215885729478,5662,0.1063326322115384,Prevotella (17),Bacteroidota (17),17
666131992084846,5661,0.1063138521634615,Lachnospira (1),Bacillota (1),1
448345731163270,5660,0.1062950721153846,Hominicoprocola (2); Oscillibacter (2); Agathobaculum (1),Bacillota (6),6
890184835787669,5659,0.1062762920673077,Mediterraneibacter (2),Bacillota (2),2
26801727531119,5658,0.1062575120192307,Dorea_A (7); JAILLW01 (1),Bacillota (8),8
614761141009901,5658,0.1062575120192307,Bacteroides (5),Bacteroidota (5),5
86499437302286,5657,0.1062387319711538,Lachnospira (4); SIG291 (1),Bacillota (5),5
146525649250103,5657,0.1062387319711538,Blautia_A (1),Bacillota (1),1
237151905648640,5657,0.1062387319711538,Faecalibacterium (6),Bacillota (6),6
755129659835127,5657,0.1062387319711538,Bacteroides (1),Bacteroidota (1),1
17987066397745,5656,0.1062199519230769,Lachnospira (2),Bacillota (2),2
47046676855589,5656,0.1062199519230769,Pseudoflavonifractor (3); Flavonifractor (3),Bacillota (6),6
353957552815401,5656,0.1062199519230769,Escherichia (3),Pseudomonadota (3),3
663716303928472,5656,0.1062199519230769,Paraburkholderia (88); Aquipseudomonas (43); Telluria (38),Pseudomonadota (764); Actinomycetota (126); Acidobacteriota (75),1081
815035102720249,5656,0.1062199519230769,Blautia_A (1),Bacillota (1),1
272651928298251,5655,0.106201171875,Escherichia (3),Pseudomonadota (3),3
397553136217707,5655,0.106201171875,Blautia_A (2),Bacillota (2),2
186800236063097,5654,0.106182391826923,Allocoprococcus (2),Bacillota (2),2
344079317606037,5654,0.106182391826923,,,0
256414348780418,5653,0.1061636117788461,Hominilimicola (1),Bacillota (1),1
424583191597656,5653,0.1061636117788461,Alistipes (1),Bacteroidota (1),1
450350700237636,5653,0.1061636117788461,Mediterraneibacter (1),Bacillota (1),1
380355163612590,5652,0.1061448317307692,Alistipes (2); Sutterella (1),Bacteroidota (2); Pseudomonadota (1),3
606979249655515,5652,0.1061448317307692,Bacteroides (8),Bacteroidota (8),8
432582558486524,5650,0.1061072716346153,Agathobaculum (5); UBA8612 (1); Butyricicoccus_B (1),Bacillota (7),7
359007349325008,5649,0.1060884915865384,Enterenecus (1); UMGS1766 (1); RGIG7114 (1),Bacillota (4),4
774139188696241,5649,0.1060884915865384,Blautia_A (2); UBA9414 (1),Bacillota (3),3
690439475906130,5648,0.1060697115384615,Faecalibacterium (3),Bacillota (3),3
718714553692288,5648,0.1060697115384615,Allocoprococcus (3),Bacillota (3),3
12826131728638,5647,0.1060509314903846,Anaerobutyricum (1),Bacillota (1),1
49539661402457,5647,0.1060509314903846,Dorea_A (2),Bacillota (2),2
42993381886614,5646,0.1060321514423077,Bacteroides (1),Bacteroidota (1),1
920787300262220,5646,0.1060321514423077,Acetatifactor (1),Bacillota (1),1
356283438003930,5645,0.1060133713942307,,,0
407645927850833,5645,0.1060133713942307,Mediterraneibacter (1),Bacillota (1),1
429458411984319,5645,0.1060133713942307,Escherichia (4),Pseudomonadota (4),4
640165107866036,5645,0.1060133713942307,Bacteroides (1),Bacteroidota (1),1
103273620447374,5643,0.1059758112980769,Faecalibacterium (6),Bacillota (6),6
905619641915038,5643,0.1059758112980769,Dorea_A (2),Bacillota (2),2
588025117692964,5642,0.10595703125,Bacteroides (2),Bacteroidota (2),2
717717388464038,5642,0.10595703125,Blautia_A (1),Bacillota (1),1
755119061374514,5642,0.10595703125,Enterenecus (4); Faecalibacterium (3); RGIG6375 (1),Bacillota (12); Actinomycetota (1),13
587500600077074,5641,0.105938251201923,Faecalibacterium (1),Bacillota (1),1
727704549381563,5641,0.105938251201923,CAG-170 (4); JAZOXB01 (1),Bacillota (5),5
68232423687006,5640,0.1059194711538461,Roseburia (1),Bacillota (1),1
235222966146537,5639,0.1059006911057692,,,0
799956440032476,5639,0.1059006911057692,Escherichia (5); ECMA0423 (1); Brenneria (1),Pseudomonadota (8),8
619644280944167,5638,0.1058819110576923,Bacteroides (1),Bacteroidota (1),1
777883230793990,5638,0.1058819110576923,Lachnospira (3),Bacillota (3),3
202546236110474,5637,0.1058631310096153,Collinsella (547),Actinomycetota (547),547
257166863784084,5637,0.1058631310096153,Acetatifactor (2),Bacillota (2),2
504518614716662,5637,0.1058631310096153,Bacteroides (5),Bacteroidota (5),5
877767730461564,5637,0.1058631310096153,Parabacteroides (7),Bacteroidota (7),7
2311501172216,5636,0.1058443509615384,Acetatifactor (2),Bacillota (2),2
241016835075002,5636,0.1058443509615384,Ruminococcoides (1),Bacillota (1),1
551833365063014,5636,0.1058443509615384,Hominilimicola (1); Scatenecus (1),Bacillota (1); Cyanobacteriota (1),2
906546171236444,5636,0.1058443509615384,Alistipes (2),Bacteroidota (2),2
519414706712588,5635,0.1058255709134615,Hominimerdicola (2),Bacillota (2),2
591295261774852,5635,0.1058255709134615,Fusicatenibacter (1),Bacillota (1),1
210597896138686,5634,0.1058067908653846,Blautia_A (3),Bacillota (3),3
44118517533698,5633,0.1057880108173077,Agathobaculum (2),Bacillota (2),2
299319791110239,5633,0.1057880108173077,Alistipes (1),Bacteroidota (1),1
586220101364801,5633,0.1057880108173077,Bovifimicola (1); Coprococcus (1); COE1 (1),Bacillota (4),4
263452967310433,5632,0.1057692307692307,Ruminococcoides (3),Bacillota (3),3
853666641385046,5632,0.1057692307692307,Alistipes (4),Bacteroidota (4),4
549932713835771,5631,0.1057504507211538,Dorea_A (3),Bacillota (3),3
636128699964757,5631,0.1057504507211538,Alistipes (1),Bacteroidota (1),1
230627430843409,5630,0.1057316706730769,Phocaeicola (2),Bacteroidota (2),2
354248546989318,5630,0.1057316706730769,Phocaeicola (1),Bacteroidota (1),1
657966828883027,5630,0.1057316706730769,,,0
681150831897878,5630,0.1057316706730769,Prevotella (25),Bacteroidota (25),25
469673180250880,5625,0.1056377704326923,Agathobaculum (2),Bacillota (2),2
547789105006301,5624,0.1056189903846153,Parabacteroides (1),Bacteroidota (1),1
648580555608600,5624,0.1056189903846153,Nocardioides (86); Streptomyces (24); Demequina (21),Actinomycetota (438); Planctomycetota (27); Bacteroidota (22),538
146670973817743,5623,0.1056002103365384,Bacteroides (1); Prevotella (1),Bacteroidota (2),2
290666877918005,5623,0.1056002103365384,Anaerobutyricum (1),Bacillota (1),1
566213931563487,5623,0.1056002103365384,Mediterraneibacter (2),Bacillota (2),2
395271139081906,5622,0.1055814302884615,Bifidobacterium (3),Actinomycetota (3),3
259235622401653,5621,0.1055626502403846,Aquipseudomonas (529); Stutzerimonas (11); Chryseomonas (7),Pseudomonadota (614); Bacillota (1),615
297797188402168,5620,0.1055438701923077,Allocoprococcus (1),Bacillota (1),1
814347379027362,5620,0.1055438701923077,Mediterraneibacter (1),Bacillota (1),1
239327453958954,5619,0.1055250901442307,Hominicoprocola (2),Bacillota (2),2
109121494701127,5618,0.1055063100961538,Anthropogastromicrobium (2),Bacillota (2),2
158440965951322,5618,0.1055063100961538,Hominicoprocola (2); Collinsella (2),Bacillota (2); Actinomycetota (2),4
520356954149276,5618,0.1055063100961538,Allocoprococcus (1),Bacillota (1),1
427367932639451,5617,0.1054875300480769,Phocaeicola (1),Bacteroidota (1),1
469516757895447,5617,0.1054875300480769,Bifidobacterium (3),Actinomycetota (3),3
99968783441930,5615,0.105449969951923,Dorea_A (1),Bacillota (1),1
387816338123055,5614,0.1054311899038461,Ruminococcoides (3),Bacillota (3),3
414861883735664,5614,0.1054311899038461,Bacteroides (4),Bacteroidota (4),4
467682838330090,5614,0.1054311899038461,Parabacteroides (1),Bacteroidota (1),1
601374681221253,5614,0.1054311899038461,Otoolea (1),Bacillota (1),1
98647082827031,5613,0.1054124098557692,Blautia_A (2); Dorea_A (1); Gallintestinimicrobium (1),Bacillota (9),9
478782931363441,5613,0.1054124098557692,Roseburia (1),Bacillota (1),1
573973346510492,5612,0.1053936298076923,Lachnospira (2),Bacillota (2),2
77426685808909,5611,0.1053748497596153,Bacteroides (1),Bacteroidota (1),1
682766613556435,5611,0.1053748497596153,Blautia_A (2),Bacillota (2),2
66799852904850,5609,0.1053372896634615,Oscillibacter (1),Bacillota (1),1
80923603267585,5609,0.1053372896634615,Brotaphodocola (2); Enterocloster (2); UBA3402 (1),Bacillota (6),6
325190009264967,5609,0.1053372896634615,Mediterraneibacter (2),Bacillota (2),2
287083336605918,5608,0.1053185096153846,Ruminococcoides (3),Bacillota (3),3
408523927264651,5608,0.1053185096153846,Mediterraneibacter (1),Bacillota (1),1
548924693319069,5608,0.1053185096153846,Faecalibacterium (8),Bacillota (8),8
598498324130490,5608,0.1053185096153846,JAZRXQ01 (1); Roseburia (1),Bacillota (2),2
617696994743647,5608,0.1053185096153846,Hominimerdicola (4),Bacillota (4),4
429631379645577,5607,0.1052997295673077,Blautia_A (2),Bacillota (2),2
873745282905305,5607,0.1052997295673077,Bifidobacterium (2),Actinomycetota (2),2
174540326341927,5606,0.1052809495192307,Prevotella (26); Physcousia (1),Bacteroidota (27),27
305026740959619,5606,0.1052809495192307,,,0
420691631922285,5606,0.1052809495192307,Roseburia (1); COE1 (1); Suilimivivens (1),Bacillota (4),4
421348938145115,5606,0.1052809495192307,Acetatifactor (1),Bacillota (1),1
605220667753442,5606,0.1052809495192307,Blautia_A (2),Bacillota (2),2
230255589794220,5605,0.1052621694711538,Ruminococcoides (2),Bacillota (2),2
882679254222855,5605,0.1052621694711538,Roseburia (3),Bacillota (3),3
915249144419994,5605,0.1052621694711538,Ruminococcoides (3); UBA1221 (1),Bacillota (3); Cyanobacteriota (1),4
804962047050202,5604,0.1052433894230769,Bifidobacterium (3),Actinomycetota (3),3
849902494413168,5604,0.1052433894230769,Dialister (1); Hominifimenecus (1); Enterocloster (1),Bacillota (4),4
758672749638737,5603,0.105224609375,Acetatifactor (1),Bacillota (1),1
782019338862064,5603,0.105224609375,Bacteroides (2),Bacteroidota (2),2
807797239906372,5603,0.105224609375,Allocoprococcus (1),Bacillota (1),1
334597079656560,5602,0.105205829326923,,,0
893646255854501,5602,0.105205829326923,Enterobacter (1); Escherichia (1),Pseudomonadota (2),2
206701121519796,5601,0.1051870492788461,CAJOIG01 (1),Bacillota (1),1
199833297276677,5600,0.1051682692307692,Akkermansia (5),Verrucomicrobiota (5),5
260926270985651,5600,0.1051682692307692,,,0
333249187049592,5599,0.1051494891826923,Fimisoma (1); Falcatimonas (1); UBA3282 (1),Bacillota (7),7
415656877180268,5599,0.1051494891826923,Lachnospira (2); CAG-590 (1),Bacillota (3),3
487196213861795,5599,0.1051494891826923,Acetatifactor (2),Bacillota (2),2
639762556283649,5599,0.1051494891826923,Parabacteroides (1),Bacteroidota (1),1
866399288563721,5598,0.1051307091346153,Agathobaculum (1),Bacillota (1),1
901593592504616,5598,0.1051307091346153,Pectobacterium (12); Klebsiella (10); Citrobacter_A (8),Pseudomonadota (77),77
538720073247572,5596,0.1050931490384615,Bacteroides (2),Bacteroidota (2),2
915242731039317,5596,0.1050931490384615,Pelethomonas (1); Flavonifractor (1),Bacillota (2),2
342066977943154,5595,0.1050743689903846,Anaerobutyricum (3),Bacillota (3),3
888118434739279,5595,0.1050743689903846,Faecalibacterium (2),Bacillota (2),2
588702596108054,5594,0.1050555889423077,Bacteroides (4); Butyricimonas (1); Phocaeicola (1),Bacteroidota (7); Bacillota (1),8
834888497782681,5594,0.1050555889423077,Roseburia (1),Bacillota (1),1
677600283286174,5591,0.1049992487980769,Collinsella (536),Actinomycetota (536),536
797061071461797,5591,0.1049992487980769,Gemmiger (1),Bacillota (1),1
695655477502497,5590,0.10498046875,Bacteroides (2),Bacteroidota (2),2
5078787317975,5589,0.104961688701923,Gemmiger (4),Bacillota (4),4
138257639396139,5589,0.104961688701923,Bacteroides (1),Bacteroidota (1),1
541039901340799,5589,0.104961688701923,Blautia_A (2); Allocoprococcus (1); Dorea_D (1),Bacillota (6),6
189333246935779,5587,0.1049241286057692,Alistipes (1),Bacteroidota (1),1
449392408125886,5587,0.1049241286057692,,,0
606559744391627,5586,0.1049053485576923,Faecalibacterium (4); Collinsella (1),Bacillota (4); Actinomycetota (1),5
777982224189169,5586,0.1049053485576923,,,0
324277240161394,5585,0.1048865685096153,Alistipes (3),Bacteroidota (3),3
471254068022343,5585,0.1048865685096153,,,0
217826108103955,5584,0.1048677884615384,Alistipes (2); JAEWQO01 (1),Bacteroidota (2); Actinomycetota (1),3
321537968757012,5584,0.1048677884615384,Bacteroides (4); Limisoma (1); Negativibacillus (1),Bacteroidota (6); Bacillota (1),7
622217196134817,5584,0.1048677884615384,Escherichia (2); UBA12170 (1); Alistipes_A (1),Pseudomonadota (5); Bacteroidota (2); Zhuqueibacterota (1),8
636343386476,5583,0.1048490084134615,Prevotella (26),Bacteroidota (26),26
490162975283546,5583,0.1048490084134615,Bacteroides (2),Bacteroidota (2),2
627802897990819,5583,0.1048490084134615,Agathobaculum (1),Bacillota (1),1
446921866465856,5579,0.1047738882211538,Faecalibacterium (2),Bacillota (2),2
126170351343615,5578,0.1047551081730769,Blautia_A (2),Bacillota (2),2
278545192921570,5578,0.1047551081730769,Dorea_A (2),Bacillota (2),2
352320529986796,5578,0.1047551081730769,Gemmiger (1),Bacillota (1),1
571851313132287,5578,0.1047551081730769,Phocaeicola (1),Bacteroidota (1),1
696110695976017,5578,0.1047551081730769,Oscillibacter (7); Vermiculatibacterium (2); Flavonifractor (1),Bacillota (10),10
15214158842844,5577,0.104736328125,Alistipes (1),Bacteroidota (1),1
889747946893240,5577,0.104736328125,Acetatifactor (2),Bacillota (2),2
632449134410304,5576,0.104717548076923,Ruminococcoides (1),Bacillota (1),1
41893521618276,5575,0.1046987680288461,Faecalibacterium (1),Bacillota (1),1
459580795355277,5575,0.1046987680288461,Bacteroides (1),Bacteroidota (1),1
237319124851548,5574,0.1046799879807692,Lachnospira (4),Bacillota (4),4
283378970517211,5574,0.1046799879807692,Ruminococcoides (1),Bacillota (1),1
712308738825726,5574,0.1046799879807692,Fusicatenibacter (1),Bacillota (1),1
853651948237063,5574,0.1046799879807692,Collinsella (548),Actinomycetota (548),548
578193280864793,5572,0.1046424278846153,Anthropogastromicrobium (1),Bacillota (1),1
350641598361674,5570,0.1046048677884615,Alistipes (1),Bacteroidota (1),1
444652963149822,5570,0.1046048677884615,Parabacteroides (1),Bacteroidota (1),1
782483508420882,5570,0.1046048677884615,Lachnospira (3),Bacillota (3),3
284191221757762,5569,0.1045860877403846,Bifidobacterium (4),Actinomycetota (4),4
323083418482559,5569,0.1045860877403846,Scybalousia_A (1),Bacteroidota (1),1
426878694060007,5567,0.1045485276442307,Salinicoccus (1); CABMIU01 (1),Bacillota (1); Iainarchaeota (1),2
431296715626247,5567,0.1045485276442307,Bacteroides (1),Bacteroidota (1),1
536009189951585,5567,0.1045485276442307,Hominilimicola (1),Bacillota (1),1
545082481123059,5567,0.1045485276442307,Prevotella (13); SFTJ01 (1); Streptococcus (1),Bacteroidota (14); Bacillota (1),15
580355627369335,5567,0.1045485276442307,Bacteroides (3),Bacteroidota (3),3
793368791338357,5567,0.1045485276442307,Bacteroides (1),Bacteroidota (1),1
203191659868814,5566,0.1045297475961538,Parabacteroides (1),Bacteroidota (1),1
502508926004683,5566,0.1045297475961538,,,0
743126903424789,5566,0.1045297475961538,Prevotella (26),Bacteroidota (26),26
805911440341794,5566,0.1045297475961538,Roseburia (1),Bacillota (1),1
851523924485715,5566,0.1045297475961538,Bacteroides (5),Bacteroidota (5),5
101326220550325,5564,0.1044921875,Enterobacter (1); G047199115 (1),Pseudomonadota (2),2
400863646178769,5564,0.1044921875,Eubacterium_G (1); Lachnocurva (1); Enterocloster (1),Bacillota (3),3
495337783781877,5564,0.1044921875,Bacteroides (2),Bacteroidota (2),2
541658560248164,5564,0.1044921875,Pilosibacter (1); Otoolea (1); Hominiventricola (1),Bacillota (3),3
201848765442664,5563,0.104473407451923,Pilosibacter (3); Brotaphodocola (2); Egerieimonas_A (2),Bacillota (15),15
480026881552341,5563,0.104473407451923,Acetatifactor (1),Bacillota (1),1
787506632618368,5563,0.104473407451923,Bacteroides (1),Bacteroidota (1),1
217625441952465,5562,0.1044546274038461,Oliverpabstia (2),Bacillota (2),2
329268967145594,5562,0.1044546274038461,Parabacteroides (1),Bacteroidota (1),1
333890184065124,5562,0.1044546274038461,Ruminococcoides (1),Bacillota (1),1
782700842901630,5562,0.1044546274038461,Bacteroides (2),Bacteroidota (2),2
901696573197903,5562,0.1044546274038461,Blautia_A (3),Bacillota (3),3
363185895735327,5561,0.1044358473557692,Anaerobutyricum (1),Bacillota (1),1
425893196998109,5561,0.1044358473557692,Dorea_A (3),Bacillota (3),3
132211785988215,5560,0.1044170673076923,Ruminococcoides (1),Bacillota (1),1
416251287905188,5559,0.1043982872596153,Bacteroides (2),Bacteroidota (2),2
673731379609920,5559,0.1043982872596153,Bacteroides (3),Bacteroidota (3),3
864580434710804,5559,0.1043982872596153,Blautia_A (3),Bacillota (3),3
427080488795993,5558,0.1043795072115384,Bacteroides (1),Bacteroidota (1),1
728912767578458,5558,0.1043795072115384,Bacteroides (1); Alistipes (1),Bacteroidota (2),2
451928442721602,5557,0.1043607271634615,Alistipes (2),Bacteroidota (2),2
627494701041394,5557,0.1043607271634615,,,0
865968352914336,5557,0.1043607271634615,,,0
918461222691473,5557,0.1043607271634615,Alistipes (2),Bacteroidota (2),2
878921323132489,5556,0.1043419471153846,,,0
50135573727099,5555,0.1043231670673077,Lachnospira (2),Bacillota (2),2
140546547792968,5555,0.1043231670673077,Faecalibacterium (2),Bacillota (2),2
233700454750800,5555,0.1043231670673077,Prevotella (25),Bacteroidota (25),25
869797391856931,5555,0.1043231670673077,Phascolarctobacterium_A (2); Otoolea (1); UBA3402 (1),Bacillota (10),10
40542018836945,5554,0.1043043870192307,Faecalibacterium (1),Bacillota (1),1
689004057407566,5554,0.1043043870192307,Alistipes (2),Bacteroidota (2),2
377995435161931,5553,0.1042856069711538,Blautia_A (2),Bacillota (2),2
367459270844398,5552,0.1042668269230769,Gemmiger (1),Bacillota (1),1
795614660074766,5552,0.1042668269230769,Parabacteroides (2),Bacteroidota (2),2
456194853032941,5551,0.104248046875,Faecalibacterium (1),Bacillota (1),1
578319808924488,5551,0.104248046875,G047199095 (1); G047199115 (1); Escherichia (1),Pseudomonadota (3),3
768434180862135,5551,0.104248046875,Acetatifactor (1),Bacillota (1),1
2128990573862,5550,0.104229266826923,Dorea_A (2),Bacillota (2),2
98046068499122,5550,0.104229266826923,Parabacteroides (2); Collinsella (1),Bacteroidota (2); Actinomycetota (1),3
885086393384012,5550,0.104229266826923,Alistipes (1),Bacteroidota (1),1
452557617492488,5549,0.1042104867788461,Collinsella (504),Actinomycetota (504),504
633738958028687,5549,0.1042104867788461,Blautia_A (2); Oliverpabstia (1),Bacillota (3),3
15739894123551,5548,0.1041917067307692,Vescimonas (2); UMGS1202 (1); CAG-170 (1),Bacillota (8),8
366909323894012,5547,0.1041729266826923,Allocoprococcus (1),Bacillota (1),1
597987265997825,5547,0.1041729266826923,Alistipes (1),Bacteroidota (1),1
309012907280619,5546,0.1041541466346153,Blautia_A (2),Bacillota (2),2
393843278233548,5546,0.1041541466346153,Dorea_A (2),Bacillota (2),2
554463620133250,5546,0.1041541466346153,Blautia_A (2),Bacillota (2),2
820598759158855,5544,0.1041165865384615,Oscillibacter (14); Enterenecus (3); Collinsella (1),Bacillota (17); Actinomycetota (1),18
306844912395178,5543,0.1040978064903846,Brotaphodocola (2),Bacillota (2),2
589724455227312,5543,0.1040978064903846,Anthropogastromicrobium (2),Bacillota (2),2
48361221226569,5542,0.1040790264423077,UBA3402 (1); Ligaoa (1); Enterocloster (1),Bacillota (6),6
246008223972412,5542,0.1040790264423077,Oscillibacter (7); Flavonifractor (3); Avoscillospira_A (2),Bacillota (16),16
369569437059579,5542,0.1040790264423077,Bacteroides (1),Bacteroidota (1),1
423735151922334,5542,0.1040790264423077,,,0
502515291178337,5542,0.1040790264423077,Allocoprococcus (3),Bacillota (3),3
281523516045033,5541,0.1040602463942307,Anaerostipes (1),Bacillota (1),1
675546456230004,5541,0.1040602463942307,Alistipes (1),Bacteroidota (1),1
302773161719670,5540,0.1040414663461538,Parabacteroides (1); Parabacteroides_B (1),Bacteroidota (2),2
410665229308812,5540,0.1040414663461538,Acetatifactor (1),Bacillota (1),1
677365262211086,5538,0.10400390625,Limivivens (1); Allocoprococcus (1); Mediterraneibacter (1),Bacillota (6),6
99165114559749,5537,0.103985126201923,Bacteroides (1),Bacteroidota (1),1
334300224619627,5537,0.103985126201923,Roseburia (1),Bacillota (1),1
521640005071827,5537,0.103985126201923,Bacteroides (1),Bacteroidota (1),1
577329845954794,5537,0.103985126201923,,,0
117476361735413,5535,0.1039475661057692,Dorea_A (1),Bacillota (1),1
574302580567815,5535,0.1039475661057692,Acetatifactor (1),Bacillota (1),1
578985123430023,5535,0.1039475661057692,Bacteroides (3),Bacteroidota (3),3
782495549388445,5535,0.1039475661057692,Blautia_A (1),Bacillota (1),1
261420379970251,5534,0.1039287860576923,Alistipes (8),Bacteroidota (8),8
615141099877218,5534,0.1039287860576923,Allocoprococcus (1),Bacillota (1),1
726153845378030,5533,0.1039100060096153,Allocoprococcus (2),Bacillota (2),2
140520104619592,5532,0.1038912259615384,Dorea_A (2),Bacillota (2),2
40857588469909,5531,0.1038724459134615,Faecalibacterium (1),Bacillota (1),1
50354279908299,5531,0.1038724459134615,Collinsella (1),Actinomycetota (1),1
220349975703898,5531,0.1038724459134615,Parabacteroides (1),Bacteroidota (1),1
524902583336673,5530,0.1038536658653846,Bacteroides (3); Phocaeicola (2); Collinsella (1),Bacteroidota (6); Actinomycetota (1),7
552689554045990,5530,0.1038536658653846,Oscillibacter (4),Bacillota (4),4
761629156509427,5528,0.1038161057692307,Bifidobacterium (2),Actinomycetota (2),2
327238236127484,5527,0.1037973257211538,Prevotella (26),Bacteroidota (26),26
920611861689377,5527,0.1037973257211538,Prevotella (21),Bacteroidota (21),21
262180826069491,5525,0.103759765625,Bifidobacterium (3),Actinomycetota (3),3
235494696335916,5523,0.1037222055288461,Bulleidia (1); Blautia_A (1),Bacillota_I (1); Bacillota (1),2
269151603196405,5523,0.1037222055288461,Bacteroides (1),Bacteroidota (1),1
421893092638794,5523,0.1037222055288461,,,0
229734680529020,5522,0.1037034254807692,Prevotella (24),Bacteroidota (24),24
362165909865990,5522,0.1037034254807692,Blautia_A (2),Bacillota (2),2
773140367487601,5522,0.1037034254807692,SZUA-378 (1); Bacteroides (1),Bacillota (1); Bacteroidota (1),2
438245304384824,5521,0.1036846454326923,Bacteroides (1); UBA6382 (1),Bacteroidota (2),2
861354634543537,5521,0.1036846454326923,Faecalibacterium (1),Bacillota (1),1
841057536880189,5520,0.1036658653846153,Bacteroides (1),Bacteroidota (1),1
223341589508245,5519,0.1036470853365384,Alistipes (2),Bacteroidota (2),2
524414152509134,5519,0.1036470853365384,Parabacteroides (1),Bacteroidota (1),1
156530742149732,5518,0.1036283052884615,,,0
495027708146662,5518,0.1036283052884615,Hominimerdicola (1),Bacillota (1),1
678307026135426,5518,0.1036283052884615,Escherichia (2); ECMA0423 (1); G047199095 (1),Pseudomonadota (7),7
816451533284197,5518,0.1036283052884615,Bacteroides (3),Bacteroidota (3),3
706573318740052,5517,0.1036095252403846,Bifidobacterium (2),Actinomycetota (2),2
885071143188000,5517,0.1036095252403846,Bacteroides (2),Bacteroidota (2),2
826020174400895,5515,0.1035719651442307,Acetatifactor (1),Bacillota (1),1
834127069355620,5515,0.1035719651442307,Allocoprococcus (1); Blautia_A (1),Bacillota (2),2
673280927149692,5514,0.1035531850961538,Blautia_A (2),Bacillota (2),2
911503926416271,5514,0.1035531850961538,Blautia_A (3); UBA9414 (1),Bacillota (4),4
313919197604920,5513,0.1035344050480769,Parabacteroides (1),Bacteroidota (1),1
83709578226995,5512,0.103515625,Faecalibacterium (1),Bacillota (1),1
397469410066943,5512,0.103515625,Bacteroides (2),Bacteroidota (2),2
843142715796242,5511,0.103496844951923,Dorea_A (5),Bacillota (5),5
172630084169352,5510,0.1034780649038461,Mediterraneibacter (1),Bacillota (1),1
656706081671457,5510,0.1034780649038461,,,0
766828389049059,5509,0.1034592848557692,,,0
689621799146399,5508,0.1034405048076923,Faecalibacterium (2),Bacillota (2),2
301939174065007,5507,0.1034217247596153,Enterobacter (1); G047199115 (1); Escherichia (1),Pseudomonadota (3),3
466296692782880,5507,0.1034217247596153,Bacteroides (2),Bacteroidota (2),2
860706204971491,5507,0.1034217247596153,Phocaeicola (1),Bacteroidota (1),1
389687712706379,5506,0.1034029447115384,Akkermansia (4),Verrucomicrobiota (4),4
706547905236572,5505,0.1033841646634615,,,0
757989215022607,5505,0.1033841646634615,Alistipes (2),Bacteroidota (2),2
17970763496445,5504,0.1033653846153846,Acetatifactor (1),Bacillota (1),1
125654081737127,5504,0.1033653846153846,Collinsella (517),Actinomycetota (517),517
587462401744047,5503,0.1033466045673077,Blautia_A (5),Bacillota (5),5
623999065708739,5503,0.1033466045673077,Blautia_A (1),Bacillota (1),1
617620409559895,5502,0.1033278245192307,Collinsella (523),Actinomycetota (523),523
457280732885214,5501,0.1033090444711538,Bacteroides (1),Bacteroidota (1),1
304819761049704,5500,0.1032902644230769,,,0
413621772696939,5500,0.1032902644230769,Blautia_A (4),Bacillota (4),4
755617069986387,5500,0.1032902644230769,,,0
365404645358421,5499,0.103271484375,Fimisoma (1),Bacillota (1),1
833522323779724,5499,0.103271484375,Collinsella (4),Actinomycetota (4),4
301044141701830,5498,0.103252704326923,Roseburia (1),Bacillota (1),1
204714936360556,5497,0.1032339242788461,Agathobaculum (1),Bacillota (1),1
399619145617964,5497,0.1032339242788461,Bacteroides (1),Bacteroidota (1),1
879142556945921,5497,0.1032339242788461,Alistipes (1),Bacteroidota (1),1
203093787778875,5495,0.1031963641826923,Blautia_A (1); Fusicatenibacter (1),Bacillota (2),2
330246339658421,5495,0.1031963641826923,Alistipes (2),Bacteroidota (2),2
612923391808502,5495,0.1031963641826923,Dorea_A (2),Bacillota (2),2
681012222523365,5495,0.1031963641826923,Blautia_A (1),Bacillota (1),1
762901376284364,5495,0.1031963641826923,Dorea_A (2),Bacillota (2),2
481583534082140,5494,0.1031775841346153,Lawsonibacter (2); Oscillibacter (1); Vermiculatibacterium (1),Bacillota (4),4
40240558316407,5493,0.1031588040865384,Prevotella (24),Bacteroidota (24),24
137618048393086,5493,0.1031588040865384,Escherichia (4),Pseudomonadota (4),4
211742225060735,5493,0.1031588040865384,Poseidonocella (1); Prevotella (1); Parabacteroides (1),Bacteroidota (3); Pseudomonadota (1),4
399688179289389,5493,0.1031588040865384,Lachnospira (2); HGM12814 (1),Bacillota (3),3
714695165846409,5493,0.1031588040865384,Streptococcus (9),Bacillota (9),9
176720493321501,5492,0.1031400240384615,Bacteroides (3),Bacteroidota (3),3
467928764750645,5490,0.1031024639423077,G047199095 (1); Escherichia (1),Pseudomonadota (2),2
822377554282969,5490,0.1031024639423077,Allocoprococcus (3),Bacillota (3),3
149241906676818,5489,0.1030836838942307,Parabacteroides (1),Bacteroidota (1),1
361743165446699,5489,0.1030836838942307,Bacteroides (2),Bacteroidota (2),2
378037548702369,5488,0.1030649038461538,Alistipes (1),Bacteroidota (1),1
496057071025179,5488,0.1030649038461538,Faecalibacterium (4); CAG-791 (1),Bacillota (5),5
679742677360443,5488,0.1030649038461538,Bacteroides (3),Bacteroidota (3),3
729673760979739,5488,0.1030649038461538,Anthropogastromicrobium (1),Bacillota (1),1
116111432615981,5487,0.1030461237980769,Alistipes (1),Bacteroidota (1),1
381170074396948,5487,0.1030461237980769,Anaerobutyricum (1),Bacillota (1),1
674895787672993,5487,0.1030461237980769,Faecalibacterium (3),Bacillota (3),3
59487708868459,5486,0.10302734375,Hominicoprocola (2),Bacillota (2),2
160625758219069,5486,0.10302734375,Collinsella (467),Actinomycetota (467),467
867435095756175,5486,0.10302734375,Lachnospira (3),Bacillota (3),3
875301706948434,5486,0.10302734375,Hominilimicola (1),Bacillota (1),1
133524050521647,5485,0.103008563701923,Oscillibacter (19); Vescimonas (2),Bacillota (21),21
277216017089019,5485,0.103008563701923,Acetatifactor (1),Bacillota (1),1
215024688462964,5484,0.1029897836538461,Alistipes (2),Bacteroidota (2),2
561187482125654,5484,0.1029897836538461,Christensenella (1); Lachnoclostridium_A (1); Merdimonas (1),Bacillota (3); Bacillota_I (1),4
113538919223072,5483,0.1029710036057692,Dorea_A (2); Oliverpabstia (1); Dorea_D (1),Bacillota (5),5
166398937542480,5483,0.1029710036057692,Bacteroides (2),Bacteroidota (2),2
250792316339307,5483,0.1029710036057692,Alistipes (1),Bacteroidota (1),1
647742165379432,5483,0.1029710036057692,Blautia_A (2),Bacillota (2),2
893940949792968,5482,0.1029522235576923,Blautia_A (4),Bacillota (4),4
138612117314736,5481,0.1029334435096153,Bacteroides (2),Bacteroidota (2),2
191256606539483,5479,0.1028958834134615,Faecalibacterium (2),Bacillota (2),2
911230561875801,5479,0.1028958834134615,Gemmiger (1),Bacillota (1),1
351979043791992,5478,0.1028771033653846,Lachnospira (4),Bacillota (4),4
783870908450076,5478,0.1028771033653846,Acetatifactor (1),Bacillota (1),1
478554275126469,5477,0.1028583233173077,Porcipelethomonas (2); Prevotella (1); Ruminococcus_C (1),Bacillota (5); Bacteroidota (1),6
873642602962238,5477,0.1028583233173077,Bacteroides (1),Bacteroidota (1),1
379578405274248,5476,0.1028395432692307,Faecalibacillus (5); Thomasclavelia (2); MGBC113645 (1),Bacillota_I (8),8
31347531211939,5475,0.1028207632211538,Alistipes (1),Bacteroidota (1),1
40996168340566,5475,0.1028207632211538,Blautia_A (3); Dorea_B (1); Thomasclavelia (1),Bacillota (5); Bacillota_I (1),6
186557374532706,5475,0.1028207632211538,Roseburia (1),Bacillota (1),1
203280129691017,5475,0.1028207632211538,Roseburia (2),Bacillota (2),2
408026970528771,5475,0.1028207632211538,Mediterraneibacter (1); Dorea_A (1),Bacillota (2),2
526494532425006,5475,0.1028207632211538,,,0
101366399200975,5474,0.1028019831730769,Blautia_A (1),Bacillota (1),1
311365903190248,5474,0.1028019831730769,Agathobaculum (1),Bacillota (1),1
865383011882739,5474,0.1028019831730769,Acetatifactor (2),Bacillota (2),2
598898515492157,5473,0.102783203125,Alistipes (2),Bacteroidota (2),2
769643539291578,5472,0.102764423076923,Allocoprococcus (3),Bacillota (3),3
335997926495025,5471,0.1027456430288461,Anaerobutyricum (1),Bacillota (1),1
828239405126495,5471,0.1027456430288461,Bifidobacterium (3),Actinomycetota (3),3
162529755864091,5469,0.1027080829326923,Otoolea (1),Bacillota (1),1
162033175445621,5468,0.1026893028846153,Bifidobacterium (1),Actinomycetota (1),1
609868744441689,5468,0.1026893028846153,Hominilimicola (1),Bacillota (1),1
321784565089057,5467,0.1026705228365384,,,0
703736835511898,5467,0.1026705228365384,Dorea (1),Bacillota (1),1
8819221916777,5466,0.1026517427884615,Acetatifactor (1),Bacillota (1),1
142081426233799,5466,0.1026517427884615,Acetatifactor (1),Bacillota (1),1
802690001191111,5466,0.1026517427884615,CAKRJP01 (1),Bacillota (1),1
353904713822741,5465,0.1026329627403846,Enterenecus (2); Flavonifractor (1),Bacillota (3),3
546315670752117,5465,0.1026329627403846,Anaerobutyricum (1),Bacillota (1),1
723802095074471,5465,0.1026329627403846,Faecalibacterium (10),Bacillota (10),10
488946967880823,5464,0.1026141826923077,Bacteroides (5),Bacteroidota (5),5
910491733625785,5464,0.1026141826923077,Parabacteroides (1),Bacteroidota (1),1
165645491187807,5463,0.1025954026442307,Escherichia (2); G047199095 (1); ECMA0423 (1),Pseudomonadota (4),4
208825183643688,5463,0.1025954026442307,Oscillibacter (1),Bacillota (1),1
849986596383256,5463,0.1025954026442307,Alistipes (1),Bacteroidota (1),1
192585034011293,5462,0.1025766225961538,Blautia_A (1),Bacillota (1),1
807708758993213,5462,0.1025766225961538,Acetatifactor (2),Bacillota (2),2
863539461915799,5462,0.1025766225961538,Bacteroides (2),Bacteroidota (2),2
54939056339362,5461,0.1025578425480769,Dorea_A (1); Blautia (1); Roseburia (1),Bacillota (5),5
373458540571537,5461,0.1025578425480769,Mediterraneibacter (1); Dorea_A (1),Bacillota (2),2
241407972873491,5459,0.102520282451923,Bacteroides (2),Bacteroidota (2),2
298890263866283,5459,0.102520282451923,Mediterraneibacter (2); Ruminococcus_C (1),Bacillota (3),3
361234617250187,5459,0.102520282451923,Faecalibacterium (1),Bacillota (1),1
98345208130885,5458,0.1025015024038461,Dorea_A (2),Bacillota (2),2
661667232503013,5458,0.1025015024038461,Anaerobutyricum (1),Bacillota (1),1
564152469252125,5457,0.1024827223557692,Parabacteroides (1),Bacteroidota (1),1
862876933092911,5457,0.1024827223557692,Mediterraneibacter (2),Bacillota (2),2
648552416306623,5456,0.1024639423076923,Prevotella (25),Bacteroidota (25),25
749384685195317,5455,0.1024451622596153,Bifidobacterium (3),Actinomycetota (3),3
42521241157847,5454,0.1024263822115384,Enterocloster (1),Bacillota (1),1
502547433065443,5454,0.1024263822115384,Bacteroides (2),Bacteroidota (2),2
887993056400833,5454,0.1024263822115384,,,0
717026098661256,5452,0.1023888221153846,Parabacteroides (2),Bacteroidota (2),2
131324425462607,5450,0.1023512620192307,Bifidobacterium (2),Actinomycetota (2),2
723518538713829,5449,0.1023324819711538,Terrisporobacter (4); Romboutsia (3); Romboutsia_E (3),Bacillota (17),17
46191208241410,5448,0.1023137019230769,Parabacteroides (3),Bacteroidota (3),3
132057649895500,5448,0.1023137019230769,Alistipes (2),Bacteroidota (2),2
133340462652222,5448,0.1023137019230769,Sellimonas (1); Lawsonibacter (1); CAJPSE01 (1),Bacillota (5); Synergistota (1),6
398469543307602,5448,0.1023137019230769,Blautia_A (1),Bacillota (1),1
600325447214586,5448,0.1023137019230769,Lachnospira (1),Bacillota (1),1
749491879821397,5448,0.1023137019230769,Anthropogastromicrobium (1),Bacillota (1),1
889063873652119,5448,0.1023137019230769,Hominimerdicola (5); Ruminococcus (3); HGM12587 (1),Bacillota (11),11
913604921847589,5448,0.1023137019230769,Roseburia (1),Bacillota (1),1
674760228794222,5447,0.102294921875,Bacteroides (1),Bacteroidota (1),1
8495278593280,5446,0.102276141826923,Hominimerdicola (3),Bacillota (3),3
475317008942691,5445,0.1022573617788461,Bacteroides (2),Bacteroidota (2),2
68829366005292,5444,0.1022385817307692,Dorea (1),Bacillota (1),1
462854034029477,5444,0.1022385817307692,Odoribacter (1),Bacteroidota (1),1
329823586161120,5443,0.1022198016826923,Bacteroides (1),Bacteroidota (1),1
534755550911371,5443,0.1022198016826923,Collinsella (1); Alistipes (1),Actinomycetota (1); Bacteroidota (1),2
632904709848238,5442,0.1022010216346153,Bacteroides (2),Bacteroidota (2),2
94924200228648,5440,0.1021634615384615,Phocaeicola_A (1); Alistipes (1); Veillonella (1),Bacteroidota (5); Bacillota (2),7
363015568491295,5440,0.1021634615384615,Alistipes (1),Bacteroidota (1),1
810035220088801,5440,0.1021634615384615,Allocoprococcus (1),Bacillota (1),1
847302620982998,5440,0.1021634615384615,Hominimerdicola (3),Bacillota (3),3
674298261105079,5439,0.1021446814903846,Blautia_A (2),Bacillota (2),2
848551355527982,5438,0.1021259014423077,Leuconostoc (3); Pseudolactococcus (3); Streptomyces (2),Bacillota (22); Actinomycetota (5); Pseudomonadota (3),31
327759821453034,5437,0.1021071213942307,Anaerostipes (1),Bacillota (1),1
90563378068175,5436,0.1020883413461538,Merdicola (1); MGBC139354 (1); Coprovivens (1),Bacillota_I (4); Bacillota (1); Bacteroidota (1),6
272493233702021,5436,0.1020883413461538,Dorea_A (2),Bacillota (2),2
518289544696640,5436,0.1020883413461538,G047199095 (1); G047199115 (1); Alkalicoccobacillus (1),Pseudomonadota (2); Bacillota (1),3
704345758664982,5436,0.1020883413461538,Prevotella (18); RGIG8745 (1); Parabacteroides (1),Bacteroidota (20),20
178100864884082,5435,0.1020695612980769,Hominilimicola (1),Bacillota (1),1
320477600367737,5435,0.1020695612980769,Bifidobacterium (3),Actinomycetota (3),3
339368192652506,5435,0.1020695612980769,Blautia_A (2),Bacillota (2),2
673775303377613,5435,0.1020695612980769,Prevotella (23),Bacteroidota (23),23
170174484295621,5434,0.10205078125,,,0
655246984422294,5433,0.102032001201923,Bacteroides (1),Bacteroidota (1),1
313370405838496,5432,0.1020132211538461,Blautia_A (1),Bacillota (1),1
631405351262652,5432,0.1020132211538461,Hominimerdicola (2),Bacillota (2),2
707158019921393,5432,0.1020132211538461,Agathobaculum (1),Bacillota (1),1
695494916568899,5431,0.1019944411057692,Dorea (1),Bacillota (1),1
582164095261208,5430,0.1019756610576923,OLB17 (2); Sphingorhabdus_B (1); SLJN01 (1),Pseudomonadota (8); Bacillota (4); Desulfobacterota (2),21
871714189107294,5430,0.1019756610576923,Bacteroides (3),Bacteroidota (3),3
442087844286503,5429,0.1019568810096153,Mediterraneibacter (1),Bacillota (1),1
724434587204403,5429,0.1019568810096153,Anthropogastromicrobium (2),Bacillota (2),2
773342160053524,5429,0.1019568810096153,Hominilimicola (1),Bacillota (1),1
100297594092114,5428,0.1019381009615384,Oscillibacter (2); Lawsonibacter (1); HGM13006 (1),Bacillota (5),5
487875703053689,5428,0.1019381009615384,Anaerobutyricum (1),Bacillota (1),1
123151164837461,5425,0.1018817608173077,Dorea_A (2),Bacillota (2),2
147739420710712,5425,0.1018817608173077,Bilifractor (1); Corynebacterium (1); Escherichia (1),Bacillota (1); Actinomycetota (1); Pseudomonadota (1),3
307967708974936,5425,0.1018817608173077,Alistipes (1),Bacteroidota (1),1
679947601632559,5424,0.1018629807692307,Roseburia (1),Bacillota (1),1
795748579322119,5424,0.1018629807692307,Dorea (1),Bacillota (1),1
787997697034157,5423,0.1018442007211538,Allocoprococcus (1),Bacillota (1),1
97403324974795,5422,0.1018254206730769,,,0
173751838991672,5422,0.1018254206730769,Alistipes (1),Bacteroidota (1),1
618695567745730,5421,0.101806640625,Bacteroides (3),Bacteroidota (3),3
261236287395553,5420,0.101787860576923,Faecalibacterium (2),Bacillota (2),2
781669998303723,5419,0.1017690805288461,Dorea_A (2),Bacillota (2),2
906651643234496,5419,0.1017690805288461,Acetatifactor (1),Bacillota (1),1
67284209972714,5418,0.1017503004807692,Bacteroides (4),Bacteroidota (4),4
305486926364180,5418,0.1017503004807692,,,0
840375544893265,5418,0.1017503004807692,Gemmiger (1),Bacillota (1),1
586949530290302,5417,0.1017315204326923,Escherichia (2),Pseudomonadota (2),2
741338890199688,5417,0.1017315204326923,Anthropogastromicrobium (2),Bacillota (2),2
209238363624379,5416,0.1017127403846153,Acetatifactor (1),Bacillota (1),1
751901484720629,5416,0.1017127403846153,Collinsella (446),Actinomycetota (446),446
218310450986294,5415,0.1016939603365384,Prevotella (15); Alloprevotella (1),Bacteroidota (16),16
763727298172622,5415,0.1016939603365384,Faecalibacterium (2),Bacillota (2),2
66019858047392,5413,0.1016564002403846,,,0
443518909608685,5413,0.1016564002403846,Alistipes (1),Bacteroidota (1),1
547651984722340,5413,0.1016564002403846,Diplocloster (1); SFGY01 (1); Roseburia (1),Bacillota (10),10
711872179879465,5413,0.1016564002403846,Escherichia (3); Enterobacter (2); G047199095 (1),Pseudomonadota (6),6
61770787751971,5412,0.1016376201923077,Dorea (1),Bacillota (1),1
343704281049454,5411,0.1016188401442307,Darwinimomas (1); Mediterraneibacter (1),Bacillota (2),2
440156936837896,5411,0.1016188401442307,Faecalibacterium (3),Bacillota (3),3
887041842315416,5411,0.1016188401442307,Hominilimicola (1),Bacillota (1),1
357005843393093,5410,0.1016000600961538,,,0
383726178555030,5410,0.1016000600961538,Streptomyces (4); Burkholderia (1); CAJCBL01 (1),Actinomycetota (7); Pseudomonadota (1); Verrucomicrobiota (1),11
122907239420507,5408,0.1015625,Blautia_A (3),Bacillota (3),3
564613222809112,5408,0.1015625,Bacteroides (1),Bacteroidota (1),1
187887456567974,5407,0.101543719951923,Bilophila (1),Desulfobacterota (1),1
210234428525241,5407,0.101543719951923,Roseburia (1),Bacillota (1),1
558959564689815,5407,0.101543719951923,Anaerobutyricum (1),Bacillota (1),1
752710432278066,5407,0.101543719951923,Acetatifactor (4),Bacillota (4),4
235058810733750,5406,0.1015249399038461,Paracoccus (1); QFNR01 (1),Pseudomonadota (2),2
519428754384264,5406,0.1015249399038461,Allocoprococcus (1),Bacillota (1),1
780786020583621,5405,0.1015061598557692,,,0
864139215024242,5405,0.1015061598557692,Bacteroides (2); Phocaeicola (1),Bacteroidota (3),3
405709718585974,5404,0.1014873798076923,Allocoprococcus (3); Merdimonas (1),Bacillota (4),4
267693084200850,5403,0.1014685997596153,Alistipes (1),Bacteroidota (1),1
342508200981443,5403,0.1014685997596153,Parabacteroides (2),Bacteroidota (2),2
96776939514272,5402,0.1014498197115384,Dorea (1); Blautia_A (1),Bacillota (2),2
673857395170099,5402,0.1014498197115384,Blautia_A (1),Bacillota (1),1
671743164159573,5401,0.1014310396634615,,,0
9809298299282,5400,0.1014122596153846,,,0
106978330274472,5400,0.1014122596153846,Blautia_A (2),Bacillota (2),2
340362161204466,5400,0.1014122596153846,Anthropogastromicrobium (2),Bacillota (2),2
653032854329972,5400,0.1014122596153846,,,0
4924479053767,5399,0.1013934795673077,Dorea_A (3); Dorea_B (1); Faecalimonas (1),Bacillota (5),5
237461422943171,5397,0.1013559194711538,Bacteroides (14),Bacteroidota (14),14
397285940438542,5397,0.1013559194711538,Bacteroides (2),Bacteroidota (2),2
570964545039248,5397,0.1013559194711538,Prevotella (20),Bacteroidota (20),20
790760819764333,5395,0.101318359375,UBA9414 (1),Bacillota (1),1
444070394237461,5394,0.101299579326923,Odoribacter (1),Bacteroidota (1),1
834878923406757,5394,0.101299579326923,Lawsonibacter (14); Oscillibacter (7); Faecousia (7),Bacillota (42); Actinomycetota (5),47
841748446274983,5394,0.101299579326923,,,0
46901171469407,5393,0.1012807992788461,Bacteroides (3),Bacteroidota (3),3
258854769984877,5393,0.1012807992788461,Dorea (1),Bacillota (1),1
408278752083037,5393,0.1012807992788461,Gemmiger (1); Collinsella (1),Bacillota (1); Actinomycetota (1),2
546401430968323,5393,0.1012807992788461,Bacteroides (2),Bacteroidota (2),2
162748573242712,5391,0.1012432391826923,Blautia_A (1),Bacillota (1),1
127197995008481,5390,0.1012244591346153,Otoolea (1),Bacillota (1),1
771485312910617,5390,0.1012244591346153,Bacteroides (1),Bacteroidota (1),1
70856898650437,5389,0.1012056790865384,Allocoprococcus (3),Bacillota (3),3
169529979779728,5389,0.1012056790865384,Prevotella (24),Bacteroidota (24),24
739483499700812,5389,0.1012056790865384,Blautia_A (1),Bacillota (1),1
210213286863729,5388,0.1011868990384615,Blautia_A (3); Suilimivivens (1),Bacillota (4),4
140019161249009,5387,0.1011681189903846,Bacteroides (2); Phocaeicola (1),Bacteroidota (3),3
299111933981471,5387,0.1011681189903846,Phocaeicola (3); Bacteroides (2); Coprenecus (1),Bacteroidota (9),9
464423258449359,5387,0.1011681189903846,Bacteroides (3),Bacteroidota (3),3
803216505383899,5387,0.1011681189903846,Parabacteroides (1),Bacteroidota (1),1
97018574599296,5386,0.1011493389423077,Escherichia (1),Pseudomonadota (1),1
333808102117683,5386,0.1011493389423077,Bacteroides (1),Bacteroidota (1),1
547924166581708,5386,0.1011493389423077,Bacteroides (2),Bacteroidota (2),2
577685121389049,5386,0.1011493389423077,Hominimerdicola (2),Bacillota (2),2
652863772936686,5386,0.1011493389423077,Clostridium_A (1); Faecalibacterium (1),Bacillota (2),2
668380165586683,5385,0.1011305588942307,Collinsella (273),Actinomycetota (273),273
708059319424336,5385,0.1011305588942307,,,0
759039375666637,5385,0.1011305588942307,Allocoprococcus (1),Bacillota (1),1
340281592680750,5383,0.1010929987980769,Lachnospira (1),Bacillota (1),1
1057031441683,5382,0.10107421875,Anaerobutyricum (1),Bacillota (1),1
168918814047710,5382,0.10107421875,,,0
169640301295483,5382,0.10107421875,,,0
221431503649983,5382,0.10107421875,Alistipes (1),Bacteroidota (1),1
632123934834450,5382,0.10107421875,Hominilimicola (1),Bacillota (1),1
891483761717816,5382,0.10107421875,,,0
10150574977947,5381,0.101055438701923,Bilophila (1); Collinsella (1),Desulfobacterota (1); Actinomycetota (1),2
40304597919527,5381,0.101055438701923,Bacteroides (3),Bacteroidota (3),3
102248861076524,5378,0.1009990985576923,,,0
746040925332410,5378,0.1009990985576923,Limivicinus (1),Bacillota (1),1
742597585071592,5377,0.1009803185096153,CAG-103 (4); F23-B02 (1),Bacillota (5),5
780949167598215,5377,0.1009803185096153,Prevotella (4); Bacteroides (1); Limisoma (1),Bacteroidota (8),8
252337272729734,5376,0.1009615384615384,,,0
484148568317670,5376,0.1009615384615384,,,0
12615529015161,5375,0.1009427584134615,Otoolea (1),Bacillota (1),1
284729118592070,5375,0.1009427584134615,Alistipes (1),Bacteroidota (1),1
567552117911630,5375,0.1009427584134615,Bacteroides (1),Bacteroidota (1),1
590516280250004,5374,0.1009239783653846,Sellimonas (1); Merdimonas (1); Scatomonas (1),Bacillota (8),8
807713035928587,5373,0.1009051983173077,Allocoprococcus (1); Schaedlerella (1),Bacillota (2),2
151731071532300,5372,0.1008864182692307,,,0
663612871534027,5372,0.1008864182692307,Bacteroides (5); Phocaeicola (1),Bacteroidota (6),6
5464980253232,5371,0.1008676382211538,Bacteroides (2),Bacteroidota (2),2
346270452985000,5371,0.1008676382211538,Bacteroides (1),Bacteroidota (1),1
374774161403767,5371,0.1008676382211538,Dorea_A (1),Bacillota (1),1
900825556121156,5371,0.1008676382211538,Faecalibacterium (1),Bacillota (1),1
477876503096601,5369,0.100830078125,Mediterraneibacter (2); Dorea_A (1),Bacillota (3),3
811463604038542,5369,0.100830078125,Prevotella (26),Bacteroidota (26),26
348619105771782,5368,0.100811298076923,Acetatifactor (4),Bacillota (4),4
576801175044511,5368,0.100811298076923,Parabacteroides (1); Paraprevotella (1); Phocaeicola (1),Bacteroidota (4),4
11793634831628,5367,0.1007925180288461,Mediterraneibacter (1),Bacillota (1),1
754883082847680,5367,0.1007925180288461,Bacteroides (6); JAGXLC01 (1); Paludibacter (1),Bacteroidota (9),9
352964644291034,5366,0.1007737379807692,Alistipes (2),Bacteroidota (2),2
333254969592653,5365,0.1007549579326923,Dorea_A (1),Bacillota (1),1
633416518985468,5365,0.1007549579326923,Alistipes (2),Bacteroidota (2),2
662054688960278,5365,0.1007549579326923,Escherichia (2); Enterobacter (1); ECMA0423 (1),Pseudomonadota (4),4
667067953153015,5364,0.1007361778846153,Bacteroides (3),Bacteroidota (3),3
436562544425213,5363,0.1007173978365384,Hominilimicola (1),Bacillota (1),1
197180354747278,5362,0.1006986177884615,Faecalibacterium (14),Bacillota (14),14
427328829876383,5362,0.1006986177884615,Dorea_A (2),Bacillota (2),2
589614215260034,5362,0.1006986177884615,Faecalibacterium (3),Bacillota (3),3
733042263912645,5362,0.1006986177884615,Faecalibacterium (16),Bacillota (16),16
869168343180671,5362,0.1006986177884615,Oscillibacter (7),Bacillota (7),7
21406206592751,5361,0.1006798377403846,Blautia_A (1),Bacillota (1),1
173097040634872,5361,0.1006798377403846,Ruminococcoides (2); Dorea_A (1); CAKTAA01 (1),Bacillota (8),8
576710017335851,5360,0.1006610576923077,Bacteroides (1),Bacteroidota (1),1
331921956694834,5359,0.1006422776442307,Bacteroides (4),Bacteroidota (4),4
550215326976989,5359,0.1006422776442307,Phocaeicola (2),Bacteroidota (2),2
399576892683419,5358,0.1006234975961538,Anaerobutyricum (1),Bacillota (1),1
662187760055494,5358,0.1006234975961538,Blautia_A (1),Bacillota (1),1
808101157712905,5358,0.1006234975961538,Vescimonas (8); Oscillibacter (7); Lawsonibacter (2),Bacillota (23),23
635334565012345,5356,0.1005859375,Vescimonas (3); UMGS1766 (1),Bacillota (4),4
203543396957128,5355,0.100567157451923,Bacteroides (2),Bacteroidota (2),2
321971684644846,5353,0.1005295973557692,Bacteroides (2),Bacteroidota (2),2
664631806901811,5353,0.1005295973557692,Bifidobacterium (3),Actinomycetota (3),3
345407148531918,5352,0.1005108173076923,Pilosibacter (6),Bacillota (6),6
435636781171363,5352,0.1005108173076923,Blautia_A (2),Bacillota (2),2
79914469440922,5351,0.1004920372596153,Anthropogastromicrobium (2),Bacillota (2),2
683622373093832,5351,0.1004920372596153,Streptomyces (541); Nocardioides (230); Mycobacterium (151),Actinomycetota (1638); Pseudomonadota (130); Verrucomicrobiota (48),1882
292768422468870,5350,0.1004732572115384,Alistipes (2),Bacteroidota (2),2
752200245182653,5350,0.1004732572115384,,,0
490686811628485,5349,0.1004544771634615,Faecalibacterium (2),Bacillota (2),2
725692123923607,5349,0.1004544771634615,Mediterraneibacter (1),Bacillota (1),1
778652192674831,5349,0.1004544771634615,Alistipes (1),Bacteroidota (1),1
899611784773993,5349,0.1004544771634615,Acetatifactor (1),Bacillota (1),1
181824883043372,5348,0.1004356971153846,CAG-238 (1); Faecousia (1); Lawsonibacter (1),Bacillota (7),7
187270801766955,5348,0.1004356971153846,Bacteroides (3),Bacteroidota (3),3
360265232594616,5348,0.1004356971153846,Enterocloster (2),Bacillota (2),2
497389316254594,5348,0.1004356971153846,Bacteroides (2); Mobilitalea (1),Bacteroidota (2); Bacillota (1),3
889373131781511,5348,0.1004356971153846,Dorea (1),Bacillota (1),1
890511259313099,5348,0.1004356971153846,Prevotella (20),Bacteroidota (20),20
40840250651798,5347,0.1004169170673077,Dorea_A (2),Bacillota (2),2
447053551560432,5347,0.1004169170673077,Mediterraneibacter (1); Dorea_A (1),Bacillota (2),2
461903929454022,5347,0.1004169170673077,Alistipes (1),Bacteroidota (1),1
